#xsec (eV,cm2) for CO2 -> CO + O
3.1000290654125155 0.0
3.1008774429979375 0.0
3.1017260527568364 0.0
3.102574894752751 0.0
3.103423969049237 0.0
3.1042732757098674 0.0
3.105122814798232 0.0
3.1059725863779404 0.0
3.1068225905126168 0.0
3.1076728272659047 0.0
3.1085232967014633 0.0
3.1093739988829707 0.0
3.1102249338741217 0.0
3.1110761017386297 0.0
3.1119275025402233 0.0
3.1127791363426507 0.0
3.113631003209677 0.0
3.114483103205083 0.0
3.1153354363926695 0.0
3.116188002836253 0.0
3.1170408025996696 0.0
3.1178938357467696 0.0
3.1187471023414233 0.0
3.119600602447518 0.0
3.1204543361289576 0.0
3.1213083034496645 0.0
3.122162504473578 0.0
3.123016939264656 0.0
3.123871607886872 0.0
3.1247265104042174 0.0
3.125581646880703 0.0
3.1264370173803555 0.0
3.1272926219672197 0.0
3.128148460705357 0.0
3.129004533658848 0.0
3.129860840891788 0.0
3.130717382468294 0.0
3.131574158452497 0.0
3.1324311689085467 0.0
3.133288413900611 0.0
3.134145893492875 0.0
3.1350036077495402 0.0
3.1358615567348274 0.0
3.1367197405129734 0.0
3.1375781591482346 0.0
3.1384368127048834 0.0
3.13929570124721 0.0
3.140154824839522 0.0
3.1410141835461456 0.0
3.141873777431423 0.0
3.1427336065597165 0.0
3.1435936709954033 0.0
3.1444539708028802 0.0
3.14531450604656 0.0
3.1461752767908746 0.0
3.1470362831002725 0.0
3.1478975250392205 0.0
3.148759002672203 0.0
3.1496207160637213 0.0
3.1504826652782953 0.0
3.151344850380462 0.0
3.1522072714347757 0.0
3.1530699285058095 0.0
3.1539328216581537 0.0
3.154795950956416 0.0
3.155659316465221 0.0
3.1565229182492125 0.0
3.157386756373052 0.0
3.158250830901417 0.0
3.1591151418990044 0.0
3.159979689430528 0.0
3.1608444735607195 0.0
3.1617094943543282 0.0
3.1625747518761216 0.0
3.1634402461908837 0.0
3.164305977363418 0.0
3.1651719454585443 0.0
3.1660381505411004 0.0
3.1669045926759427 0.0
3.1677712719279443 0.0
3.1686381883619976 0.0
3.16950534204301 0.0
3.170372733035909 0.0
3.171240361405639 0.0
3.1721082272171626 0.0
3.1729763305354606 0.0
3.1738446714255293 0.0
3.1747132499523856 0.0
3.1755820661810628 0.0
3.176451120176612 0.0
3.1773204120041023 0.0
3.1781899417286206 0.0
3.179059709415272 0.0
3.1799297151291785 0.0
3.1807999589354807 0.0
3.181670440899337 0.0
3.182541161085923 0.0
3.1834121195604332 0.0
3.184283316388078 0.0
3.185154751634088 0.0
3.1860264253637105 0.0
3.1868983376422104 0.0
3.1877704885348708 0.0
3.188642878106993 0.0
3.1895155064238967 0.0
3.190388373550917 0.0
3.1912614795534084 0.0
3.192134824496745 0.0
3.1930084084463153 0.0
3.193882231467529 0.0
3.194756293625812 0.0
3.195630594986608 0.0
3.196505135615379 0.0
3.1973799155776055 0.0
3.1982549349387845 0.0
3.1991301937644323 0.0
3.200005692120082 0.0
3.200881430071286 0.0
3.2017574076836133 0.0
3.2026336250226515 0.0
3.203510082154006 0.0
3.2043867791433005 0.0
3.2052637160561757 0.0
3.206140892958292 0.0
3.207018309915326 0.0
3.2078959669929725 0.0
3.208773864256945 0.0
3.209652001772975 0.0
3.210530379606812 0.0
3.211408997824223 0.0
3.2122878564909927 0.0
3.2131669556729245 0.0
3.21404629543584 0.0
3.2149258758455783 0.0
3.215805696967996 0.0
3.2166857588689695 0.0
3.2175660616143915 0.0
3.218446605270173 0.0
3.2193273899022437 0.0
3.220208415576551 0.0
3.221089682359061 0.0
3.2219711903157555 0.0
3.2228529395126375 0.0
3.223734930015726 0.0
3.22461716189106 0.0
3.2254996352046934 0.0
3.2263823500227007 0.0
3.2272653064111747 0.0
3.2281485044362244 0.0
3.229031944163978 0.0
3.229915625660582 0.0
3.2307995489922003 0.0
3.2316837142250163 0.0
3.2325681214252295 0.0
3.233452770659059 0.0
3.2343376619927415 0.0
3.2352227954925317 0.0
3.2361081712247026 0.0
3.236993789255546 0.0
3.2378796496513704 0.0
3.238765752478504 0.0
3.2396520978032917 0.0
3.2405386856920977 0.0
3.2414255162113035 0.0
3.2423125894273097 0.0
3.2431999054065344 0.0
3.2440874642154136 0.0
3.2449752659204023 0.0
3.2458633105879735 0.0
3.246751598284618 0.0
3.2476401290768444 0.0
3.2485289030311812 0.0
3.2494179202141735 0.0
3.250307180692385 0.0
3.251196684532397 0.0
3.2520864318008114 0.0
3.2529764225642452 0.0
3.2538666568893353 0.0
3.2547571348427384 0.0
3.2556478564911253 0.0
3.256538821901189 0.0
3.257430031139638 0.0
3.2583214842732007 0.0
3.2592131813686245 0.0
3.2601051224926723 0.0
3.2609973077121266 0.0
3.2618897370937896 0.0
3.2627824107044807 0.0
3.2636753286110363 0.0
3.264568490880313 0.0
3.265461897579185 0.0
3.2663555487745444 0.0
3.2672494445333022 0.0
3.2681435849223877 0.0
3.269037970008748 0.0
3.269932599859349 0.0
3.2708274745411745 0.0
3.271722594121227 0.0
3.272617958666527 0.0
3.273513568244114 0.0
3.274409422921045 0.0
3.2753055227643957 0.0
3.2762018678412614 0.0
3.2770984582187532 0.0
3.2779952939640022 0.0
3.278892375144158 0.0
3.2797897018263877 0.0
3.280687274077878 0.0
3.2815850919658325 0.0
3.282483155557474 0.0
3.283381464920044 0.0
3.2842800201208022 0.0
3.285178821227026 0.0
3.286077868306012 0.0
3.286977161425076 0.0
3.287876700651549 0.0
3.288776486052784 0.0
3.2896765176961518 0.0
3.2905767956490393 0.0
3.2914773199788545 0.0
3.2923780907530222 0.0
3.2932791080389867 0.0
3.2941803719042095 0.0
3.2950818824161727 0.0
3.2959836396423743 0.0
3.2968856436503327 0.0
3.297787894507584 0.0
3.298690392281683 0.0
3.299593137040202 0.0
3.300496128850733 0.0
3.3013993677808866 0.0
3.302302853898291 0.0
3.3032065872705934 0.0
3.3041105679654605 0.0
3.305014796050575 0.0
3.3059192715936403 0.0
3.306823994662377 0.0
3.3077289653245256 0.0
3.3086341836478446 0.0
3.3095396497001097 0.0
3.3104453635491176 0.0
3.311351325262681 0.0
3.3122575349086336 0.0
3.3131639925548253 0.0
3.314070698269127 0.0
3.3149776521194263 0.0
3.315884854173629 0.0
3.3167923044996623 0.0
3.317700003165469 0.0
3.318607950239012 0.0
3.319516145788273 0.0
3.3204245898812506 0.0
3.321333282585963 0.0
3.3222422239704485 0.0
3.323151414102762 0.0
3.324060853050978 0.0
3.3249705408831893 0.0
3.325880477667507 0.0
3.3267906634720616 0.0
3.3277010983650017 0.0
3.328611782414495 0.0
3.329522715688727 0.0
3.3304338982559027 0.0
3.3313453301842464 0.0
3.3322570115419996 0.0
3.333168942397422 0.0
3.334081122818794 0.0
3.3349935528744137 0.0
3.335906232632598 0.0
3.3368191621616825 0.0
3.337732341530021 0.0
3.3386457708059862 0.0
3.33955945005797 0.0
3.3404733793543833 0.0
3.341387558763655 0.0
3.3423019883542318 0.0
3.3432166681945814 0.0
3.3441315983531883 0.0
3.345046778898557 0.0
3.3459622098992106 0.0
3.3468778914236896 0.0
3.3477938235405555 0.0
3.3487100063183863 0.0
3.34962643982578 0.0
3.350543124131353 0.0
3.351460059303741 0.0
3.352377245411598 0.0
3.3532946825235967 0.0
3.3542123707084297 0.0
3.3551303100348067 0.0
3.356048500571457 0.0
3.356966942387129 0.0
3.3578856355505895 0.0
3.3588045801306246 0.0
3.359723776196038 0.0
3.3606432238156536 0.0
3.361562923058314 0.0
3.36248287399288 0.0
3.3634030766882312 0.0
3.364323531213267 0.0
3.3652442376369045 0.0
3.3661651960280805 0.0
3.3670864064557504 0.0
3.3680078689888875 0.0
3.3689295836964863 0.0
3.3698515506475584 0.0
3.3707737699111346 0.0
3.371696241556264 0.0
3.3726189656520154 0.0
3.3735419422674773 0.0
3.3744651714717557 0.0
3.3753886533339754 0.0
3.3763123879232815 0.0
3.377236375308837 0.0
3.378160615559824 0.0
3.3790851087454428 0.0
3.3800098549349147 0.0
3.380934854197478 0.0
3.3818601066023906 0.0
3.38278561221893 0.0
3.3837113711163913 0.0
3.3846373833640895 0.0
3.385563649031358 0.0
3.38649016818755 0.0
3.387416940902037 0.0
3.3883439672442104 0.0
3.389271247283479 0.0
3.3901987810892713 0.0
3.391126568731036 0.0
3.3920546102782394 0.0
3.392982905800366 0.0
3.3939114553669225 0.0
3.3948402590474314 0.0
3.3957693169114354 0.0
3.396698629028497 0.0
3.3976281954681964 0.0
3.3985580163001345 0.0
3.3994880915939287 0.0
3.400418421419218 0.0
3.401349005845659 0.0
3.4022798449429272 0.0
3.4032109387807195 0.0
3.4041422874287486 0.0
3.405073890956749 0.0
3.406005749434472 0.0
3.4069378629316898 0.0
3.4078702315181926 0.0
3.40880285526379 0.0
3.4097357342383114 0.0
3.4106688685116042 0.0
3.4116022581535352 0.0
3.412535903233991 0.0
3.413469803822876 0.0
3.414403959990116 0.0
3.415338371805653 0.0
3.416273039339451 0.0
3.4172079626614913 0.0
3.4181431418417745 0.0
3.419078576950321 0.0
3.4200142680571703 0.0
3.4209502152323807 0.0
3.4218864185460296 0.0
3.4228228780682137 0.0
3.4237595938690495 0.0
3.424696566018672 0.0
3.4256337945872355 0.0
3.426571279644913 0.0
3.4275090212618986 0.0
3.4284470195084027 0.0
3.4293852744546576 0.0
3.4303237861709133 0.0
3.4312625547274394 0.0
3.4322015801945245 0.0
3.4331408626424778 0.0
3.434080402141626 0.0
3.4350201987623152 0.0
3.4359602525749118 0.0
3.4369005636498002 0.0
3.437841132057386 0.0
3.438781957868092 0.0
3.4397230411523614 0.0
3.440664381980656 0.0
3.441605980423457 0.0
3.442547836551266 0.0
3.443489950434603 0.0
3.4444323221440065 0.0
3.4453749517500363 0.0
3.446317839323269 0.0
3.447260984934303 0.0
3.448204388653754 0.0
3.4491480505522585 0.0
3.4500919707004725 0.0
3.4510361491690684 0.0
3.4519805860287422 0.0
3.4529252813502067 0.0
3.4538702352041937 0.0
3.4548154476614554 0.0
3.4557609187927643 0.0
3.45670664866891 0.0
3.457652637360703 0.0
3.458598884938972 0.0
3.459545391474567 0.0
3.4604921570383556 0.0
3.461439181701226 0.0
3.4623864655340837 0.0
3.4633340086078572 0.0
3.4642818109934908 0.0
3.4652298727619506 0.0
3.4661781939842204 0.0
3.4671267747313053 0.0
3.4680756150742287 0.0
3.469024715084033 0.0
3.4699740748317813 0.0
3.4709236943885546 0.0
3.471873573825455 0.0
3.472823713213603 0.0
3.4737741126241386 0.0
3.474724772128222 0.0
3.475675691797032 0.0
3.476626871701767 0.0
3.4775783119136463 0.0
3.478530012503906 0.0
3.4794819735438045 0.0
3.480434195104618 0.0
3.4813866772576425 0.0
3.4823394200741937 0.0
3.483292423625606 0.0
3.484245687983236 0.0
3.485199213218456 0.0
3.4861529994026617 0.0
3.4871070466072642 0.0
3.4880613549036976 0.0
3.489015924363414 0.0
3.4899707550578856 0.0
3.490925847058604 0.0
3.4918812004370796 0.0
3.492836815264843 0.0
3.4937926916134447 0.0
3.494748829554455 0.0
3.495705229159463 0.0
3.4966618905000773 0.0
3.4976188136479265 0.0
3.498575998674659 0.0
3.4995334456519425 0.0
3.5004911546514643 0.0
3.5014491257449314 0.0
3.502407359004071 0.0
3.503365854500629 0.0
3.5043246123063705 0.0
3.5052836324930814 0.0
3.506242915132568 0.0
3.5072024602966536 0.0
3.5081622680571836 0.0
3.5091223384860224 0.0
3.510082671655053 0.0
3.511043267636179 0.0
3.512004126501324 0.0
3.5129652483224305 0.0
3.5139266331714616 0.0
3.5148882811203985 0.0
3.5158501922412437 0.0
3.516812366606019 0.0
3.517774804286766 0.0
3.5187375053555447 0.0
3.5197004698844365 0.0
3.5206636979455426 0.0
3.521627189610982 0.0
3.5225909449528956 0.0
3.5235549640434423 0.0
3.524519246954802 0.0
3.5254837937591743 0.0
3.5264486045287775 0.0
3.527413679335851 0.0
3.528379018252652 0.0
3.52934462135146 0.0
3.5303104887045733 0.0
3.531276620384309 0.0
3.5322430164630054 0.0
3.533209677013019 0.0
3.5341766021067276 0.0
3.5351437918165276 0.0
3.536111246214837 0.0
3.537078965374092 0.0
3.5380469493667484 0.0
3.539015198265284 0.0
3.539983712142194 0.0
3.540952491069994 0.0
3.5419215351212205 0.0
3.542890844368429 0.0
3.5438604188841953 0.0
3.5448302587411145 0.0
3.545800364011802 0.0
3.5467707347688924 0.0
3.5477413710850416 0.0
3.548712273032925 0.0
3.549683440685236 0.0
3.5506548741146897 0.0
3.551626573394021 0.0
3.552598538595984 0.0
3.553570769793354 0.0
3.554543267058924 0.0
3.55551603046551 0.0
3.5564890600859447 0.0
3.5574623559930827 0.0
3.558435918259798 0.0
3.5594097469589845 0.0
3.5603838421635565 0.0
3.5613582039464475 0.0
3.562332832380612 0.0
3.563307727539023 0.0
3.5642828894946743 0.0
3.56525831832058 0.0
3.5662340140897744 0.0
3.5672099768753105 0.0
3.568186206750262 0.0
3.5691627037877227 0.0
3.5701394680608067 0.0
3.571116499642647 0.0
3.5720937986063994 0.0
3.5730713650252346 0.0
3.5740491989723484 0.0
3.5750273005209543 0.0
3.5760056697442857 0.0
3.5769843067155973 0.0
3.577963211508162 0.0
3.578942384195275 0.0
3.579921824850249 0.0
3.5809015335464194 0.0
3.5818815103571398 0.0
3.5828617553557844 0.0
3.583842268615748 0.0
3.584823050210444 0.0
3.5858041002133083 0.0
3.586785418697795 0.0
3.5877670057373785 0.0
3.588748861405554 0.0
3.5897309857758355 0.0
3.59071337892176 0.0
3.5916960409168803 0.0
3.5926789718347742 0.0
3.5936621717490356 0.0
3.5946456407332796 0.0
3.595629378861144 0.0
3.596613386206283 0.0
3.5975976628423725 0.0
3.59858220884311 0.0
3.5995670242822113 0.0
3.600552109233412 0.0
3.6015374637704705 0.0
3.602523087967163 0.0
3.6035089818972863 0.0
3.604495145634658 0.0
3.6054815792531154 0.0
3.6064682828265164 0.0
3.6074552564287385 0.0
3.6084425001336804 0.0
3.609430014015261 0.0
3.6104177981474175 0.0
3.61140585260411 0.0
3.6123941774593167 0.0
3.613382772787037 0.0
3.614371638661291 0.0
3.615360775156118 0.0
3.6163501823455793 0.0
3.617339860303753 0.0
3.6183298091047416 0.0
3.6193200288226652 0.0
3.6203105195316656 0.0
3.621301281305903 0.0
3.6222923142195604 0.0
3.62328361834684 0.0
3.6242751937619637 0.0
3.625267040539174 0.0
3.6262591587527346 0.0
3.627251548476928 0.0
3.6282442097860583 0.0
3.629237142754449 0.0
3.630230347456446 0.0
3.631223823966412 0.0
3.6322175723587327 0.0
3.633211592707815 0.0
3.6342058850880825 0.0
3.6352004495739827 0.0
3.636195286239981 0.0
3.637190395160565 0.0
3.638185776410242 0.0
3.6391814300635397 0.0
3.6401773561950064 0.0
3.6411735548792095 0.0
3.6421700261907386 0.0
3.643166770204203 0.0
3.6441637869942323 0.0
3.645161076635476 0.0
3.6461586392026053 0.0
3.647156474770312 0.0
3.648154583413306 0.0
3.64915296520632 0.0
3.650151620224106 0.0
3.6511505485414366 0.0
3.652149750233106 0.0
3.6531492253739266 0.0
3.6541489740387334 0.0
3.6551489963023807 0.0
3.6561492922397436 0.0
3.657149861925719 0.0
3.658150705435221 0.0
3.659151822843187 0.0
3.6601532142245747 0.0
3.6611548796543616 0.0
3.662156819207545 0.0
3.663159032959145 0.0
3.6641615209842 0.0
3.6651642833577696 0.0
3.6661673201549343 0.0
3.6671706314507952 0.0
3.668174217320473 0.0
3.6691780778391108 0.0
3.6701822130818704 0.0
3.671186623123935 0.0
3.6721913080405084 0.0
3.673196267906815 0.0
3.6742015027980988 0.0
3.6752070127896257 0.0
3.676212797956682 0.0
3.677218858374574 0.0
3.67822519411863 0.0
3.6792318052641964 0.0
3.6802386918866423 0.0
3.6812458540613564 0.0
3.6822532918637494 0.0
3.6832610053692507 0.0
3.6842689946533116 0.0
3.6852772597914036 0.0
3.68628580085902 0.0
3.6872946179316726 0.0
3.6883037110848953 0.0
3.6893130803942427 0.0
3.6903227259352898 0.0
3.691332647783632 0.0
3.692342846014886 0.0
3.6933533207046887 0.0
3.694364071928697 0.0
3.6953750997625914 0.0
3.6963864042820695 0.0
3.6973979855628514 0.0
3.698409843680677 0.0
3.6994219787113094 0.0
3.7004343907305293 0.0
3.70144707981414 0.0
3.7024600460379657 0.0
3.7034732894778495 0.0
3.704486810209657 0.0
3.705500608309274 0.0
3.706514683852607 0.0
3.7075290369155836 0.0
3.708543667574152 0.0
3.70955857590428 0.0
3.710573761981959 0.0
3.7115892258831984 0.0
3.7126049676840305 0.0
3.713620987460506 0.0
3.714637285288699 0.0
3.7156538612447023 0.0
3.7166707154046312 0.0
3.7176878478446214 0.0
3.7187052586408287 0.0
3.71972294786943 0.0
3.7207409156066236 0.0
3.7217591619286274 0.0
3.722777686911682 0.0
3.723796490632048 0.0
3.7248155731660058 0.0
3.7258349345898587 0.0
3.72685457497993 0.0
3.7278744944125624 0.0
3.728894692964121 0.0
3.729915170710993 0.0
3.730935927729584 0.0
3.731956964096322 0.0
3.7329782798876554 0.0
3.7339998751800536 0.0
3.7350217500500067 0.0
3.736043904574027 0.0
3.7370663388286465 0.0
3.7380890528904174 0.0
3.7391120468359147 0.0
3.740135320741733 0.0
3.7411588746844897 0.0
3.74218270874082 0.0
3.743206822987383 0.0
3.7442312175008583 0.0
3.745255892357944 0.0
3.7462808476353624 0.0
3.747306083409855 0.0
3.7483315997581856 0.0
3.749357396757137 0.0
3.750383474483515 0.0
3.751409833014146 0.0
3.7524364724258756 0.0
3.7534633927955725 0.0
3.754490594200126 0.0
3.7555180767164464 0.0
3.756545840421465 0.0
3.7575738853921337 0.0
3.7586022117054254 0.0
3.7596308194383345 0.0
3.7606597086678772 0.0
3.7616888794710897 0.0
3.7627183319250292 0.0
3.7637480661067757 0.0
3.7647780820934273 0.0
3.7658083799621056 0.0
3.7668389597899523 0.0
3.767869821654131 0.0
3.7689009656318264 0.0
3.769932391800242 0.0
3.770964100236606 0.0
3.7719960910181647 0.0
3.7730283642221876 0.0
3.774060919925965 0.0
3.775093758206807 0.0
3.776126879142047 0.0
3.777160282809037 0.0
3.7781939692851516 0.0
3.7792279386477876 0.0
3.7802621909743612 0.0
3.7812967263423105 0.0
3.782331544829095 0.0
3.783366646512195 0.0
3.784402031469112 0.0
3.7854376997773684 0.0
3.78647365151451 0.0
3.7875098867581 0.0
3.788546405585726 0.0
3.789583208074996 0.0
3.7906202943035394 0.0
3.791657664349005 0.0
3.7926953182890655 0.0
3.793733256201413 0.0
3.794771478163762 0.0
3.7958099842538466 0.0
3.7968487745494253 0.0
3.797887849128274 0.0
3.7989272080681933 0.0
3.799966851447003 0.0
3.8010067793425453 0.0
3.8020469918326825 0.0
3.803087488995299 0.0
3.8041282709083015 0.0
3.805169337649615 0.0
3.80621068929719 0.0
3.807252325928994 0.0
3.80829424762302 0.0
3.809336454457279 0.0
3.810378946509805 0.0
3.8114217238586523 0.0
3.8124647865818986 0.0
3.8135081347576407 0.0
3.814551768463998 0.0
3.8155956877791115 0.0
3.816639892781142 0.0
3.817684383548273 0.0
3.8187291601587106 0.0
3.8197742226906786 0.0
3.820819571222425 0.0
3.8218652058322204 0.0
3.8229111265983535 0.0
3.823957333599137 0.0
3.825003826912903 0.0
3.826050606618007 0.0
3.8270976727928243 0.0
3.8281450255157528 0.0
3.8291926648652113 0.0
3.83024059091964 0.0
3.8312888037575017 0.0
3.8323373034572787 0.0
3.833386090097477 0.0
3.834435163756621 0.0
3.83548452451326 0.0
3.8365341724459627 0.0
3.8375841076333206 0.0
3.838634330153945 0.0
3.8396848400864703 0.0
3.8407356375095523 0.0
3.8417867225018667 0.0
3.8428380951421124 0.0
3.84388975550901 0.0
3.8449417036813 0.0
3.845993939737745 0.0
3.847046463757131 0.0
3.8480992758182637 0.0
3.8491523759999704 0.0
3.8502057643811005 0.0
3.8512594410405256 0.0
3.852313406057137 0.0
3.853367659509849 0.0
3.854422201477597 0.0
3.855477032039339 0.0
3.8565321512740534 0.0
3.8575875592607405 0.0
3.858643256078423 0.0
3.8596992418061444 0.0
3.8607555165229694 0.0
3.861812080307985 0.0
3.862868933240301 0.0
3.8639260753990454 0.0
3.8649835068633727 0.0
3.866041227712455 0.0
3.867099238025488 0.0
3.868157537881688 0.0
3.8692161273602945 0.0
3.8702750065405667 0.0
3.8713341755017874 0.0
3.8723936343232603 0.0
3.8734533830843105 0.0
3.8745134218642847 0.0
3.875573750742552 0.0
3.876634369798503 0.0
3.8776952791115504 0.0
3.8787564787611277 0.0
3.87981796882669 0.0
3.8808797493877156 0.0
3.8819418205237035 0.0
3.883004182314174 0.0
3.8840668348386718 0.0
3.8851297781767586 0.0
3.8861930124080226 0.0
3.8872565376120716 0.0
3.8883203538685347 0.0
3.889384461257064 0.0
3.890448859857333 0.0
3.891513549749037 0.0
3.8925785310118926 0.0
3.893643803725639 0.0
3.8947093679700364 0.0
3.895775223824868 0.0
3.8968413713699377 0.0
3.897907810685072 0.0
3.8989745418501194 0.0
3.9000415649449476 0.0
3.9011088800494504 0.0
3.902176487243541 0.0
3.9032443866071542 0.0
3.904312578220248 0.0
3.9053810621628013 0.0
3.906449838514816 0.0
3.907518907356314 0.0
3.908588268767341 0.0
3.9096579228279627 0.0
3.9107278696182686 0.0
3.91179810921837 0.0
3.912868641708398 0.0
3.9139394671685084 0.0
3.9150105856788766 0.0
3.9160819973197016 0.0
3.917153702171204 0.0
3.9182257003136254 0.0
3.91929799182723 0.0
3.9203705767923043 0.0
3.921443455289156 0.0
3.9225166273981165 0.0
3.9235900931995364 0.0
3.924663852773791 0.0
3.9257379062012756 0.0
3.9268122535624084 0.0
3.92788689493763 0.0
3.9289618304074025 0.0
3.93003706005221 0.0
3.931112583952558 0.0
3.9321884021889755 0.0
3.9332645148420124 0.0
3.9343409219922414 0.0
3.935417623720256 0.0
3.9364946201066733 0.0
3.937571911232132 0.0
3.938649497177292 0.0
3.9397273780228357 0.0
3.9408055538494686 0.0
3.9418840247379174 0.0
3.942962790768931 0.0
3.944041852023279 0.0
3.9451212085817557 0.0
3.946200860525176 0.0
3.9472808079343777 0.0
3.9483610508902194 0.0
3.949441589473583 0.0
3.9505224237653733 0.0
3.951603553846514 0.0
3.9526849797979544 0.0
3.9537667017006646 0.0
3.9548487196356357 0.0
3.9559310336838838 0.0
3.9570136439264445 0.0
3.9580965504443775 0.0
3.9591797533187627 0.0
3.9602632526307033 0.0
3.9613470484613256 0.0
3.962431140891776 0.0
3.963515530003226 0.0
3.9646002158768656 0.0
3.96568519859391 0.0
3.9667704782355955 0.0
3.967856054883181 0.0
3.968941928617948 0.0
3.9700280995211976 0.0
3.971114567674257 0.0
3.9722013331584725 0.0
3.9732883960552154 0.0
3.974375756445877 0.0
3.9754634144118723 0.0
3.976551370034638 0.0
3.9776396233956324 0.0
3.978728174576337 0.0
3.9798170236582564 0.0
3.980906170722915 0.0
3.9819956158518623 0.0
3.983085359126668 0.0
3.984175400628926 0.0
3.9852657404402505 0.0
3.9863563786422795 0.0
3.9874473153166727 0.0
3.9885385505451123 0.0
3.9896300844093036 0.0
3.990721916990972 0.0
3.991814048371868 0.0
3.992906478633763 0.0
3.993999207858451 0.0
3.995092236127748 0.0
3.9961855635234937 0.0
3.997279190127549 0.0
3.9983731160217975 0.0
3.999467341288145 0.0
4.000561866008519 0.0
4.001656690264873 0.0
4.002751814139179 0.0
4.003847237713432 0.0
4.00494296106965 0.0
4.006038984289876 0.0
4.00713530745617 0.0
4.008231930650618 0.0
4.009328853955331 0.0
4.010426077452437 0.0
4.011523601224089 0.0
4.012621425352462 0.0
4.013719549919755 0.0
4.014817975008189 0.0
4.0159167007000045 0.0
4.017015727077469 0.0
4.01811505422287 0.0
4.019214682218517 0.0
4.020314611146745 0.0
4.021414841089907 0.0
4.022515372130382 0.0
4.023616204350572 0.0
4.024717337832898 0.0
4.025818772659807 0.0
4.026920508913768 0.0
4.028022546677269 0.0
4.029124886032827 0.0
4.030227527062975 0.0
4.031330469850273 0.0
4.0324337144773015 0.0
4.033537261026664 0.0
4.034641109580988 0.0
4.035745260222923 0.0
4.036849713035139 0.0
4.03795446810033 0.0
4.039059525501214 0.0
4.0401648853205305 0.0
4.041270547641041 0.0
4.04237651254553 0.0
4.043482780116806 0.0
4.044589350437699 0.0
4.045696223591062 0.0
4.046803399659768 0.0
4.047910878726718 0.0
4.049018660874831 0.0
4.050126746187051 0.0
4.051235134746346 0.0
4.052343826635703 0.0
4.053452821938133 0.0
4.054562120736671 0.0
4.055671723114376 0.0
4.056781629154324 0.0
4.0578918389396215 0.0
4.0590023525533905 0.0
4.0601131700787825 0.0
4.061224291598965 0.0
4.062335717197131 0.0
4.063447446956501 0.0
4.064559480960311 0.0
4.065671819291824 0.0
4.066784462034322 0.0
4.067897409271116 0.0
4.069010661085534 0.0
4.070124217560931 0.0
4.071238078780682 0.0
4.072352244828184 0.0
4.07346671578686 0.0
4.074581491740155 0.0
4.075696572771534 0.0
4.076811958964488 0.0
4.077927650402531 0.0
4.079043647169199 0.0
4.080159949348047 0.0
4.08127655702266 0.0
4.082393470276641 0.0
4.083510689193618 0.0
4.084628213857239 0.0
4.085746044351179 0.0
4.086864180759132 0.0
4.0879826231648195 0.0
4.0891013716519815 0.0
4.090220426304382 0.0
4.0913397872058095 0.0
4.092459454440074 0.0
4.093579428091009 0.0
4.09469970824247 0.0
4.095820294978338 0.0
4.096941188382514 0.0
4.098062388538924 0.0
4.099183895531516 0.0
4.100305709444259 0.0
4.10142783036115 0.0
4.102550258366206 0.0
4.103672993543464 0.0
4.104796035976991 0.0
4.1059193857508705 0.0
4.107043042949212 0.0
4.1081670076561485 0.0
4.109291279955835 0.0
4.1104158599324485 0.0
4.111540747670191 0.0
4.112665943253287 0.0
4.113791446765984 0.0
4.114917258292552 0.0
4.1160433779172845 0.0
4.117169805724497 0.0
4.11829654179853 0.0
4.119423586223746 0.0
4.1205509390845325 0.0
4.1216786004652946 0.0
4.122806570450466 0.0
4.123934849124504 0.0
4.125063436571884 0.0
4.126192332877109 0.0
4.127321538124701 0.0
4.128451052399209 0.0
4.129580875785203 0.0
4.130711008367278 0.0
4.13184145023005 0.0
4.132972201458161 0.0
4.134103262136271 0.0
4.13523463234907 0.0
4.136366312181265 0.0
4.137498301717589 0.0
4.138630601042798 0.0
4.139763210241673 0.0
4.140896129399016 0.0
4.14202935859965 0.0
4.143162897928427 0.0
4.144296747470216 0.0
4.145430907309915 0.0
4.146565377532442 0.0
4.147700158222737 0.0
4.148835249465766 0.0
4.149970651346518 0.0
4.151106363950003 0.0
4.152242387361258 0.0
4.153378721665339 0.0
4.154515366947328 0.0
4.155652323292328 0.0
4.15678959078547 0.0
4.157927169511902 0.0
4.159065059556802 0.0
4.160203261005364 0.0
4.161341773942812 0.0
4.162480598454389 0.0
4.163619734625362 0.0
4.164759182541024 0.0
4.165898942286689 0.0
4.167039013947694 0.0
4.168179397609401 0.0
4.169320093357193 0.0
4.170461101276478 0.0
4.171602421452691 0.0
4.1727440539712815 0.0
4.173885998917729 0.0
4.175028256377537 0.0
4.176170826436229 0.0
4.1773137091793515 0.0
4.178456904692479 0.0
4.1796004130612046 0.0
4.180744234371147 0.0
4.181888368707949 0.0
4.183032816157276 0.0
4.184177576804815 0.0
4.185322650736278 0.0
4.186468038037404 0.0
4.187613738793949 0.0
4.188759753091698 0.0
4.189906081016455 0.0
4.1910527226540495 0.0
4.1921996780903354 0.0
4.1933469474111895 0.0
4.194494530702512 0.0
4.195642428050226 0.0
4.1967906395402785 0.0
4.1979391652586395 0.0
4.199088005291305 0.0
4.20023715972429 0.0
4.201386628643637 0.0
4.202536412135411 0.0
4.203686510285701 0.0
4.204836923180617 0.0
4.205987650906296 0.0
4.207138693548896 0.0
4.2082900511946 0.0
4.209441723929614 0.0
4.210593711840168 0.0
4.211746015012515 0.0
4.212898633532933 0.0
4.21405156748772 0.0
4.215204816963205 0.0
4.21635838204573 0.0
4.217512262821669 0.0
4.218666459377417 0.0
4.219820971799393 0.0
4.22097580017404 0.0
4.222130944587823 0.0
4.223286405127231 0.0
4.224442181878779 0.0
4.225598274929004 0.0
4.226754684364465 0.0
4.227911410271748 0.0
4.229068452737459 0.0
4.230225811848232 0.0
4.231383487690723 0.0
4.232541480351608 0.0
4.233699789917592 0.0
4.234858416475403 0.0
4.23601736011179 0.0
4.237176620913526 0.0
4.23833619896741 0.0
4.239496094360264 0.0
4.240656307178934 0.0
4.241816837510287 0.0
4.242977685441218 0.0
4.244138851058642 0.0
4.245300334449501 0.0
4.246462135700758 0.0
4.247624254899403 0.0
4.248786692132445 0.0
4.249949447486922 0.0
4.251112521049894 0.0
4.252275912908442 0.0
4.253439623149674 0.0
4.254603651860723 0.0
4.255767999128743 0.0
4.25693266504091 0.0
4.25809764968443 0.0
4.2592629531465285 0.0
4.260428575514455 0.0
4.261594516875484 0.0
4.262760777316914 0.0
4.263927356926066 0.0
4.265094255790288 0.0
4.2662614739969476 0.0
4.267429011633439 0.0
4.268596868787181 0.0
4.269765045545613 0.0
4.270933541996204 0.0
4.272102358226439 0.0
4.273271494323833 0.0
4.274440950375925 0.0
4.2756107264702745 0.0
4.276780822694466 0.0
4.277951239136112 0.0
4.279121975882842 0.0
4.280293033022315 0.0
4.2814644106422115 0.0
4.2826361088302365 0.0
4.283808127674121 0.0
4.284980467261614 0.0
4.286153127680497 0.0
4.2873261090185695 0.0
4.288499411363656 0.0
4.289673034803606 0.0
4.290846979426293 0.0
4.292021245319615 0.0
4.2931958325714925 0.0
4.294370741269871 0.0
4.295545971502721 0.0
4.296721523358035 0.0
4.29789739692383 0.0
4.299073592288149 0.0
4.300250109539057 0.0
4.301426948764647 0.0
4.302604110053028 0.0
4.3037815934923405 0.0
4.304959399170748 0.0
4.3061375271764355 0.0
4.3073159775976135 0.0
4.3084947505225175 0.0
4.309673846039405 0.0
4.31085326423656 0.0
4.312033005202291 0.0
4.313213069024926 0.0
4.314393455792823 0.0
4.315574165594361 0.0
4.316755198517944 0.0
4.317936554651999 0.0
4.31911823408498 0.0
4.3203002369053625 0.0
4.321482563201647 0.0
4.322665213062358 0.0
4.323848186576046 0.0
4.3250314838312836 0.0
4.326215104916667 0.0
4.32739904992082 0.0
4.328583318932388 0.0
4.329767912040042 0.0
4.330952829332475 0.0
4.332138070898408 0.0
4.333323636826581 0.0
4.334509527205764 0.0
4.33569574212475 0.0
4.336882281672352 0.0
4.3380691459374106 0.0
4.339256335008792 0.0
4.340443848975385 0.0
4.341631687926102 0.0
4.342819851949882 0.0
4.344008341135686 0.0
4.3451971555724995 0.0
4.346386295349335 0.0
4.347575760555225 0.0
4.348765551279232 0.0
4.349955667610438 0.0
4.35114610963795 0.0
4.352336877450904 0.0
4.353527971138453 0.0
4.354719390789782 0.0
4.355911136494093 0.0
4.35710320834062 0.0
4.358295606418614 0.0
4.359488330817356 0.0
4.360681381626151 0.0
4.361874758934322 0.0
4.363068462831226 0.0
4.364262493406238 0.0
4.3654568507487586 0.0
4.366651534948213 0.0
4.367846546094054 0.0
4.369041884275754 0.0
4.3702375495828125 0.0
4.3714335421047545 0.0
4.372629861931127 0.0
4.3738265091515025 0.0
4.375023483855477 0.0
4.376220786132675 0.0
4.377418416072741 0.0
4.378616373765345 0.0
4.379814659300184 0.0
4.381013272766977 0.0
4.382212214255468 0.0
4.383411483855426 0.0
4.3846110816566455 0.0
4.385811007748943 0.0
4.3870112622221615 0.0
4.388211845166169 0.0
4.389412756670858 0.0
4.390613996826142 0.0
4.391815565721965 0.0
4.393017463448292 0.0
4.394219690095112 0.0
4.395422245752441 0.0
4.3966251305103174 0.0
4.397828344458807 0.0
4.399031887687999 0.0
4.400235760288004 0.0
4.401439962348961 0.0
4.402644493961034 0.0
4.403849355214412 0.0
4.4050545461993025 0.0
4.406260067005947 0.0
4.407465917724606 0.0
4.408672098445562 0.0
4.409878609259131 0.0
4.411085450255646 0.0
4.4122926215254665 0.0
4.41350012315898 0.0
4.414707955246595 0.0
4.415916117878746 0.0
4.417124611145893 0.0
4.41833343513852 0.0
4.419542589947136 0.0
4.420752075662273 0.0
4.421961892374491 0.0
4.423172040174373 0.0
4.424382519152528 0.0
4.425593329399586 0.0
4.426804471006207 0.0
4.428015944063073 0.0
4.42922774866089 0.0
4.43043988489039 0.0
4.431652352842331 0.0
4.432865152607496 0.0
4.434078284276689 0.0
4.435291747940742 0.0
4.436505543690511 0.0
4.437719671616877 0.0
4.438934131810749 0.0
4.4401489243630525 0.0
4.441364049364749 0.0
4.442579506906814 0.0
4.443795297080257 0.0
4.4450114199761055 0.0
4.446227875685416 0.0
4.447444664299271 0.0
4.448661785908772 0.0
4.44987924060505 0.0
4.4510970284792615 0.0
4.452315149622587 0.0
4.453533604126228 0.0
4.454752392081419 0.0
4.455971513579412 0.0
4.457190968711487 0.0
4.458410757568949 0.0
4.459630880243128 0.0
4.460851336825379 0.0
4.462072127407081 0.0
4.463293252079641 0.0
4.464514710934488 0.0
4.465736504063075 0.0
4.466958631556884 0.0
4.468181093507419 0.0
4.469403890006211 0.0
4.4706270211448125 0.0
4.471850487014806 0.0
4.473074287707797 0.0
4.474298423315413 0.0
4.475522893929311 0.0
4.476747699641173 0.0
4.4779728405427015 0.0
4.479198316725627 0.0
4.480424128281708 0.0
4.481650275302724 0.0
4.482876757880479 0.0
4.484103576106808 0.0
4.485330730073564 0.0
4.486558219872629 0.0
4.487786045595909 0.0
4.489014207335336 0.0
4.490242705182867 0.0
4.491471539230483 0.0
4.492700709570194 0.0
4.493930216294029 0.0
4.4951600594940455 0.0
4.496390239262329 0.0
4.497620755690984 0.0
4.498851608872146 0.0
4.500082798897971 0.0
4.501314325860644 0.0
4.502546189852374 0.0
4.503778390965396 0.0
4.505010929291966 0.0
4.50624380492437 0.0
4.507477017954917 0.0
4.5087105684759425 0.0
4.509944456579808 0.0
4.511178682358898 0.0
4.512413245905623 0.0
4.51364814731242 0.0
4.514883386671748 0.0
4.516118964076096 0.0
4.517354879617975 0.0
4.518591133389923 0.0
4.519827725484502 0.0
4.5210646559943 0.0
4.52230192501193 0.0
4.523539532630032 0.0
4.524777478941267 0.0
4.526015764038329 0.0
4.527254388013928 0.0
4.528493350960806 0.0
4.52973265297173 0.0
4.530972294139488 0.0
4.532212274556899 0.0
4.533452594316804 0.0
4.534693253512068 0.0
4.535934252235586 0.0
4.537175590580274 0.0
4.5384172686390745 0.0
4.53965928650496 0.0
4.540901644270922 0.0
4.54214434202998 0.0
4.543387379875181 0.0
4.5446307578995935 0.0
4.545874476196315 0.0
4.547118534858464 0.0
4.548362933979192 0.0
4.5496076736516695 0.0
4.550852753969094 0.0
4.55209817502469 0.0
4.5533439369117055 0.0
4.554590039723415 0.0
4.5558364835531195 0.0
4.557083268494143 0.0
4.558330394639839 0.0
4.559577862083581 0.0
4.560825670918774 0.0
4.562073821238846 0.0
4.563322313137248 0.0
4.5645711467074594 0.0
4.5658203220429865 0.0
4.567069839237359 0.0
4.56831969838413 0.0
4.569569899576884 0.0
4.570820442909227 0.0
4.57207132847479 0.0
4.573322556367232 0.0
4.574574126680239 0.0
4.575826039507517 0.0
4.577078294942803 0.0
4.5783308930798565 0.0
4.579583834012467 0.0
4.5808371178344425 0.0
4.582090744639623 0.0
4.583344714521871 0.0
4.584599027575075 0.0
4.585853683893152 0.0
4.587108683570042 0.0
4.588364026699709 0.0
4.5896197133761465 0.0
4.590875743693372 0.0
4.592132117745429 0.0
4.593388835626386 0.0
4.594645897430338 0.0
4.595903303251406 0.0
4.597161053183736 0.0
4.598419147321501 0.0
4.599677585758897 0.0
4.60093636859015 0.0
4.602195495909508 0.0
4.6034549678112455 0.0
4.604714784389666 0.0
4.605974945739094 0.0
4.607235451953883 0.0
4.608496303128412 0.0
4.609757499357084 0.0
4.61101904073433 0.0
4.612280927354607 0.0
4.613543159312396 0.0
4.614805736702204 0.0
4.6160686596185645 0.0
4.617331928156037 0.0
4.618595542409208 0.0
4.619859502472688 0.0
4.621123808441114 0.0
4.62238846040915 0.0
4.623653458471484 0.0
4.62491880272283 0.0
4.626184493257929 0.0
4.627450530171548 0.0
4.62871691355848 0.0
4.629983643513544 0.0
4.631250720131584 0.0
4.632518143507469 0.0
4.633785913736097 0.0
4.63505403091239 0.0
4.636322495131296 0.0
4.637591306487789 0.0
4.6388604650768706 0.0
4.640129970993567 0.0
4.64139982433293 0.0
4.6426700251900375 0.0
4.643940573659995 0.0
4.64521146983793 0.0
4.646482713819002 0.0
4.647754305698393 0.0
4.649026245571311 0.0
4.65029853353299 0.0
4.651571169678691 0.0
4.652844154103702 0.0
4.654117486903335 0.0
4.655391168172927 0.0
4.656665198007845 0.0
4.6579395765034795 0.0
4.659214303755247 0.0
4.660489379858593 0.0
4.661764804908984 0.0
4.663040579001917 0.0
4.664316702232913 0.0
4.665593174697522 0.0
4.6668699964913145 0.0
4.6681471677098925 0.0
4.669424688448882 0.0
4.670702558803936 0.0
4.671980778870732 0.0
4.673259348744976 0.0
4.674538268522397 0.0
4.675817538298754 0.0
4.677097158169829 0.0
4.678377128231434 0.0
4.679657448579404 0.0
4.680938119309598 0.0
4.6822191405179066 0.0
4.683500512300245 0.0
4.684782234752554 0.0
4.686064307970799 0.0
4.687346732050973 0.0
4.688629507089098 0.0
4.689912633181218 0.0
4.691196110423406 0.0
4.6924799389117595 0.0
4.693764118742404 0.0
4.69504865001149 0.0
4.696333532815196 0.0
4.697618767249724 0.0
4.6989043534113035 0.0
4.700190291396193 0.0
4.701476581300675 0.0
4.702763223221056 0.0
4.704050217253673 0.0
4.705337563494888 0.0
4.70662526204109 0.0
4.7079133129886905 0.0
4.709201716434132 0.0
4.710490472473882 0.0
4.711779581204436 0.0
4.71306904272231 0.0
4.7143588571240524 0.0
4.715649024506238 0.0
4.716939544965463 0.0
4.718230418598354 0.0
4.7195216455015645 0.0
4.720813225771772 0.0
4.722105159505681 0.0
4.723397446800026 0.0
4.724690087751561 0.0
4.725983082457073 0.0
4.727276431013374 0.0
4.728570133517299 0.0
4.729864190065713 0.0
4.731158600755506 0.0
4.732453365683597 0.0
4.733748484946927 0.0
4.735043958642468 0.0
4.736339786867216 0.0
4.737635969718193 0.0
4.73893250729245 0.0
4.740229399687063 0.0
4.7415266469991355 0.0
4.742824249325796 0.0
4.744122206764201 0.0
4.745420519411532 0.0
4.746719187365 0.0
4.748018210721839 0.0
4.749317589579313 0.0
4.75061732403471 0.0
4.751917414185346 0.0
4.753217860128562 0.0
4.75451866196173 0.0
4.755819819782243 0.0
4.7571213336875235 0.0
4.7584232037750205 0.0
4.759725430142209 0.0
4.761028012886593 0.0
4.7623309521057005 0.0
4.7636342478970874 0.0
4.764937900358333 0.0
4.766241909587052 0.0
4.767546275680876 0.0
4.768850998737467 0.0
4.770156078854516 0.0
4.771461516129739 0.0
4.772767310660878 0.0
4.774073462545703 0.0
4.775379971882009 0.0
4.776686838767619 0.0
4.777994063300383 0.0
4.779301645578178 0.0
4.780609585698906 0.0
4.781917883760499 0.0
4.783226539860912 0.0
4.784535554098129 0.0
4.785844926570162 0.0
4.787154657375046 0.0
4.788464746610845 0.0
4.789775194375653 0.0
4.791086000767585 0.0
4.792397165884786 0.0
4.793708689825428 0.0
4.795020572687711 0.0
4.7963328145698565 0.0
4.797645415570118 0.0
4.798958375786777 0.0
4.800271695318138 0.0
4.801585374262531 0.0
4.80289941271832 0.0
4.804213810783889 0.0
4.805528568557652 0.0
4.80684368613805 0.0
4.80815916362355 0.0
4.809475001112647 0.0
4.8107911987038605 0.0
4.812107756495742 0.0
4.813424674586864 0.0
4.814741953075829 0.0
4.816059592061267 0.0
4.817377591641835 0.0
4.818695951916214 0.0
4.820014672983117 0.0
4.8213337549412785 0.0
4.822653197889464 0.0
4.823973001926465 0.0
4.8252931671510995 0.0
4.826613693662214 0.0
4.827934581558679 0.0
4.829255830939394 0.0
4.830577441903286 0.0
4.831899414549311 0.0
4.833221748976447 0.0
4.8345444452837025 0.0
4.835867503570112 0.0
4.837190923934738 0.0
4.838514706476669 0.0
4.839838851295021 0.0
4.841163358488938 0.0
4.842488228157592 0.0
4.8438134604001775 0.0
4.84513905531592 0.0
4.846465013004074 0.0
4.847791333563915 0.0
4.849118017094752 0.0
4.850445063695917 0.0
4.851772473466771 0.0
4.853100246506702 0.0
4.854428382915124 0.0
4.855756882791479 0.0
4.857085746235239 0.0
4.858414973345899 0.0
4.859744564222981 0.0
4.8610745189660385 0.0
4.862404837674649 0.0
4.863735520448419 0.0
4.865066567386981 0.0
4.866397978589993 0.0
4.867729754157146 0.0
4.869061894188151 0.0
4.870394398782754 0.0
4.871727268040719 0.0
4.873060502061847 0.0
4.8743941009459615 0.0
4.875728064792911 0.0
4.877062393702577 0.0
4.878397087774863 0.0
4.879732147109703 0.0
4.881067571807058 0.0
4.882403361966915 0.0
4.883739517689291 0.0
4.885076039074226 0.0
4.886412926221793 0.0
4.887750179232087 0.0
4.889087798205233 0.0
4.890425783241385 0.0
4.891764134440721 0.0
4.893102851903448 0.0
4.894441935729801 0.0
4.895781386020042 0.0
4.89712120287446 0.0
4.898461386393372 0.0
4.89980193667712 0.0
4.901142853826079 0.0
4.902484137940648 0.0
4.903825789121251 0.0
4.905167807468343 0.0
4.906510193082406 0.0
4.90785294606395 0.0
4.909196066513511 0.0
4.910539554531652 0.0
4.911883410218966 0.0
4.913227633676071 0.0
4.914572225003614 0.0
4.91591718430227 0.0
4.917262511672739 0.0
4.918608207215753 0.0
4.919954271032067 0.0
4.921300703222466 0.0
4.922647503887763 0.0
4.923994673128795 0.0
4.925342211046431 0.0
4.9266901177415665 0.0
4.9280383933151235 0.0
4.92938703786805 0.0
4.930736051501327 0.0
4.932085434315959 0.0
4.933435186412977 0.0
4.934785307893444 0.0
4.936135798858446 0.0
4.937486659409101 0.0
4.938837889646552 0.0
4.940189489671971 0.0
4.9415414595865546 0.0
4.942893799491532 0.0
4.944246509488156 0.0
4.945599589677709 0.0
4.946953040161501 0.0
4.948306861040871 0.0
4.9496610524171825 0.0
4.951015614391829 0.0
4.952370547066231 0.0
4.9537258505418365 0.0
4.955081524920124 0.0
4.956437570302596 0.0
4.957793986790783 0.0
4.959150774486247 0.0
4.960507933490575 0.0
4.961865463905381 0.0
4.963223365832309 0.0
4.964581639373029 0.0
4.965940284629241 0.0
4.967299301702669 0.0
4.9686586906950705 0.0
4.970018451708227 0.0
4.971378584843947 0.0
4.972739090204069 0.0
4.974099967890458 0.0
4.975461218005011 0.0
4.976822840649644 0.0
4.978184835926311 0.0
4.979547203936988 0.0
4.980909944783679 0.0
4.98227305856842 0.0
4.98363654539327 0.0
4.985000405360317 0.0
4.98636463857168 0.0
4.987729245129503 0.0
4.989094225135959 0.0
4.990459578693249 0.0
4.9918253059036015 0.0
4.993191406869274 0.0
4.994557881692549 0.0
4.995924730475741 0.0
4.997291953321191 0.0
4.998659550331267 0.0
5.000027521608365 0.0
5.001395867254912 0.0
5.002764587373359 0.0
5.004133682066187 0.0
5.005503151435905 0.0
5.00687299558505 0.0
5.008243214616188 0.0
5.0096138086319115 0.0
5.010984777734841 0.0
5.012356122027626 0.0
5.013727841612942 0.0
5.015099936593498 0.0
5.016472407072026 0.0
5.017845253151288 0.0
5.019218474934071 0.0
5.020592072523195 0.0
5.021966046021509 0.0
5.023340395531882 0.0
5.02471512115722 0.0
5.026090223000452 0.0
5.027465701164536 0.0
5.028841555752459 0.0
5.030217786867238 0.0
5.031594394611914 0.0
5.03297137908956 0.0
5.034348740403273 0.0
5.035726478656185 0.0
5.037104593951448 0.0
5.038483086392249 0.0
5.039861956081799 0.0
5.04124120312334 0.0
5.042620827620139 0.0
5.044000829675496 0.0
5.045381209392735 0.0
5.046761966875209 0.0
5.048143102226302 0.0
5.049524615549424 0.0
5.050906506948012 0.0
5.052288776525534 0.0
5.053671424385486 0.0
5.055054450631392 0.0
5.056437855366803 0.0
5.057821638695299 0.0
5.059205800720489 0.0
5.060590341546011 0.0
5.0619752612755295 0.0
5.063360560012738 0.0
5.064746237861359 0.0
5.066132294925143 0.0
5.067518731307869 0.0
5.068905547113344 0.0
5.070292742445405 0.0
5.071680317407914 0.0
5.073068272104765 0.0
5.0744566066398775 0.0
5.075845321117203 0.0
5.077234415640719 0.0
5.078623890314432 0.0
5.080013745242375 0.0
5.081403980528612 0.0
5.082794596277236 0.0
5.084185592592366 0.0
5.085576969578151 0.0
5.086968727338768 0.0
5.088360865978424 0.0
5.089753385601352 0.0
5.091146286311814 0.0
5.092539568214105 0.0
5.0939332314125405 0.0
5.09532727601147 0.0
5.096721702115271 0.0
5.098116509828351 0.0
5.099511699255142 0.0
5.100907270500107 0.0
5.102303223667737 0.0
5.1036995588625516 0.0
5.105096276189101 0.0
5.10649337575196 0.0
5.107890857655736 0.0
5.109288722005061 0.0
5.110686968904602 0.0
5.112085598459048 0.0
5.113484610773119 0.0
5.114884005951565 0.0
5.116283784099162 0.0
5.117683945320717 0.0
5.119084489721066 0.0
5.120485417405073 0.0
5.121886728477628 0.0
5.123288423043654 0.0
5.124690501208098 0.0
5.126092963075943 0.0
5.127495808752193 0.0
5.128899038341883 0.0
5.13030265195008 0.0
5.131706649681878 0.0
5.133111031642397 0.0
5.134515797936789 0.0
5.135920948670234 0.0
5.137326483947939 0.0
5.138732403875144 0.0
5.140138708557112 0.0
5.14154539809914 0.0
5.1429524726065505 0.0
5.144359932184698 0.0
5.145767776938962 0.0
5.147176006974754 0.0
5.148584622397513 0.0
5.149993623312705 0.0
5.151403009825828 0.0
5.152812782042409 0.0
5.154222940068 0.0
5.155633484008188 0.0
5.157044413968581 0.0
5.158455730054824 0.0
5.159867432372585 0.0
5.161279521027564 0.0
5.162691996125487 0.0
5.164104857772114 0.0
5.16551810607323 0.0
5.166931741134648 0.0
5.168345763062213 0.0
5.169760171961799 0.0
5.171174967939304 0.0
5.172590151100663 0.0
5.174005721551834 0.0
5.175421679398804 0.0
5.176838024747593 0.0
5.178254757704247 0.0
5.179671878374842 0.0
5.181089386865482 0.0
5.182507283282301 0.0
5.183925567731462 0.0
5.185344240319157 0.0
5.186763301151607 0.0
5.188182750335061 0.0
5.1896025879758 0.0
5.191022814180131 0.0
5.192443429054391 0.0
5.193864432704947 0.0
5.195285825238194 0.0
5.196707606760556 0.0
5.1981297773784885 0.0
5.199552337198474 0.0
5.200975286327024 0.0
5.202398624870678 0.0
5.20382235293601 0.0
5.205246470629617 0.0
5.206670978058127 0.0
5.208095875328199 0.0
5.20952116254652 0.0
5.2109468398198056 0.0
5.212372907254802 0.0
5.213799364958284 0.0
5.215226213037054 0.0
5.2166534515979475 0.0
5.218081080747824 0.0
5.219509100593577 0.0
5.220937511242127 0.0
5.222366312800423 0.0
5.223795505375446 0.0
5.225225089074204 0.0
5.226655064003733 0.0
5.228085430271104 0.0
5.2295161879834104 0.0
5.230947337247778 0.0
5.232378878171363 0.0
5.233810810861351 0.0
5.235243135424954 0.0
5.236675851969415 0.0
5.238108960602008 0.0
5.239542461430034 0.0
5.2409763545608214 0.0
5.2424106401017365 0.0
5.243845318160165 0.0
5.245280388843528 0.0
5.246715852259274 0.0
5.2481517085148806 0.0
5.249587957717855 0.0
5.251024599975735 0.0
5.252461635396086 0.0
5.2538990640865055 0.0
5.255336886154618 0.0
5.256775101708078 0.0
5.25821371085457 0.0
5.259652713701808 0.0
5.2610921103575325 0.0
5.26253190092952 0.0
5.263972085525571 0.0
5.265412664253516 0.0
5.266853637221217 0.0
5.268295004536567 0.0
5.2697367663074814 0.0
5.271178922641914 0.0
5.272621473647842 0.0
5.274064419433275 0.0
5.275507760106251 0.0
5.276951495774838 0.0
5.278395626547134 0.0
5.279840152531265 0.0
5.281285073835388 0.0
5.282730390567691 0.0
5.284176102836389 0.0
5.285622210749725 0.0
5.287068714415978 0.0
5.288515613943449 0.0
5.289962909440476 0.0
5.291410601015421 0.0
5.292858688776678 0.0
5.294307172832671 0.0
5.295756053291852 0.0
5.297205330262704 0.0
5.298655003853739 0.0
5.3001050741735005 0.0
5.3015555413305595 0.0
5.303006405433518 0.0
5.304457666591007 0.0
5.305909324911686 0.0
5.307361380504248 0.0
5.308813833477412 0.0
5.310266683939927 0.0
5.311719932000576 0.0
5.313173577768168 0.0
5.3146276213515415 0.0
5.316082062859565 0.0
5.31753690240114 0.0
5.318992140085195 0.0
5.320447776020686 0.0
5.321903810316604 0.0
5.323360243081967 0.0
5.324817074425822 0.0
5.3262743044572485 0.0
5.327731933285355 0.0
5.329189961019276 0.0
5.330648387768182 0.0
5.33210721364127 0.0
5.333566438747766 0.0
5.3350260631969295 0.0
5.336486087098045 0.0
5.337946510560433 0.0
5.339407333693437 0.0
5.340868556606435 0.0
5.342330179408835 0.0
5.343792202210073 0.0
5.345254625119615 0.0
5.346717448246959 0.0
5.348180671701631 0.0
5.349644295593188 0.0
5.351108320031216 0.0
5.352572745125331 0.0
5.354037570985181 0.0
5.355502797720442 0.0
5.356968425440822 0.0
5.358434454256056 0.0
5.359900884275911 0.0
5.361367715610182 0.0
5.3628349483686995 0.0
5.364302582661318 0.0
5.365770618597924 0.0
5.367239056288437 0.0
5.3687078958428 0.0
5.370177137370993 0.0
5.371646780983022 0.0
5.373116826788927 0.0
5.374587274898772 0.0
5.376058125422656 0.0
5.377529378470706 0.0
5.379001034153081 0.0
5.380473092579968 0.0
5.381945553861586 0.0
5.3834184181081834 0.0
5.384891685430038 0.0
5.386365355937457 0.0
5.387839429740781 0.0
5.389313906950379 0.0
5.390788787676652 0.0
5.3922640720300254 0.0
5.393739760120962 0.0
5.39521585205995 0.0
5.396692347957511 0.0
5.398169247924194 0.0
5.39964655207058 0.0
5.401124260507281 0.0
5.402602373344937 0.0
5.404080890694219 0.0
5.40555981266583 0.0
5.407039139370502 0.0
5.408518870918996 0.0
5.4099990074221065 0.0
5.411479548990654 0.0
5.4129604957354935 0.0
5.41444184776751 0.0
5.415923605197614 0.0
5.417405768136753 0.0
5.4188883366959 0.0
5.420371310986059 0.0
5.421854691118269 0.0
5.423338477203593 0.0
5.424822669353127 0.0
5.426307267678 0.0
5.427792272289366 0.0
5.429277683298416 0.0
5.430763500816365 0.0
5.432249724954463 0.0
5.433736355823987 0.0
5.435223393536248 0.0
5.436710838202584 0.0
5.438198689934367 0.0
5.439686948842997 0.0
5.441175615039905 0.0
5.442664688636551 0.0
5.444154169744429 0.0
5.445644058475063 0.0
5.447134354940002 0.0
5.448625059250833 0.0
5.45011617151917 0.0
5.451607691856656 0.0
5.453099620374967 0.0
5.45459195718581 0.0
5.456084702400922 0.0
5.457577856132066 0.0
5.459071418491044 0.0
5.460565389589682 0.0
5.46205976953984 0.0
5.463554558453406 0.0
5.465049756442301 0.0
5.466545363618476 0.0
5.468041380093911 0.0
5.46953780598062 0.0
5.471034641390643 0.0
5.472531886436055 0.0
5.474029541228959 0.0
5.47552760588149 0.0
5.477026080505815 0.0
5.4785249652141275 0.0
5.480024260118656 0.0
5.481523965331656 0.0
5.483024080965416 0.0
5.484524607132258 0.0
5.486025543944528 0.0
5.487526891514609 0.0
5.489028649954909 0.0
5.490530819377872 0.0
5.492033399895971 0.0
5.493536391621708 0.0
5.495039794667617 0.0
5.496543609146266 0.0
5.498047835170247 0.0
5.499552472852189 0.0
5.50105752230475 0.0
5.502562983640615 0.0
5.504068856972507 0.0
5.505575142413173 0.0
5.507081840075395 0.0
5.508588950071985 0.0
5.5100964725157855 0.0
5.511604407519671 0.0
5.513112755196543 0.0
5.5146215156593374 0.0
5.516130689021024 0.0
5.517640275394596 0.0
5.5191502748930805 0.0
5.52066068762954 0.0
5.522171513717064 0.0
5.523682753268771 0.0
5.525194406397813 0.0
5.526706473217375 0.0
5.5282189538406685 0.0
5.529731848380939 0.0
5.531245156951461 0.0
5.532758879665543 0.0
5.534273016636523 0.0
5.535787567977768 0.0
5.537302533802679 0.0
5.538817914224685 0.0
5.54033370935725 0.0
5.541849919313866 0.0
5.543366544208056 0.0
5.544883584153375 0.0
5.54640103926341 0.0
5.547918909651779 0.0
5.549437195432128 0.0
5.550955896718138 0.0
5.5524750136235195 0.0
5.553994546262015 0.0
5.555514494747392 0.0
5.557034859193459 0.0
5.558555639714051 0.0
5.560076836423033 0.0
5.561598449434302 0.0
5.563120478861787 0.0
5.564642924819448 0.0
5.566165787421275 0.0
5.5676890667812895 0.0
5.569212763013546 0.0
5.570736876232129 0.0
5.572261406551153 0.0
5.573786354084767 0.0
5.575311718947146 0.0
5.5768375012525 0.0
5.578363701115073 0.0
5.579890318649134 0.0
5.581417353968987 0.0
5.582944807188965 0.0
5.584472678423436 0.0
5.586000967786795 0.0
5.587529675393471 0.0
5.589058801357925 0.0
5.5905883457946475 0.0
5.592118308818158 0.0
5.593648690543013 0.0
5.595179491083798 0.0
5.5967107105551275 0.0
5.598242349071651 0.0
5.599774406748045 0.0
5.6013068836990225 0.0
5.602839780039323 0.0
5.604373095883722 0.0
5.605906831347024 0.0
5.607440986544065 0.0
5.60897556158971 0.0
5.610510556598861 0.0
5.612045971686448 0.0
5.6135818069674315 0.0
5.615118062556806 0.0
5.616654738569596 0.0
5.618191835120857 0.0
5.6197293523256775 0.0
5.621267290299178 0.0
5.622805649156506 0.0
5.6243444290128455 0.0
5.625883629983413 0.0
5.62742325218345 0.0
5.6289632957282345 0.0
5.630503760733076 0.0
5.632044647313313 0.0
5.6335859555843175 0.0
5.635127685661493 0.0
5.636669837660274 0.0
5.638212411696126 0.0
5.639755407884549 0.0
5.641298826341071 0.0
5.642842667181252 0.0
5.644386930520687 0.0
5.645931616474998 0.0
5.647476725159844 0.0
5.649022256690911 0.0
5.650568211183916 0.0
5.652114588754614 0.0
5.653661389518787 0.0
5.655208613592246 0.0
5.65675626109084 0.0
5.658304332130447 0.0
5.659852826826976 0.0
5.6614017452963665 0.0
5.662951087654594 0.0
5.664500854017661 0.0
5.666051044501604 0.0
5.667601659222493 0.0
5.669152698296426 0.0
5.670704161839536 0.0
5.672256049967986 0.0
5.6738083627979705 0.0
5.675361100445718 0.0
5.676914263027486 0.0
5.678467850659565 0.0
5.680021863458281 0.0
5.681576301539984 0.0
5.683131165021061 0.0
5.684686454017933 0.0
5.686242168647047 0.0
5.687798309024885 0.0
5.689354875267961 0.0
5.690911867492821 0.0
5.692469285816042 0.0
5.6940271303542325 0.0
5.695585401224037 0.0
5.697144098542125 0.0
5.698703222425203 0.0
5.700262772990008 0.0
5.70182275035331 0.0
5.703383154631908 0.0
5.704943985942635 0.0
5.706505244402358 0.0
5.708066930127972 0.0
5.709629043236406 0.0
5.711191583844622 0.0
5.712754552069611 0.0
5.714317948028398 0.0
5.715881771838043 0.0
5.717446023615633 0.0
5.719010703478286 0.0
5.72057581154316 0.0
5.722141347927437 0.0
5.723707312748335 0.0
5.725273706123103 0.0
5.726840528169022 0.0
5.7284077790034065 0.0
5.729975458743601 0.0
5.731543567506984 0.0
5.7331121054109655 0.0
5.734681072572986 0.0
5.736250469110519 0.0
5.7378202951410735 0.0
5.739390550782186 0.0
5.740961236151427 0.0
5.742532351366399 0.0
5.744103896544738 0.0
5.74567587180411 0.0
5.747248277262215 0.0
5.748821113036783 0.0
5.750394379245579 0.0
5.751968076006399 0.0
5.753542203437071 0.0
5.755116761655455 0.0
5.756691750779444 0.0
5.7582671709269615 0.0
5.759843022215968 0.0
5.76141930476445 0.0
5.76299601869043 0.0
5.764573164111962 0.0
5.7661507411471336 0.0
5.767728749914061 0.0
5.7693071905308955 0.0
5.7708860631158245 0.0
5.77246536778706 0.0
5.77404510466285 0.0
5.7756252738614755 0.0
5.7772058755012505 0.0
5.778786909700519 0.0
5.780368376577657 0.0
5.781950276251079 0.0
5.783532608839222 0.0
5.785115374460564 0.0
5.786698573233611 0.0
5.788282205276903 0.0
5.789866270709011 0.0
5.7914507696485416 0.0
5.793035702214131 0.0
5.794621068524448 0.0
5.796206868698192 0.0
5.7977931028541025 0.0
5.799379771110945 0.0
5.800966873587516 0.0
5.8025544104026485 0.0
5.804142381675209 0.0
5.805730787524093 0.0
5.807319628068228 0.0
5.80890890342658 0.0
5.810498613718142 0.0
5.812088759061938 0.0
5.813679339577032 0.0
5.815270355382515 0.0
5.816861806597512 0.0
5.818453693341178 0.0
5.820046015732707 0.0
5.82163877389132 0.0
5.823231967936271 0.0
5.82482559798685 0.0
5.826419664162376 0.0
5.828014166582204 0.0
5.829609105365718 0.0
5.831204480632339 0.0
5.832800292501516 0.0
5.834396541092733 0.0
5.83599322652551 0.0
5.837590348919393 0.0
5.839187908393964 0.0
5.84078590506884 0.0
5.842384339063668 0.0
5.843983210498127 0.0
5.84558251949193 0.0
5.847182266164825 0.0
5.848782450636589 0.0
5.850383073027033 0.0
5.8519841334560025 0.0
5.853585632043375 0.0
5.855187568909058 0.0
5.856789944172995 0.0
5.858392757955161 0.0
5.859996010375565 0.0
5.861599701554248 0.0
5.863203831611284 0.0
5.864808400666781 0.0
5.8664134088408755 0.0
5.868018856253743 0.0
5.869624743025588 0.0
5.8712310692766465 0.0
5.872837835127192 0.0
5.87444504069753 0.0
5.876052686107997 0.0
5.8776607714789595 0.0
5.879269296930822 0.0
5.880878262584025 0.0
5.8824876685590315 0.0
5.884097514976346 0.0
5.885707801956503 0.0
5.887318529620071 0.0
5.888929698087649 0.0
5.890541307479872 0.0
5.892153357917406 0.0
5.8937658495209515 0.0
5.895378782411241 0.0
5.896992156709041 0.0
5.898605972535149 0.0
5.900220230010399 0.0
5.901834929255655 0.0
5.903450070391816 0.0
5.905065653539811 0.0
5.906681678820607 0.0
5.9082981463552 0.0
5.90991505626462 0.0
5.911532408669931 0.0
5.913150203692232 0.0
5.914768441452651 0.0
5.91638712207235 0.0
5.918006245672527 0.0
5.919625812374411 0.0
5.921245822299264 0.0
5.922866275568383 0.0
5.924487172303095 0.0
5.926108512624766 0.0
5.927730296654787 0.0
5.92935252451459 0.0
5.930975196325633 0.0
5.932598312209414 0.0
5.934221872287463 0.0
5.935845876681336 0.0
5.937470325512633 0.0
5.939095218902979 0.0
5.940720556974038 0.0
5.942346339847504 0.0
5.943972567645103 0.0
5.945599240488598 0.0
5.947226358499784 0.0
5.948853921800488 0.0
5.950481930512571 0.0
5.95211038475793 0.0
5.95373928465849 0.0
5.955368630336213 0.0
5.956998421913096 0.0
5.958628659511167 0.0
5.960259343252485 0.0
5.961890473259145 0.0
5.963522049653278 0.0
5.965154072557045 0.0
5.96678654209264 0.0
5.968419458382291 0.0
5.970052821548264 0.0
5.971686631712851 0.0
5.973320888998382 0.0
5.97495559352722 0.0
5.97659074542176 0.0
5.9782263448044315 0.0
5.979862391797699 0.0
5.98149888652406 0.0
5.98313582910604 0.0
5.984773219666206 0.0
5.986411058327155 0.0
5.988049345211517 0.0
5.989688080441956 0.0
5.991327264141171 0.0
5.992966896431892 0.0
5.994606977436884 0.0
5.996247507278946 0.0
5.997888486080912 0.0
5.999529913965644 0.0
6.001171791056044 0.0
6.002814117475046 0.0
6.004456893345614 0.0
6.006100118790749 0.0
6.007743793933486 0.0
6.009387918896893 0.0
6.01103249380407 0.0
6.012677518778152 0.0
6.014322993942309 0.0
6.015968919419743 0.0
6.017615295333689 0.0
6.019262121807419 0.0
6.0209093989642355 0.0
6.022557126927476 0.0
6.024205305820509 0.0
6.025853935766745 0.0
6.027503016889618 0.0
6.029152549312602 0.0
6.0308025331592034 0.0
6.032452968552962 0.0
6.034103855617452 0.0
6.0357551944762795 0.0
6.037406985253089 0.0
6.039059228071554 0.0
6.040711923055381 0.0
6.042365070328318 0.0
6.04401867001414 0.0
6.045672722236656 0.0
6.047327227119712 0.0
6.048982184787187 0.0
6.050637595362993 0.0
6.052293458971075 0.0
6.053949775735416 0.0
6.055606545780028 0.0
6.05726376922896 0.0
6.058921446206295 0.0
6.0605795768361475 0.0
6.062238161242668 0.0
6.0638971995500395 0.0
6.065556691882483 0.0
6.067216638364247 0.0
6.068877039119618 0.0
6.070537894272919 0.0
6.0721992039485 0.0
6.073860968270752 0.0
6.075523187364096 0.0
6.077185861352989 0.0
6.0788489903619185 0.0
6.08051257451541 0.0
6.0821766139380244 0.0
6.083841108754351 0.0
6.085506059089018 0.0
6.087171465066685 0.0
6.0888373268120475 0.0
6.090503644449833 0.0
6.092170418104806 0.0
6.093837647901763 0.0
6.095505333965537 0.0
6.09717347642099 0.0
6.098842075393025 0.0
6.100511131006574 0.0
6.102180643386605 0.0
6.103850612658119 0.0
6.105521038946156 0.0
6.107191922375785 0.0
6.108863263072109 0.0
6.1105350611602685 0.0
6.1122073167654385 0.0
6.113880030012823 0.0
6.115553201027666 0.0
6.117226829935245 0.0
6.118900916860868 0.0
6.12057546192988 0.0
6.12225046526766 0.0
6.123925926999624 0.0
6.125601847251216 0.0
6.12727822614792 0.0
6.128955063815253 0.0
6.130632360378763 0.0
6.132310115964035 0.0
6.133988330696692 0.0
6.135667004702386 0.0
6.137346138106804 0.0
6.1390257310356695 0.0
6.140705783614741 0.0
6.142386295969806 0.0
6.144067268226692 0.0
6.1457487005112625 0.0
6.147430592949409 0.0
6.149112945667059 0.0
6.15079575879018 0.0
6.152479032444767 0.0
6.154162766756855 0.0
6.155846961852509 0.0
6.157531617857832 0.0
6.159216734898959 0.0
6.160902313102062 0.0
6.162588352593344 0.0
6.164274853499046 0.0
6.165961815945443 0.0
6.167649240058842 0.0
6.169337125965587 0.0
6.171025473792056 0.0
6.172714283664661 0.0
6.1744035557098496 0.0
6.176093290054103 0.0
6.177783486823939 0.0
6.179474146145906 0.0
6.181165268146592 0.0
6.182856852952616 0.0
6.184548900690632 0.0
6.186241411487331 0.0
6.187934385469437 0.0
6.189627822763708 0.0
6.191321723496937 0.0
6.193016087795955 0.0
6.1947109157876215 0.0
6.1964062075988355 0.0
6.19810196335653 0.0
6.199798183187674 0.0
6.201494867219266 0.0
6.203192015578342 0.0
6.204889628391978 0.0
6.206587705787276 0.0
6.208286247891378 0.0
6.2099852548314605 0.0
6.211684726734734 0.0
6.2133846637284424 0.0
6.215085065939867 0.0
6.216785933496325 0.0
6.2184872665251625 0.0
6.2201890651537655 0.0
6.221891329509555 0.0
6.223594059719986 0.0
6.225297255912542 0.0
6.227000918214755 0.0
6.228705046754181 0.0
6.23040964165841 0.0
6.2321147030550765 0.0
6.233820231071842 0.0
6.235526225836407 0.0
6.237232687476503 0.0
6.2389396161199 0.0
6.240647011894401 0.0
6.242354874927845 0.0
6.244063205348105 0.0
6.245772003283093 0.0
6.2474812688607475 0.0
6.24919100220905 0.0
6.2509012034560145 0.0
6.252611872729689 0.0
6.254323010158156 0.0
6.256034615869536 0.0
6.2577466899919845 0.0
6.259459232653687 0.0
6.261172243982868 0.0
6.2628857241077895 0.0
6.264599673156743 0.0
6.266314091258058 0.0
6.2680289785401 0.0
6.269744335131268 0.0
6.271460161159997 0.0
6.273176456754756 0.0
6.274893222044052 0.0
6.276610457156423 0.0
6.278328162220444 0.0
6.280046337364729 0.0
6.28176498271792 0.0
6.283484098408701 0.0
6.2852036845657855 0.0
6.286923741317928 0.0
6.288644268793911 0.0
6.290365267122558 0.0
6.292086736432728 0.0
6.293808676853313 0.0
6.295531088513238 0.0
6.297253971541469 0.0
6.2989773260670034 0.0
6.300701152218872 0.0
6.302425450126147 0.0
6.304150219917933 0.0
6.305875461723367 0.0
6.307601175671625 0.0
6.309327361891917 0.0
6.311054020513489 0.0
6.312781151665622 0.0
6.314508755477631 0.0
6.31623683207887 0.0
6.317965381598723 0.0
6.319694404166615 0.0
6.321423899912003 0.0
6.323153868964381 0.0
6.3248843114532765 0.0
6.326615227508254 0.0
6.328346617258916 0.0
6.330078480834894 0.0
6.3318108183658595 0.0
6.333543629981521 0.0
6.335276915811619 0.0
6.337010675985928 0.0
6.338744910634263 0.0
6.340479619886473 0.0
6.342214803872439 0.0
6.343950462722082 0.0
6.345686596565358 0.0
6.347423205532256 0.0
6.349160289752801 0.0
6.350897849357055 0.0
6.3526358844751165 0.0
6.354374395237118 0.0
6.356113381773226 0.0
6.357852844213646 0.0
6.359592782688617 0.0
6.361333197328415 0.0
6.363074088263351 0.0
6.364815455623771 0.0
6.366557299540056 0.0
6.368299620142626 0.0
6.370042417561934 0.0
6.371785691928469 0.0
6.373529443372754 0.0
6.375273672025354 0.0
6.377018378016864 0.0
6.378763561477912 0.0
6.380509222539171 0.0
6.382255361331344 0.0
6.38400197798517 0.0
6.385749072631422 0.0
6.387496645400915 0.0
6.389244696424493 0.0
6.390993225833038 0.0
6.392742233757472 0.0
6.394491720328746 0.0
6.396241685677852 0.0
6.397992129935815 0.0
6.399743053233697 0.0
6.401494455702595 0.0
6.403246337473645 0.0
6.404998698678014 0.0
6.40675153944691 0.0
6.408504859911572 0.0
6.410258660203277 0.0
6.412012940453339 0.0
6.413767700793108 0.0
6.4155229413539665 0.0
6.4172786622673375 0.0
6.419034863664679 0.0
6.420791545677481 0.0
6.422548708437273 0.0
6.424306352075622 0.0
6.426064476724128 0.0
6.427823082514426 0.0
6.429582169578191 0.0
6.4313417380471325 0.0
6.4331017880529915 0.0
6.434862319727554 0.0
6.436623333202634 0.0
6.438384828610086 0.0
6.440146806081799 0.0
6.441909265749699 0.0
6.443672207745745 0.0
6.445435632201938 0.0
6.44719953925031 0.0
6.4489639290229315 0.0
6.450728801651907 0.0
6.45249415726938 0.0
6.454259996007529 0.0
6.456026317998568 0.0
6.457793123374747 0.0
6.459560412268354 0.0
6.461328184811713 0.0
6.463096441137179 0.0
6.464865181377151 0.0
6.4666344056640614 0.0
6.468404114130378 0.0
6.4701743069086 0.0
6.471944984131274 0.0
6.473716145930975 0.0
6.475487792440315 0.0
6.477259923791944 0.0
6.479032540118549 0.0
6.480805641552848 0.0
6.482579228227603 0.0
6.4843533002756075 0.0
6.4861278578296915 0.0
6.487902901022724 0.0
6.489678429987608 0.0
6.491454444857283 0.0
6.493230945764726 0.0
6.495007932842948 0.0
6.496785406225001 0.0
6.498563366043969 0.0
6.500341812432975 0.0
6.5021207455251755 0.0
6.503900165453769 0.0
6.505680072351982 0.0
6.507460466353086 0.0
6.509241347590384 0.0
6.511022716197218 0.0
6.512804572306963 0.0
6.514586916053034 0.0
6.516369747568882 0.0
6.518153066987994 0.0
6.519936874443891 0.0
6.521721170070135 0.0
6.523505954000321 0.0
6.525291226368083 0.0
6.5270769873070895 0.0
6.528863236951048 0.0
6.5306499754337 0.0
6.532437202888826 0.0
6.534224919450242 0.0
6.536013125251799 0.0
6.5378018204273864 0.0
6.539591005110932 0.0
6.541380679436396 0.0
6.543170843537778 0.0
6.544961497549116 0.0
6.546752641604481 0.0
6.54854427583798 0.0
6.550336400383761 0.0
6.552129015376008 0.0
6.553922120948939 0.0
6.555715717236808 0.0
6.557509804373911 0.0
6.5593043824945765 0.0
6.5610994517331696 0.0
6.562895012224095 0.0
6.564691064101791 0.0
6.5664876075007355 0.0
6.568284642555442 0.0
6.570082169400459 0.0
6.5718801881703754 0.0
6.573678698999815 0.0
6.575477702023438 0.0
6.577277197375942 0.0
6.579077185192062 0.0
6.580877665606568 0.0
6.58267863875427 0.0
6.584480104770014 0.0
6.586282063788677 0.0
6.588084515945183 0.0
6.589887461374487 0.0
6.59169090021158 0.0
6.593494832591492 0.0
6.595299258649291 0.0
6.597104178520081 0.0
6.598909592339 0.0
6.600715500241228 0.0
6.60252190236198 0.0
6.604328798836505 0.0
6.606136189800093 0.0
6.607944075388071 0.0
6.6097524557358 0.0
6.611561330978679 0.0
6.613370701252147 0.0
6.615180566691677 0.0
6.616990927432779 0.0
6.618801783611002 0.0
6.620613135361932 0.0
6.6224249828211885 0.0
6.624237326124432 0.0
6.626050165407361 0.0
6.627863500805707 0.0
6.629677332455239 0.0
6.631491660491768 0.0
6.63330648505114 0.0
6.635121806269233 0.0
6.636937624281969 0.0
6.638753939225305 0.0
6.640570751235234 0.0
6.642388060447786 0.0
6.644205866999031 0.0
6.646024171025075 0.0
6.647842972662058 0.0
6.649662272046163 0.0
6.651482069313605 0.0
6.6533023646006395 0.0
6.655123158043558 0.0
6.65694444977869 0.0
6.658766239942403 0.0
6.660588528671099 0.0
6.662411316101219 0.0
6.664234602369243 0.0
6.666058387611686 0.0
6.667882671965099 0.0
6.669707455566078 0.0
6.671532738551246 0.0
6.673358521057269 0.0
6.67518480322085 0.0
6.677011585178731 0.0
6.678838867067688 0.0
6.680666649024534 0.0
6.682494931186126 0.0
6.68432371368935 0.0
6.686152996671135 0.0
6.687982780268445 0.0
6.689813064618283 0.0
6.691643849857689 0.0
6.6934751361237375 0.0
6.695306923553547 0.0
6.6971392122842675 0.0
6.69897200245309 0.0
6.700805294197241 9.791984255784083e-24
6.702639087653987 9.574548790225014e-23
6.704473382960627 2.356811921950073e-22
6.706308180254505 2.9439751440061734e-22
6.708143479672998 2.8827943239902785e-22
6.709979281353519 3.04912265415115e-22
6.71181558543352 3.3745205806990294e-22
6.713652392050497 3.5558289181480617e-22
6.715489701341974 3.600669600067734e-22
6.7173275134455155 3.5501728612805495e-22
6.719165828498728 3.447668342937828e-22
6.721004646639251 3.448036145861564e-22
6.7228439680047645 3.526991752200859e-22
6.724683792732982 3.598359268425691e-22
6.7265241209616615 3.6787274495481555e-22
6.728364952828593 3.8170558930791626e-22
6.730206288471605 3.980063954103232e-22
6.7320481280285644 4.0749987970789264e-22
6.7338904716373795 4.211497454391525e-22
6.735733319435989 4.665259862364145e-22
6.737576671562376 5.278291099003674e-22
6.739420528154557 5.669668920125856e-22
6.741264889350589 5.862635918871776e-22
6.743109755288565 5.917195029358748e-22
6.744955126106618 5.896706071886006e-22
6.746801001942915 5.936563647073268e-22
6.7486473829356655 6.023814190583234e-22
6.750494269223111 6.131143960355549e-22
6.752341660943539 6.235102658000883e-22
6.754189558235268 6.2913146773166685e-22
6.756037961236655 6.321814273372985e-22
6.757886870086098 6.367366464317691e-22
6.759736284922033 6.333577663942219e-22
6.761586205882926 6.056445682491082e-22
6.7634366331072915 5.673589471156624e-22
6.765287566733679 5.421223604616513e-22
6.767139006900673 5.270661940844601e-22
6.768990953746894 5.17276867522217e-22
6.770843407411007 5.107622339031916e-22
6.7726963680317125 5.042493751189667e-22
6.774549835747745 4.998680638005915e-22
6.776403810697882 5.009953009754336e-22
6.778258293020938 5.059874243748318e-22
6.780113282855762 5.122291735602859e-22
6.781968780341244 5.153258768553775e-22
6.7838247856163125 5.084192887266971e-22
6.785681298819933 5.085128511594725e-22
6.787538320091109 5.420962490987258e-22
6.789395849568882 6.021134786411478e-22
6.791253887392331 6.7760108615418505e-22
6.793112433700577 7.497146527888073e-22
6.79497148863277 7.888546023684195e-22
6.796831052328109 7.954187293301444e-22
6.798691124925824 7.697938677270048e-22
6.8005517065651855 7.316186897065617e-22
6.802412797385501 7.124065556157183e-22
6.804274397526118 7.277129569049947e-22
6.806136507126421 8.035800167106573e-22
6.80799912632583 9.04310531857123e-22
6.809862255263811 9.70139238195784e-22
6.811725894079856 1.0168627301032343e-21
6.813590042913507 1.0715401425466563e-21
6.815454701904339 1.1092496477308931e-21
6.817319871191965 1.0847425865937967e-21
6.8191855509160355 1.0346273826677511e-21
6.821051741216241 1.0268027302085384e-21
6.822918442232311 1.040054422204926e-21
6.82478565410401 1.0334185927205726e-21
6.8266533769711435 1.0215409075652925e-21
6.828521610973555 1.0345074868645128e-21
6.830390356251125 1.0643129958956122e-21
6.832259612943773 1.0941102416721305e-21
6.834129381191456 1.1077044432342092e-21
6.835999661134172 1.0664576096611757e-21
6.837870452911952 1.0033849526008002e-21
6.839741756664871 1.0003442489920448e-21
6.841613572533043 1.0358694787603739e-21
6.8434859006566136 1.0537871608748238e-21
6.845358741175769 1.0569105071474278e-21
6.847232094230738 1.0526015260880428e-21
6.849105959961786 1.04721465149931e-21
6.850980338509213 1.0616353504503052e-21
6.852855230013361 1.0882444796110946e-21
6.8547306346146115 1.1e-21
6.856606552453382 1.0962795496420027e-21
6.858482983670125 1.0727764001265996e-21
6.860359928405342 1.0389625669554534e-21
6.862237386799563 1.0397601584427497e-21
6.8641153589933595 1.0743773463196413e-21
6.865993845127341 1.1435672160090383e-21
6.867872845342159 1.2426716528909979e-21
6.869752359778499 1.344217083033442e-21
6.871632388577085 1.4530239984124837e-21
6.873512931878685 1.616082429490784e-21
6.875393989824101 1.8170678215721676e-21
6.877275562554173 1.852777354742265e-21
6.879157650209781 1.7390955691515595e-21
6.881040252931845 1.7412798572377855e-21
6.88292337086132 1.853419526984367e-21
6.884807004139201 1.8620754083795824e-21
6.886691152906527 1.76846328620366e-21
6.888575817304366 1.6966418395018098e-21
6.890460997473831 1.6470086052139346e-21
6.892346693556071 1.6633351679664019e-21
6.8942329056922755 1.7485846277949903e-21
6.896119634023672 1.7715650747391496e-21
6.898006878691527 1.7231907749777676e-21
6.899894639837144 1.7279320335776683e-21
6.9017829176018655 1.799061470068282e-21
6.903671712127074 1.827445629896746e-21
6.90556102355419 1.7968428091363364e-21
6.907450852024676 1.7314667941154976e-21
6.909341197680025 1.634180798737575e-21
6.911232060661777 1.6172807247813624e-21
6.913123441111506 1.710843398582669e-21
6.915015339170827 1.790337605832635e-21
6.916907754981393 1.8182920017496823e-21
6.918800688684895 1.9124203914389487e-21
6.920694140423065 2.1193038998357582e-21
6.922588110337671 2.2666856031510572e-21
6.924482598570521 2.274354985506599e-21
6.926377605263464 2.212265701393701e-21
6.928273130558383 2.1134601182975217e-21
6.930169174597202 2.000850406558479e-21
6.932065737521889 1.888272820740425e-21
6.933962819474442 1.865218861305787e-21
6.935860420596903 2.0085048848862114e-21
6.937758541031353 2.1923830183121815e-21
6.939657180919911 2.3028690720971533e-21
6.941556340404733 2.3433437869779e-21
6.943456019628016 2.3105103277751988e-21
6.945356218731998 2.245071605713321e-21
6.947256937858953 2.1991859321128307e-21
6.949158177151192 2.1977996073799666e-21
6.951059936751069 2.2891471203332496e-21
6.952962216800975 2.4694059930174733e-21
6.954865017443341 2.744730924922977e-21
6.956768338820634 3.092971890960665e-21
6.958672181075366 3.467925058601099e-21
6.960576544350082 3.767716208691089e-21
6.962481428787367 3.599700852150305e-21
6.964386834529849 3.0948848190623545e-21
6.966292761720192 2.8288052775800267e-21
6.968199210501099 2.772599897964179e-21
6.970106181015311 2.7894055631016015e-21
6.972013673405611 2.871509050257748e-21
6.973921687814819 2.9387335398196386e-21
6.9758302243857955 2.9917079562631397e-21
6.977739283261439 3.0097087668014356e-21
6.9796488645846875 2.991495063521976e-21
6.981558968498515 2.9875087175953e-21
6.983469595145942 3.000534594785131e-21
6.985380744670023 3.083253008665055e-21
6.987292417213849 3.2460947121956536e-21
6.989204612920557 3.3171977373749504e-21
6.991117331933319 3.257208361800633e-21
6.993030574395346 3.254918284503221e-21
6.994944340449889 3.3690674617663793e-21
6.99685863024024 3.577777590380991e-21
6.998773443909728 3.8809767503778355e-21
7.000688781601722 4.11851620162215e-21
7.0026046434596285 4.196075345670447e-21
7.004521029626895 4.1554991513936906e-21
7.006437940247008 4.01323425983005e-21
7.008355375463495 3.904013986903459e-21
7.010273335419919 3.961804410821268e-21
7.012191820259887 4.083151407060604e-21
7.01411083012704 4.146418401776543e-21
7.01603036516506 4.134005122634631e-21
7.0179504255176735 4.0007422974357246e-21
7.019871011328639 3.831768653619281e-21
7.021792122741756 3.822274112756732e-21
7.02371375990087 3.920171935222742e-21
7.025635922949856 3.9770007579504305e-21
7.027558612032633 3.9960003884988774e-21
7.029481827293163 3.976391702235583e-21
7.031405568875442 3.93477631452683e-21
7.033329836923507 4.081247097044019e-21
7.035254631581433 4.4043869426933916e-21
7.037179952993338 4.6798387243930266e-21
7.0391058013033785 4.906987473276536e-21
7.041032176655747 5.065318082956e-21
7.04295907919468 5.148903477793657e-21
7.044886509064451 5.1030449710491006e-21
7.046814466409372 4.910302138629279e-21
7.0487429513737965 4.691856223716343e-21
7.0506719641021185 4.471068029786559e-21
7.052601504738767 4.341591439308036e-21
7.054531573428214 4.346844956328897e-21
7.056462170314973 4.505004122096481e-21
7.058393295543593 4.8458004550857284e-21
7.060324949258663 5.160021800126702e-21
7.062257131604813 5.2843718974007936e-21
7.064189842726715 5.3592337006328545e-21
7.066123082769074 5.527703640677142e-21
7.068056851876641 5.728797000085527e-21
7.069991150194202 5.874646962937371e-21
7.071925977866587 6.0151772717565506e-21
7.073861335038661 6.265965236448034e-21
7.075797221855332 6.6130960747909044e-21
7.077733638461547 7.046391583162005e-21
7.07967058500229 7.508370324178942e-21
7.08160806162259 7.565483645440078e-21
7.083546068467511 7.257610428632021e-21
7.085484605682158 6.85888145663932e-21
7.087423673411676 6.370572836347789e-21
7.089363271801252 6.2720108842230524e-21
7.091303400996108 6.594686850393022e-21
7.093244061141508 6.766914934968455e-21
7.095185252382757 6.721443388779576e-21
7.0971269748652 6.860661517454629e-21
7.099069228734219 7.296228518234988e-21
7.101012014135238 7.546019173288778e-21
7.102955331213718 7.394424971409511e-21
7.104899180115165 7.349558746919334e-21
7.10684356098512 7.746348042000523e-21
7.108788473969165 8.248685493264842e-21
7.110733919212924 8.55762612328416e-21
7.112679896862058 8.839824721401246e-21
7.11462640706227 9.331753263802458e-21
7.116573449959301 9.8256843831935e-21
7.118521025698934 9.835767787605394e-21
7.120469134426989 9.508206627637392e-21
7.12241777628933 9.271231541370504e-21
7.124366951431858 9.105007155678262e-21
7.126316660000512 8.879339090529427e-21
7.128266902141276 8.598496487900875e-21
7.130217678000172 8.380105749207043e-21
7.13216898772326 8.226030297920504e-21
7.134120831456641 8.340370898153254e-21
7.136073209346456 8.761452110986691e-21
7.138026121538889 9.409969637552337e-21
7.139979568180159 1.0303080261505633e-20
7.141933549416526 1.1049086661381516e-20
7.143888065394297 1.1486106991306761e-20
7.145843116259808 1.1397747495161455e-20
7.147798702159441 1.0552246575724023e-20
7.149754823239618 9.709128277073095e-21
7.151711479646805 9.620578412166693e-21
7.153668671527496 9.956744367900766e-21
7.155626399028238 1.0318884272612982e-20
7.157584662295612 1.0687162620192275e-20
7.15954346147624 1.1007948764658811e-20
7.161502796716782 1.1289365103485888e-20
7.163462668163943 1.1547020912223673e-20
7.165423075964464 1.1781817743036112e-20
7.1673840202651276 1.1803605050253356e-20
7.1693455012127565 1.1614301384677179e-20
7.1713075189542135 1.1573399006842974e-20
7.173270073636403 1.1698116743457884e-20
7.175233165406268 1.2172662092286087e-20
7.17719679441079 1.3072636498951976e-20
7.1791609607969935 1.3844726297239088e-20
7.181125664711944 1.4285792142057278e-20
7.183090906302743 1.4460664417814197e-20
7.185056685716539 1.4352133857311152e-20
7.187023003100514 1.4065106031120973e-20
7.188989858601892 1.366018026967368e-20
7.190957252367941 1.3313779461514255e-20
7.192925184545965 1.3368376048888487e-20
7.194893655283311 1.372119976809411e-20
7.196862664727362 1.4191747861426442e-20
7.19883221302555 1.475736476074008e-20
7.200802300325339 1.532280804993855e-20
7.202772926774235 1.5888101039067743e-20
7.204744092519788 1.573898610803192e-20
7.2067157977095855 1.483633364009325e-20
7.208688042491254 1.387556172645613e-20
7.210660827012463 1.2891551389035125e-20
7.212634151420925 1.2445926865375531e-20
7.2146080158643855 1.277655682563593e-20
7.216582420490637 1.377120849240609e-20
7.218557365447509 1.551765868522247e-20
7.220532850882872 1.7084035896995538e-20
7.222508876944639 1.7522512355396215e-20
7.224485443780762 1.725312651363135e-20
7.226462551539233 1.672562739000526e-20
7.228440200368083 1.6069378662391995e-20
7.230418390415387 1.5671359351718566e-20
7.23239712182926 1.5514136889026647e-20
7.234376394757856 1.5919558304523502e-20
7.236356209349367 1.6857329553871365e-20
7.238336565752034 1.7859610145509682e-20
7.2403174641141295 1.8931898823235516e-20
7.24229890458397 1.9659174092070604e-20
7.244280887309913 1.9941165120596172e-20
7.24626341244036 2.008268117844552e-20
7.248246480123747 2.015392746830959e-20
7.250230090508551 2.0224492590802482e-20
7.252214243743296 2.0341126604132377e-20
7.25419893997654 2.0363596656492497e-20
7.2561841793568815 2.0059474967566102e-20
7.258169962032968 1.9657123816468078e-20
7.260156288153478 1.9768850357301134e-20
7.262143157867137 2.0335305258172354e-20
7.264130571322706 2.1578613521191344e-20
7.266118528668993 2.3446493188767048e-20
7.268107030054841 2.3326467237602917e-20
7.2700960756291355 2.1082181603616614e-20
7.272085665540805 1.968299146280932e-20
7.274075799938817 1.9520638397396538e-20
7.276066478972178 2.0007336701087398e-20
7.278057702789938 2.110001111903477e-20
7.280049471541188 2.184150928479959e-20
7.282041785375057 2.1464520622854848e-20
7.284034644440716 2.080753297076787e-20
7.286028048887379 2.091903370025362e-20
7.2880219988643 2.1475472575329764e-20
7.290016494520771 2.1799080903921952e-20
7.292011536006125 2.195140749527807e-20
7.294007123469743 2.2312934874864034e-20
7.296003257061038 2.2870997052767827e-20
7.2979999369294655 2.3767419297942517e-20
7.299997163224528 2.5035523888123807e-20
7.301994936095765 2.6072256190449068e-20
7.3039932556927525 2.676018110882854e-20
7.305992122165115 2.6998188786226325e-20
7.307991535662514 2.6632498551865635e-20
7.309991496334652 2.6175857279855857e-20
7.311992004331271 2.6044166852173757e-20
7.3139930598021605 2.641379684010845e-20
7.315994662897143 2.7872989075585337e-20
7.317996813766087 3.0007771816706987e-20
7.3199995125589 3.1493151354802465e-20
7.322002759425532 3.241999056591579e-20
7.324006554515972 3.3005439051798607e-20
7.326010897980249 3.324320183965103e-20
7.32801578996844 3.261777185526498e-20
7.330021230630656 3.095075388604316e-20
7.332027220117048 2.932945835164643e-20
7.334033758577817 2.8055701871290794e-20
7.336040846163198 2.71887251254089e-20
7.3380484830234645 2.69e-20
7.340056669308939 2.740709621728488e-20
7.342065405169982 2.9415734049301063e-20
7.344074690756993 3.215062916096083e-20
7.346084526220412 3.333781082250951e-20
7.348094911710728 3.323852859093586e-20
7.350105847378462 3.226257066138742e-20
7.352117333374178 3.0416623041188564e-20
7.354129369848486 2.9114060299192865e-20
7.356141956952035 2.8457844500415845e-20
7.35815509483551 2.838514421914459e-20
7.360168783649646 2.9027109365681105e-20
7.362183023545212 3.041291687715302e-20
7.364197814673023 3.2811907556355905e-20
7.366213157183932 3.500943493831839e-20
7.368229051228836 3.5088330353050625e-20
7.370245496958672 3.3974984408121076e-20
7.372262494524417 3.4242290705320544e-20
7.374280044077089 3.566871731563003e-20
7.376298145767755 3.6345615227900214e-20
7.3783167997475125 3.626321175614178e-20
7.380336006167505 3.697424406074077e-20
7.38235576517892 3.86734659410852e-20
7.384376076932982 4.103999196146822e-20
7.38639694158096 4.4163778742431976e-20
7.388418359274161 4.6475703271261664e-20
7.390440330163939 4.642259259236448e-20
7.392462854401684 4.5214016976976607e-20
7.394485932138828 4.444165603784583e-20
7.396509563526847 4.399452365333689e-20
7.39853374871726 4.36621456770896e-20
7.4005584878616215 4.3432901738233506e-20
7.402583781111531 4.3140474368509265e-20
7.404609628618632 4.277938299105924e-20
7.406636030534602 4.2058123372672613e-20
7.408662987011169 4.0856126958545306e-20
7.410690498200096 4.022573866088153e-20
7.412718564253192 4.0854347893821016e-20
7.414747185322302 4.16220264136164e-20
7.416776361559319 4.124590909961991e-20
7.418806093116174 4.04366561109652e-20
7.420836380144839 4.120464055864765e-20
7.422867222797327 4.326172335509454e-20
7.424898621225699 4.5045359184473125e-20
7.42693057558205 4.655418938125918e-20
7.428963086018517 4.6423314787506024e-20
7.430996152687285 4.426009072884989e-20
7.433029775740578 4.236431552595885e-20
7.435063955330656 4.154167829733189e-20
7.437098691609826 4.175054095005322e-20
7.439133984730439 4.3418745195626345e-20
7.441169834844882 4.5863397811531716e-20
7.443206242105585 4.8033808828406793e-20
7.445243206665023 4.9989286477090925e-20
7.447280728675711 5.18302719855841e-20
7.449318808290204 5.356105447996112e-20
7.4513574456611 5.496568234828422e-20
7.453396640941039 5.598279552915934e-20
7.455436394282703 5.752549823724788e-20
7.4574767058388165 5.997775792327904e-20
7.459517575762144 6.169571833922102e-20
7.461559004205491 6.104865792480817e-20
7.463600991321708 5.965618704716962e-20
7.465643537263684 6.053604892030689e-20
7.467686642184355 6.301761305745808e-20
7.469730306236691 6.318272432251858e-20
7.471774529573711 6.113926671587112e-20
7.473819312348473 5.995869906231434e-20
7.475864654714077 5.98e-20
7.477910556823662 6.032343285110045e-20
7.479957018830415 6.166328448316974e-20
7.482004040887562 6.255411581642707e-20
7.484051623148369 6.174465796163687e-20
7.486099765766145 5.979953473593216e-20
7.488148468894245 5.708495007307357e-20
7.49019773268606 5.3815289534538536e-20
7.492247557295023 5.2176327427788883e-20
7.494297942874615 5.213105440886226e-20
7.496348889578357 5.3061845636099323e-20
7.498400397559807 5.519175706183671e-20
7.500452466972569 5.772169605325582e-20
7.50250509797029 6.054478108083047e-20
7.504558290706656 6.231293004237826e-20
7.506612045335398 6.109761099477235e-20
7.508666362010288 5.845151332222086e-20
7.51072124088514 5.792890752414377e-20
7.512776682113808 5.914837535273885e-20
7.514832685850191 6.163136280012e-20
7.51688925224823 6.542305235245202e-20
7.518946381461907 6.919119649674768e-20
7.521004073645244 7.286784100542454e-20
7.523062328952311 7.578786689412365e-20
7.525121147537216 7.733168850981502e-20
7.527180529554107 7.828297682171467e-20
7.529240475157181 7.939164475762061e-20
7.531300984500672 8.043565434094346e-20
7.533362057738856 7.967840114733036e-20
7.535423695026053 7.729193940033516e-20
7.537485896516627 7.776007402658848e-20
7.539548662364982 8.149177048884925e-20
7.541611992725562 8.485327714726692e-20
7.543675887752857 8.702160008678213e-20
7.5457403476014 8.754110838963531e-20
7.547805372425761 8.518365064216092e-20
7.549870962380557 8.140111012255784e-20
7.5519371176204455 7.868471681556229e-20
7.554003838300128 7.68167915629931e-20
7.556071124574346 7.588424683531035e-20
7.558138976597885 7.593068738558094e-20
7.5602073945255714 7.704919030151441e-20
7.562276378512275 7.958090119230854e-20
7.564345928712909 8.192611164604913e-20
7.566416045282427 8.312706090294645e-20
7.5684867283758255 8.315275674438051e-20
7.570557978148143 8.093802488909208e-20
7.572629794754464 7.720961402105722e-20
7.574702178349911 7.686294806588326e-20
7.576775129089649 7.977366402703736e-20
7.578848647128887 8.210817187066802e-20
7.580922732622881 8.372559898022177e-20
7.582997385726921 8.493483833457242e-20
7.585072606596343 8.567395673366212e-20
7.587148395386529 8.651633880525794e-20
7.5892247522529 8.827480008750803e-20
7.591301677350918 9.055979293111538e-20
7.59337917083609 9.197300880247775e-20
7.595457232863966 9.25984096559174e-20
7.597535863590138 9.544485835238365e-20
7.599615063170239 1.0088063911098677e-19
7.601694831759947 1.0668338513065964e-19
7.603775169514982 1.1248416149494526e-19
7.605856076591104 1.1702418085329247e-19
7.6079375531441205 1.1821822765496568e-19
7.610019599329878 1.1699790141800634e-19
7.612102215304264 1.1332727834626216e-19
7.614185401223214 1.075341582083013e-19
7.616269157242703 1.0511121071296435e-19
7.618353483518749 1.064759837765815e-19
7.6204383802074105 1.0926098396006275e-19
7.622523847464796 1.136031515498719e-19
7.624609885447048 1.1664104551113045e-19
7.6266964943103535 1.1500713427448737e-19
7.628783674210948 1.1042288647088512e-19
7.630871425305106 1.0492899287185244e-19
7.63295974774914 9.866109654873573e-20
7.635048641699415 9.605288379418186e-20
7.637138107312332 9.751205356455698e-20
7.639228144744337 1.0120711333451303e-19
7.641318754151918 1.0772083360218383e-19
7.643409935691604 1.1347226619327553e-19
7.645501689519975 1.1480651299560207e-19
7.647594015793641 1.1331692919753886e-19
7.649686914669266 1.1071936382837757e-19
7.65178038630355 1.071718759381473e-19
7.653874430853241 1.0618243442153741e-19
7.655969048475125 1.0807495942833773e-19
7.658064239326036 1.1029035859294458e-19
7.660160003562847 1.12504995702461e-19
7.6622563413424745 1.1529758682039904e-19
7.664353252821877 1.1963845322430726e-19
7.666450738158064 1.2479838231668668e-19
7.668548797508075 1.2862964960686283e-19
7.670647431029 1.3128367538170768e-19
7.672746638877973 1.3563441307692913e-19
7.674846421212168 1.4197365276254004e-19
7.676946778188803 1.4690585475722466e-19
7.679047709965138 1.4896414775876815e-19
7.681149216698481 1.4963061933135077e-19
7.683251298546176 1.4963456251655398e-19
7.685353955665611 1.4927627758655776e-19
7.687457188214223 1.5024167415798027e-19
7.689560996349488 1.5244785710529755e-19
7.691665380228924 1.5395115056795902e-19
7.693770340010094 1.5457169717397932e-19
7.695875875850604 1.5489609635527838e-19
7.697981987908102 1.55e-19
7.700088676340279 1.5339890967212485e-19
7.702195941304874 1.456325144221819e-19
7.704303782959662 1.3330021733370315e-19
7.706412201462465 1.2576065100575004e-19
7.708521196971148 1.2306749757150188e-19
7.710630769643619 1.2263519760249999e-19
7.712740919637829 1.2528302336374845e-19
7.71485164711177 1.3075247894661428e-19
7.716962952223485 1.4061650822664104e-19
7.71907483513105 1.5184817766039354e-19
7.721187295992587 1.5670609029892506e-19
7.723300334966269 1.5626675691045636e-19
7.725413952210305 1.5249584629434303e-19
7.727528147882947 1.4499285342785666e-19
7.729642922142493 1.412750261980681e-19
7.731758275147285 1.4436104464118464e-19
7.733874207055704 1.5080184431557026e-19
7.735990718026178 1.5943300870934647e-19
7.73810780821718 1.694455488606574e-19
7.740225477787222 1.781400599114803e-19
7.742343726894861 1.8558988374676432e-19
7.744462555698698 1.876160409691422e-19
7.746581964357378 1.82631946467007e-19
7.748701953029586 1.7756621433463569e-19
7.750822521874056 1.7556647753386952e-19
7.752943671049561 1.7598412838722976e-19
7.755065400714919 1.8055687138035231e-19
7.75718771102899 1.8843046318383635e-19
7.759310602150681 1.9489476460950822e-19
7.76143407423894 1.9982618643926862e-19
7.763558127452756 2.0214898291621309e-19
7.765682761951164 2.0053829520685765e-19
7.7678079778932485 1.9605776219092605e-19
7.769933775438128 1.8743101402417388e-19
7.772060154744965 1.7615972228494922e-19
7.774187115972975 1.6641931045496038e-19
7.776314659281409 1.5812944725864074e-19
7.778442784829561 1.5348945376261475e-19
7.780571492776774 1.5364904851310112e-19
7.782700783282431 1.5566974862568124e-19
7.78483065650596 1.592151142008927e-19
7.78696111260683 1.6308419056691656e-19
7.7890921517445575 1.6412134864448497e-19
7.791223774078701 1.6281484336152196e-19
7.793355979768861 1.6608510493479793e-19
7.795488768974684 1.7457885776231908e-19
7.797622141855859 1.8258454777260893e-19
7.79975609857212 1.886297474327744e-19
7.801890639283241 1.9366657160557443e-19
7.804025764149046 1.9804958927463477e-19
7.806161473329398 2.0196182929626883e-19
7.808297766984204 2.0821159730293924e-19
7.810434645273417 2.1684941081743374e-19
7.812572108357032 2.231846896259276e-19
7.814710156395088 2.2604380268214444e-19
7.816848789547667 2.2826636269934676e-19
7.8189880079749 2.317897750960993e-19
7.821127811836954 2.35934755613842e-19
7.823268201294042 2.372603452260037e-19
7.825409176506428 2.3595962500198737e-19
7.827550737634411 2.300353177128262e-19
7.829692884838336 2.1804495839471897e-19
7.831835618278594 2.0923855354956834e-19
7.833978938115619 2.1061274946277703e-19
7.836122844509891 2.1722698809784173e-19
7.838267337621929 2.2167523349416243e-19
7.840412417612298 2.2427180154302273e-19
7.842558084641611 2.2253739671982616e-19
7.844704338870518 2.1561194006853872e-19
7.846851180459719 2.0963396299184842e-19
7.848998609569954 2.0711637672721547e-19
7.851146626362009 2.0607174441235836e-19
7.853295230996714 2.0416364569254553e-19
7.8554444236349426 2.0157195956734902e-19
7.857594204437612 2.0225902300382113e-19
7.859744573565683 2.0661643369543066e-19
7.86189553118016 2.118616805917654e-19
7.8640470774420965 2.179679857861704e-19
7.866199212512585 2.230995494340433e-19
7.868351936552759 2.2305589729586317e-19
7.8705052497238075 2.1917570525437368e-19
7.8726591521869524 2.1772464087495714e-19
7.874813644103462 2.1886025794633856e-19
7.876968725634654 2.2581489965137245e-19
7.879124396941888 2.41928182849778e-19
7.881280658186563 2.596875535138317e-19
7.883437509530127 2.7065372167154727e-19
7.885594951134071 2.7667806385781534e-19
7.887752983159933 2.8392403288203607e-19
7.889911605769287 2.9245799010378027e-19
7.89207081912376 2.970404716470797e-19
7.89423062338502 2.9517365614345436e-19
7.896391018714778 2.891591257442573e-19
7.89855200527479 2.773488105577889e-19
7.9007135832268585 2.6145761553635273e-19
7.902875752732825 2.547091183314315e-19
7.905038513954581 2.574096393392007e-19
7.907201867054059 2.5986634756448883e-19
7.90936581219324 2.614641107408153e-19
7.911530349534141 2.623566870183981e-19
7.9136954792388305 2.619629550195556e-19
7.915861201469422 2.6067693967113557e-19
7.918027516388068 2.612680224724036e-19
7.920194424156966 2.637874538466393e-19
7.9223619249383646 2.643049909023541e-19
7.92453001889455 2.6161080374285123e-19
7.926698706187853 2.5925074275359783e-19
7.928867986980652 2.618116949483514e-19
7.931037861435372 2.6780159824630096e-19
7.933208329714474 2.6986599430072575e-19
7.9353793919804705 2.678660401176436e-19
7.9375510483959175 2.678723000857435e-19
7.939723299123413 2.712976008476172e-19
7.941896144325602 2.7575251776944933e-19
7.944069584165172 2.7935177316357284e-19
7.946243618804857 2.823409629940795e-19
7.948418248407434 2.903694434269045e-19
7.950593473135726 3.0373147416611677e-19
7.952769293152597 3.1443440412248686e-19
7.9549457086209605 3.202280456009619e-19
7.957122719703772 3.2258853899404903e-19
7.959300326564032 3.1919467404280256e-19
7.961478529364786 3.1152303021125846e-19
7.963657328269122 3.075372067311066e-19
7.965836723440173 3.076007032719674e-19
7.968016715041123 3.116180314921307e-19
7.970197303235192 3.220196880134665e-19
7.972378488185647 3.347154578352508e-19
7.974560270055804 3.450671059498876e-19
7.976742649009019 3.5357462970940875e-19
7.978925625208694 3.5419942074121287e-19
7.981109198818277 3.456809901162911e-19
7.98329337000126 3.3395566759310467e-19
7.985478138921177 3.184107180762478e-19
7.987663505741612 3.0231798395259227e-19
7.98984947062619 2.947215094728555e-19
7.992036033738582 2.94296961092431e-19
7.994223195242503 2.9506120870733276e-19
7.996410955301714 2.9731063388604905e-19
7.998599314080021 2.985394230744629e-19
8.000788271741271 2.967994327175896e-19
8.00297782844936 2.93876706489933e-19
8.005167984368232 2.9646283487601904e-19
8.007358739661868 3.0408977715630385e-19
8.009550094494296 3.16474335766177e-19
8.011742049029593 3.3541970880098903e-19
8.013934603431878 3.524741973925674e-19
8.016127757865313 3.593654516487078e-19
8.018321512494106 3.5978493743473586e-19
8.020515867482517 3.547074722618094e-19
8.022710822994842 3.4413526984716163e-19
8.024906379195423 3.3840248928063475e-19
8.027102536248652 3.4028099840626814e-19
8.02929929431896 3.4595578596314134e-19
8.031496653570827 3.5542966161218125e-19
8.033694614168779 3.676784441476682e-19
8.035893176277384 3.7973301809049716e-19
8.038092340061253 3.9157195003985556e-19
8.040292105685047 3.9911652301256086e-19
8.04249247331347 3.9864252368045074e-19
8.044693443111273 3.9394513309812125e-19
8.046895015243248 3.8629896090918934e-19
8.049097189874235 3.7618204330619933e-19
8.05129996716912 3.7122633345355817e-19
8.05350334729283 3.7280425181071205e-19
8.055707330410339 3.728608444370934e-19
8.05791191668667 3.6597044783417474e-19
8.060117106286889 3.5508472821967547e-19
8.062322899376102 3.456753877638825e-19
8.064529296119469 3.3768202868014405e-19
8.066736296682187 3.3569288387087265e-19
8.068943901229503 3.42746288155053e-19
8.071152109926704 3.513958054502802e-19
8.073360922939134 3.55e-19
8.075570340432172 3.55e-19
8.07778036257124 3.551901404249225e-19
8.079990989521814 3.5559024279362014e-19
8.082202221449412 3.5842960317199605e-19
8.084414058519595 3.6588447456682664e-19
8.086626500897971 3.7574307609382043e-19
8.088839548750194 3.8706553493165094e-19
8.091053202241962 3.9964591665985863e-19
8.093267461539018 4.1095551756413946e-19
8.095482326807154 4.205840082548226e-19
8.097697798212202 4.275541732208988e-19
8.099913875920045 4.28448710383472e-19
8.102130560096604 4.255169361525941e-19
8.104347850907857 4.254646064388832e-19
8.106565748519813 4.2834333842973586e-19
8.108784253098534 4.295357616553158e-19
8.11100336481013 4.277993508563726e-19
8.113223083820758 4.2411014783679625e-19
8.115443410296606 4.1666071358247e-19
8.117664344403924 4.0621110146659003e-19
8.119885886309003 4.00331079787707e-19
8.122108036178172 4.0009430205396887e-19
8.124330794177812 4.0171093483469876e-19
8.126554160474354 4.0520556833797717e-19
8.128778135234263 4.0967810782120753e-19
8.131002718624059 4.0830969697913643e-19
8.133227910810302 4.0121827366969315e-19
8.135453711959602 3.9646593427998514e-19
8.137680122238613 3.954682319367125e-19
8.139907141814032 3.9607219600979503e-19
8.142134770852604 3.9750912331170297e-19
8.144363009521118 3.995922153374832e-19
8.146591857986413 3.970426424346837e-19
8.148821316415368 3.8887146459662814e-19
8.151051384974917 3.8489648067812887e-19
8.153282063832023 3.9319808949595945e-19
8.155513353153712 4.087077678143953e-19
8.157745253107045 4.302394295659973e-19
8.159977763859132 4.576805034116812e-19
8.162210885577128 4.735133755678054e-19
8.16444461842824 4.704299469616097e-19
8.16667896257971 4.618926490288201e-19
8.168913918198832 4.622859569537436e-19
8.171149485452947 4.697604179622746e-19
8.17338566450944 4.755752612997074e-19
8.175622455535738 4.793123009553788e-19
8.177859858699318 4.81098337567222e-19
8.180097874167704 4.789437823629775e-19
8.182336502108466 4.743818508538046e-19
8.184575742689212 4.696190083661744e-19
8.186815596077604 4.646506995543449e-19
8.189056062441352 4.549997471158816e-19
8.191297141948205 4.370679815974601e-19
8.193538834765956 4.170879755904058e-19
8.195781141062453 4.0746171065120016e-19
8.198024061005583 4.066339650802563e-19
8.200267594763284 4.091462476655799e-19
8.202511742503535 4.1620854519487706e-19
8.204756504394364 4.2238763495496176e-19
8.207001880603844 4.2195091367471116e-19
8.209247871300093 4.169907840423706e-19
8.211494476651279 4.198125570100668e-19
8.213741696825608 4.313109268719519e-19
8.21598953199134 4.443888581804654e-19
8.218237982316783 4.5890662407246825e-19
8.22048704797028 4.738265824884288e-19
8.222736729120225 4.821416056531002e-19
8.224987025935064 4.842040720294737e-19
8.227237938583286 4.896385376387461e-19
8.229489467233421 5.004311647533463e-19
8.231741612054048 5.128652422646278e-19
8.233994373213797 5.235997762789381e-19
8.236247750881336 5.329810443475853e-19
8.238501745225385 5.3991941016081985e-19
8.24075635641471 5.436074213213916e-19
8.243011584618118 5.442975182076525e-19
8.245267430004468 5.381988874416337e-19
8.247523892742663 5.275018108779318e-19
8.249780973001652 5.135071532412951e-19
8.25203867095043 4.95816243630716e-19
8.254296986758039 4.771613861260191e-19
8.256555920593566 4.572811066199433e-19
8.258815472626146 4.369299528778807e-19
8.261075643024963 4.239761359255666e-19
8.263336431959235 4.1822813505596015e-19
8.265597839598247 4.1950730325207745e-19
8.267859866111309 4.326875755537338e-19
8.27012251166779 4.496403311607599e-19
8.272385776437101 4.594112965096184e-19
8.274649660588704 4.631016418164225e-19
8.276914164292098 4.719156378998525e-19
8.27917928771684 4.878991821997198e-19
8.281445031032526 5.054789805375963e-19
8.283711394408797 5.214138776791027e-19
8.285978378015347 5.361560388710899e-19
8.288245982021913 5.461262795565596e-19
8.290514206598278 5.503613801373645e-19
8.292783051914268 5.520455987975169e-19
8.295052518139764 5.4963938527881e-19
8.297322605444688 5.447317474149513e-19
8.299593313999008 5.400186090749785e-19
8.30186464397274 5.355117632670034e-19
8.304136595535947 5.356797798927678e-19
8.306409168858739 5.452422827666279e-19
8.308682364111268 5.586854865609832e-19
8.310956181463741 5.543726432530798e-19
8.313230621086403 5.331508938504103e-19
8.31550568314955 5.140036987147515e-19
8.317781367823521 4.983315878198203e-19
8.320057675278711 4.852755656543976e-19
8.322334605685551 4.805793406095584e-19
8.32461215921452 4.830247850476533e-19
8.326890336036154 4.874435855542151e-19
8.32916913632102 4.94712551925299e-19
8.331448560239744 5.020859386265814e-19
8.333728607962993 5.062002322163099e-19
8.336009279661484 5.078283794891618e-19
8.338290575505978 5.067580662836128e-19
8.340572495667281 5.022295767049685e-19
8.342855040316252 4.993634569159843e-19
8.34513820962379 5.040186467275734e-19
8.347422003760848 5.137746179745852e-19
8.349706422898414 5.202018359283163e-19
8.35199146720754 5.227659746384465e-19
8.35427713685931 5.243095585477464e-19
8.356563432024856 5.246346164532305e-19
8.358850352875368 5.242286564280372e-19
8.361137899582072 5.306622166426115e-19
8.363426072316248 5.443983657325591e-19
8.365714871249214 5.582125548226554e-19
8.368004296552346 5.712103206496505e-19
8.37029434839706 5.837151653404728e-19
8.372585026954814 5.8365873861709135e-19
8.374876332397129 5.711007933301417e-19
8.377168264895555 5.584353663123497e-19
8.379460824621699 5.455725741930535e-19
8.381754011747216 5.3302077007547115e-19
8.384047826443801 5.265416637008989e-19
8.386342268883201 5.257325548822298e-19
8.38863733923721 5.26125662077876e-19
8.39093303767767 5.285405143185272e-19
8.393229364376463 5.312601023632967e-19
8.395526319505525 5.297368295693245e-19
8.397823903236837 5.244846598888142e-19
8.400122115742427 5.2079866513001e-19
8.402420957194373 5.195372434562578e-19
8.40472042776479 5.191334925187298e-19
8.407020527625855 5.187299047552652e-19
8.40932125694978 5.183264338160015e-19
8.411622615908833 5.165301036949838e-19
8.413924604675321 5.127179388676086e-19
8.416227223421604 5.083677531167063e-19
8.418530472320082 5.044222368923584e-19
8.420834351543213 5.007958842528089e-19
8.423138861263496 5.034812772117946e-19
8.425444001653474 5.148252525160244e-19
8.427749772885743 5.286633871021427e-19
8.430056175132947 5.430994575671649e-19
8.432363208567772 5.579876821699262e-19
8.434670873362949 5.688978827111769e-19
8.436979169691266 5.745745704163023e-19
8.439288097725555 5.8108583935447865e-19
8.441597657638688 5.952292251991313e-19
8.443907849603594 6.149193887878907e-19
8.446218673793243 6.248343460795768e-19
8.448530130380657 6.222926852235787e-19
8.450842219538899 6.152989315913709e-19
8.453154941441085 6.022887064449746e-19
8.455468296260376 5.8503302378372675e-19
8.457782284169982 5.695522816025303e-19
8.460096905343159 5.562842076300373e-19
8.46241215995321 5.417805814356762e-19
8.464728048173487 5.218728287517424e-19
8.467044570177388 4.982286338083324e-19
8.46936172613836 4.832250337844406e-19
8.471679516229894 4.7884372114655615e-19
8.473997940625535 4.768844950705889e-19
8.47631699949887 4.763267703637431e-19
8.478636693023534 4.767269728016767e-19
8.480957021373209 4.825228987267886e-19
8.483277984721628 4.949174863149326e-19
8.485599583242571 5.090212298600492e-19
8.487921817109862 5.24717791148829e-19
8.490244686497373 5.415033036652983e-19
8.49256819157903 5.56005561404017e-19
8.494892332528801 5.67705249840815e-19
8.497217109520701 5.811226304084272e-19
8.499542522728792 6.017183503227458e-19
8.50186857232719 6.2726119408668725e-19
8.504195258490052 6.433202860222328e-19
8.506522581391586 6.476032902196028e-19
8.508850541206044 6.462100126056895e-19
8.511179138107734 6.334585616954672e-19
8.513508372271001 6.12733542541564e-19
8.515838243870245 5.92799729189672e-19
8.51816875307991 5.738701846601201e-19
8.520499900074492 5.555950149314684e-19
8.522831685028532 5.3891940094076e-19
8.525164108116616 5.233970717231732e-19
8.527497169513383 5.147310770721143e-19
8.529830869393516 5.150205089205034e-19
8.532165207931747 5.172568384344788e-19
8.53450018530286 5.188960734508477e-19
8.536835801681677 5.200884476828441e-19
8.539172057243077 5.247860329438922e-19
8.541508952161983 5.342493147904138e-19
8.543846486613369 5.432002891316197e-19
8.54618466077225 5.440113295390963e-19
8.548523474813695 5.38454631969284e-19
8.55086292891282 5.342839910301401e-19
8.553203023244787 5.320988167301587e-19
8.555543757984804 5.317768416902386e-19
8.557885133308137 5.38588943172046e-19
8.560227149390089 5.512723069594944e-19
8.562569806406014 5.665446509978105e-19
8.564913104531318 5.857724971894815e-19
8.567257043941447 6.051635724095831e-19
8.569601624811906 6.152459668795675e-19
8.571946847318236 6.17224979507849e-19
8.574292711636033 6.156253221704799e-19
8.576639217940944 6.08091948792458e-19
8.578986366408659 5.982771561394025e-19
8.581334157214915 5.894544866715744e-19
8.5836825905355 5.815495028267146e-19
8.586031666546248 5.754753007326836e-19
8.588381385423045 5.727616729550085e-19
8.590731747341822 5.715392619998188e-19
8.593082752478558 5.675548599001594e-19
8.595434401009282 5.608450428737664e-19
8.59778669311007 5.521477695616998e-19
8.600139628957045 5.393119255275925e-19
8.60249320872638 5.243219982046289e-19
8.604847432594294 5.145511073151198e-19
8.60720230073706 5.103052343514327e-19
8.609557813330992 5.061228902570966e-19
8.611913970552457 5.013514102826207e-19
8.614270772577868 4.962304955843456e-19
8.616628219583689 4.982951199670104e-19
8.618986311746426 5.0862831180840605e-19
8.621345049242638 5.210483052933038e-19
8.623704432248939 5.365222610210775e-19
8.626064460941976 5.540481029072479e-19
8.628425135498453 5.683458565089102e-19
8.630786456095128 5.783998731553433e-19
8.633148422908796 5.870995073484483e-19
8.63551103611631 5.942243429985615e-19
8.637874295894562 6.001163177989991e-19
8.640238202420502 6.023189981743404e-19
8.64260275587112 5.990239101988011e-19
8.644967956423459 5.935812672767485e-19
8.647333804254615 5.853954751625754e-19
8.64970029954172 5.748049720474452e-19
8.652067442461965 5.672544980097817e-19
8.654435233192586 5.65e-19
8.65680367191087 5.648907292458242e-19
8.659172758794146 5.600819096460605e-19
8.6615424940198 5.506815258405183e-19
8.66391287776526 5.396251432285962e-19
8.666283910208005 5.250501266680033e-19
8.66865559152556 5.086089394482344e-19
8.671027921895504 4.957546502306627e-19
8.673400901495464 4.868191296827799e-19
8.675774530503109 4.81652845646471e-19
8.678148809096163 4.860659050555947e-19
8.680523737452393 4.966201366416956e-19
8.682899315749623 5.068585721098873e-19
8.68527554416572 5.167018885725724e-19
8.687652422878598 5.26607980181268e-19
8.690029952066224 5.370953284364782e-19
8.69240813190661 5.48024774595903e-19
8.69478696257782 5.570985659593319e-19
8.697166444257967 5.634372858230634e-19
8.699546577125208 5.687186484803145e-19
8.701927361357754 5.724387815083415e-19
8.704308797133862 5.747774406869545e-19
8.706690884631836 5.749745972947232e-19
8.709073624030033 5.712757934772019e-19
8.71145701550686 5.658221056223044e-19
8.713841059240766 5.596059030080943e-19
8.716225755410253 5.526135034274768e-19
8.718611104193869 5.443212727514284e-19
8.720997105770222 5.329205795595441e-19
8.723383760317954 5.196950171368531e-19
8.72577106801576 5.061462059926476e-19
8.728159029042391 4.922143754420513e-19
8.730547643576639 4.807902969726858e-19
8.73293691179735 4.788873370288829e-19
8.735326833883413 4.839368542381849e-19
8.737717410013776 4.922239866136935e-19
8.740108640367422 5.0516665602246e-19
8.742500525123397 5.186505391400817e-19
8.744893064460786 5.247598772545432e-19
8.74728625855873 5.243720163089667e-19
8.749680107596415 5.236697001790033e-19
8.752074611753073 5.223861831692776e-19
8.754469771207996 5.20835655263331e-19
8.75686558614051 5.1779698018816105e-19
8.759262056730002 5.132095766104601e-19
8.761659183155905 5.099565097487375e-19
8.764056965597698 5.1038209181383665e-19
8.766455404234911 5.130915633174455e-19
8.768854499247126 5.144155251489449e-19
8.771254250813971 5.139977811068851e-19
8.773654659115124 5.148497675498989e-19
8.776055724330309 5.234310723620806e-19
8.778457446639305 5.381181489672058e-19
8.780859826221935 5.473892424124547e-19
8.783262863258074 5.4796402610074085e-19
8.785666557927648 5.451748672726102e-19
8.788070910410628 5.39878643685807e-19
8.790475920887037 5.321599246361272e-19
8.792881589536947 5.245269433083979e-19
8.795287916540476 5.170901493786592e-19
8.797694902077797 5.097617464515998e-19
8.800102546329128 5.035825666263147e-19
8.80251084947474 4.987555582254351e-19
8.80491981169495 4.94081468195712e-19
8.807329433170121 4.892168537525948e-19
8.809739714080676 4.842100572061179e-19
8.812150654607079 4.80853158215109e-19
8.814562254929843 4.8e-19
8.816974515229536 4.800469217943264e-19
8.819387435686771 4.808628788701896e-19
8.821801016482212 4.824011598933196e-19
8.82421525779657 4.866840555128483e-19
8.826630159810612 4.969227106179336e-19
8.829045722705146 5.103745614884261e-19
8.831461946661037 5.215134016148125e-19
8.833878831859195 5.299579645190568e-19
8.83629637848058 5.370931210207708e-19
8.8387145867062 5.405794260983173e-19
8.84113345671712 5.413469651033028e-19
8.843552988694444 5.397491893544424e-19
8.845973182819336 5.345079717878564e-19
8.848394039272996 5.280120595505438e-19
8.85081555823669 5.220937362652097e-19
8.853237739891725 5.167289405646071e-19
8.855660584419454 5.103711149278444e-19
8.858084092001283 5.017181654195244e-19
8.860508262818673 4.917610257038221e-19
8.86293309705313 4.840060178271254e-19
8.865358594886207 4.7893417184249e-19
8.867784756499507 4.740638020693869e-19
8.870211582074694 4.678572568676974e-19
8.872639071793465 4.605917337587756e-19
8.875067225837576 4.563853143732485e-19
8.877496044388835 4.573405943693546e-19
8.879925527629094 4.603978942752646e-19
8.882355675740254 4.682980751400956e-19
8.884786488904272 4.811612977603196e-19
8.887217967303151 4.933258039756376e-19
8.889650111118943 5.031953292647061e-19
8.892082920533749 5.115903176747631e-19
8.894516395729728 5.175962329755115e-19
8.89695053688908 5.20357339938283e-19
8.899385344194055 5.213946454450576e-19
8.901820817826957 5.148117956670174e-19
8.90425695797014 5.01476180879244e-19
8.906693764806006 4.919629518408028e-19
8.909131238517006 4.902606351143415e-19
8.911569379285641 4.925453330183309e-19
8.914008187294465 4.941723589119955e-19
8.91644766272608 4.950373756523607e-19
8.918887805763138 4.941890108182648e-19
8.92132861658834 4.864974807893053e-19
8.923770095384441 4.735703739548265e-19
8.926212242334238 4.642081791466102e-19
8.928655057620585 4.607405394036666e-19
8.931098541426387 4.596006181180095e-19
8.933542693934593 4.623399251079862e-19
8.935987515328208 4.69066447392671e-19
8.93843300579028 4.764148434966842e-19
8.940879165503912 4.852775707433438e-19
8.94332599465226 4.951419359679909e-19
8.945773493418528 5.038040186224945e-19
8.948221661985961 5.107556860451737e-19
8.950670500537868 5.168518347778948e-19
8.9531200092576 5.176423006767868e-19
8.955570188328561 5.134752492486392e-19
8.958021037934206 5.087436452202968e-19
8.960472558258035 5.026890397849666e-19
8.962924749483605 4.95874483093134e-19
8.965377611794516 4.933659170838214e-19
8.967831145374427 4.963457351202344e-19
8.970285350407043 5.020037351388266e-19
8.972740227076113 5.1824268275018e-19
8.975195775565444 5.435693220675866e-19
8.977651996058896 5.717978988005186e-19
8.980108888740371 6.0586974276067e-19
8.98256645379383 6.428914467267418e-19
8.985024691403268 6.57634843260834e-19
8.987483601752754 6.461264427433719e-19
8.989943185026391 6.277495196179924e-19
8.992403441408335 5.948595832095975e-19
8.994864371082794 5.503506421394552e-19
8.997325974234029 5.173228746749921e-19
8.999788251046345 5.05233454598911e-19
9.002251201704105 5.025947577971469e-19
9.004714826391716 4.986078436957074e-19
9.00717912529364 4.931154547414672e-19
9.009644098594384 4.883717464733003e-19
9.012109746478513 4.873938569360244e-19
9.014576069130639 4.892757443474957e-19
9.017043066735422 4.91267135620792e-19
9.019510739477575 4.934457172972737e-19
9.021979087541862 4.957025517547241e-19
9.024448111113097 5.0352074065408515e-19
9.02691781037614 5.173514888344004e-19
9.029388185515913 5.307392808662451e-19
9.03185923671738 5.4074101563514375e-19
9.034330964165553 5.482521905396947e-19
9.036803368045502 5.582459065451915e-19
9.039276448542346 5.723641558868299e-19
9.041750205841247 5.881275817802722e-19
9.044224640127428 6.06344336565151e-19
9.04669975158616 6.2717911262020225e-19
9.049175540402764 6.464946308793103e-19
9.051652006762602 6.595755428424909e-19
9.054129150851104 6.681091228814858e-19
9.056606972853743 6.672937303461114e-19
9.05908547295604 6.502288282138936e-19
9.061564651343566 6.262612774590943e-19
9.06404450820195 6.031494969184594e-19
9.066525043716865 5.809841789444845e-19
9.069006258074037 5.60515947473591e-19
9.071488151459246 5.469742166568973e-19
9.073970724058318 5.387481877763046e-19
9.076453976057131 5.340685979063534e-19
9.078937907641617 5.357442983095269e-19
9.081422518997755 5.402283380145973e-19
9.083907810311574 5.453691671686593e-19
9.08639378176916 5.512546954118666e-19
9.088880433556648 5.568487899816337e-19
9.09136776586022 5.605749645747999e-19
9.093855778866107 5.628134822522481e-19
9.096344472760602 5.695390987712885e-19
9.098833847730042 5.848379517118641e-19
9.101323903960807 6.0422590105941845e-19
9.103814641639346 6.30657113396981e-19
9.106306060952143 6.654618383195766e-19
9.10879816208574 7.035876046835967e-19
9.111290945226735 7.543518360554621e-19
9.113784410561763 8.157747967406991e-19
9.116278558277521 8.68261773342779e-19
9.118773388560758 9.01750050352864e-19
9.121268901598267 9.251872220007753e-19
9.123765097576896 9.09344712596214e-19
9.126261976683548 8.43308402330628e-19
9.128759539105168 7.6752585901836065e-19
9.131257785028762 7.044058885574659e-19
9.133756714641375 6.527767470991624e-19
9.136256328130116 6.064254990701951e-19
9.138756625682142 5.732736123427538e-19
9.141257607484652 5.4803267650089335e-19
9.143759273724909 5.314432626939229e-19
9.146261624590217 5.271051466809193e-19
9.14876466026794 5.264096690399146e-19
9.151268380945488 5.301611656224416e-19
9.153772786810322 5.383144359650714e-19
9.156277878049956 5.46525886204089e-19
9.158783654851954 5.549187018470823e-19
9.161290117403933 5.634369839176064e-19
9.16379726589356 5.730865210375364e-19
9.166305100508556 5.845824250659629e-19
9.16881362143669 5.967962774223253e-19
9.171322828865783 6.093418110280437e-19
9.173832722983708 6.222514773405263e-19
9.176343303978392 6.349664831980007e-19
9.178854572037807 6.465670200810774e-19
9.181366527349983 6.572833370953689e-19
9.183879170102998 6.76585092167772e-19
9.186392500484985 7.13051207141935e-19
9.188906518684119 7.581038739983212e-19
9.191421224888641 8.423006899952177e-19
9.193936619286832 9.759210239833538e-19
9.196452702067027 1.1133317641192586e-18
9.198969473417616 1.1714166900363067e-18
9.20148693352704 1.1566689106033659e-18
9.204005082583787 1.1218860701678622e-18
9.206523920776398 1.0329554297042072e-18
9.209043448293475 9.098931957253573e-19
9.211563665323656 8.116042928808815e-19
9.21408457205564 7.511089602203819e-19
9.216606168678176 7.036105313368018e-19
9.21912845538007 6.609718877248716e-19
9.221651432350166 6.235062850405243e-19
9.224175099777373 5.898523002004616e-19
9.226699457850648 5.72021012696433e-19
9.229224506758994 5.665068074117285e-19
9.231750246691474 5.664270985560978e-19
9.234276677837197 5.77185861890119e-19
9.236803800385326 5.933500580641971e-19
9.239331614525076 6.100813531493957e-19
9.241860120445713 6.275391731844092e-19
9.244389318336555 6.457980150780929e-19
9.24691920838697 6.756004005552579e-19
9.249449790786384 7.163125153335563e-19
9.251981065724266 7.564833386025246e-19
9.254513033390147 7.949857693268842e-19
9.257045693973597 8.323717840185698e-19
9.259579047664248 8.478659680162194e-19
9.262113094651784 8.269022892627047e-19
9.264647835125935 7.913728324571525e-19
9.267183269276485 7.829272056405878e-19
9.269719397293272 8.056072355344914e-19
9.272256219366188 8.332588785997678e-19
9.274793735685169 8.67662181513951e-19
9.277331946440206 9.078880003603279e-19
9.27987085182135 9.464905076035144e-19
9.282410452018695 9.810546064146344e-19
9.284950747222389 1.0132135117194307e-18
9.28749173762263 1.0238082239430504e-18
9.290033423409678 1.0020723425554749e-18
9.292575804773833 9.695700136523317e-19
9.295118881905449 9.055723787797564e-19
9.297662654994943 8.0765477567307765e-19
9.30020712423277 7.140996896335432e-19
9.302752289809444 6.566828031580844e-19
9.305298151915533 6.286086491378731e-19
9.307844710741652 6.075151845255077e-19
9.31039196647847 6.021000741405243e-19
9.312939919316715 6.053792362459932e-19
9.315488569447155 6.163112265890696e-19
9.318037917060614 6.381632480118046e-19
9.320587962347979 6.632863581360573e-19
9.323138705500174 6.991571304421935e-19
9.325690146708185 7.462938384233408e-19
9.328242286163045 7.902560009135813e-19
9.330795124055847 8.162042581722623e-19
9.333348660577723 8.278364578644614e-19
9.335902895919869 8.434296356431149e-19
9.338457830273532 8.677342212220584e-19
9.341013463830006 8.96794803901521e-19
9.343569796780638 9.15027014289108e-19
9.346126829316836 9.178195493234485e-19
9.348684561630048 9.160045088977433e-19
9.35124299391178 9.28779075186911e-19
9.353802126353596 9.569696464344902e-19
9.356361959147105 9.868446835550823e-19
9.358922492483968 1.0212352706730508e-18
9.361483726555903 1.0592882980623704e-18
9.364045661554677 1.0694471997531706e-18
9.366608297672112 1.0147700213107295e-18
9.369171635100084 9.231435587791272e-19
9.371735674030516 8.349275316589704e-19
9.374300414655387 7.518217175695492e-19
9.37686585716673 6.703920044030644e-19
9.379432001756625 6.129008528970155e-19
9.38199884861721 5.818465325784746e-19
9.384566397940674 5.555096584399621e-19
9.38713464991926 5.450820528626254e-19
9.389703604745257 5.483338432739573e-19
9.392273262611017 5.558922708044337e-19
9.394843623708937 5.750014420001502e-19
9.397414688231468 6.013587707162724e-19
9.399986456371115 6.29669474968939e-19
9.402558928320438 6.612142438119476e-19
9.405132104272042 6.940477999149842e-19
9.407705984418591 7.273191795813595e-19
9.410280568952803 7.611153993926157e-19
9.412855858067445 7.950582300578878e-19
9.41543185195534 8.298850051832879e-19
9.418008550809354 8.655455015162919e-19
9.420585954822421 8.975579206611492e-19
9.423164064187517 9.165963851626322e-19
9.425742879097676 9.263151807808195e-19
9.42832239974598 9.402895346414504e-19
9.43090262632557 9.62711034957459e-19
9.433483559029632 9.89329094916587e-19
9.436065198051415 1.0284195445152631e-18
9.438647543584212 1.0847483314902727e-18
9.44123059582137 1.1458550682780584e-18
9.443814354956293 1.1190595471147376e-18
9.446398821182441 9.9885524677493e-19
9.448983994693316 8.75796416821022e-19
9.451569875682479 7.6966252848897e-19
9.454156464343546 6.777973819527975e-19
9.456743760870186 5.972859862758527e-19
9.459331765456113 5.474752262288189e-19
9.461920478295106 5.169946122060738e-19
9.464509899580989 4.948551146760159e-19
9.467100029507638 4.870622757022627e-19
9.469690868268987 4.852705634508596e-19
9.47228241605902 4.875849684997649e-19
9.474874673071778 4.950918347650857e-19
9.477467639501352 5.036859756213915e-19
9.480061315541883 5.208441047427384e-19
9.482655701387571 5.465848988228418e-19
9.485250797232668 5.722725013958036e-19
9.487846603271475 5.975900143761129e-19
9.49044311969835 6.22613905418715e-19
9.493040346707705 6.492312692286803e-19
9.495638284494003 6.797653195500969e-19
9.498236933251757 7.126305037147008e-19
9.500836293175539 7.4235087383214025e-19
9.503436364459974 7.668796132528673e-19
9.506037147299736 7.893691093796536e-19
9.508638641889556 8.336693503397327e-19
9.511240848424219 9.050656471219724e-19
9.513843767098555 9.81730386804888e-19
9.516447398107458 1.0378688272956517e-18
9.519051741645871 1.0735057892590997e-18
9.521656797908792 1.0953155294632122e-18
9.524262567091263 1.0464236505472934e-18
9.526869049388395 9.406477782092812e-19
9.529476244995344 8.3250698148061e-19
9.532084154107313 7.178418107289751e-19
9.53469277691957 5.989864574035048e-19
9.537302113627433 5.070119586537469e-19
9.539912164426273 4.639845290455243e-19
9.542522929511506 4.430041823691674e-19
9.545134409078617 4.2700625218353015e-19
9.547746603323134 4.1776933318626924e-19
9.550359512440636 4.1030711751492973e-19
9.552973136626768 4.113652337833592e-19
9.555587476077221 4.2165807737888734e-19
9.558202530987732 4.3326805487911893e-19
9.560818301554107 4.505475415744166e-19
9.563434787972197 4.728958355875309e-19
9.566051990437902 4.965189130983341e-19
9.568669909147186 5.245612432754039e-19
9.57128854429606 5.557553680318978e-19
9.573907896080591 5.842207270454832e-19
9.576527964696897 6.068266707825117e-19
9.579148750341155 6.263088982756309e-19
9.58177025320959 6.461282874616753e-19
9.584392473498482 6.664688313133071e-19
9.58701541140417 6.869988424156683e-19
9.589639067123038 7.117159161561405e-19
9.59226344085153 7.415508103675345e-19
9.594888532786143 7.723234813928617e-19
9.597514343123427 8.067559941165703e-19
9.600140872059981 8.448838510190402e-19
9.602768119792469 8.72682950887717e-19
9.605396086517597 8.360314027891649e-19
9.608024772432131 7.452852609617931e-19
9.610654177732894 6.572651765123862e-19
9.613284302616751 5.775812035073919e-19
9.615915147280637 5.034847316117386e-19
9.618546711921526 4.41609284897266e-19
9.621178996736456 4.044484395301426e-19
9.623812001922515 3.797676561100096e-19
9.626445727676844 3.6274878509884477e-19
9.62908017419664 3.573674412321397e-19
9.63171534167915 3.55958142583987e-19
9.634351230321684 3.5931243001976935e-19
9.636987840321598 3.684757285325489e-19
9.6396251718763 3.786856560972251e-19
9.64226322518326 3.956079427158278e-19
9.644902000440002 4.1938440388270596e-19
9.647541497844092 4.441211508323537e-19
9.650181717593163 4.748197214277087e-19
9.652822659884897 5.106679468307516e-19
9.655464324917034 5.434469101178653e-19
9.658106712887355 5.656733809405533e-19
9.660749823993712 5.804235440378936e-19
9.663393658434005 5.895620882272895e-19
9.666038216406186 5.860612326452467e-19
9.668683498108255 5.755331738472956e-19
9.671329503738285 5.7063588894816425e-19
9.673976233494386 5.752108898147883e-19
9.676623687574725 5.836271136174537e-19
9.679271866177531 5.949033834628058e-19
9.68192076950108 6.100294414698033e-19
9.684570397743704 6.261485984061082e-19
9.68722075110379 6.0865730948868395e-19
9.689871829779783 5.533460934061375e-19
9.692523633970175 4.940841111107893e-19
9.695176163873514 4.428966832782088e-19
9.697829419688409 3.9952136575569047e-19
9.700483401613516 3.583626340159213e-19
9.703138109847545 3.2998245787756956e-19
9.705793544589268 3.121558782147313e-19
9.708449706037506 2.965732553387709e-19
9.711106594391131 2.88158978835331e-19
9.713764209849078 2.8466617510415843e-19
9.716422552610329 2.8416089903369127e-19
9.719081622873924 2.9028787152468075e-19
9.721741420838958 3.0006042408081724e-19
9.724401946704578 3.140153336125519e-19
9.727063200669988 3.351138328683448e-19
9.729725182934446 3.591781942730287e-19
9.732387893697261 3.8511157769651066e-19
9.735051333157802 4.1364603733663646e-19
9.73771550151549 4.429198486415366e-19
9.740380398969798 4.652425128731629e-19
9.743046025720258 4.793677611176615e-19
9.745712381966456 4.9225250837531885e-19
9.748379467908027 4.879799666121512e-19
9.751047283744668 4.661304984752925e-19
9.753715829676128 4.44785317026374e-19
9.756385105902213 4.3248838488378966e-19
9.759055112622775 4.2831697012210675e-19
9.761725850037731 4.250858223450091e-19
9.764397318347047 4.2602451772132427e-19
9.767069517750745 4.301927888363673e-19
9.769742448448898 4.258721985473379e-19
9.772416110641645 3.9708270541903764e-19
9.77509050452917 3.523076152299627e-19
9.777765630311709 3.127072185616989e-19
9.780441488189563 2.8422695534907946e-19
9.783118078363085 2.6168292179931486e-19
9.785795401032676 2.4358478086695705e-19
9.788473456398794 2.331217262963079e-19
9.791152244661962 2.258437853737917e-19
9.793831766022748 2.2255032940523456e-19
9.79651202068177 2.2497389175977614e-19
9.799193008839719 2.2912956030947666e-19
9.801874730697325 2.372034017661728e-19
9.804557186455373 2.5011902932966014e-19
9.807240376314713 2.6396073240498945e-19
9.809924300476245 2.8049699078650227e-19
9.81260895914092 2.9996480992957963e-19
9.815294352509753 3.1949732480354285e-19
9.817980480783806 3.3245753177986564e-19
9.820667344164196 3.3902053225442107e-19
9.823354942852099 3.4469502946430487e-19
9.82604327704875 3.4363647653568014e-19
9.828732346955432 3.3673333019614144e-19
9.831422152773479 3.3076230144805935e-19
9.834112694704293 3.2876058730357945e-19
9.836803972949323 3.297952672764966e-19
9.83949598771007 3.2961464548511153e-19
9.842188739188096 3.2581537538377297e-19
9.844882227585021 3.196120515883055e-19
9.847576453102516 3.1064277648084146e-19
9.850271415942299 2.953068555728664e-19
9.852967116306157 2.763668001826752e-19
9.855663554395928 2.5788574516978553e-19
9.858360730413501 2.402746915565881e-19
9.86105864456082 2.230696937770607e-19
9.863757297039893 2.0855076930550954e-19
9.866456688052777 1.983381707443868e-19
9.869156817801581 1.8974229483685514e-19
9.871857686488475 1.8446771809958016e-19
9.874559294315684 1.8383519021903733e-19
9.877261641485486 1.8452232999052803e-19
9.87996472820021 1.882478989487413e-19
9.882668554662251 1.957489414337847e-19
9.885373121074055 2.0398824953171304e-19
9.88807842763812 2.1283557524636345e-19
9.890784474557002 2.223645707011303e-19
9.893491262033312 2.3196965966210386e-19
9.896198790269715 2.368864306015765e-19
9.898907059468932 2.37e-19
9.901616069833748 2.368797163891375e-19
9.90432582156699 2.3470523426259046e-19
9.907036314871545 2.305962750635985e-19
9.909747549950364 2.2634459032970735e-19
9.91245952700644 2.210687642627274e-19
9.915172246242829 2.1491011763413928e-19
9.917885707862641 2.1048550746786573e-19
9.92059991206905 2.1409723199330782e-19
9.923314859065272 2.2401176861057196e-19
9.92603054905458 2.3044637956053367e-19
9.928746982240316 2.249209175397759e-19
9.931464158825866 2.1091474841853839e-19
9.934182079014668 1.9740571288660418e-19
9.936900743010234 1.852692657915564e-19
9.939620151016111 1.7400481614212776e-19
9.942340303235909 1.6392651815196572e-19
9.945061199873305 1.5658243384851906e-19
9.947782841132014 1.5078407712314284e-19
9.950505227215814 1.4661351916013356e-19
9.953228358328541 1.4568330200894935e-19
9.95595223467409 1.463649268610957e-19
9.958676856456405 1.4878823444294054e-19
9.961402223879485 1.542756652070514e-19
9.964128337147388 1.610865615136885e-19
9.96685519646423 1.6703601291704897e-19
9.969582802034182 1.7162093277214036e-19
9.972311154061462 1.7570425647593287e-19
9.97504025275036 1.779019911755999e-19
9.977770098305207 1.7737785991753694e-19
9.980500690930398 1.7601782429277338e-19
9.98323203083038 1.7197749831272363e-19
9.985964118209663 1.6437110660073922e-19
9.988696953272806 1.5587759139766886e-19
9.99143053622442 1.5012955721695368e-19
9.994164867269184 1.4778029756735882e-19
9.996899946611828 1.4608293716097026e-19
9.999635774457133 1.4584784898662903e-19
10.00237235100994 1.4730944942196612e-19
10.00510967647515 1.490054660510858e-19
10.007847751057714 1.486885529568793e-19
10.010586574962636 1.4616796364539313e-19
10.013326148394984 1.434564889099624e-19
10.016066471559888 1.3846455048117825e-19
10.018807544662517 1.3110372815755712e-19
10.021549367908104 1.2367625828523714e-19
10.024291941501943 1.1862056787313148e-19
10.027035265649378 1.159141430180341e-19
10.029779340555809 1.133170110041488e-19
10.0325241664267 1.1274925108645388e-19
10.035269743467563 1.14101385136319e-19
10.038016071883964 1.1547003673683038e-19
10.040763151881535 1.1700682251418092e-19
10.043510983665964 1.1869564096591736e-19
10.046259567442984 1.2031548952548662e-19
10.04900890341839 1.214249170240347e-19
10.051758991798039 1.220932158429444e-19
10.05450983278784 1.223507577083309e-19
10.057261426593751 1.1974531628442687e-19
10.060013773421801 1.1468704791066834e-19
10.062766873478065 1.0971825871562357e-19
10.065520726968675 1.0525754200398443e-19
10.068275334099827 1.012141733557347e-19
10.071030695077765 9.76067491130443e-20
10.073786810108789 9.607178038045528e-20
10.076543679399261 9.617278337729157e-20
10.079301303155603 9.611586565237709e-20
10.082059681584282 9.54029921088453e-20
10.084818814891825 9.419193159582781e-20
10.087578703284827 9.30213928693493e-20
10.090339346969923 9.200274773620691e-20
10.093100746153814 9.109518455016929e-20
10.095862901043255 9.000029139999821e-20
10.09862581184506 8.826783618620673e-20
10.101389478766098 8.608472602217761e-20
10.104153902013287 8.466573304625092e-20
10.10691908179362 8.566384941878269e-20
10.109685018314131 8.831502198967604e-20
10.112451711781913 9.098876429089839e-20
10.11521916240412 9.372812490222138e-20
10.117987370387961 9.651127759102176e-20
10.120756335940701 9.832053397114727e-20
10.12352605926966 9.738126684682289e-20
10.126296540582217 9.466738200361252e-20
10.129067780085814 9.139010231208164e-20
10.131839777987938 8.659127790487908e-20
10.134612534496135 8.083314453038558e-20
10.137386049818016 7.595908310501328e-20
10.140160324161245 7.339590555317936e-20
10.142935357733538 7.225859652518617e-20
10.14571115074267 7.147645540689323e-20
10.14848770339648 7.159723076441243e-20
10.151265015902855 7.226569054239157e-20
10.154043088469738 7.300788503044589e-20
10.15682192130514 7.393336627285931e-20
10.159601514617119 7.496863265500349e-20
10.162381868613789 7.555531693439629e-20
10.165162983503329 7.504043065379026e-20
10.167944859493973 7.387253777062944e-20
10.170727496794004 7.288950437724885e-20
10.173510895611772 7.235715146856048e-20
10.176295056155677 7.2090423276973e-20
10.17907997863418 7.200869019374371e-20
10.181865663255797 7.237677589804745e-20
10.184652110229106 7.300973538749485e-20
10.187439319762733 7.320635747561536e-20
10.190227292065366 7.23376179499106e-20
10.193016027345754 7.083973587724496e-20
10.195805525812698 6.887672556833588e-20
10.198595787675053 6.576726329284603e-20
10.201386813141742 6.197575361840491e-20
10.204178602421738 5.853565434960357e-20
10.206971155724066 5.597814955772366e-20
10.209764473257817 5.395103276121674e-20
10.212558555232143 5.236395623155718e-20
10.215353401856238 5.19067747535249e-20
10.218149013339364 5.213920251973089e-20
10.22094538989084 5.2340260520349563e-20
10.223742531720042 5.245826068694209e-20
10.226540439036398 5.252461366281003e-20
10.229339112049399 5.253062725450362e-20
10.232138550968592 5.237088201269878e-20
10.23493875600358 5.210569011740518e-20
10.23773972736402 5.2047664972004976e-20
10.240541465259636 5.2585890963894605e-20
10.243343969900202 5.3513291943377343e-20
10.246147241495553 5.426678978553327e-20
10.248951280255575 5.449034491646431e-20
10.25175608639022 5.435796924495748e-20
10.254561660109493 5.4068302923393053e-20
10.257368001623458 5.3266251539364217e-20
10.260175111142232 5.2108929292790944e-20
10.262982988875999 5.088614801894634e-20
10.26579163503499 4.943276817150363e-20
10.268601049829496 4.7813868948741483e-20
10.27141123346987 4.626678524725921e-20
10.274222186166526 4.500115581070028e-20
10.277033908129923 4.394479910240256e-20
10.279846399570584 4.294456573402088e-20
10.282659660699094 4.219226148478908e-20
10.28547369172609 4.163154177433604e-20
10.288288492862266 4.103206875644061e-20
10.29110406431838 4.02351994263253e-20
10.293920406305244 3.92794796196238e-20
10.29673751903372 3.844068267330055e-20
10.299555402714741 3.8326738542429437e-20
10.302374057559295 3.8820661185811615e-20
10.305193483778414 3.9355787070590726e-20
10.308013681583207 4.021959738335593e-20
10.31083465118483 4.137111400363245e-20
10.313656392794499 4.244807601624441e-20
10.316478906623486 4.265338666161269e-20
10.319302192883125 4.206167713746059e-20
10.322126251784802 4.1485068198149576e-20
10.324951083539965 4.125361526628535e-20
10.327776688360121 4.1352150283311565e-20
10.330603066456833 4.1450712266181645e-20
