#xsec (eV,cm2) for COS -> CO + S
3.1000290654125155 0.0
3.1008774429979375 0.0
3.1017260527568364 0.0
3.102574894752751 0.0
3.103423969049237 0.0
3.1042732757098674 0.0
3.105122814798232 0.0
3.1059725863779404 0.0
3.1068225905126168 0.0
3.1076728272659047 0.0
3.1085232967014633 0.0
3.1093739988829707 0.0
3.1102249338741217 0.0
3.1110761017386297 0.0
3.1119275025402233 0.0
3.1127791363426507 0.0
3.113631003209677 0.0
3.114483103205083 0.0
3.1153354363926695 0.0
3.116188002836253 0.0
3.1170408025996696 0.0
3.1178938357467696 0.0
3.1187471023414233 0.0
3.119600602447518 0.0
3.1204543361289576 0.0
3.1213083034496645 0.0
3.122162504473578 0.0
3.123016939264656 0.0
3.123871607886872 0.0
3.1247265104042174 0.0
3.125581646880703 0.0
3.1264370173803555 0.0
3.1272926219672197 0.0
3.128148460705357 0.0
3.129004533658848 0.0
3.129860840891788 0.0
3.130717382468294 0.0
3.131574158452497 0.0
3.1324311689085467 0.0
3.133288413900611 0.0
3.134145893492875 0.0
3.1350036077495402 0.0
3.1358615567348274 0.0
3.1367197405129734 0.0
3.1375781591482346 0.0
3.1384368127048834 0.0
3.13929570124721 0.0
3.140154824839522 0.0
3.1410141835461456 0.0
3.141873777431423 0.0
3.1427336065597165 0.0
3.1435936709954033 0.0
3.1444539708028802 0.0
3.14531450604656 0.0
3.1461752767908746 0.0
3.1470362831002725 0.0
3.1478975250392205 0.0
3.148759002672203 0.0
3.1496207160637213 0.0
3.1504826652782953 0.0
3.151344850380462 0.0
3.1522072714347757 0.0
3.1530699285058095 0.0
3.1539328216581537 0.0
3.154795950956416 0.0
3.155659316465221 0.0
3.1565229182492125 0.0
3.157386756373052 0.0
3.158250830901417 0.0
3.1591151418990044 0.0
3.159979689430528 0.0
3.1608444735607195 0.0
3.1617094943543282 0.0
3.1625747518761216 0.0
3.1634402461908837 0.0
3.164305977363418 0.0
3.1651719454585443 0.0
3.1660381505411004 0.0
3.1669045926759427 0.0
3.1677712719279443 0.0
3.1686381883619976 0.0
3.16950534204301 0.0
3.170372733035909 0.0
3.171240361405639 0.0
3.1721082272171626 0.0
3.1729763305354606 0.0
3.1738446714255293 0.0
3.1747132499523856 0.0
3.1755820661810628 0.0
3.176451120176612 0.0
3.1773204120041023 0.0
3.1781899417286206 0.0
3.179059709415272 0.0
3.1799297151291785 0.0
3.1807999589354807 0.0
3.181670440899337 0.0
3.182541161085923 0.0
3.1834121195604332 0.0
3.184283316388078 0.0
3.185154751634088 0.0
3.1860264253637105 0.0
3.1868983376422104 0.0
3.1877704885348708 0.0
3.188642878106993 0.0
3.1895155064238967 0.0
3.190388373550917 0.0
3.1912614795534084 0.0
3.192134824496745 0.0
3.1930084084463153 0.0
3.193882231467529 0.0
3.194756293625812 0.0
3.195630594986608 0.0
3.196505135615379 0.0
3.1973799155776055 0.0
3.1982549349387845 0.0
3.1991301937644323 0.0
3.200005692120082 0.0
3.200881430071286 0.0
3.2017574076836133 0.0
3.2026336250226515 0.0
3.203510082154006 0.0
3.2043867791433005 0.0
3.2052637160561757 0.0
3.206140892958292 0.0
3.207018309915326 0.0
3.2078959669929725 0.0
3.208773864256945 0.0
3.209652001772975 0.0
3.210530379606812 0.0
3.211408997824223 0.0
3.2122878564909927 0.0
3.2131669556729245 0.0
3.21404629543584 0.0
3.2149258758455783 0.0
3.215805696967996 0.0
3.2166857588689695 0.0
3.2175660616143915 0.0
3.218446605270173 0.0
3.2193273899022437 0.0
3.220208415576551 0.0
3.221089682359061 0.0
3.2219711903157555 0.0
3.2228529395126375 0.0
3.223734930015726 0.0
3.22461716189106 0.0
3.2254996352046934 0.0
3.2263823500227007 0.0
3.2272653064111747 0.0
3.2281485044362244 0.0
3.229031944163978 0.0
3.229915625660582 0.0
3.2307995489922003 0.0
3.2316837142250163 0.0
3.2325681214252295 0.0
3.233452770659059 0.0
3.2343376619927415 0.0
3.2352227954925317 0.0
3.2361081712247026 0.0
3.236993789255546 0.0
3.2378796496513704 0.0
3.238765752478504 0.0
3.2396520978032917 0.0
3.2405386856920977 0.0
3.2414255162113035 0.0
3.2423125894273097 0.0
3.2431999054065344 0.0
3.2440874642154136 0.0
3.2449752659204023 0.0
3.2458633105879735 0.0
3.246751598284618 0.0
3.2476401290768444 0.0
3.2485289030311812 0.0
3.2494179202141735 0.0
3.250307180692385 0.0
3.251196684532397 0.0
3.2520864318008114 0.0
3.2529764225642452 0.0
3.2538666568893353 0.0
3.2547571348427384 0.0
3.2556478564911253 0.0
3.256538821901189 0.0
3.257430031139638 0.0
3.2583214842732007 0.0
3.2592131813686245 0.0
3.2601051224926723 0.0
3.2609973077121266 0.0
3.2618897370937896 0.0
3.2627824107044807 0.0
3.2636753286110363 0.0
3.264568490880313 0.0
3.265461897579185 0.0
3.2663555487745444 0.0
3.2672494445333022 0.0
3.2681435849223877 0.0
3.269037970008748 0.0
3.269932599859349 0.0
3.2708274745411745 0.0
3.271722594121227 0.0
3.272617958666527 0.0
3.273513568244114 0.0
3.274409422921045 0.0
3.2753055227643957 0.0
3.2762018678412614 0.0
3.2770984582187532 0.0
3.2779952939640022 0.0
3.278892375144158 0.0
3.2797897018263877 0.0
3.280687274077878 0.0
3.2815850919658325 0.0
3.282483155557474 0.0
3.283381464920044 0.0
3.2842800201208022 0.0
3.285178821227026 0.0
3.286077868306012 0.0
3.286977161425076 0.0
3.287876700651549 0.0
3.288776486052784 0.0
3.2896765176961518 0.0
3.2905767956490393 0.0
3.2914773199788545 0.0
3.2923780907530222 0.0
3.2932791080389867 0.0
3.2941803719042095 0.0
3.2950818824161727 0.0
3.2959836396423743 0.0
3.2968856436503327 0.0
3.297787894507584 0.0
3.298690392281683 0.0
3.299593137040202 0.0
3.300496128850733 0.0
3.3013993677808866 0.0
3.302302853898291 0.0
3.3032065872705934 0.0
3.3041105679654605 0.0
3.305014796050575 0.0
3.3059192715936403 0.0
3.306823994662377 0.0
3.3077289653245256 0.0
3.3086341836478446 0.0
3.3095396497001097 0.0
3.3104453635491176 0.0
3.311351325262681 0.0
3.3122575349086336 0.0
3.3131639925548253 0.0
3.314070698269127 0.0
3.3149776521194263 0.0
3.315884854173629 0.0
3.3167923044996623 0.0
3.317700003165469 0.0
3.318607950239012 0.0
3.319516145788273 0.0
3.3204245898812506 0.0
3.321333282585963 0.0
3.3222422239704485 0.0
3.323151414102762 0.0
3.324060853050978 0.0
3.3249705408831893 0.0
3.325880477667507 0.0
3.3267906634720616 0.0
3.3277010983650017 0.0
3.328611782414495 0.0
3.329522715688727 0.0
3.3304338982559027 0.0
3.3313453301842464 0.0
3.3322570115419996 0.0
3.333168942397422 0.0
3.334081122818794 0.0
3.3349935528744137 0.0
3.335906232632598 0.0
3.3368191621616825 0.0
3.337732341530021 0.0
3.3386457708059862 0.0
3.33955945005797 0.0
3.3404733793543833 0.0
3.341387558763655 0.0
3.3423019883542318 0.0
3.3432166681945814 0.0
3.3441315983531883 0.0
3.345046778898557 0.0
3.3459622098992106 0.0
3.3468778914236896 0.0
3.3477938235405555 0.0
3.3487100063183863 0.0
3.34962643982578 0.0
3.350543124131353 0.0
3.351460059303741 0.0
3.352377245411598 0.0
3.3532946825235967 0.0
3.3542123707084297 0.0
3.3551303100348067 0.0
3.356048500571457 0.0
3.356966942387129 0.0
3.3578856355505895 0.0
3.3588045801306246 0.0
3.359723776196038 0.0
3.3606432238156536 0.0
3.361562923058314 0.0
3.36248287399288 0.0
3.3634030766882312 0.0
3.364323531213267 0.0
3.3652442376369045 0.0
3.3661651960280805 0.0
3.3670864064557504 0.0
3.3680078689888875 0.0
3.3689295836964863 0.0
3.3698515506475584 0.0
3.3707737699111346 0.0
3.371696241556264 0.0
3.3726189656520154 0.0
3.3735419422674773 0.0
3.3744651714717557 0.0
3.3753886533339754 0.0
3.3763123879232815 0.0
3.377236375308837 0.0
3.378160615559824 0.0
3.3790851087454428 0.0
3.3800098549349147 0.0
3.380934854197478 0.0
3.3818601066023906 0.0
3.38278561221893 0.0
3.3837113711163913 0.0
3.3846373833640895 0.0
3.385563649031358 0.0
3.38649016818755 0.0
3.387416940902037 0.0
3.3883439672442104 0.0
3.389271247283479 0.0
3.3901987810892713 0.0
3.391126568731036 0.0
3.3920546102782394 0.0
3.392982905800366 0.0
3.3939114553669225 0.0
3.3948402590474314 0.0
3.3957693169114354 0.0
3.396698629028497 0.0
3.3976281954681964 0.0
3.3985580163001345 0.0
3.3994880915939287 0.0
3.400418421419218 0.0
3.401349005845659 0.0
3.4022798449429272 0.0
3.4032109387807195 0.0
3.4041422874287486 0.0
3.405073890956749 0.0
3.406005749434472 0.0
3.4069378629316898 0.0
3.4078702315181926 0.0
3.40880285526379 0.0
3.4097357342383114 0.0
3.4106688685116042 0.0
3.4116022581535352 0.0
3.412535903233991 0.0
3.413469803822876 0.0
3.414403959990116 0.0
3.415338371805653 0.0
3.416273039339451 0.0
3.4172079626614913 0.0
3.4181431418417745 0.0
3.419078576950321 0.0
3.4200142680571703 0.0
3.4209502152323807 0.0
3.4218864185460296 0.0
3.4228228780682137 0.0
3.4237595938690495 0.0
3.424696566018672 0.0
3.4256337945872355 0.0
3.426571279644913 0.0
3.4275090212618986 0.0
3.4284470195084027 0.0
3.4293852744546576 0.0
3.4303237861709133 0.0
3.4312625547274394 0.0
3.4322015801945245 0.0
3.4331408626424778 0.0
3.434080402141626 0.0
3.4350201987623152 0.0
3.4359602525749118 0.0
3.4369005636498002 0.0
3.437841132057386 0.0
3.438781957868092 0.0
3.4397230411523614 0.0
3.440664381980656 0.0
3.441605980423457 0.0
3.442547836551266 0.0
3.443489950434603 0.0
3.4444323221440065 0.0
3.4453749517500363 0.0
3.446317839323269 0.0
3.447260984934303 0.0
3.448204388653754 0.0
3.4491480505522585 0.0
3.4500919707004725 0.0
3.4510361491690684 0.0
3.4519805860287422 0.0
3.4529252813502067 0.0
3.4538702352041937 0.0
3.4548154476614554 0.0
3.4557609187927643 0.0
3.45670664866891 0.0
3.457652637360703 0.0
3.458598884938972 0.0
3.459545391474567 0.0
3.4604921570383556 0.0
3.461439181701226 0.0
3.4623864655340837 0.0
3.4633340086078572 0.0
3.4642818109934908 0.0
3.4652298727619506 0.0
3.4661781939842204 0.0
3.4671267747313053 0.0
3.4680756150742287 0.0
3.469024715084033 0.0
3.4699740748317813 0.0
3.4709236943885546 0.0
3.471873573825455 0.0
3.472823713213603 0.0
3.4737741126241386 0.0
3.474724772128222 0.0
3.475675691797032 0.0
3.476626871701767 0.0
3.4775783119136463 0.0
3.478530012503906 0.0
3.4794819735438045 0.0
3.480434195104618 0.0
3.4813866772576425 0.0
3.4823394200741937 0.0
3.483292423625606 0.0
3.484245687983236 0.0
3.485199213218456 0.0
3.4861529994026617 0.0
3.4871070466072642 0.0
3.4880613549036976 0.0
3.489015924363414 0.0
3.4899707550578856 0.0
3.490925847058604 0.0
3.4918812004370796 0.0
3.492836815264843 0.0
3.4937926916134447 0.0
3.494748829554455 0.0
3.495705229159463 0.0
3.4966618905000773 0.0
3.4976188136479265 0.0
3.498575998674659 0.0
3.4995334456519425 0.0
3.5004911546514643 0.0
3.5014491257449314 0.0
3.502407359004071 0.0
3.503365854500629 0.0
3.5043246123063705 0.0
3.5052836324930814 0.0
3.506242915132568 0.0
3.5072024602966536 0.0
3.5081622680571836 0.0
3.5091223384860224 0.0
3.510082671655053 0.0
3.511043267636179 0.0
3.512004126501324 0.0
3.5129652483224305 0.0
3.5139266331714616 0.0
3.5148882811203985 0.0
3.5158501922412437 0.0
3.516812366606019 0.0
3.517774804286766 0.0
3.5187375053555447 0.0
3.5197004698844365 0.0
3.5206636979455426 0.0
3.521627189610982 0.0
3.5225909449528956 0.0
3.5235549640434423 0.0
3.524519246954802 0.0
3.5254837937591743 0.0
3.5264486045287775 0.0
3.527413679335851 0.0
3.528379018252652 0.0
3.52934462135146 0.0
3.5303104887045733 0.0
3.531276620384309 0.0
3.5322430164630054 0.0
3.533209677013019 0.0
3.5341766021067276 0.0
3.5351437918165276 0.0
3.536111246214837 0.0
3.537078965374092 0.0
3.5380469493667484 0.0
3.539015198265284 0.0
3.539983712142194 0.0
3.540952491069994 0.0
3.5419215351212205 0.0
3.542890844368429 0.0
3.5438604188841953 0.0
3.5448302587411145 0.0
3.545800364011802 0.0
3.5467707347688924 0.0
3.5477413710850416 0.0
3.548712273032925 0.0
3.549683440685236 0.0
3.5506548741146897 0.0
3.551626573394021 0.0
3.552598538595984 0.0
3.553570769793354 0.0
3.554543267058924 0.0
3.55551603046551 0.0
3.5564890600859447 0.0
3.5574623559930827 0.0
3.558435918259798 0.0
3.5594097469589845 0.0
3.5603838421635565 0.0
3.5613582039464475 0.0
3.562332832380612 0.0
3.563307727539023 0.0
3.5642828894946743 0.0
3.56525831832058 0.0
3.5662340140897744 0.0
3.5672099768753105 0.0
3.568186206750262 0.0
3.5691627037877227 0.0
3.5701394680608067 0.0
3.571116499642647 0.0
3.5720937986063994 0.0
3.5730713650252346 0.0
3.5740491989723484 0.0
3.5750273005209543 0.0
3.5760056697442857 0.0
3.5769843067155973 0.0
3.577963211508162 0.0
3.578942384195275 0.0
3.579921824850249 0.0
3.5809015335464194 0.0
3.5818815103571398 0.0
3.5828617553557844 0.0
3.583842268615748 0.0
3.584823050210444 0.0
3.5858041002133083 0.0
3.586785418697795 0.0
3.5877670057373785 0.0
3.588748861405554 0.0
3.5897309857758355 0.0
3.59071337892176 0.0
3.5916960409168803 0.0
3.5926789718347742 0.0
3.5936621717490356 0.0
3.5946456407332796 0.0
3.595629378861144 0.0
3.596613386206283 0.0
3.5975976628423725 0.0
3.59858220884311 0.0
3.5995670242822113 0.0
3.600552109233412 0.0
3.6015374637704705 0.0
3.602523087967163 0.0
3.6035089818972863 0.0
3.604495145634658 0.0
3.6054815792531154 0.0
3.6064682828265164 0.0
3.6074552564287385 0.0
3.6084425001336804 0.0
3.609430014015261 0.0
3.6104177981474175 0.0
3.61140585260411 0.0
3.6123941774593167 0.0
3.613382772787037 0.0
3.614371638661291 0.0
3.615360775156118 0.0
3.6163501823455793 0.0
3.617339860303753 0.0
3.6183298091047416 0.0
3.6193200288226652 0.0
3.6203105195316656 0.0
3.621301281305903 0.0
3.6222923142195604 0.0
3.62328361834684 0.0
3.6242751937619637 0.0
3.625267040539174 0.0
3.6262591587527346 0.0
3.627251548476928 0.0
3.6282442097860583 0.0
3.629237142754449 0.0
3.630230347456446 0.0
3.631223823966412 0.0
3.6322175723587327 0.0
3.633211592707815 0.0
3.6342058850880825 0.0
3.6352004495739827 0.0
3.636195286239981 0.0
3.637190395160565 0.0
3.638185776410242 0.0
3.6391814300635397 0.0
3.6401773561950064 0.0
3.6411735548792095 0.0
3.6421700261907386 0.0
3.643166770204203 0.0
3.6441637869942323 0.0
3.645161076635476 0.0
3.6461586392026053 0.0
3.647156474770312 0.0
3.648154583413306 0.0
3.64915296520632 0.0
3.650151620224106 0.0
3.6511505485414366 0.0
3.652149750233106 0.0
3.6531492253739266 0.0
3.6541489740387334 0.0
3.6551489963023807 0.0
3.6561492922397436 0.0
3.657149861925719 0.0
3.658150705435221 0.0
3.659151822843187 0.0
3.6601532142245747 0.0
3.6611548796543616 0.0
3.662156819207545 0.0
3.663159032959145 0.0
3.6641615209842 0.0
3.6651642833577696 0.0
3.6661673201549343 0.0
3.6671706314507952 0.0
3.668174217320473 0.0
3.6691780778391108 0.0
3.6701822130818704 0.0
3.671186623123935 0.0
3.6721913080405084 0.0
3.673196267906815 0.0
3.6742015027980988 0.0
3.6752070127896257 0.0
3.676212797956682 0.0
3.677218858374574 0.0
3.67822519411863 0.0
3.6792318052641964 0.0
3.6802386918866423 0.0
3.6812458540613564 0.0
3.6822532918637494 0.0
3.6832610053692507 0.0
3.6842689946533116 0.0
3.6852772597914036 0.0
3.68628580085902 0.0
3.6872946179316726 0.0
3.6883037110848953 0.0
3.6893130803942427 0.0
3.6903227259352898 0.0
3.691332647783632 0.0
3.692342846014886 0.0
3.6933533207046887 0.0
3.694364071928697 0.0
3.6953750997625914 0.0
3.6963864042820695 0.0
3.6973979855628514 0.0
3.698409843680677 0.0
3.6994219787113094 0.0
3.7004343907305293 0.0
3.70144707981414 0.0
3.7024600460379657 0.0
3.7034732894778495 0.0
3.704486810209657 0.0
3.705500608309274 0.0
3.706514683852607 0.0
3.7075290369155836 0.0
3.708543667574152 0.0
3.70955857590428 0.0
3.710573761981959 0.0
3.7115892258831984 0.0
3.7126049676840305 0.0
3.713620987460506 0.0
3.714637285288699 0.0
3.7156538612447023 0.0
3.7166707154046312 0.0
3.7176878478446214 0.0
3.7187052586408287 0.0
3.71972294786943 0.0
3.7207409156066236 0.0
3.7217591619286274 0.0
3.722777686911682 0.0
3.723796490632048 0.0
3.7248155731660058 0.0
3.7258349345898587 0.0
3.72685457497993 0.0
3.7278744944125624 0.0
3.728894692964121 0.0
3.729915170710993 0.0
3.730935927729584 0.0
3.731956964096322 0.0
3.7329782798876554 0.0
3.7339998751800536 0.0
3.7350217500500067 0.0
3.736043904574027 0.0
3.7370663388286465 0.0
3.7380890528904174 0.0
3.7391120468359147 0.0
3.740135320741733 0.0
3.7411588746844897 0.0
3.74218270874082 0.0
3.743206822987383 0.0
3.7442312175008583 0.0
3.745255892357944 0.0
3.7462808476353624 0.0
3.747306083409855 0.0
3.7483315997581856 0.0
3.749357396757137 0.0
3.750383474483515 0.0
3.751409833014146 0.0
3.7524364724258756 0.0
3.7534633927955725 0.0
3.754490594200126 0.0
3.7555180767164464 0.0
3.756545840421465 0.0
3.7575738853921337 0.0
3.7586022117054254 0.0
3.7596308194383345 0.0
3.7606597086678772 0.0
3.7616888794710897 0.0
3.7627183319250292 0.0
3.7637480661067757 0.0
3.7647780820934273 0.0
3.7658083799621056 0.0
3.7668389597899523 0.0
3.767869821654131 0.0
3.7689009656318264 0.0
3.769932391800242 0.0
3.770964100236606 0.0
3.7719960910181647 0.0
3.7730283642221876 0.0
3.774060919925965 0.0
3.775093758206807 0.0
3.776126879142047 0.0
3.777160282809037 0.0
3.7781939692851516 0.0
3.7792279386477876 0.0
3.7802621909743612 0.0
3.7812967263423105 0.0
3.782331544829095 0.0
3.783366646512195 0.0
3.784402031469112 0.0
3.7854376997773684 0.0
3.78647365151451 0.0
3.7875098867581 0.0
3.788546405585726 0.0
3.789583208074996 0.0
3.7906202943035394 0.0
3.791657664349005 0.0
3.7926953182890655 0.0
3.793733256201413 0.0
3.794771478163762 0.0
3.7958099842538466 0.0
3.7968487745494253 0.0
3.797887849128274 0.0
3.7989272080681933 0.0
3.799966851447003 0.0
3.8010067793425453 0.0
3.8020469918326825 0.0
3.803087488995299 0.0
3.8041282709083015 0.0
3.805169337649615 0.0
3.80621068929719 0.0
3.807252325928994 0.0
3.80829424762302 0.0
3.809336454457279 0.0
3.810378946509805 0.0
3.8114217238586523 0.0
3.8124647865818986 0.0
3.8135081347576407 0.0
3.814551768463998 0.0
3.8155956877791115 0.0
3.816639892781142 0.0
3.817684383548273 0.0
3.8187291601587106 0.0
3.8197742226906786 0.0
3.820819571222425 0.0
3.8218652058322204 0.0
3.8229111265983535 0.0
3.823957333599137 0.0
3.825003826912903 0.0
3.826050606618007 0.0
3.8270976727928243 0.0
3.8281450255157528 0.0
3.8291926648652113 0.0
3.83024059091964 0.0
3.8312888037575017 0.0
3.8323373034572787 0.0
3.833386090097477 0.0
3.834435163756621 0.0
3.83548452451326 0.0
3.8365341724459627 0.0
3.8375841076333206 0.0
3.838634330153945 0.0
3.8396848400864703 0.0
3.8407356375095523 0.0
3.8417867225018667 0.0
3.8428380951421124 0.0
3.84388975550901 0.0
3.8449417036813 0.0
3.845993939737745 0.0
3.847046463757131 0.0
3.8480992758182637 0.0
3.8491523759999704 0.0
3.8502057643811005 0.0
3.8512594410405256 0.0
3.852313406057137 0.0
3.853367659509849 0.0
3.854422201477597 0.0
3.855477032039339 0.0
3.8565321512740534 0.0
3.8575875592607405 0.0
3.858643256078423 0.0
3.8596992418061444 0.0
3.8607555165229694 0.0
3.861812080307985 0.0
3.862868933240301 0.0
3.8639260753990454 0.0
3.8649835068633727 0.0
3.866041227712455 0.0
3.867099238025488 0.0
3.868157537881688 0.0
3.8692161273602945 0.0
3.8702750065405667 0.0
3.8713341755017874 0.0
3.8723936343232603 0.0
3.8734533830843105 0.0
3.8745134218642847 0.0
3.875573750742552 0.0
3.876634369798503 0.0
3.8776952791115504 0.0
3.8787564787611277 0.0
3.87981796882669 0.0
3.8808797493877156 0.0
3.8819418205237035 0.0
3.883004182314174 0.0
3.8840668348386718 0.0
3.8851297781767586 0.0
3.8861930124080226 0.0
3.8872565376120716 0.0
3.8883203538685347 0.0
3.889384461257064 0.0
3.890448859857333 0.0
3.891513549749037 0.0
3.8925785310118926 0.0
3.893643803725639 0.0
3.8947093679700364 0.0
3.895775223824868 0.0
3.8968413713699377 0.0
3.897907810685072 0.0
3.8989745418501194 0.0
3.9000415649449476 0.0
3.9011088800494504 0.0
3.902176487243541 0.0
3.9032443866071542 0.0
3.904312578220248 0.0
3.9053810621628013 0.0
3.906449838514816 0.0
3.907518907356314 0.0
3.908588268767341 0.0
3.9096579228279627 0.0
3.9107278696182686 0.0
3.91179810921837 0.0
3.912868641708398 0.0
3.9139394671685084 0.0
3.9150105856788766 0.0
3.9160819973197016 0.0
3.917153702171204 0.0
3.9182257003136254 0.0
3.91929799182723 0.0
3.9203705767923043 0.0
3.921443455289156 0.0
3.9225166273981165 0.0
3.9235900931995364 0.0
3.924663852773791 0.0
3.9257379062012756 0.0
3.9268122535624084 0.0
3.92788689493763 0.0
3.9289618304074025 0.0
3.93003706005221 0.0
3.931112583952558 0.0
3.9321884021889755 0.0
3.9332645148420124 0.0
3.9343409219922414 0.0
3.935417623720256 0.0
3.9364946201066733 0.0
3.937571911232132 0.0
3.938649497177292 0.0
3.9397273780228357 0.0
3.9408055538494686 0.0
3.9418840247379174 0.0
3.942962790768931 0.0
3.944041852023279 0.0
3.9451212085817557 0.0
3.946200860525176 0.0
3.9472808079343777 0.0
3.9483610508902194 0.0
3.949441589473583 0.0
3.9505224237653733 0.0
3.951603553846514 0.0
3.9526849797979544 0.0
3.9537667017006646 0.0
3.9548487196356357 0.0
3.9559310336838838 0.0
3.9570136439264445 0.0
3.9580965504443775 0.0
3.9591797533187627 0.0
3.9602632526307033 0.0
3.9613470484613256 0.0
3.962431140891776 0.0
3.963515530003226 0.0
3.9646002158768656 0.0
3.96568519859391 0.0
3.9667704782355955 0.0
3.967856054883181 0.0
3.968941928617948 0.0
3.9700280995211976 0.0
3.971114567674257 0.0
3.9722013331584725 0.0
3.9732883960552154 0.0
3.974375756445877 0.0
3.9754634144118723 0.0
3.976551370034638 0.0
3.9776396233956324 0.0
3.978728174576337 0.0
3.9798170236582564 0.0
3.980906170722915 0.0
3.9819956158518623 0.0
3.983085359126668 0.0
3.984175400628926 0.0
3.9852657404402505 0.0
3.9863563786422795 0.0
3.9874473153166727 0.0
3.9885385505451123 0.0
3.9896300844093036 0.0
3.990721916990972 0.0
3.991814048371868 0.0
3.992906478633763 0.0
3.993999207858451 0.0
3.995092236127748 0.0
3.9961855635234937 0.0
3.997279190127549 0.0
3.9983731160217975 0.0
3.999467341288145 0.0
4.000561866008519 0.0
4.001656690264873 0.0
4.002751814139179 0.0
4.003847237713432 0.0
4.00494296106965 0.0
4.006038984289876 0.0
4.00713530745617 0.0
4.008231930650618 0.0
4.009328853955331 0.0
4.010426077452437 0.0
4.011523601224089 0.0
4.012621425352462 0.0
4.013719549919755 0.0
4.014817975008189 0.0
4.0159167007000045 0.0
4.017015727077469 0.0
4.01811505422287 0.0
4.019214682218517 0.0
4.020314611146745 0.0
4.021414841089907 0.0
4.022515372130382 0.0
4.023616204350572 0.0
4.024717337832898 0.0
4.025818772659807 0.0
4.026920508913768 0.0
4.028022546677269 0.0
4.029124886032827 0.0
4.030227527062975 0.0
4.031330469850273 0.0
4.0324337144773015 0.0
4.033537261026664 0.0
4.034641109580988 0.0
4.035745260222923 0.0
4.036849713035139 0.0
4.03795446810033 0.0
4.039059525501214 0.0
4.0401648853205305 0.0
4.041270547641041 0.0
4.04237651254553 0.0
4.043482780116806 0.0
4.044589350437699 0.0
4.045696223591062 0.0
4.046803399659768 0.0
4.047910878726718 0.0
4.049018660874831 0.0
4.050126746187051 0.0
4.051235134746346 0.0
4.052343826635703 0.0
4.053452821938133 0.0
4.054562120736671 0.0
4.055671723114376 0.0
4.056781629154324 0.0
4.0578918389396215 0.0
4.0590023525533905 0.0
4.0601131700787825 0.0
4.061224291598965 0.0
4.062335717197131 0.0
4.063447446956501 0.0
4.064559480960311 0.0
4.065671819291824 0.0
4.066784462034322 0.0
4.067897409271116 0.0
4.069010661085534 0.0
4.070124217560931 0.0
4.071238078780682 0.0
4.072352244828184 0.0
4.07346671578686 0.0
4.074581491740155 0.0
4.075696572771534 0.0
4.076811958964488 0.0
4.077927650402531 0.0
4.079043647169199 0.0
4.080159949348047 0.0
4.08127655702266 0.0
4.082393470276641 0.0
4.083510689193618 0.0
4.084628213857239 0.0
4.085746044351179 0.0
4.086864180759132 0.0
4.0879826231648195 0.0
4.0891013716519815 0.0
4.090220426304382 0.0
4.0913397872058095 0.0
4.092459454440074 0.0
4.093579428091009 0.0
4.09469970824247 0.0
4.095820294978338 0.0
4.096941188382514 0.0
4.098062388538924 0.0
4.099183895531516 0.0
4.100305709444259 0.0
4.10142783036115 0.0
4.102550258366206 0.0
4.103672993543464 0.0
4.104796035976991 0.0
4.1059193857508705 0.0
4.107043042949212 0.0
4.1081670076561485 0.0
4.109291279955835 0.0
4.1104158599324485 0.0
4.111540747670191 0.0
4.112665943253287 0.0
4.113791446765984 0.0
4.114917258292552 0.0
4.1160433779172845 0.0
4.117169805724497 0.0
4.11829654179853 0.0
4.119423586223746 0.0
4.1205509390845325 0.0
4.1216786004652946 0.0
4.122806570450466 0.0
4.123934849124504 0.0
4.125063436571884 0.0
4.126192332877109 0.0
4.127321538124701 0.0
4.128451052399209 0.0
4.129580875785203 0.0
4.130711008367278 0.0
4.13184145023005 0.0
4.132972201458161 0.0
4.134103262136271 0.0
4.13523463234907 0.0
4.136366312181265 0.0
4.137498301717589 0.0
4.138630601042798 0.0
4.139763210241673 0.0
4.140896129399016 0.0
4.14202935859965 0.0
4.143162897928427 0.0
4.144296747470216 0.0
4.145430907309915 0.0
4.146565377532442 0.0
4.147700158222737 0.0
4.148835249465766 0.0
4.149970651346518 0.0
4.151106363950003 0.0
4.152242387361258 0.0
4.153378721665339 0.0
4.154515366947328 0.0
4.155652323292328 0.0
4.15678959078547 0.0
4.157927169511902 0.0
4.159065059556802 0.0
4.160203261005364 0.0
4.161341773942812 0.0
4.162480598454389 0.0
4.163619734625362 0.0
4.164759182541024 0.0
4.165898942286689 0.0
4.167039013947694 0.0
4.168179397609401 0.0
4.169320093357193 0.0
4.170461101276478 0.0
4.171602421452691 0.0
4.1727440539712815 0.0
4.173885998917729 0.0
4.175028256377537 0.0
4.176170826436229 0.0
4.1773137091793515 0.0
4.178456904692479 0.0
4.1796004130612046 0.0
4.180744234371147 0.0
4.181888368707949 0.0
4.183032816157276 0.0
4.184177576804815 0.0
4.185322650736278 0.0
4.186468038037404 0.0
4.187613738793949 0.0
4.188759753091698 0.0
4.189906081016455 0.0
4.1910527226540495 0.0
4.1921996780903354 0.0
4.1933469474111895 0.0
4.194494530702512 0.0
4.195642428050226 0.0
4.1967906395402785 0.0
4.1979391652586395 0.0
4.199088005291305 0.0
4.20023715972429 0.0
4.201386628643637 0.0
4.202536412135411 0.0
4.203686510285701 0.0
4.204836923180617 0.0
4.205987650906296 0.0
4.207138693548896 0.0
4.2082900511946 0.0
4.209441723929614 0.0
4.210593711840168 0.0
4.211746015012515 0.0
4.212898633532933 0.0
4.21405156748772 0.0
4.215204816963205 0.0
4.21635838204573 0.0
4.217512262821669 0.0
4.218666459377417 0.0
4.219820971799393 0.0
4.22097580017404 0.0
4.222130944587823 0.0
4.223286405127231 0.0
4.224442181878779 0.0
4.225598274929004 0.0
4.226754684364465 0.0
4.227911410271748 0.0
4.229068452737459 0.0
4.230225811848232 0.0
4.231383487690723 0.0
4.232541480351608 0.0
4.233699789917592 0.0
4.234858416475403 0.0
4.23601736011179 0.0
4.237176620913526 0.0
4.23833619896741 0.0
4.239496094360264 0.0
4.240656307178934 0.0
4.241816837510287 0.0
4.242977685441218 0.0
4.244138851058642 0.0
4.245300334449501 0.0
4.246462135700758 0.0
4.247624254899403 0.0
4.248786692132445 0.0
4.249949447486922 0.0
4.251112521049894 0.0
4.252275912908442 0.0
4.253439623149674 0.0
4.254603651860723 0.0
4.255767999128743 0.0
4.25693266504091 0.0
4.25809764968443 0.0
4.2592629531465285 0.0
4.260428575514455 0.0
4.261594516875484 0.0
4.262760777316914 0.0
4.263927356926066 0.0
4.265094255790288 0.0
4.2662614739969476 0.0
4.267429011633439 0.0
4.268596868787181 0.0
4.269765045545613 0.0
4.270933541996204 0.0
4.272102358226439 0.0
4.273271494323833 0.0
4.274440950375925 0.0
4.2756107264702745 0.0
4.276780822694466 0.0
4.277951239136112 0.0
4.279121975882842 0.0
4.280293033022315 0.0
4.2814644106422115 0.0
4.2826361088302365 0.0
4.283808127674121 0.0
4.284980467261614 0.0
4.286153127680497 0.0
4.2873261090185695 0.0
4.288499411363656 0.0
4.289673034803606 0.0
4.290846979426293 0.0
4.292021245319615 0.0
4.2931958325714925 0.0
4.294370741269871 0.0
4.295545971502721 0.0
4.296721523358035 0.0
4.29789739692383 0.0
4.299073592288149 0.0
4.300250109539057 0.0
4.301426948764647 0.0
4.302604110053028 0.0
4.3037815934923405 0.0
4.304959399170748 0.0
4.3061375271764355 0.0
4.3073159775976135 0.0
4.3084947505225175 0.0
4.309673846039405 0.0
4.31085326423656 0.0
4.312033005202291 0.0
4.313213069024926 0.0
4.314393455792823 0.0
4.315574165594361 0.0
4.316755198517944 0.0
4.317936554651999 0.0
4.31911823408498 0.0
4.3203002369053625 0.0
4.321482563201647 0.0
4.322665213062358 0.0
4.323848186576046 0.0
4.3250314838312836 0.0
4.326215104916667 0.0
4.32739904992082 0.0
4.328583318932388 0.0
4.329767912040042 0.0
4.330952829332475 0.0
4.332138070898408 0.0
4.333323636826581 0.0
4.334509527205764 0.0
4.33569574212475 0.0
4.336882281672352 0.0
4.3380691459374106 0.0
4.339256335008792 0.0
4.340443848975385 0.0
4.341631687926102 0.0
4.342819851949882 0.0
4.344008341135686 0.0
4.3451971555724995 0.0
4.346386295349335 0.0
4.347575760555225 0.0
4.348765551279232 0.0
4.349955667610438 0.0
4.35114610963795 0.0
4.352336877450904 0.0
4.353527971138453 0.0
4.354719390789782 0.0
4.355911136494093 0.0
4.35710320834062 0.0
4.358295606418614 0.0
4.359488330817356 0.0
4.360681381626151 0.0
4.361874758934322 0.0
4.363068462831226 0.0
4.364262493406238 0.0
4.3654568507487586 0.0
4.366651534948213 0.0
4.367846546094054 0.0
4.369041884275754 0.0
4.3702375495828125 0.0
4.3714335421047545 0.0
4.372629861931127 0.0
4.3738265091515025 0.0
4.375023483855477 0.0
4.376220786132675 0.0
4.377418416072741 0.0
4.378616373765345 0.0
4.379814659300184 0.0
4.381013272766977 0.0
4.382212214255468 0.0
4.383411483855426 0.0
4.3846110816566455 0.0
4.385811007748943 0.0
4.3870112622221615 0.0
4.388211845166169 0.0
4.389412756670858 0.0
4.390613996826142 0.0
4.391815565721965 0.0
4.393017463448292 0.0
4.394219690095112 0.0
4.395422245752441 0.0
4.3966251305103174 0.0
4.397828344458807 0.0
4.399031887687999 0.0
4.400235760288004 0.0
4.401439962348961 0.0
4.402644493961034 0.0
4.403849355214412 0.0
4.4050545461993025 0.0
4.406260067005947 0.0
4.407465917724606 0.0
4.408672098445562 0.0
4.409878609259131 0.0
4.411085450255646 0.0
4.4122926215254665 0.0
4.41350012315898 0.0
4.414707955246595 0.0
4.415916117878746 0.0
4.417124611145893 0.0
4.41833343513852 0.0
4.419542589947136 0.0
4.420752075662273 0.0
4.421961892374491 0.0
4.423172040174373 0.0
4.424382519152528 0.0
4.425593329399586 0.0
4.426804471006207 0.0
4.428015944063073 0.0
4.42922774866089 0.0
4.43043988489039 0.0
4.431652352842331 0.0
4.432865152607496 0.0
4.434078284276689 0.0
4.435291747940742 0.0
4.436505543690511 0.0
4.437719671616877 0.0
4.438934131810749 0.0
4.4401489243630525 0.0
4.441364049364749 0.0
4.442579506906814 0.0
4.443795297080257 0.0
4.4450114199761055 0.0
4.446227875685416 0.0
4.447444664299271 0.0
4.448661785908772 0.0
4.44987924060505 0.0
4.4510970284792615 0.0
4.452315149622587 0.0
4.453533604126228 0.0
4.454752392081419 0.0
4.455971513579412 0.0
4.457190968711487 0.0
4.458410757568949 0.0
4.459630880243128 0.0
4.460851336825379 0.0
4.462072127407081 0.0
4.463293252079641 0.0
4.464514710934488 0.0
4.465736504063075 0.0
4.466958631556884 0.0
4.468181093507419 0.0
4.469403890006211 0.0
4.4706270211448125 0.0
4.471850487014806 0.0
4.473074287707797 0.0
4.474298423315413 0.0
4.475522893929311 0.0
4.476747699641173 0.0
4.4779728405427015 0.0
4.479198316725627 0.0
4.480424128281708 0.0
4.481650275302724 0.0
4.482876757880479 0.0
4.484103576106808 0.0
4.485330730073564 0.0
4.486558219872629 0.0
4.487786045595909 0.0
4.489014207335336 0.0
4.490242705182867 0.0
4.491471539230483 0.0
4.492700709570194 0.0
4.493930216294029 0.0
4.4951600594940455 0.0
4.496390239262329 0.0
4.497620755690984 0.0
4.498851608872146 0.0
4.500082798897971 0.0
4.501314325860644 0.0
4.502546189852374 0.0
4.503778390965396 0.0
4.505010929291966 0.0
4.50624380492437 0.0
4.507477017954917 0.0
4.5087105684759425 0.0
4.509944456579808 0.0
4.511178682358898 0.0
4.512413245905623 0.0
4.51364814731242 0.0
4.514883386671748 0.0
4.516118964076096 0.0
4.517354879617975 0.0
4.518591133389923 0.0
4.519827725484502 0.0
4.5210646559943 0.0
4.52230192501193 0.0
4.523539532630032 0.0
4.524777478941267 0.0
4.526015764038329 0.0
4.527254388013928 0.0
4.528493350960806 0.0
4.52973265297173 0.0
4.530972294139488 0.0
4.532212274556899 0.0
4.533452594316804 0.0
4.534693253512068 0.0
4.535934252235586 0.0
4.537175590580274 0.0
4.5384172686390745 0.0
4.53965928650496 0.0
4.540901644270922 0.0
4.54214434202998 0.0
4.543387379875181 0.0
4.5446307578995935 0.0
4.545874476196315 0.0
4.547118534858464 0.0
4.548362933979192 0.0
4.5496076736516695 0.0
4.550852753969094 0.0
4.55209817502469 0.0
4.5533439369117055 0.0
4.554590039723415 0.0
4.5558364835531195 0.0
4.557083268494143 0.0
4.558330394639839 0.0
4.559577862083581 0.0
4.560825670918774 0.0
4.562073821238846 0.0
4.563322313137248 0.0
4.5645711467074594 0.0
4.5658203220429865 0.0
4.567069839237359 0.0
4.56831969838413 0.0
4.569569899576884 0.0
4.570820442909227 0.0
4.57207132847479 0.0
4.573322556367232 0.0
4.574574126680239 0.0
4.575826039507517 0.0
4.577078294942803 0.0
4.5783308930798565 0.0
4.579583834012467 0.0
4.5808371178344425 0.0
4.582090744639623 0.0
4.583344714521871 0.0
4.584599027575075 0.0
4.585853683893152 0.0
4.587108683570042 0.0
4.588364026699709 0.0
4.5896197133761465 0.0
4.590875743693372 0.0
4.592132117745429 0.0
4.593388835626386 0.0
4.594645897430338 0.0
4.595903303251406 0.0
4.597161053183736 0.0
4.598419147321501 0.0
4.599677585758897 0.0
4.60093636859015 0.0
4.602195495909508 0.0
4.6034549678112455 0.0
4.604714784389666 0.0
4.605974945739094 0.0
4.607235451953883 0.0
4.608496303128412 0.0
4.609757499357084 0.0
4.61101904073433 0.0
4.612280927354607 0.0
4.613543159312396 0.0
4.614805736702204 0.0
4.6160686596185645 0.0
4.617331928156037 0.0
4.618595542409208 0.0
4.619859502472688 0.0
4.621123808441114 0.0
4.62238846040915 0.0
4.623653458471484 0.0
4.62491880272283 0.0
4.626184493257929 0.0
4.627450530171548 0.0
4.62871691355848 0.0
4.629983643513544 0.0
4.631250720131584 0.0
4.632518143507469 0.0
4.633785913736097 0.0
4.63505403091239 0.0
4.636322495131296 0.0
4.637591306487789 0.0
4.6388604650768706 0.0
4.640129970993567 0.0
4.64139982433293 0.0
4.6426700251900375 0.0
4.643940573659995 0.0
4.64521146983793 0.0
4.646482713819002 0.0
4.647754305698393 0.0
4.649026245571311 0.0
4.65029853353299 0.0
4.651571169678691 0.0
4.652844154103702 0.0
4.654117486903335 0.0
4.655391168172927 0.0
4.656665198007845 0.0
4.6579395765034795 0.0
4.659214303755247 0.0
4.660489379858593 0.0
4.661764804908984 0.0
4.663040579001917 0.0
4.664316702232913 0.0
4.665593174697522 0.0
4.6668699964913145 0.0
4.6681471677098925 0.0
4.669424688448882 0.0
4.670702558803936 0.0
4.671980778870732 0.0
4.673259348744976 0.0
4.674538268522397 0.0
4.675817538298754 0.0
4.677097158169829 0.0
4.678377128231434 0.0
4.679657448579404 0.0
4.680938119309598 0.0
4.6822191405179066 0.0
4.683500512300245 0.0
4.684782234752554 0.0
4.686064307970799 0.0
4.687346732050973 0.0
4.688629507089098 0.0
4.689912633181218 0.0
4.691196110423406 0.0
4.6924799389117595 0.0
4.693764118742404 0.0
4.69504865001149 0.0
4.696333532815196 0.0
4.697618767249724 0.0
4.6989043534113035 0.0
4.700190291396193 0.0
4.701476581300675 0.0
4.702763223221056 0.0
4.704050217253673 0.0
4.705337563494888 0.0
4.70662526204109 0.0
4.7079133129886905 0.0
4.709201716434132 0.0
4.710490472473882 0.0
4.711779581204436 0.0
4.71306904272231 0.0
4.7143588571240524 0.0
4.715649024506238 0.0
4.716939544965463 0.0
4.718230418598354 0.0
4.7195216455015645 0.0
4.720813225771772 0.0
4.722105159505681 0.0
4.723397446800026 0.0
4.724690087751561 0.0
4.725983082457073 0.0
4.727276431013374 0.0
4.728570133517299 0.0
4.729864190065713 0.0
4.731158600755506 0.0
4.732453365683597 0.0
4.733748484946927 0.0
4.735043958642468 0.0
4.736339786867216 0.0
4.737635969718193 0.0
4.73893250729245 0.0
4.740229399687063 0.0
4.7415266469991355 0.0
4.742824249325796 0.0
4.744122206764201 0.0
4.745420519411532 0.0
4.746719187365 0.0
4.748018210721839 0.0
4.749317589579313 0.0
4.75061732403471 0.0
4.751917414185346 0.0
4.753217860128562 0.0
4.75451866196173 0.0
4.755819819782243 0.0
4.7571213336875235 0.0
4.7584232037750205 0.0
4.759725430142209 0.0
4.761028012886593 0.0
4.7623309521057005 0.0
4.7636342478970874 0.0
4.764937900358333 0.0
4.766241909587052 0.0
4.767546275680876 0.0
4.768850998737467 0.0
4.770156078854516 0.0
4.771461516129739 0.0
4.772767310660878 0.0
4.774073462545703 0.0
4.775379971882009 0.0
4.776686838767619 0.0
4.777994063300383 0.0
4.779301645578178 0.0
4.780609585698906 0.0
4.781917883760499 0.0
4.783226539860912 0.0
4.784535554098129 0.0
4.785844926570162 0.0
4.787154657375046 0.0
4.788464746610845 0.0
4.789775194375653 0.0
4.791086000767585 0.0
4.792397165884786 0.0
4.793708689825428 0.0
4.795020572687711 0.0
4.7963328145698565 0.0
4.797645415570118 0.0
4.798958375786777 0.0
4.800271695318138 0.0
4.801585374262531 0.0
4.80289941271832 0.0
4.804213810783889 0.0
4.805528568557652 0.0
4.80684368613805 0.0
4.80815916362355 0.0
4.809475001112647 0.0
4.8107911987038605 0.0
4.812107756495742 0.0
4.813424674586864 0.0
4.814741953075829 0.0
4.816059592061267 0.0
4.817377591641835 0.0
4.818695951916214 0.0
4.820014672983117 0.0
4.8213337549412785 0.0
4.822653197889464 0.0
4.823973001926465 0.0
4.8252931671510995 0.0
4.826613693662214 0.0
4.827934581558679 0.0
4.829255830939394 0.0
4.830577441903286 0.0
4.831899414549311 0.0
4.833221748976447 0.0
4.8345444452837025 0.0
4.835867503570112 0.0
4.837190923934738 0.0
4.838514706476669 0.0
4.839838851295021 0.0
4.841163358488938 0.0
4.842488228157592 0.0
4.8438134604001775 0.0
4.84513905531592 0.0
4.846465013004074 0.0
4.847791333563915 0.0
4.849118017094752 0.0
4.850445063695917 0.0
4.851772473466771 0.0
4.853100246506702 0.0
4.854428382915124 0.0
4.855756882791479 0.0
4.857085746235239 0.0
4.858414973345899 0.0
4.859744564222981 0.0
4.8610745189660385 0.0
4.862404837674649 0.0
4.863735520448419 0.0
4.865066567386981 0.0
4.866397978589993 0.0
4.867729754157146 0.0
4.869061894188151 0.0
4.870394398782754 0.0
4.871727268040719 0.0
4.873060502061847 0.0
4.8743941009459615 0.0
4.875728064792911 0.0
4.877062393702577 0.0
4.878397087774863 0.0
4.879732147109703 0.0
4.881067571807058 0.0
4.882403361966915 0.0
4.883739517689291 0.0
4.885076039074226 0.0
4.886412926221793 0.0
4.887750179232087 0.0
4.889087798205233 0.0
4.890425783241385 0.0
4.891764134440721 0.0
4.893102851903448 0.0
4.894441935729801 0.0
4.895781386020042 0.0
4.89712120287446 0.0
4.898461386393372 0.0
4.89980193667712 0.0
4.901142853826079 0.0
4.902484137940648 0.0
4.903825789121251 0.0
4.905167807468343 0.0
4.906510193082406 0.0
4.90785294606395 0.0
4.909196066513511 0.0
4.910539554531652 0.0
4.911883410218966 0.0
4.913227633676071 0.0
4.914572225003614 0.0
4.91591718430227 0.0
4.917262511672739 0.0
4.918608207215753 0.0
4.919954271032067 0.0
4.921300703222466 0.0
4.922647503887763 0.0
4.923994673128795 0.0
4.925342211046431 0.0
4.9266901177415665 0.0
4.9280383933151235 0.0
4.92938703786805 0.0
4.930736051501327 0.0
4.932085434315959 0.0
4.933435186412977 0.0
4.934785307893444 0.0
4.936135798858446 0.0
4.937486659409101 0.0
4.938837889646552 0.0
4.940189489671971 0.0
4.9415414595865546 0.0
4.942893799491532 0.0
4.944246509488156 0.0
4.945599589677709 0.0
4.946953040161501 0.0
4.948306861040871 0.0
4.9496610524171825 0.0
4.951015614391829 0.0
4.952370547066231 0.0
4.9537258505418365 0.0
4.955081524920124 0.0
4.956437570302596 0.0
4.957793986790783 0.0
4.959150774486247 0.0
4.960507933490575 0.0
4.961865463905381 0.0
4.963223365832309 0.0
4.964581639373029 0.0
4.965940284629241 0.0
4.967299301702669 0.0
4.9686586906950705 0.0
4.970018451708227 0.0
4.971378584843947 0.0
4.972739090204069 0.0
4.974099967890458 0.0
4.975461218005011 0.0
4.976822840649644 0.0
4.978184835926311 0.0
4.979547203936988 0.0
4.980909944783679 0.0
4.98227305856842 0.0
4.98363654539327 0.0
4.985000405360317 0.0
4.98636463857168 0.0
4.987729245129503 0.0
4.989094225135959 0.0
4.990459578693249 0.0
4.9918253059036015 0.0
4.993191406869274 0.0
4.994557881692549 0.0
4.995924730475741 0.0
4.997291953321191 0.0
4.998659550331267 0.0
5.000027521608365 0.0
5.001395867254912 0.0
5.002764587373359 0.0
5.004133682066187 0.0
5.005503151435905 0.0
5.00687299558505 0.0
5.008243214616188 0.0
5.0096138086319115 0.0
5.010984777734841 0.0
5.012356122027626 0.0
5.013727841612942 0.0
5.015099936593498 0.0
5.016472407072026 0.0
5.017845253151288 0.0
5.019218474934071 0.0
5.020592072523195 0.0
5.021966046021509 0.0
5.023340395531882 0.0
5.02471512115722 0.0
5.026090223000452 0.0
5.027465701164536 0.0
5.028841555752459 0.0
5.030217786867238 0.0
5.031594394611914 0.0
5.03297137908956 0.0
5.034348740403273 0.0
5.035726478656185 0.0
5.037104593951448 0.0
5.038483086392249 0.0
5.039861956081799 0.0
5.04124120312334 0.0
5.042620827620139 0.0
5.044000829675496 0.0
5.045381209392735 0.0
5.046761966875209 0.0
5.048143102226302 0.0
5.049524615549424 0.0
5.050906506948012 0.0
5.052288776525534 0.0
5.053671424385486 0.0
5.055054450631392 0.0
5.056437855366803 0.0
5.057821638695299 0.0
5.059205800720489 0.0
5.060590341546011 0.0
5.0619752612755295 0.0
5.063360560012738 0.0
5.064746237861359 0.0
5.066132294925143 0.0
5.067518731307869 0.0
5.068905547113344 0.0
5.070292742445405 0.0
5.071680317407914 0.0
5.073068272104765 0.0
5.0744566066398775 0.0
5.075845321117203 0.0
5.077234415640719 0.0
5.078623890314432 0.0
5.080013745242375 0.0
5.081403980528612 0.0
5.082794596277236 0.0
5.084185592592366 0.0
5.085576969578151 0.0
5.086968727338768 0.0
5.088360865978424 0.0
5.089753385601352 0.0
5.091146286311814 0.0
5.092539568214105 0.0
5.0939332314125405 0.0
5.09532727601147 0.0
5.096721702115271 0.0
5.098116509828351 0.0
5.099511699255142 0.0
5.100907270500107 0.0
5.102303223667737 0.0
5.1036995588625516 0.0
5.105096276189101 0.0
5.10649337575196 0.0
5.107890857655736 0.0
5.109288722005061 0.0
5.110686968904602 0.0
5.112085598459048 0.0
5.113484610773119 0.0
5.114884005951565 0.0
5.116283784099162 0.0
5.117683945320717 0.0
5.119084489721066 0.0
5.120485417405073 0.0
5.121886728477628 0.0
5.123288423043654 0.0
5.124690501208098 0.0
5.126092963075943 0.0
5.127495808752193 0.0
5.128899038341883 0.0
5.13030265195008 0.0
5.131706649681878 0.0
5.133111031642397 0.0
5.134515797936789 0.0
5.135920948670234 0.0
5.137326483947939 0.0
5.138732403875144 0.0
5.140138708557112 0.0
5.14154539809914 0.0
5.1429524726065505 0.0
5.144359932184698 0.0
5.145767776938962 0.0
5.147176006974754 0.0
5.148584622397513 0.0
5.149993623312705 0.0
5.151403009825828 0.0
5.152812782042409 0.0
5.154222940068 0.0
5.155633484008188 0.0
5.157044413968581 0.0
5.158455730054824 0.0
5.159867432372585 0.0
5.161279521027564 0.0
5.162691996125487 0.0
5.164104857772114 0.0
5.16551810607323 0.0
5.166931741134648 0.0
5.168345763062213 0.0
5.169760171961799 0.0
5.171174967939304 0.0
5.172590151100663 0.0
5.174005721551834 0.0
5.175421679398804 0.0
5.176838024747593 0.0
5.178254757704247 0.0
5.179671878374842 0.0
5.181089386865482 0.0
5.182507283282301 0.0
5.183925567731462 0.0
5.185344240319157 0.0
5.186763301151607 0.0
5.188182750335061 0.0
5.1896025879758 0.0
5.191022814180131 0.0
5.192443429054391 0.0
5.193864432704947 0.0
5.195285825238194 0.0
5.196707606760556 0.0
5.1981297773784885 0.0
5.199552337198474 0.0
5.200975286327024 0.0
5.202398624870678 0.0
5.20382235293601 0.0
5.205246470629617 0.0
5.206670978058127 0.0
5.208095875328199 0.0
5.20952116254652 0.0
5.2109468398198056 0.0
5.212372907254802 0.0
5.213799364958284 0.0
5.215226213037054 0.0
5.2166534515979475 0.0
5.218081080747824 0.0
5.219509100593577 0.0
5.220937511242127 0.0
5.222366312800423 0.0
5.223795505375446 0.0
5.225225089074204 0.0
5.226655064003733 0.0
5.228085430271104 0.0
5.2295161879834104 0.0
5.230947337247778 0.0
5.232378878171363 0.0
5.233810810861351 0.0
5.235243135424954 0.0
5.236675851969415 0.0
5.238108960602008 0.0
5.239542461430034 0.0
5.2409763545608214 0.0
5.2424106401017365 0.0
5.243845318160165 0.0
5.245280388843528 0.0
5.246715852259274 0.0
5.2481517085148806 0.0
5.249587957717855 0.0
5.251024599975735 0.0
5.252461635396086 0.0
5.2538990640865055 0.0
5.255336886154618 0.0
5.256775101708078 0.0
5.25821371085457 0.0
5.259652713701808 0.0
5.2610921103575325 0.0
5.26253190092952 0.0
5.263972085525571 0.0
5.265412664253516 0.0
5.266853637221217 0.0
5.268295004536567 0.0
5.2697367663074814 0.0
5.271178922641914 0.0
5.272621473647842 0.0
5.274064419433275 0.0
5.275507760106251 0.0
5.276951495774838 0.0
5.278395626547134 0.0
5.279840152531265 0.0
5.281285073835388 0.0
5.282730390567691 0.0
5.284176102836389 0.0
5.285622210749725 0.0
5.287068714415978 0.0
5.288515613943449 0.0
5.289962909440476 0.0
5.291410601015421 0.0
5.292858688776678 0.0
5.294307172832671 0.0
5.295756053291852 0.0
5.297205330262704 0.0
5.298655003853739 0.0
5.3001050741735005 0.0
5.3015555413305595 0.0
5.303006405433518 0.0
5.304457666591007 0.0
5.305909324911686 0.0
5.307361380504248 0.0
5.308813833477412 0.0
5.310266683939927 0.0
5.311719932000576 0.0
5.313173577768168 0.0
5.3146276213515415 0.0
5.316082062859565 0.0
5.31753690240114 0.0
5.318992140085195 0.0
5.320447776020686 0.0
5.321903810316604 0.0
5.323360243081967 0.0
5.324817074425822 0.0
5.3262743044572485 0.0
5.327731933285355 0.0
5.329189961019276 0.0
5.330648387768182 0.0
5.33210721364127 0.0
5.333566438747766 0.0
5.3350260631969295 0.0
5.336486087098045 0.0
5.337946510560433 0.0
5.339407333693437 0.0
5.340868556606435 0.0
5.342330179408835 0.0
5.343792202210073 0.0
5.345254625119615 0.0
5.346717448246959 0.0
5.348180671701631 0.0
5.349644295593188 0.0
5.351108320031216 0.0
5.352572745125331 0.0
5.354037570985181 0.0
5.355502797720442 0.0
5.356968425440822 0.0
5.358434454256056 0.0
5.359900884275911 0.0
5.361367715610182 0.0
5.3628349483686995 0.0
5.364302582661318 0.0
5.365770618597924 0.0
5.367239056288437 0.0
5.3687078958428 0.0
5.370177137370993 0.0
5.371646780983022 0.0
5.373116826788927 0.0
5.374587274898772 0.0
5.376058125422656 0.0
5.377529378470706 0.0
5.379001034153081 0.0
5.380473092579968 0.0
5.381945553861586 0.0
5.3834184181081834 0.0
5.384891685430038 0.0
5.386365355937457 0.0
5.387839429740781 0.0
5.389313906950379 0.0
5.390788787676652 0.0
5.3922640720300254 0.0
5.393739760120962 0.0
5.39521585205995 0.0
5.396692347957511 0.0
5.398169247924194 0.0
5.39964655207058 0.0
5.401124260507281 0.0
5.402602373344937 0.0
5.404080890694219 0.0
5.40555981266583 0.0
5.407039139370502 0.0
5.408518870918996 0.0
5.4099990074221065 0.0
5.411479548990654 0.0
5.4129604957354935 0.0
5.41444184776751 0.0
5.415923605197614 0.0
5.417405768136753 0.0
5.4188883366959 0.0
5.420371310986059 0.0
5.421854691118269 0.0
5.423338477203593 0.0
5.424822669353127 0.0
5.426307267678 0.0
5.427792272289366 0.0
5.429277683298416 0.0
5.430763500816365 0.0
5.432249724954463 0.0
5.433736355823987 0.0
5.435223393536248 0.0
5.436710838202584 0.0
5.438198689934367 0.0
5.439686948842997 0.0
5.441175615039905 0.0
5.442664688636551 0.0
5.444154169744429 0.0
5.445644058475063 0.0
5.447134354940002 0.0
5.448625059250833 0.0
5.45011617151917 0.0
5.451607691856656 0.0
5.453099620374967 0.0
5.45459195718581 0.0
5.456084702400922 0.0
5.457577856132066 0.0
5.459071418491044 0.0
5.460565389589682 0.0
5.46205976953984 0.0
5.463554558453406 0.0
5.465049756442301 0.0
5.466545363618476 0.0
5.468041380093911 0.0
5.46953780598062 0.0
5.471034641390643 0.0
5.472531886436055 0.0
5.474029541228959 0.0
5.47552760588149 0.0
5.477026080505815 0.0
5.4785249652141275 0.0
5.480024260118656 0.0
5.481523965331656 0.0
5.483024080965416 0.0
5.484524607132258 0.0
5.486025543944528 0.0
5.487526891514609 0.0
5.489028649954909 0.0
5.490530819377872 0.0
5.492033399895971 0.0
5.493536391621708 0.0
5.495039794667617 0.0
5.496543609146266 0.0
5.498047835170247 0.0
5.499552472852189 0.0
5.50105752230475 0.0
5.502562983640615 0.0
5.504068856972507 0.0
5.505575142413173 0.0
5.507081840075395 5.2788753159244145e-25
5.508588950071985 4.3504131584930005e-24
5.5100964725157855 1.524794612566231e-23
5.511604407519671 3.4178063072114537e-23
5.513112755196543 4.655875007496574e-23
5.5146215156593374 4.767373925214267e-23
5.516130689021024 4.7796765546191013e-23
5.517640275394596 4.791975030212819e-23
5.5191502748930805 4.8031186269419454e-23
5.52066068762954 4.780464575649981e-23
5.522171513717064 4.736407599354725e-23
5.523682753268771 4.72e-23
5.525194406397813 4.7271691583657723e-23
5.526706473217375 4.7440065637433903e-23
5.5282189538406685 4.765947390809755e-23
5.529731848380939 4.7873001006237855e-23
5.531245156951461 4.8025144053463845e-23
5.532758879665543 4.8011413800708645e-23
5.534273016636523 4.783645259829201e-23
5.535787567977768 4.761399814640161e-23
5.537302533802679 4.7388106167490285e-23
5.538817914224685 4.7192887295823125e-23
5.54033370935725 4.719183563678785e-23
5.541849919313866 4.7507181660891135e-23
5.543366544208056 4.8190703976740244e-23
5.544883584153375 4.9175305387894093e-23
5.54640103926341 5.021178463044467e-23
5.547918909651779 5.0844965246419275e-23
5.549437195432128 5.094978306617781e-23
5.550955896718138 5.074894967803019e-23
5.5524750136235195 5.0357222548360337e-23
5.553994546262015 4.9935044362515444e-23
5.555514494747392 4.9507509596093117e-23
5.557034859193459 4.9096801204337575e-23
5.558555639714051 4.871668797479531e-23
5.560076836423033 4.835054031791745e-23
5.561598449434302 4.7992710394312966e-23
5.563120478861787 4.7665450418283383e-23
5.564642924819448 4.737976848751944e-23
5.566165787421275 4.712462015099512e-23
5.5676890667812895 4.694110159837174e-23
5.569212763013546 4.6818583833794224e-23
5.570736876232129 4.6696762910018355e-23
5.572261406551153 4.6617930982940204e-23
5.573786354084767 4.66095602642241e-23
5.575311718947146 4.677122418877577e-23
5.5768375012525 4.7037164657436753e-23
5.578363701115073 4.721182149533002e-23
5.579890318649134 4.7286320762444935e-23
5.581417353968987 4.73e-23
5.582944807188965 4.73e-23
5.584472678423436 4.73e-23
5.586000967786795 4.73e-23
5.587529675393471 4.73e-23
5.589058801357925 4.725370651553074e-23
5.5905883457946475 4.6964695493940146e-23
5.592118308818158 4.659452945973478e-23
5.593648690543013 4.643675203308286e-23
5.595179491083798 4.643031276065352e-23
5.5967107105551275 4.648451388053816e-23
5.598242349071651 4.6545124430260746e-23
5.599774406748045 4.660571462709302e-23
5.6013068836990225 4.6666294038738113e-23
5.602839780039323 4.6755415046652555e-23
5.604373095883722 4.688361825088383e-23
5.605906831347024 4.7043764024316935e-23
5.607440986544065 4.716726964982196e-23
5.60897556158971 4.72e-23
5.610510556598861 4.6991290740521197e-23
5.612045971686448 4.6681463992282833e-23
5.6135818069674315 4.6701217329967e-23
5.615118062556806 4.702479166515716e-23
5.616654738569596 4.746577172581758e-23
5.618191835120857 4.779461160563001e-23
5.6197293523256775 4.792049045543258e-23
5.621267290299178 4.7895452114224285e-23
5.622805649156506 4.773198425643429e-23
5.6243444290128455 4.7511323363871323e-23
5.625883629983413 4.7333482532044706e-23
5.62742325218345 4.730767814662431e-23
5.6289632957282345 4.7522984295259543e-23
5.630503760733076 4.7840331119135456e-23
5.632044647313313 4.8077276348908515e-23
5.6335859555843175 4.802716084718228e-23
5.635127685661493 2.3556931759399907e-21
5.636669837660274 1.0246863751217038e-20
5.638212411696126 2.1693487593051807e-20
5.639755407884549 3.3461666296807045e-20
5.641298826341071 4.474824236765339e-20
5.642842667181252 5.528007551465973e-20
5.644386930520687 6.526897859782175e-20
5.645931616474998 7.457765116996387e-20
5.647476725159844 8.334421314979307e-20
5.649022256690911 9.13938648879593e-20
5.650568211183916 9.878238654103056e-20
5.652114588754614 1.0589942198170142e-19
5.653661389518787 1.1249266654892148e-19
5.655208613592246 1.1860432876096005e-19
5.65675626109084 1.2460260215531269e-19
5.658304332130447 1.302093471915861e-19
5.659852826826976 1.3491583021959523e-19
5.6614017452963665 1.3956936432694878e-19
5.662951087654594 1.448498634682651e-19
5.664500854017661 1.5056909095012841e-19
5.666051044501604 1.56429608410226e-19
5.667601659222493 1.6198971695720786e-19
5.669152698296426 1.6692409440328373e-19
5.670704161839536 1.7125716998293322e-19
5.672256049967986 1.7542199915863588e-19
5.6738083627979705 1.7969288478960192e-19
5.675361100445718 1.8428261059532415e-19
5.676914263027486 1.882004595408583e-19
5.678467850659565 1.9087823304995138e-19
5.680021863458281 1.9232792458092466e-19
5.681576301539984 1.9326059268575462e-19
5.683131165021061 1.950886034627215e-19
5.684686454017933 1.9747603884890312e-19
5.686242168647047 1.9987006663703637e-19
5.687798309024885 2.0256150607751105e-19
5.689354875267961 2.0554325896679038e-19
5.690911867492821 2.0852445952717913e-19
5.692469285816042 2.113052147050652e-19
5.6940271303542325 2.1378745618317709e-19
5.695585401224037 2.1646556846558516e-19
5.697144098542125 2.191618155665005e-19
5.698703222425203 2.209671104434189e-19
5.700262772990008 2.225339060336557e-19
5.70182275035331 2.246955747956412e-19
5.703383154631908 2.270752372529604e-19
5.704943985942635 2.2929325755490214e-19
5.706505244402358 2.3091629326298827e-19
5.708066930127972 2.319302507471618e-19
5.709629043236406 2.3264685302197287e-19
5.711191583844622 2.33240952894401e-19
5.712754552069611 2.338348809042175e-19
5.714317948028398 2.344286719908573e-19
5.715881771838043 2.3470323617727246e-19
5.717446023615633 2.3438425211536005e-19
5.719010703478286 2.3328536796142715e-19
5.72057581154316 2.3164287866666044e-19
5.722141347927437 2.3020972560986766e-19
5.723707312748335 2.2902416716598396e-19
5.725273706123103 2.2783883160838567e-19
5.726840528169022 2.2641927877784833e-19
5.7284077790034065 2.247346171657347e-19
5.729975458743601 2.2328490364260237e-19
5.731543567506984 2.2210097225179647e-19
5.7331121054109655 2.2091726419254544e-19
5.734681072572986 2.201627446490982e-19
5.736250469110519 2.1997967205530774e-19
5.7378202951410735 2.1936817816846583e-19
5.739390550782186 2.1818587219991355e-19
5.740961236151427 2.170037900077437e-19
5.742532351366399 2.160142620187643e-19
5.744103896544738 2.1532031708515938e-19
5.74567587180411 2.1388168359540057e-19
5.747248277262215 2.1163558360619258e-19
5.748821113036783 2.0964759549901045e-19
5.750394379245579 2.0838121650083512e-19
5.751968076006399 2.08e-19
5.753542203437071 2.0851526477315562e-19
5.755116761655455 2.0967250495316135e-19
5.756691750779444 2.1119839045008976e-19
5.7582671709269615 2.129660576581668e-19
5.759843022215968 2.1473338761666033e-19
5.76141930476445 2.1603903083467025e-19
5.76299601869043 2.1670561141827642e-19
5.764573164111962 2.1665590294790897e-19
5.7661507411471336 2.1550073269568308e-19
5.767728749914061 2.1287514489039322e-19
5.7693071905308955 2.1015234118359464e-19
5.7708860631158245 2.0860618707446063e-19
5.77246536778706 2.0800910022130142e-19
5.77404510466285 2.08e-19
5.7756252738614755 2.08e-19
5.7772058755012505 2.08e-19
5.778786909700519 2.08e-19
5.780368376577657 2.08e-19
5.781950276251079 2.08050756188529e-19
5.783532608839222 2.08394780282113e-19
5.785115374460564 2.0925575645110886e-19
5.786698573233611 2.1070292893561875e-19
5.788282205276903 2.113443463197763e-19
5.789866270709011 2.1050379600218733e-19
5.7914507696485416 2.090227484746036e-19
5.793035702214131 2.0726570641906277e-19
5.794621068524448 2.0550900452086875e-19
5.796206868698192 2.0375288258161771e-19
5.7977931028541025 2.0199710105151722e-19
5.799379771110945 2.0051447232567573e-19
5.800966873587516 1.9938983357960148e-19
5.8025544104026485 1.9857764610755275e-19
5.804142381675209 1.9784349050567571e-19
5.805730787524093 1.968172483125657e-19
5.807319628068228 1.9518102723771412e-19
5.80890890342658 1.9296095787297554e-19
5.810498613718142 1.9062513794907487e-19
5.812088759061938 1.8839976170099106e-19
5.813679339577032 1.8646661995277385e-19
5.815270355382515 1.847162509972869e-19
5.816861806597512 1.829662240253577e-19
5.818453693341178 1.8121677359619608e-19
5.820046015732707 1.7953562387470622e-19
5.82163877389132 1.781462162206491e-19
5.823231967936271 1.772817512231848e-19
5.82482559798685 1.77e-19
5.826419664162376 1.77e-19
5.828014166582204 1.769522564757714e-19
5.829609105365718 1.7632264420581671e-19
5.831204480632339 1.7515894646616092e-19
5.832800292501516 1.739954775953579e-19
5.834396541092733 1.7245786375044853e-19
5.83599322652551 1.7033906810103344e-19
5.837590348919393 1.6855112071761375e-19
5.839187908393964 1.6746299750778655e-19
5.84078590506884 1.67e-19
5.842384339063668 1.674193322772766e-19
5.843983210498127 1.6870951032485106e-19
5.84558251949193 1.7001039102658766e-19
5.847182266164825 1.707098426850381e-19
5.848782450636589 1.7068928657078232e-19
5.850383073027033 1.701093468050536e-19
5.8519841334560025 1.6952952199621017e-19
5.853585632043375 1.686150484654397e-19
5.855187568909058 1.671298145752565e-19
5.856789944172995 1.6540177607725733e-19
5.858392757955161 1.6369944393290254e-19
5.859996010375565 1.6228567090681485e-19
5.861599701554248 1.612407041690523e-19
5.863203831611284 1.6048528325883097e-19
5.864808400666781 1.5971552493983744e-19
5.8664134088408755 1.5865668199849084e-19
5.868018856253743 1.577696875893061e-19
5.869624743025588 1.5717206397600414e-19
5.8712310692766465 1.5659414487192553e-19
5.872837835127192 1.5615262745135657e-19
5.87444504069753 1.56e-19
5.876052686107997 1.5557272453228158e-19
5.8776607714789595 1.5456584157302766e-19
5.879269296930822 1.531208418088806e-19
5.880878262584025 1.513900460285661e-19
5.8824876685590315 1.4965959758835295e-19
5.884097514976346 1.4808556876863857e-19
5.885707801956503 1.4680011998643342e-19
5.887318529620071 1.4564747360080603e-19
5.888929698087649 1.4451537185262423e-19
5.890541307479872 1.4367152991893227e-19
5.892153357917406 1.4319180412139781e-19
5.8937658495209515 1.43e-19
5.895378782411241 1.4248510514966583e-19
5.896992156709041 1.4110714200891986e-19
5.898605972535149 1.3938147415275053e-19
5.900220230010399 1.376562533044127e-19
5.901834929255655 1.3593149740622122e-19
5.903450070391816 1.343164299009286e-19
5.905065653539811 1.329889733655068e-19
5.906681678820607 1.3202367182091736e-19
5.9082981463552 1.3134574856466918e-19
5.90991505626462 1.3077162500961197e-19
5.911532408669931 1.3024232340597687e-19
5.913150203692232 1.3e-19
5.914768441452651 1.3011829572095137e-19
5.91638712207235 1.3052330843905184e-19
5.918006245672527 1.307133875494136e-19
5.919625812374411 1.303301494313927e-19
5.921245822299264 1.2922782103505633e-19
5.922866275568383 1.2760387496593568e-19
5.924487172303095 1.262230808568825e-19
5.926108512624766 1.2507800822062085e-19
5.927730296654787 1.2393316955029887e-19
5.92935252451459 1.231804136556016e-19
5.930975196325633 1.23e-19
5.932598312209414 1.23e-19
5.934221872287463 1.229463292724612e-19
5.935845876681336 1.2260691707022203e-19
5.937470325512633 1.220354758116517e-19
5.939095218902979 1.2146415183573324e-19
5.940720556974038 1.2089301343334583e-19
5.942346339847504 1.2032199239649218e-19
5.943972567645103 1.1894989880948055e-19
5.945599240488598 1.168268058981531e-19
5.947226358499784 1.152199121502088e-19
5.948853921800488 1.1395644377105098e-19
5.950481930512571 1.124081343390494e-19
5.95211038475793 1.1089081669999894e-19
5.95373928465849 1.0965881060699683e-19
5.955368630336213 1.0851932508184028e-19
5.956998421913096 1.0747487833029644e-19
5.958628659511167 1.07e-19
5.960259343252485 1.0688338801602353e-19
5.961890473259145 1.0648224883666589e-19
5.963522049653278 1.0609886082064236e-19
5.965154072557045 1.06e-19
5.96678654209264 1.0549156565654479e-19
5.968419458382291 1.0441462306257474e-19
5.970052821548264 1.032779241933182e-19
5.971686631712851 1.0224822989997658e-19
5.973320888998382 1.015027490951021e-19
5.97495559352722 1.0067313448414222e-19
5.97659074542176 9.941784983204755e-20
5.9782263448044315 9.831362633545976e-20
5.979862391797699 9.763014751646827e-20
5.98149888652406 9.756808062299021e-20
5.98313582910604 9.790103057623764e-20
5.984773219666206 9.786543191745438e-20
5.986411058327155 9.739048767170081e-20
5.988049345211517 9.657563374911169e-20
5.989688080441956 9.55900176659126e-20
5.991327264141171 9.458465634435267e-20
5.992966896431892 9.382859503127373e-20
5.994606977436884 9.330414927791553e-20
5.996247507278946 9.272323564625117e-20
5.997888486080912 9.208688177395936e-20
5.999529913965644 9.142238314231085e-20
6.001171791056044 9.10534436868878e-20
6.002814117475046 9.110860107947248e-20
6.004456893345614 9.095240271373081e-20
6.006100118790749 9.044102467679759e-20
6.007743793933486 8.983185099860364e-20
6.009387918896893 8.914247599884602e-20
6.01103249380407 8.84250238298526e-20
6.012677518778152 8.772799170738587e-20
6.014322993942309 8.708753105247489e-20
6.015968919419743 8.636840441159443e-20
6.017615295333689 8.551366920413036e-20
6.019262121807419 8.441970721686253e-20
6.0209093989642355 8.320664972857493e-20
6.022557126927476 8.224734929643571e-20
6.024205305820509 8.144329276124918e-20
6.025853935766745 8.061125082263288e-20
6.027503016889618 7.987607423122129e-20
6.029152549312602 7.928178099961078e-20
6.0308025331592034 7.877536669077323e-20
6.032452968552962 7.827557627958933e-20
6.034103855617452 7.755104594409838e-20
6.0357551944762795 7.667650224418812e-20
6.037406985253089 7.585834459885017e-20
6.039059228071554 7.4960032566659e-20
6.040711923055381 7.389337736849411e-20
6.042365070328318 7.277029989444157e-20
6.04401867001414 7.167029595287414e-20
6.045672722236656 7.07950241434292e-20
6.047327227119712 7.02469200922833e-20
6.048982184787187 7.00909853200978e-20
6.050637595362993 7.011513948809703e-20
6.052293458971075 6.997164951875176e-20
6.053949775735416 6.978861608696018e-20
6.055606545780028 6.966166507832388e-20
6.05726376922896 6.933690401526531e-20
6.058921446206295 6.880194628556257e-20
6.0605795768361475 6.833981741949235e-20
6.062238161242668 6.785300110240321e-20
6.0638971995500395 6.711450886914076e-20
6.065556691882483 6.628548975765786e-20
6.067216638364247 6.556850879744437e-20
6.068877039119618 6.518889303546749e-20
6.070537894272919 6.517062969004602e-20
6.0721992039485 6.505679884932141e-20
6.073860968270752 6.47588480639447e-20
6.075523187364096 6.43772053542548e-20
6.077185861352989 6.39787463109482e-20
6.0788489903619185 6.369200538106473e-20
6.08051257451541 6.355803946454939e-20
6.0821766139380244 6.356358821687335e-20
6.083841108754351 6.347764853975538e-20
6.085506059089018 6.320494162652441e-20
6.087171465066685 6.254456215929855e-20
6.0888373268120475 6.152709871895257e-20
6.090503644449833 6.045415478824431e-20
6.092170418104806 5.934028436949334e-20
6.093837647901763 5.822665645571832e-20
6.095505333965537 5.739206303499195e-20
6.09717347642099 5.697508788650043e-20
6.098842075393025 5.679376878587563e-20
6.100511131006574 5.672174051740514e-20
6.102180643386605 5.66363198624867e-20
6.103850612658119 5.647187806801226e-20
6.105521038946156 5.611299366451757e-20
6.107191922375785 5.552081902996183e-20
6.108863263072109 5.473437208076122e-20
6.1105350611602685 5.3808556464179714e-20
6.1122073167654385 5.282742227208888e-20
6.113880030012823 5.19252368329589e-20
6.115553201027666 5.115360405826231e-20
6.117226829935245 5.0673638133061145e-20
6.118900916860868 5.0422309012319935e-20
6.12057546192988 5.0060178622665367e-20
6.12225046526766 4.973204180844884e-20
6.123925926999624 4.9653305376947476e-20
6.125601847251216 4.963592459919768e-20
6.12727822614792 4.9507779209858966e-20
6.128955063815253 4.912971867733624e-20
6.130632360378763 4.849771481188811e-20
6.132310115964035 4.771820971499017e-20
6.133988330696692 4.6892067894975167e-20
6.135667004702386 4.6314916502205904e-20
6.137346138106804 4.5963405724048797e-20
6.1390257310356695 4.5694875481737634e-20
6.140705783614741 4.542262402385107e-20
6.142386295969806 4.5067563411119094e-20
6.144067268226692 4.4837113878946967e-20
6.1457487005112625 4.48e-20
6.147430592949409 4.477250263033798e-20
6.149112945667059 4.469706670939939e-20
6.15079575879018 4.451125292204273e-20
6.152479032444767 4.420481154613774e-20
6.154162766756855 4.3815743226049505e-20
6.155846961852509 4.339015303851716e-20
6.157531617857832 4.299221160308437e-20
6.159216734898959 4.260659419204132e-20
6.160902313102062 4.2221062817334046e-20
6.162588352593344 4.175915496234146e-20
6.164274853499046 4.124802941749668e-20
6.165961815945443 4.1033550400998675e-20
6.167649240058842 4.104035909093226e-20
6.169337125965587 4.0882192949032415e-20
6.171025473792056 4.067236209119058e-20
6.172714283664661 4.06e-20
6.1744035557098496 4.040234783235608e-20
6.176093290054103 3.9902535506051525e-20
6.177783486823939 3.925260096225811e-20
6.179474146145906 3.8548588502026307e-20
6.181165268146592 3.789054434693031e-20
6.182856852952616 3.727645926426826e-20
6.184548900690632 3.6607660885135494e-20
6.186241411487331 3.598528906867966e-20
6.187934385469437 3.5609787787119834e-20
6.189627822763708 3.549473188975074e-20
6.191321723496937 3.557152436980134e-20
6.193016087795955 3.5598161963401053e-20
6.1947109157876215 3.5433050132784425e-20
6.1964062075988355 3.5091853076620385e-20
6.19810196335653 3.4622877799192246e-20
6.199798183187674 3.427612882858853e-20
6.201494867219266 3.4037730211815707e-20
6.203192015578342 3.371735270749255e-20
6.204889628391978 3.339057729698345e-20
6.206587705787276 3.320054079674945e-20
6.208286247891378 3.304367984870356e-20
6.2099852548314605 3.2804889694089623e-20
6.211684726734734 3.259319983460998e-20
6.2133846637284424 3.246348883846758e-20
6.215085065939867 3.230416480160796e-20
6.216785933496325 3.209028875820476e-20
6.2184872665251625 3.187203250499106e-20
6.2201890651537655 3.16400315212099e-20
6.221891329509555 3.1353558638815866e-20
6.223594059719986 3.099218077900022e-20
6.225297255912542 3.05491324607261e-20
6.227000918214755 3.0058738424267355e-20
6.228705046754181 2.956845648369913e-20
6.23040964165841 2.9180182361898687e-20
6.2321147030550765 2.8928137718445587e-20
6.233820231071842 2.8760020975790775e-20
6.235526225836407 2.864437069642389e-20
6.237232687476503 2.850637010088399e-20
6.2389396161199 2.8349613259771155e-20
6.240647011894401 2.822007245663835e-20
6.242354874927845 2.8057633006920116e-20
6.244063205348105 2.775938806838832e-20
6.245772003283093 2.740925866078886e-20
6.2474812688607475 2.711352394184864e-20
6.24919100220905 2.6725853106104836e-20
6.2509012034560145 2.6175398290286186e-20
6.252611872729689 2.5980213093349045e-20
6.254323010158156 2.6244045729439735e-20
6.256034615869536 2.6485031879902934e-20
6.2577466899919845 2.6601420917993562e-20
6.259459232653687 2.6447618905795947e-20
6.261172243982868 2.607695638097548e-20
6.2628857241077895 2.5733464901621783e-20
6.264599673156743 2.540849879773286e-20
6.266314091258058 2.508360796171696e-20
6.2680289785401 2.4690968053219297e-20
6.269744335131268 2.419017069366067e-20
6.271460161159997 2.3712340519292177e-20
6.273176456754756 2.331577284485824e-20
6.274893222044052 2.316350280812631e-20
6.276610457156423 2.324376935760051e-20
6.278328162220444 2.3205947246862043e-20
6.280046337364729 2.3081042615221214e-20
6.28176498271792 2.3118178798572e-20
6.283484098408701 2.3178230172399665e-20
6.2852036845657855 2.2968364552104482e-20
6.286923741317928 2.2703887692038697e-20
6.288644268793911 2.265530161586831e-20
6.290365267122558 2.252821326282616e-20
6.292086736432728 2.2131485102724312e-20
6.293808676853313 2.175635726466218e-20
6.295531088513238 2.151609348037643e-20
6.297253971541469 2.1378251989588178e-20
6.2989773260670034 2.1326934609317787e-20
6.300701152218872 2.1332575782095852e-20
6.302425450126147 2.1393076062321287e-20
6.304150219917933 2.1480468565260766e-20
6.305875461723367 2.1514783479574377e-20
6.307601175671625 2.1360827607353897e-20
6.309327361891917 2.109194120620179e-20
6.311054020513489 2.0823118053358775e-20
6.312781151665622 2.0518384168822922e-20
6.314508755477631 2.0159979757570875e-20
6.31623683207887 1.980566212590535e-20
6.317965381598723 1.9478287395295757e-20
6.319694404166615 1.9283175452502074e-20
6.321423899912003 1.9220104885537258e-20
6.323153868964381 1.9137377717230315e-20
6.3248843114532765 1.901242121921843e-20
6.326615227508254 1.8807063511662342e-20
6.328346617258916 1.8577005036065535e-20
6.330078480834894 1.8454194696560842e-20
6.3318108183658595 1.836133583681338e-20
6.333543629981521 1.818813928513057e-20
6.335276915811619 1.799055843004891e-20
6.337010675985928 1.7819799169230537e-20
6.338744910634263 1.769956716185287e-20
6.340479619886473 1.763288938178582e-20
6.342214803872439 1.7579390216597337e-20
6.343950462722082 1.7527165217263657e-20
6.345686596565358 1.755513187337717e-20
6.347423205532256 1.766978803351675e-20
6.349160289752801 1.7837843768154974e-20
6.350897849357055 1.7971253322310623e-20
6.3526358844751165 1.7810914319589968e-20
6.354374395237118 1.7501312947778285e-20
6.356113381773226 1.735192300589131e-20
6.357852844213646 1.6806389255723876e-20
6.359592782688617 1.5327269051383817e-20
6.361333197328415 1.3894298806159406e-20
6.363074088263351 1.320831009295299e-20
6.364815455623771 1.381728221400931e-20
6.366557299540056 1.5758792338444266e-20
6.368299620142626 1.7204919794037652e-20
6.370042417561934 1.775778543483302e-20
6.371785691928469 1.763776359556556e-20
6.373529443372754 1.701903432716692e-20
6.375273672025354 1.6905929464849373e-20
6.377018378016864 1.720397003019525e-20
6.378763561477912 1.7422163014794253e-20
6.380509222539171 1.7694363334505206e-20
6.382255361331344 1.8258876991313206e-20
6.38400197798517 1.8172714987606282e-20
6.385749072631422 1.643936749473743e-20
6.387496645400915 1.4781195587918412e-20
6.389244696424493 1.4557435786044574e-20
6.390993225833038 1.3974331650505144e-20
6.392742233757472 1.2170359001669492e-20
6.394491720328746 1.0564600314269298e-20
6.396241685677852 9.564150523864549e-21
6.397992129935815 8.667401583469803e-21
6.399743053233697 7.849489877612344e-21
6.401494455702595 7.784697186381153e-21
6.403246337473645 8.20060474100632e-21
6.404998698678014 7.549205626248393e-21
6.40675153944691 6.10917481800145e-21
6.408504859911572 4.8944837693209945e-21
6.410258660203277 4.1484630768934004e-21
6.412012940453339 4.1487173202421756e-21
6.413767700793108 5.255265787757165e-21
6.4155229413539665 7.633550736432636e-21
6.4172786622673375 1.0487227066139696e-20
6.419034863664679 1.3147247572520557e-20
6.420791545677481 1.486964693602666e-20
6.422548708437273 1.5429117738489473e-20
6.424306352075622 1.5400443301174014e-20
6.426064476724128 1.5028466466505375e-20
6.427823082514426 1.430249785066939e-20
6.429582169578191 1.329387625835279e-20
6.4313417380471325 1.28e-20
6.4331017880529915 1.2638059849945925e-20
6.434862319727554 1.1514092432035541e-20
6.436623333202634 9.947561954549572e-21
6.438384828610086 9.698702349281234e-21
6.440146806081799 1.0346019737985447e-20
6.441909265749699 1.0822010676958916e-20
6.443672207745745 1.0773388031321065e-20
6.445435632201938 9.845651298128406e-21
6.44719953925031 9.224333531823675e-21
6.4489639290229315 9.939657171370943e-21
6.450728801651907 1.1109676056391758e-20
6.45249415726938 1.211110879441695e-20
6.454259996007529 1.3199393304718908e-20
6.456026317998568 1.4471398220362753e-20
6.457793123374747 1.450645575817431e-20
6.459560412268354 1.3070283559752633e-20
6.461328184811713 1.2506791187139608e-20
6.463096441137179 1.2998476069398483e-20
6.464865181377151 1.2740975637689333e-20
6.4666344056640614 1.1935054715881718e-20
6.468404114130378 1.2361719790290387e-20
6.4701743069086 1.3634931723813787e-20
6.471944984131274 1.4121570422781527e-20
6.473716145930975 1.3802770297985115e-20
6.475487792440315 1.2855341740913132e-20
6.477259923791944 1.202207650805413e-20
6.479032540118549 1.2414206242015872e-20
6.480805641552848 1.338712425875458e-20
6.482579228227603 1.4129700775040006e-20
6.4843533002756075 1.4989812780482796e-20
6.4861278578296915 1.6242086415257955e-20
6.487902901022724 1.6605248992355468e-20
6.489678429987608 1.542571109922259e-20
6.491454444857283 1.5056131274495683e-20
6.493230945764726 1.6385317335824267e-20
6.495007932842948 1.726234123702552e-20
6.496785406225001 1.7146550184533645e-20
6.498563366043969 1.7399978277252348e-20
6.500341812432975 1.8197401698630952e-20
6.5021207455251755 1.884555874871092e-20
6.503900165453769 1.934553801357155e-20
6.505680072351982 2.013215810937809e-20
6.507460466353086 2.1057131202745452e-20
6.509241347590384 2.1356501471013276e-20
6.511022716197218 2.111997201401946e-20
6.512804572306963 2.0779323922971787e-20
6.514586916053034 2.0745025389456565e-20
6.516369747568882 2.1804077093448452e-20
6.518153066987994 2.3797109235451316e-20
6.519936874443891 2.6310025853903292e-20
6.521721170070135 2.869752795764548e-20
6.523505954000321 3.0252212277647335e-20
6.525291226368083 3.10165949358338e-20
6.5270769873070895 3.1130931983593515e-20
6.528863236951048 3.1746883010537225e-20
6.5306499754337 3.353184386266342e-20
6.532437202888826 3.531240826323447e-20
6.534224919450242 3.6547176952734334e-20
6.536013125251799 3.704916434917372e-20
6.5378018204273864 3.6824252769464383e-20
6.539591005110932 3.531650583217555e-20
6.541380679436396 3.2511969060049963e-20
6.543170843537778 3.05708042159522e-20
6.544961497549116 2.970538463838829e-20
6.546752641604481 2.935449280047499e-20
6.54854427583798 2.95400889274135e-20
6.550336400383761 3.058006185297552e-20
6.552129015376008 3.2358373939089484e-20
6.553922120948939 3.392920171825693e-20
6.555715717236808 3.5441094919141334e-20
6.557509804373911 3.744405918910305e-20
6.5593043824945765 3.9676245125502285e-20
6.5610994517331696 4.14166468366558e-20
6.562895012224095 4.3663295155546376e-20
6.564691064101791 4.823502268181463e-20
6.5664876075007355 5.3568640188258975e-20
6.568284642555442 5.724791327385071e-20
6.570082169400459 6.00743904300062e-20
6.5718801881703754 6.308084823932289e-20
6.573678698999815 6.531477569976903e-20
6.575477702023438 6.6e-20
6.577277197375942 6.56486559963042e-20
6.579077185192062 6.473003695588067e-20
6.580877665606568 6.401643911796628e-20
6.58267863875427 6.392166026114116e-20
6.584480104770014 6.444403784821165e-20
6.586282063788677 6.553308047606859e-20
6.588084515945183 6.746826540102161e-20
6.589887461374487 7.027847660255767e-20
6.59169090021158 7.366066032261899e-20
6.593494832591492 7.750525261276928e-20
6.595299258649291 8.127427636212381e-20
6.597104178520081 8.488797704822652e-20
6.598909592339 8.99564444765689e-20
6.600715500241228 9.648837260668058e-20
6.60252190236198 1.0085661942781351e-19
6.604328798836505 1.0290126876197751e-19
6.606136189800093 1.0281457539587034e-19
6.607944075388071 1.0069076887269646e-19
6.6097524557358 9.802866393513814e-20
6.611561330978679 9.463322319481774e-20
6.613370701252147 8.977681320209066e-20
6.615180566691677 8.428278005098079e-20
6.616990927432779 8.119972471424442e-20
6.618801783611002 8.02647298372794e-20
6.620613135361932 8.038041885649755e-20
6.6224249828211885 8.162270129053213e-20
6.624237326124432 8.39913893385708e-20
6.626050165407361 8.702822253390813e-20
6.627863500805707 8.983391381990728e-20
6.629677332455239 9.326379701099128e-20
6.631491660491768 9.850906392534717e-20
6.63330648505114 1.0584259806185028e-19
6.635121806269233 1.1539866045346296e-19
6.636937624281969 1.2626556257116746e-19
6.638753939225305 1.373851739974794e-19
6.640570751235234 1.4578718611110803e-19
6.642388060447786 1.4907856538375192e-19
6.644205866999031 1.5116828497564474e-19
6.646024171025075 1.5504449031339062e-19
6.647842972662058 1.578448321004573e-19
6.649662272046163 1.578376862540728e-19
6.651482069313605 1.585488240165219e-19
6.6533023646006395 1.6181005447123291e-19
6.655123158043558 1.65339833777438e-19
6.65694444977869 1.6810399500791584e-19
6.658766239942403 1.7334727972604763e-19
6.660588528671099 1.8215589071489347e-19
6.662411316101219 1.9122678078477555e-19
6.664234602369243 1.9953137986056324e-19
6.666058387611686 2.0915114694752692e-19
6.667882671965099 2.20549882143732e-19
6.669707455566078 2.3444596244542646e-19
6.671532738551246 2.508820603501168e-19
6.673358521057269 2.631010110364796e-19
6.67518480322085 2.7023199319658535e-19
6.677011585178731 2.7022579682799365e-19
6.678838867067688 2.6310467843503563e-19
6.680666649024534 2.5011730107960997e-19
6.682494931186126 2.3154598563306086e-19
6.68432371368935 2.180491656947756e-19
6.686152996671135 2.099734559177419e-19
6.687982780268445 2.06e-19
6.689813064618283 2.059747644000791e-19
6.691643849857689 2.0544266208951734e-19
6.6934751361237375 2.047608891367328e-19
6.695306923553547 2.0838545910324378e-19
6.6971392122842675 2.1642992748047343e-19
6.69897200245309 2.287761483423351e-19
6.700805294197241 2.4494716530162917e-19
6.702639087653987 2.60860830979966e-19
6.704473382960627 2.7693559267163807e-19
6.706308180254505 2.955350954787344e-19
6.708143479672998 3.1622877503007357e-19
6.709979281353519 3.3666415166577995e-19
6.71181558543352 3.5543672527119165e-19
6.713652392050497 3.6687783153560523e-19
6.715489701341974 3.7155503338210533e-19
6.7173275134455155 3.72203457225611e-19
6.719165828498728 3.697560098570109e-19
6.721004646639251 3.675490963534609e-19
6.7228439680047645 3.6648853596027123e-19
6.724683792732982 3.694639324700638e-19
6.7265241209616615 3.7718927407570126e-19
6.728364952828593 3.914670109361338e-19
6.730206288471605 4.1055625195761726e-19
6.7320481280285644 4.293883943546698e-19
6.7338904716373795 4.484657989290338e-19
6.735733319435989 4.690490178382653e-19
6.737576671562376 4.951842461949247e-19
6.739420528154557 5.361621911762496e-19
6.741264889350589 5.848062276396625e-19
6.743109755288565 6.248842250450647e-19
6.744955126106618 6.468270055331546e-19
6.746801001942915 6.31302153669158e-19
6.7486473829356655 5.895564983515725e-19
6.750494269223111 5.448067153622247e-19
6.752341660943539 4.971985407039981e-19
6.754189558235268 4.47091764727663e-19
6.756037961236655 4.0353519176591987e-19
6.757886870086098 3.8283274934716107e-19
6.759736284922033 3.8231471445951483e-19
6.761586205882926 3.968495433028234e-19
6.7634366331072915 4.1765985424703407e-19
6.765287566733679 4.29688509235251e-19
6.767139006900673 4.45405217013654e-19
6.768990953746894 4.854265055812405e-19
6.770843407411007 5.415098850618407e-19
6.7726963680317125 6.0008269120953835e-19
6.774549835747745 6.5941042356115275e-19
6.776403810697882 7.167193010276172e-19
6.778258293020938 7.601239619157182e-19
6.780113282855762 7.709910625653466e-19
6.781968780341244 7.643301233685703e-19
6.7838247856163125 7.636724718323008e-19
6.785681298819933 7.631547685476975e-19
6.787538320091109 7.536399308059095e-19
6.789395849568882 7.455680087210113e-19
6.791253887392331 7.552332031313035e-19
6.793112433700577 7.760998608840326e-19
6.79497148863277 7.979593975415495e-19
6.796831052328109 8.320603659861724e-19
6.798691124925824 8.963430544760134e-19
6.8005517065651855 9.729846982950538e-19
6.802412797385501 1.0333958588541634e-18
6.804274397526118 1.0817917660162107e-18
6.806136507126421 1.1249403567405816e-18
6.80799912632583 1.163890059890026e-18
6.809862255263811 1.20033803038301e-18
6.811725894079856 1.2361091812803494e-18
6.813590042913507 1.274360095031104e-18
6.815454701904339 1.3097814073880286e-18
6.817319871191965 1.3327517107860468e-18
6.8191855509160355 1.3253962331005234e-18
6.821051741216241 1.2533843013009037e-18
6.822918442232311 1.1424079878960599e-18
6.82478565410401 1.041652850604705e-18
6.8266533769711435 9.662022719328209e-19
6.828521610973555 9.48155240805159e-19
6.830390356251125 9.694030658673708e-19
6.832259612943773 9.918863559765022e-19
6.834129381191456 1.0278987776522151e-18
6.835999661134172 1.106828111021996e-18
6.837870452911952 1.213910607674175e-18
6.839741756664871 1.3135235470183766e-18
6.841613572533043 1.4025177132390613e-18
6.8434859006566136 1.4716587696230613e-18
6.845358741175769 1.5182381243422712e-18
6.847232094230738 1.532601526088043e-18
6.849105959961786 1.5260843612195734e-18
6.850980338509213 1.53442356696687e-18
6.852855230013361 1.5573275292598689e-18
6.8547306346146115 1.5950712836925469e-18
6.856606552453382 1.6380465156610758e-18
6.858482983670125 1.6463882000632998e-18
6.860359928405342 1.6319469999485832e-18
6.862237386799563 1.6496402376641245e-18
6.8641153589933595 1.6941289699143263e-18
6.865993845127341 1.738605247204067e-18
6.867872845342159 1.7866052814772884e-18
6.869752359778499 1.8642170830334422e-18
6.871632388577085 1.968840356111147e-18
6.873512931878685 2.0833037380760373e-18
6.875393989824101 2.208691165371337e-18
6.877275562554173 2.3636349114390082e-18
6.879157650209781 2.5429364052926936e-18
6.881040252931845 2.6433217080951704e-18
6.88292337086132 2.667111687812679e-18
6.884807004139201 2.61946367374263e-18
6.886691152906527 2.5012167825730445e-18
6.888575817304366 2.501501551925013e-18
6.890460997473831 2.622478486965164e-18
6.892346693556071 2.757257878351455e-18
6.8942329056922755 2.9043077129916504e-18
6.896119634023672 3.0541760669229545e-18
6.898006878691527 3.2064623614262918e-18
6.899894639837144 3.356726995303473e-18
6.9017829176018655 3.50449025637803e-18
6.903671712127074 3.654029628555295e-18
6.90556102355419 3.805984114596697e-18
6.907450852024676 3.956255089681284e-18
6.909341197680025 4.104027430374893e-18
6.911232060661777 4.253227267971302e-18
6.913123441111506 4.404839389835947e-18
6.915015339170827 4.555127650158502e-18
6.916907754981393 4.702920017496822e-18
6.918800688684895 4.851769781781879e-18
6.920694140423065 5.003028997855275e-18
6.922588110337671 5.1533454753957075e-18
6.924482598570521 5.301168804350255e-18
6.926377605263464 5.449657970760647e-18
6.928273130558383 5.600553753598993e-18
6.930169174597202 5.750909368220409e-18
6.932065737521889 5.898774581642924e-18
6.933962819474442 6.0468926398532545e-18
6.935860420596903 6.197414476254945e-18
6.937758541031353 6.3490269520631104e-18
6.939657180919911 6.500596082334117e-18
6.941556340404733 6.651030850653374e-18
6.943456019628016 6.798979344449602e-18
6.945356218731998 6.946521064820254e-18
6.947256937858953 7.09646230064318e-18
6.949158177151192 7.246963452258217e-18
6.951059936751069 7.39498108419347e-18
6.952962216800975 7.542125483308706e-18
6.954865017443341 7.69166655246589e-18
6.956768338820634 7.842244964311222e-18
6.958672181075366 7.990342614296702e-18
6.960576544350082 8.137079232224728e-18
6.962481428787367 8.286209671921987e-18
6.964386834529849 8.436876208517426e-18
6.966292761720192 8.585064744046093e-18
6.968199210501099 8.73138313541436e-18
6.970106181015311 8.880092497420567e-18
6.972013673405611 9.030827312156263e-18
6.973921687814819 9.178364199508105e-18
6.9758302243857955 9.322839880717654e-18
6.977739283261439 9.470321164360339e-18
6.9796488645846875 9.620913257704684e-18
6.981558968498515 9.767158487123951e-18
6.983469595145942 9.908501082922932e-18
6.985380744670023 1.0051429691907344e-17
6.987292417213849 1.0196745593496379e-17
6.989204612920557 1.0342386950062529e-17
6.991117331933319 1.0487986063665613e-17
6.993030574395346 1.0633547895079237e-17
6.994944340449889 1.077906746176638e-17
6.99685863024024 1.0924549819855344e-17
6.998773443909728 1.1069989891468625e-17
7.000688781601722 1.1200712933764788e-17
7.0026046434596285 1.1307168971136315e-17
7.004521029626895 1.140405134943509e-17
7.006437940247008 1.1500905507779461e-17
7.008355375463495 1.159773500804287e-17
7.010273335419919 1.1694536273880846e-17
7.012191820259887 1.1791312931011446e-17
7.01411083012704 1.1888061339255142e-17
7.01603036516506 1.1984785188243355e-17
7.0179504255176735 1.2081480773892851e-17
7.019871011328639 1.2178151849817309e-17
7.021792122741756 1.2274794647960666e-17
7.02371375990087 1.2371412985988045e-17
7.025635922949856 1.2468003031801721e-17
7.027558612032633 1.2564568667186822e-17
7.029481827293163 1.2661105995935303e-17
7.031405568875442 1.2756148868542344e-17
7.033329836923507 1.282705180552896e-17
7.035254631581433 1.2875281633237821e-17
7.037179952993338 1.294729534405294e-17
7.0391058013033785 1.3043398924798526e-17
7.041032176655747 1.3139778314823311e-17
7.04295907919468 1.3236129347242072e-17
7.044886509064451 1.3332456162144947e-17
7.046814466409372 1.3428754605053653e-17
7.0487429513737965 1.3525028880542052e-17
7.0506719641021185 1.3621274769658019e-17
7.052601504738767 1.3717496541528434e-17
7.054531573428214 1.3813689912657795e-17
7.056462170314973 1.3909859216795685e-17
7.058393295543593 1.400600010583389e-17
7.060324949258663 1.4102116978213838e-17
7.062257131604813 1.4198205421145127e-17
7.064189842726715 1.4294269897830947e-17
7.066123082769074 1.4390305930729193e-17
7.068056851876641 1.4486318047873975e-17
7.069991150194202 1.458230170690206e-17
7.071925977866587 1.4678261500748422e-17
7.073861335038661 1.477419282215885e-17
7.075797221855332 1.4870100329038853e-17
7.077733638461547 1.4965979349173713e-17
7.07967058500229 1.505939310522837e-17
7.08160806162259 1.5128830680399988e-17
7.083546068467511 1.5177075222982918e-17
7.085484605682158 1.524923893007072e-17
7.087423673411676 1.534498571836318e-17
7.089363271801252 1.544070805362068e-17
7.091303400996108 1.5536401851457574e-17
7.093244061141508 1.5632072031705355e-17
7.095185252382757 1.5727713660259323e-17
7.0971269748652 1.58233317222889e-17
7.099069228734219 1.5918921218361678e-17
7.101012014135238 1.6014487199054692e-17
7.102955331213718 1.6110024599537868e-17
7.104899180115165 1.6205538535866294e-17
7.10684356098512 1.630102387774202e-17
7.108788473969165 1.6396485806768125e-17
7.110733919212924 1.6491919127108913e-17
7.112679896862058 1.658732908598574e-17
7.11462640706227 1.6682710421954573e-17
7.116573449959301 1.677806844792557e-17
7.118521025698934 1.6873397836776278e-17
7.120469134426989 1.6968703967175657e-17
7.12241777628933 1.7063981446252642e-17
7.124366951431858 1.7157518869360785e-17
7.126316660000512 1.722723066262213e-17
7.128266902141276 1.7274831103745614e-17
7.130217678000172 1.734551868914943e-17
7.13216898772326 1.7439981063799685e-17
7.134120831456641 1.7535103038531586e-17
7.136073209346456 1.7630196311543647e-17
7.138026121538889 1.772526652678952e-17
7.139979568180159 1.7820308026150563e-17
7.141933549416526 1.7915326519710136e-17
7.143888065394297 1.80103162832305e-17
7.145843116259808 1.810528309299526e-17
7.147798702159441 1.8200221158576385e-17
7.149754823239618 1.829513632252893e-17
7.151711479646805 1.839002272816426e-17
7.153668671527496 1.8484886284379112e-17
7.155626399028238 1.8579721068153244e-17
7.157584662295612 1.867453305479654e-17
7.15954346147624 1.876931625488627e-17
7.161502796716782 1.886407671021588e-17
7.163462668163943 1.8958808364889467e-17
7.165423075964464 1.905351732725538e-17
7.1673840202651276 1.914819747487332e-17
7.1693455012127565 1.924284930766141e-17
7.1713075189542135 1.9337477986676144e-17
7.173270073636403 1.9432077828971925e-17
7.175233165406268 1.9508172884850715e-17
7.17719679441079 1.956060173804533e-17
7.1791609607969935 1.9623609788657405e-17
7.181125664711944 1.9710226326302078e-17
7.183090906302743 1.9804700831144485e-17
7.185056685716539 1.9899146457075538e-17
7.187023003100514 1.9993569648047615e-17
7.188989858601892 2.0087963946065264e-17
7.190957252367941 2.018233586208144e-17
7.192925184545965 2.0276678871110995e-17
7.194893655283311 2.0370999551178528e-17
7.196862664727362 2.046529131023774e-17
7.19883221302555 2.055956079345668e-17
7.200802300325339 2.0653801341656427e-17
7.202772926774235 2.0748016839844624e-17
7.204744092519788 2.0842206216388557e-17
7.2067157977095855 2.0936366635990672e-17
7.208688042491254 2.1030504880175463e-17
7.210660827012463 2.1124614153425226e-17
7.212634151420925 2.121870130464108e-17
7.2146080158643855 2.1312759470939323e-17
7.216582420490637 2.1406795568669344e-17
7.218557365447509 2.1500802667510113e-17
7.220532850882872 2.158434411315839e-17
7.222508876944639 2.1644371911150944e-17
7.224485443780762 2.1698749658905688e-17
7.226462551539233 2.1776583014665965e-17
7.228440200368083 2.1870466189772945e-17
7.230418390415387 2.1964320324140717e-17
7.23239712182926 2.2058152604630268e-17
7.234376394757856 2.215195583045235e-17
7.236356209349367 2.2245732955387136e-17
7.238336565752034 2.2339485312625894e-17
7.2403174641141295 2.2433208593324826e-17
7.24229890458397 2.2526910122036444e-17
7.244280887309913 2.2620582560298085e-17
7.24626341244036 2.271423330063316e-17
7.248246480123747 2.2807854936619185e-17
7.250230090508551 2.2901215941471868e-17
7.252214243743296 2.299408440275492e-17
7.25419893997654 2.3086873058604747e-17
7.2561841793568815 2.3180095460442527e-17
7.258169962032968 2.327359415386468e-17
7.260156288153478 2.336706370132748e-17
7.262143157867137 2.3460511768600608e-17
7.264130571322706 2.3553930676059567e-17
7.266118528668993 2.364732465943835e-17
7.268107030054841 2.3740692967527928e-17
7.2700960756291355 2.383403209397582e-17
7.272085665540805 2.3908851494931722e-17
7.274075799938817 2.3960319198698268e-17
7.276066478972178 2.4022084778824708e-17
7.278057702789938 2.4107143651359626e-17
7.280049471541188 2.420036040609555e-17
7.282041785375057 2.4293547937714516e-17
7.284034644440716 2.4386714256567296e-17
7.286028048887379 2.4479851338500556e-17
7.2880219988643 2.457296726257977e-17
7.290016494520771 2.4666053935947967e-17
7.292011536006125 2.4759119506458178e-17
7.294007123469743 2.4852155812477342e-17
7.296003257061038 2.4945166175461305e-17
7.2979999369294655 2.5038152155442707e-17
7.299997163224528 2.51311088491517e-17
7.301994936095765 2.5224044544502646e-17
7.3039932556927525 2.5316950939819776e-17
7.305992122165115 2.5409836392042807e-17
7.307991535662514 2.550269253048221e-17
7.309991496334652 2.559552778117596e-17
7.311992004331271 2.568833370434752e-17
7.3139930598021605 2.578111879520646e-17
7.315994662897143 2.5873874544816054e-17
7.317996813766087 2.596660951763066e-17
7.3199995125589 2.6059315135480246e-17
7.322002759425532 2.615199905659158e-17
7.324006554515972 2.622191413164633e-17
7.326010897980249 2.6268640367930206e-17
7.32801578996844 2.633398630098334e-17
7.330021230630656 2.642246230569784e-17
7.332027220117048 2.6515017780041222e-17
7.334033758577817 2.6607543850296738e-17
7.336040846163198 2.6700049361050744e-17
7.3380484830234645 2.6792525454043317e-17
7.340056669308939 2.68849810434917e-17
7.342065405169982 2.6977407201516956e-17
7.344074690756993 2.706981291204047e-17
7.346084526220412 2.716218917749049e-17
7.348094911710728 2.7254545051566587e-17
7.350105847378462 2.734687146693063e-17
7.352117333374178 2.7439168847940573e-17
7.354129369848486 2.7531445455804607e-17
7.356141956952035 2.7623692583264025e-17
7.35815509483551 2.7715919426311284e-17
7.360168783649646 2.7808116775334853e-17
7.362183023545212 2.7900293896345695e-17
7.364197814673023 2.799244150972559e-17
7.366213157183932 2.8084568951577795e-17
7.368229051228836 2.8176666872203407e-17
7.370245496958672 2.8265048307250984e-17
7.372262494524417 2.833039647436518e-17
7.374280044077089 2.837641023598807e-17
7.376298145767755 2.8445109003907595e-17
7.3783167997475125 2.853678824385822e-17
7.380336006167505 2.862873734453293e-17
7.38235576517892 2.8720656875174887e-17
7.384376076932982 2.8812556455628966e-17
7.38639694158096 2.890442645249816e-17
7.388418359274161 2.899627655610935e-17
7.390440330163939 2.9088097062595554e-17
7.392462854401684 2.9179897732839926e-17
7.394485932138828 2.927166879243083e-17
7.396509563526847 2.9363420072882364e-17
7.39853374871726 2.945514172916416e-17
7.4005584878616215 2.95468393047066e-17
7.402583781111531 2.96385116013634e-17
7.404609628618632 2.9730154252235187e-17
7.406636030534602 2.982177723304975e-17
7.408662987011169 2.991337055458308e-17
7.410690498200096 3.000494426343656e-17
7.412718564253192 3.009648829952469e-17
7.414747185322302 3.018801278039693e-17
7.416776361559319 3.027950757503168e-17
7.418806093116174 3.0370982872001235e-17
7.420836380144839 3.046242846927323e-17
7.422867222797327 3.0553854371337535e-17
7.424898621225699 3.062251880186597e-17
7.42693057558205 3.0668308769129067e-17
7.428963086018517 3.0732388117913395e-17
7.430996152687285 3.081928247396964e-17
7.433029775740578 3.091058074468658e-17
7.435063955330656 3.100184926725958e-17
7.437098691609826 3.1093098517966105e-17
7.439133984730439 3.118431800711369e-17
7.441169834844882 3.127551828239621e-17
7.443206242105585 3.13666887827166e-17
7.445243206665023 3.1457840127260586e-17
7.447280728675711 3.1548961683451795e-17
7.449318808290204 3.1640055498945325e-17
7.4513574456611 3.173112815580473e-17
7.453396640941039 3.182217100277708e-17
7.455436394282703 3.1913194805201925e-17
7.4574767058388165 3.2004188784369807e-17
7.459517575762144 3.209516377735707e-17
7.461559004205491 3.2186108933729856e-17
7.463600991321708 3.22770351623765e-17
7.465643537263684 3.23679315410634e-17
7.467686642184355 3.2458809050566476e-17
7.469730306236691 3.254965669677695e-17
7.471774529573711 3.2640477034850176e-17
7.473819312348473 3.2712111351117714e-17
7.475864654714077 3.2761022534074103e-17
7.477910556823662 3.2820937494136884e-17
7.479957018830415 3.2903515804620544e-17
7.482004040887562 3.299421752566072e-17
7.484051623148369 3.3084889335300674e-17
7.486099765766145 3.317554250570506e-17
7.488148468894245 3.326616575142264e-17
7.49019773268606 3.335677041690307e-17
7.492247557295023 3.344734514442223e-17
7.494297942874615 3.3537891182275474e-17
7.496348889578357 3.3628417437421296e-17
7.498400397559807 3.3718913733147565e-17
7.500452466972569 3.382304659609697e-17
7.50250509797029 3.394975912680756e-17
7.504558290706656 3.407653354083386e-17
7.506612045335398 3.4180668328514254e-17
7.508666362010288 3.4275109757881435e-17
7.51072124088514 3.439210083601597e-17
7.512776682113808 3.452759726141542e-17
7.514832685850191 3.4663051481765366e-17
7.51688925224823 3.479846067126301e-17
7.518946381461907 3.4916923859821845e-17
7.521004073645244 3.50127861976648e-17
7.523062328952311 3.511501437226655e-17
7.525121147537216 3.5239753276472253e-17
7.527180529554107 3.5367889640211024e-17
7.529240475157181 3.547345516723116e-17
7.531300984500672 3.556572119514583e-17
7.533362057738856 3.568046785958507e-17
7.535423695026053 3.5815550599981026e-17
7.537485896516627 3.595059847681466e-17
7.539548662364982 3.608560121159291e-17
7.541611992725562 3.620590247085235e-17
7.543675887752857 3.6303671799322155e-17
7.5457403476014 3.640325020742626e-17
7.547805372425761 3.652527020307322e-17
7.549870962380557 3.665542476761755e-17
7.5519371176204455 3.676263253259227e-17
7.554003838300128 3.685158135414318e-17
7.556071124574346 3.696237531041503e-17
7.558138976597885 3.709603107837142e-17
7.5602073945255714 3.7230674346938546e-17
7.562276378512275 3.7365272362721937e-17
7.564345928712909 3.748865751240166e-17
7.566416045282427 3.7589580128992353e-17
7.5684867283758255 3.768526643675105e-17
7.570557978148143 3.780332471317121e-17
7.572629794754464 3.7937753044677693e-17
7.574702178349911 3.8072136064579223e-17
7.576775129089649 3.820647680124788e-17
7.578848647128887 3.832280159244165e-17
7.580922732622881 3.8416702968498285e-17
7.582997385726921 3.8518929721743845e-17
7.585072606596343 3.8643489183415525e-17
7.587148395386529 3.8770201573530013e-17
7.5892247522529 3.887452075801917e-17
7.591301677350918 3.8966074397457353e-17
7.59337917083609 3.90799304576738e-17
7.595457232863966 3.921394492626801e-17
7.597535863590138 3.93479256314675e-17
7.599615063170239 3.948186090256123e-17
7.601694831759947 3.9601985595786994e-17
7.603775169514982 3.9699756330691464e-17
7.605856076591104 3.9797379575378686e-17
7.6079375531441205 3.991726585175515e-17
7.610019599329878 4.004804646859522e-17
7.612102215304264 4.0156503410057504e-17
7.614185401223214 4.024562833525691e-17
7.616269157242703 4.035454418157708e-17
7.618353483518749 4.048569878324361e-17
7.6204383802074105 4.0619278775549407e-17
7.622523847464796 4.075281322408742e-17
7.624609885447048 4.0877477418849376e-17
7.6266964943103535 4.097985731451026e-17
7.628783674210948 4.1072140667010804e-17
7.630871425305106 4.1186617172939306e-17
7.63295974774914 4.131997666917583e-17
7.635048641699415 4.145329876906585e-17
7.637138107312332 4.1586575254611207e-17
7.639228144744337 4.1705420897676067e-17
7.641318754151918 4.1802021699434127e-17
7.643409935691604 4.1899608422614266e-17
7.645501689519975 4.20193487004398e-17
7.647594015793641 4.214928952144193e-17
7.649686914669266 4.225701590429056e-17
7.65178038630355 4.234570310154632e-17
7.653874430853241 4.2454035769273235e-17
7.655969048475125 4.2584497565700266e-17
7.658064239326036 4.271742151557668e-17
7.660160003562847 4.2850299742147665e-17
7.6622563413424745 4.2974891073939095e-17
7.664353252821877 4.3077307553738456e-17
7.666450738158064 4.3168353343191927e-17
7.668548797508075 4.328148248034314e-17
7.670647431029 4.341418376908538e-17
7.672746638877973 4.352799145447523e-17
7.674846421212168 4.3619648703500534e-17
7.676946778188803 4.3721106018541434e-17
7.679047709965138 4.384462216381522e-17
7.681149216698481 4.3977149620330944e-17
7.683251298546176 4.41096312450338e-17
7.685353955665611 4.424070143669255e-17
7.687457188214223 4.434966696631921e-17
7.689560996349488 4.4437914284211903e-17
7.691665380228924 4.45437022355806e-17
7.693770340010094 4.467150915219379e-17
7.695875875850604 4.4792130408566034e-17
7.697981987908102 4.4890671510133105e-17
7.700088676340279 4.4984524547377816e-17
7.702195941304874 4.5100365916905194e-17
7.704303782959662 4.5232497671424606e-17
7.706412201462465 4.5364584372641453e-17
7.708521196971148 4.54966251214249e-17
7.710630769643619 4.561287050385765e-17
7.712740919637829 4.570707558409371e-17
7.71485164711177 4.580479491600867e-17
7.716962952223485 4.5924462588142584e-17
7.71907483513105 4.6056340753983974e-17
7.721187295992587 4.618817291032249e-17
7.723300334966269 4.63199729268631e-17
7.725413952210305 4.643213746214572e-17
7.727528147882947 4.652230162857937e-17
7.729642922142493 4.6623593349365156e-17
7.731758275147285 4.674679333787349e-17
7.733874207055704 4.6871046771068143e-17
7.735990718026178 4.6973330510516056e-17
7.73810780821718 4.706225643723205e-17
7.740225477787222 4.7173059880790824e-17
7.742343726894861 4.730452736023701e-17
7.744462555698698 4.7435967280166645e-17
7.746581964357378 4.756736107065985e-17
7.748701953029586 4.768799759865954e-17
7.750822521874056 4.7786704493226095e-17
7.752943671049561 4.787874084915438e-17
7.755065400714919 4.7992614523005875e-17
7.75718771102899 4.8123841053063936e-17
7.759310602150681 4.8234929206764796e-17
7.76143407423894 4.832411248071398e-17
7.763558127452756 4.842532939699e-17
7.765682761951164 4.854835877684896e-17
7.7678079778932485 4.8679408194898665e-17
7.769933775438128 4.881041137664415e-17
7.772060154744965 4.894024393060075e-17
7.774187115972975 4.9048217784684626e-17
7.776314659281409 4.9135479502540624e-17
7.778442784829561 4.9239306113111237e-17
7.780571492776774 4.936490485131011e-17
7.782700783282431 4.949570229129963e-17
7.78483065650596 4.9626453426026785e-17
7.78696111260683 4.975342430796871e-17
7.7890921517445575 4.985857675703433e-17
7.791223774078701 4.9945677109231864e-17
7.793355979768861 5.005182168271434e-17
7.795488768974684 5.0179697968033124e-17
7.797622141855859 5.0297660311686026e-17
7.79975609857212 5.039382912387957e-17
7.801890639283241 5.048689066751419e-17
7.804025764149046 5.060165297582116e-17
7.806161473329398 5.073206097654229e-17
7.808297766984204 5.086242428143746e-17
7.810434645273417 5.0992741162261507e-17
7.812572108357032 5.110834221194718e-17
7.814710156395088 5.120219013410722e-17
7.816848789547667 5.1297111581732853e-17
7.8189880079749 5.141369325288298e-17
7.821127811836954 5.154236287773346e-17
7.823268201294042 5.1649310318266425e-17
7.825409176506428 5.1736024999867507e-17
7.827550737634411 5.183923546123192e-17
7.829692884838336 5.196408104779304e-17
7.831835618278594 5.2094058314968635e-17
7.833978938115619 5.222398905242707e-17
7.836122844509891 5.2350755911899173e-17
7.838267337621929 5.245584111647208e-17
7.840412417612298 5.254239338476742e-17
7.842558084641611 5.264696663447706e-17
7.844704338870518 5.277313433219102e-17
7.846851180459719 5.290286221053774e-17
7.848998609569954 5.303254349091768e-17
7.851146626362009 5.315769817356127e-17
7.853295230996714 5.3261211810248484e-17
7.8554444236349426 5.3347601347755034e-17
7.857594204437612 5.3453247923926503e-17
7.859744573565683 5.3580448191693567e-17
7.86189553118016 5.369748528477897e-17
7.8640470774420965 5.379290647714894e-17
7.866199212512585 5.388476034186941e-17
7.868351936552759 5.3998136756804556e-17
7.8705052497238075 5.4127476491520874e-17
7.8726591521869524 5.425677450088145e-17
7.874813644103462 5.438602579463386e-17
7.876968725634654 5.4501683726143987e-17
7.879124396941888 5.4595339925433813e-17
7.881280658186563 5.4686577553769475e-17
7.883437509530127 5.479972260724744e-17
7.885594951134071 5.492881565409604e-17
7.887752983159933 5.5037472597742715e-17
7.889911605769287 5.5124579901037804e-17
7.89207081912376 5.522395708068561e-17
7.89423062338502 5.534479031569637e-17
7.896391018714778 5.5473707173653374e-17
7.89855200527479 5.560257721169361e-17
7.9007135832268585 5.573142473889445e-17
7.902875752732825 5.58394615971028e-17
7.905038513954581 5.592598969540573e-17
7.907201867054059 5.602549286489419e-17
7.90936581219324 5.614641107408152e-17
7.911530349534141 5.627508122977861e-17
7.9136954792388305 5.640370449804444e-17
7.915861201469422 5.653230603288643e-17
7.918027516388068 5.664001114749533e-17
7.920194424156966 5.672624846155465e-17
7.9223619249383646 5.68255905289963e-17
7.92453001889455 5.694630654190495e-17
7.926698706187853 5.706824079045051e-17
7.928867986980652 5.716873849926217e-17
7.931037861435372 5.725430854637573e-17
7.933208329714474 5.736049884323687e-17
7.9353793919804705 5.748803759294138e-17
7.9375510483959175 5.761628230995913e-17
7.939723299123413 5.774448002311684e-17
7.941896144325602 5.786653449938204e-17
7.944069584165172 5.796719351895923e-17
7.946243618804857 5.805259894268798e-17
7.948418248407434 5.81581371443764e-17
7.950593473135726 5.828498257030735e-17
7.952769293152597 5.840015455632902e-17
7.9549457086209605 5.849395656891028e-17
7.957122719703772 5.858471809397397e-17
7.959300326564032 5.869675543261996e-17
7.961478529364786 5.88246161631457e-17
7.963657328269122 5.895243713228101e-17
7.965836723440173 5.908021098159023e-17
7.968016715041123 5.919599466878567e-17
7.970197303235192 5.929044960008688e-17
7.972378488185647 5.938011086350114e-17
7.974560270055804 5.949100658924831e-17
7.976742649009019 5.961861944564114e-17
7.978925625208694 5.974619642405704e-17
7.981109198818277 5.987372621587446e-17
7.98329337000126 5.999040752560644e-17
7.985478138921177 6.008580137523782e-17
7.987663505741612 6.017407775009543e-17
7.98984947062619 6.028354715814335e-17
7.992036033738582 6.04109116722707e-17
7.994223195242503 6.052126398026006e-17
7.996410955301714 6.06103544628683e-17
7.998599314080021 6.066698766569473e-17
8.000788271741271 6.065999290896987e-17
8.00297782844936 6.061578657202927e-17
8.005167984368232 6.055041294582202e-17
8.007358739661868 6.046566914270774e-17
8.009550094494296 6.038094184141445e-17
8.011742049029593 6.029624608652657e-17
8.013934603431878 6.021156209926292e-17
8.016127757865313 6.012690967025843e-17
8.018321512494106 6.004226893912807e-17
8.020515867482517 5.995765977809448e-17
8.022710822994842 5.987308215877729e-17
8.024906379195423 5.978851620768715e-17
8.027102536248652 5.970398184715877e-17
8.02929929431896 5.961945904786909e-17
8.031496653570827 5.953496785095047e-17
8.033694614168779 5.945049348863677e-17
8.035893176277384 5.936604539705366e-17
8.038092340061253 5.928162892828676e-17
8.040292105685047 5.919722388364959e-17
8.04249247331347 5.911285047360902e-17
8.044693443111273 5.902848841741218e-17
8.046895015243248 5.894415800757657e-17
8.049097189874235 5.885985036088499e-17
8.05129996716912 5.877556289261699e-17
8.05350334729283 5.86913070911225e-17
8.055707330410339 5.860706250566892e-17
8.05791191668667 5.852284959872442e-17
8.060117106286889 5.843864783721567e-17
8.062322899376102 5.83544777659356e-17
8.064529296119469 5.827033714400152e-17
8.066736296682187 5.818620984938409e-17
8.068943901229503 5.810211426537456e-17
8.071152109926704 5.801802968830168e-17
8.073360922939134 5.793397683352692e-17
8.075570340432172 5.784994006820048e-17
8.07778036257124 5.776592988340974e-17
8.079990989521814 5.768195144127597e-17
8.082202221449412 5.758698603752181e-17
8.084414058519595 5.747107207086749e-17
8.086626500897971 5.734814487740421e-17
8.088839548750194 5.724622976712233e-17
8.091053202241962 5.716236055560094e-17
8.093267461539018 5.707850980167995e-17
8.095482326807154 5.699469083404706e-17
8.097697798212202 5.691088252354995e-17
8.099913875920045 5.682710601095634e-17
8.102130560096604 5.674334103293127e-17
8.104347850907857 5.665960691550837e-17
8.106565748519813 5.657590461629327e-17
8.108784253098534 5.649221283405528e-17
8.11100336481013 5.640855288161065e-17
8.113223083820758 5.632490337445374e-17
8.115443410296606 5.624128570865975e-17
8.117664344403924 5.615768881173272e-17
8.119885886309003 5.607411337235154e-17
8.122108036178172 5.599056979460312e-17
8.124330794177812 5.590703652127933e-17
8.126554160474354 5.582353512112769e-17
8.128778135234263 5.574004395338762e-17
8.131002718624059 5.565658467034278e-17
8.133227910810302 5.557315616081992e-17
8.135453711959602 5.548973893427345e-17
8.137680122238613 5.5406353612657505e-17
8.139907141814032 5.532297838188301e-17
8.142134770852604 5.523963506753188e-17
8.144363009521118 5.5156311386500674e-17
8.146591857986413 5.5073010018552746e-17
8.148821316415368 5.498974058724208e-17
8.151051384974917 5.490648110471712e-17
8.153282063832023 5.4823253570292114e-17
8.155513353153712 5.474003591209131e-17
8.157745253107045 5.4656850213436373e-17
8.159977763859132 5.4573695444207026e-17
8.162210885577128 5.449055152008771e-17
8.16444461842824 5.440743957569288e-17
8.16667896257971 5.432003392653612e-17
8.168913918198832 5.421190071743761e-17
8.171149485452947 5.408732636729543e-17
8.17338566450944 5.3979360799907616e-17
8.175622455535738 5.3892192476115534e-17
8.177859858699318 5.380920552092578e-17
8.180097874167704 5.3726250588417774e-17
8.182336502108466 5.364330637916009e-17
8.184575742689212 5.35603929977913e-17
8.186815596077604 5.3477511659239085e-17
8.189056062441352 5.339463976714458e-17
8.191297141948205 5.3311799929221e-17
8.193538834765956 5.322896946441644e-17
8.195781141062453 5.3146171065120017e-17
8.198024061005583 5.306339650802563e-17
8.200267594763284 5.2980639485235e-17
8.202511742503535 5.2897914548051234e-17
8.204756504394364 5.281519883952488e-17
8.207001880603844 5.2732515227911856e-17
8.209247871300093 5.2649846400706175e-17
8.211494476651279 5.256720405228513e-17
8.213741696825608 5.248459382085365e-17
8.21598953199134 5.240199267312562e-17
8.218237982316783 5.231942365366233e-17
8.22048704797028 5.223686364400762e-17
8.222736729120225 5.215433577387599e-17
8.224987025935064 5.207183711882106e-17
8.227237938583286 5.198935033526359e-17
8.229489467233421 5.190689571126874e-17
8.231741612054048 5.1824533041216557e-17
8.233994373213797 5.174261064105272e-17
8.236247750881336 5.1661034396977526e-17
8.238501745225385 5.157917034453735e-17
8.24075635641471 5.1496930819388814e-17
8.243011584618118 5.141459887580896e-17
8.245267430004468 5.1332299134166416e-17
8.247523892742663 5.125001392983024e-17
8.249780973001652 5.116775504401952e-17
8.25203867095043 5.108552838013962e-17
8.254296986758039 5.099386233740036e-17
8.256555920593566 5.0881686639719664e-17
8.258815472626146 5.0758957224618495e-17
8.261075643024963 5.065680194179381e-17
8.263336431959235 5.0574687643656577e-17
8.265597839598247 5.0492583199835135e-17
8.267859866111309 5.04105110202103e-17
8.27012251166779 5.032844718900948e-17
8.272385776437101 5.024641563311959e-17
8.274649660588704 5.0164407959635057e-17
8.276914164292098 5.008241696356e-17
8.27917928771684 5.000045826272855e-17
8.281445031032526 4.991850776242599e-17
8.283711394408797 4.983658956844943e-17
8.285978378015347 4.975468867293839e-17
8.288245982021913 4.967281092163464e-17
8.290514206598278 4.9590965496565883e-17
8.292783051914268 4.950912812363039e-17
8.295052518139764 4.942732308798016e-17
8.297322605444688 4.9345529123582524e-17
8.299593313999008 4.9263764412906004e-17
8.30186464397274 4.9182032059400066e-17
8.304136595535947 4.910030760912968e-17
8.306409168858739 4.901861552704784e-17
8.308682364111268 4.893693127249313e-17
8.310956181463741 4.8855279397127234e-17
8.313230621086403 4.877365728404004e-17
8.31550568314955 4.8692045550558904e-17
8.317781367823521 4.861046621611326e-17
8.320057675278711 4.8528894559562346e-17
8.322334605685551 4.844735531301472e-17
8.32461215921452 4.836584049841156e-17
8.326890336036154 4.828434127466641e-17
8.32916913632102 4.820287448074701e-17
8.331448560239744 4.8121415214585325e-17
8.333728607962993 4.803998838918451e-17
8.336009279661484 4.795858102554191e-17
8.338290575505978 4.787719410329885e-17
8.340572495667281 4.77958396416149e-17
8.342855040316252 4.771449255704524e-17
8.34513820962379 4.763317794393689e-17
8.347422003760848 4.7551878183545125e-17
8.349706422898414 4.745309934462115e-17
8.35199146720754 4.733404152169321e-17
8.35427713685931 4.7220310417498015e-17
8.356563432024856 4.712692329064612e-17
8.358850352875368 4.704573128560745e-17
8.361137899582072 4.696456833692686e-17
8.363426072316248 4.688343791009966e-17
8.365714871249214 4.680231455757719e-17
8.368004296552346 4.672122373774419e-17
8.37029434839706 4.664013991523791e-17
8.372585026954814 4.6559088636239296e-17
8.374876332397129 4.647806963438801e-17
8.377168264895555 4.639705782993892e-17
8.379460824621699 4.631607858870658e-17
8.381754011747216 4.6235106192397574e-17
8.384047826443801 4.6154166370089895e-17
8.386342268883201 4.607325548822298e-17
8.38863733923721 4.59923550182873e-17
8.39093303767767 4.591148714203682e-17
8.393229364376463 4.583062595779491e-17
8.395526319505525 4.5749797377989605e-17
8.397823903236837 4.5668994767520214e-17
8.400122115742427 4.55882054173383e-17
8.402420957194373 4.550744869125157e-17
8.40472042776479 4.5426698503745946e-17
8.407020527625855 4.5345980951053046e-17
8.40932125694978 4.526528676320032e-17
8.411622615908833 4.5184608316809986e-17
8.413924604675321 4.510396252486561e-17
8.416227223421604 4.5023323117560815e-17
8.418530472320082 4.4942716375385744e-17
8.420834351543213 4.4862130761173535e-17
8.423138861263496 4.478156300140628e-17
8.425444001653474 4.470102792637633e-17
8.427749772885743 4.4620499081529366e-17
8.430056175132947 4.454000293206938e-17
8.432363208567772 4.445952604232472e-17
8.434670873362949 4.437906875080247e-17
8.436979169691266 4.429864417424905e-17
8.439288097725555 4.421273027457841e-17
8.441597657638688 4.410675984571961e-17
8.443907849603594 4.398620782374761e-17
8.446218673793243 4.388144543397859e-17
8.448530130380657 4.379681054190121e-17
8.450842219538899 4.3716502163892055e-17
8.453154941441085 4.3636226541604536e-17
8.455468296260376 4.3555967552482446e-17
8.457782284169982 4.347573053745939e-17
8.460096905343159 4.339552629768773e-17
8.46241215995321 4.3315327821625664e-17
8.464728048173487 4.3235162131361845e-17
8.467044570177388 4.315501231799435e-17
8.46936172613836 4.3074885108788946e-17
8.471679516229894 4.2994790704885205e-17
8.473997940625535 4.2914701908161316e-17
8.47631699949887 4.2834645927251384e-17
8.478636693023534 4.275460543966468e-17
8.480957021373209 4.26745878130253e-17
8.483277984721628 4.259460302167687e-17
8.485599583242571 4.251462368045702e-17
8.487921817109862 4.2434677185005575e-17
8.490244686497373 4.235474617302239e-17
8.49256819157903 4.22748379044704e-17
8.494892332528801 4.219496250113704e-17
8.497217109520701 4.21150923903586e-17
8.499542522728792 4.203525515524142e-17
8.50186857232719 4.19554337684791e-17
8.504195258490052 4.1875634632305133e-17
8.506522581391586 4.1795868391215886e-17
8.508850541206044 4.1722049925425556e-17
8.511179138107734 4.1668189541722055e-17
8.513508372271001 4.1628333735656853e-17
8.515838243870245 4.157277568748132e-17
8.51816875307991 4.1497319934723915e-17
8.520499900074492 4.141766760470788e-17
8.522831685028532 4.1338048209952613e-17
8.525164108116616 4.12584465216573e-17
8.527497169513383 4.119409254212432e-17
8.529830869393516 4.114965818465827e-17
8.532165207931747 4.110488682853593e-17
8.53450018530286 4.1040261769943485e-17
8.536835801681677 4.096077015447706e-17
8.539172057243077 4.088129704882343e-17
8.541508952161983 4.080185692747842e-17
8.543846486613369 4.072674539812792e-17
8.54618466077225 4.067150949670783e-17
8.548523474813695 4.06318187997806e-17
8.55086292891282 4.057828734298553e-17
8.553203023244787 4.050494083650794e-17
8.555543757984804 4.0429126160177914e-17
8.557885133308137 4.037315955258736e-17
8.560227149390089 4.0333524040751586e-17
8.562569806406014 4.028093939153162e-17
8.564913104531318 4.020856731850199e-17
8.567257043941447 4.0129347794806724e-17
8.569601624811906 4.0050161324817294e-17
8.571946847318236 3.9971000819686044e-17
8.574292711636033 3.9903779622251425e-17
8.576639217940944 3.985636779516983e-17
8.578986366408659 3.9815327938058e-17
8.581334157214915 3.9754544866715744e-17
8.5836825905355 3.9675495028267144e-17
8.586031666546248 3.959645339477284e-17
8.588381385423045 3.951744486366723e-17
8.590731747341822 3.943870708258736e-17
8.593082752478558 3.937973447000094e-17
8.595434401009282 3.934026495808098e-17
8.59778669311007 3.9291331813593607e-17
8.600139628957045 3.922269434488206e-17
8.60249320872638 3.914379999055068e-17
8.604847432594294 3.906493576332019e-17
8.60720230073706 3.8986104687028654e-17
8.609557813330992 3.891531000623391e-17
8.611913970552457 3.886424161755862e-17
8.614270772577868 3.882484996603342e-17
8.616628219583689 3.8768366922764675e-17
8.618986311746426 3.869221853925237e-17
8.621345049242638 3.8613626141551545e-17
8.623704432248939 3.85354566176841e-17
8.626064460941976 3.84575639870789e-17
8.628425135498453 3.839435075804096e-17
8.630786456095128 3.83504353341072e-17
8.633148422908796 3.830686569004006e-17
8.63551103611631 3.824367542668585e-17
8.637874295894562 3.816511576268001e-17
8.640238202420502 3.8086571340562644e-17
8.64260275587112 3.8008060156904636e-17
8.644967956423459 3.793197817288405e-17
8.647333804254615 3.787553879689842e-17
8.64970029954172 3.783631471128683e-17
8.652067442461965 3.778584122616329e-17
8.654435233192586 3.771578628253831e-17
8.65680367191087 3.763738445938571e-17
8.659172758794146 3.755901591371717e-17
8.6615424940198 3.7480679382004316e-17
8.66391287776526 3.741155001626024e-17
8.666283910208005 3.736202411111429e-17
8.66865559152556 3.7322878427257696e-17
8.671027921895504 3.7265842723390244e-17
8.673400901495464 3.7189264815297997e-17
8.675774530503109 3.711103831878454e-17
8.678148809096163 3.7032845147736336e-17
8.680523737452393 3.695466565450596e-17
8.682899315749623 3.6892146940319867e-17
8.68527554416572 3.684919244570971e-17
8.687652422878598 3.680543309596824e-17
8.690029952066224 3.6742176225453727e-17
8.69240813190661 3.6664108752886405e-17
8.69478696257782 3.6586057076767387e-17
8.697166444257967 3.6508038773956235e-17
8.699546577125208 3.643226976944673e-17
8.701927361357754 3.6376020308194305e-17
8.704308797133862 3.633704265521742e-17
8.706690884631836 3.628736318354778e-17
8.709073624030033 3.6218225621102884e-17
8.71145701550686 3.614031579460435e-17
8.713841059240766 3.608155810196402e-17
8.716225755410253 3.604229724126376e-17
8.718611104193869 3.599533590352797e-17
8.720997105770222 3.592894458564438e-17
8.723383760317954 3.585114715962855e-17
8.72577106801576 3.577337456453387e-17
8.728159029042391 3.5695635419122504e-17
8.730547643576639 3.562314040212847e-17
8.73293691179735 3.557009740747013e-17
8.735326833883413 3.5531254967398576e-17
8.737717410013776 3.547892631550321e-17
8.740108640367422 3.540720726474346e-17
8.742500525123397 3.532957461383529e-17
8.744893064460786 3.525197545090865e-17
8.74728625855873 3.5174403261793346e-17
8.749680107596415 3.510732269353688e-17
8.752074611753073 3.5059654579231944e-17
8.754469771207996 3.502089138158328e-17
8.75686558614051 3.496353419164665e-17
8.759262056730002 3.4886826276841e-17
8.761659183155905 3.4809366487721566e-17
8.764056965597698 3.473194023389038e-17
8.766455404234911 3.46545267623587e-17
8.768854499247126 3.459252151247228e-17
8.771254250813971 3.454988905534425e-17
8.773654659115124 3.450714717473991e-17
8.776055724330309 3.4445099619146945e-17
8.778457446639305 3.436779921596207e-17
8.780859826221935 3.4290511761052073e-17
8.783262863258074 3.4213257888592596e-17
8.785666557927648 3.4136661678739994e-17
8.788070910410628 3.407939321842904e-17
8.790475920887037 3.404079962318064e-17
8.792881589536947 3.3993665090227086e-17
8.795287916540476 3.392726473030167e-17
8.797694902077797 3.385012364685895e-17
8.800102546329128 3.377300799390784e-17
8.80251084947474 3.3695925970423915e-17
8.80491981169495 3.362376846565789e-17
8.807329433170121 3.357089887501996e-17
8.809739714080676 3.353238505543168e-17
8.812150654607079 3.3481194720842844e-17
8.814562254929843 3.3410778499484e-17
8.816974515229536 3.333380044442567e-17
8.819387435686771 3.325685605649052e-17
8.821801016482212 3.317994200533402e-17
8.82421525779657 3.311188599428321e-17
8.826630159810612 3.3063077969663047e-17
8.829045722705146 3.302464411003307e-17
8.831461946661037 3.296973419886959e-17
8.833878831859195 3.289563843315184e-17
8.83629637848058 3.2818831054744104e-17
8.8387145867062 3.2742057390168267e-17
8.84113345671712 3.266530348966973e-17
8.843552988694444 3.2601012384430304e-17
8.845973182819336 3.255592924581092e-17
8.848394039272996 3.251677584241078e-17
8.85081555823669 3.2458481946645855e-17
8.853237739891725 3.238184200806582e-17
8.855660584419454 3.2305204760066275e-17
8.858084092001283 3.2228601272457885e-17
8.860508262818673 3.21520078900294e-17
8.86293309705313 3.2091145733590634e-17
8.865358594886207 3.204945143202075e-17
8.867784756499507 3.20072087907159e-17
8.870211582074694 3.1945865861765235e-17
8.872639071793465 3.1869386671145006e-17
8.875067225837576 3.1792919002555864e-17
8.877496044388835 3.171648514076613e-17
8.879925527629094 3.1640052643118385e-17
8.882355675740254 3.158228411682399e-17
8.884786488904272 3.1543643241881416e-17
8.887217967303151 3.149864557456026e-17
8.889650111118943 3.14345879157754e-17
8.892082920533749 3.1358269839320333e-17
8.894516395729728 3.129601199227345e-17
8.89695053688908 3.125285320123434e-17
8.899385344194055 3.121254740143896e-17
8.901820817826957 3.1153210260954386e-17
8.90425695797014 3.1077006747881395e-17
8.906693764806006 3.1000809181676126e-17
8.909131238517006 3.092464549618861e-17
8.911569379285641 3.0848488899388974e-17
8.914008187294465 3.0788780706574394e-17
8.91644766272608 3.074813121738197e-17
8.918887805763138 3.0705612470856e-17
8.92132861658834 3.0644102828172384e-17
8.923770095384441 3.056806102326369e-17
8.926212242334238 3.049203152839735e-17
8.928655057620585 3.0416035960244433e-17
8.931098541426387 3.034004120786729e-17
8.933542693934593 3.028254912008768e-17
8.935987515328208 3.024407529226294e-17
8.93843300579028 3.0199676015907276e-17
8.940879165503912 3.013632637889736e-17
8.94332599465226 3.0060446646400073e-17
8.945773493418528 2.998458465430458e-17
8.948221661985961 2.990875663476266e-17
8.950670500537868 2.983417523576567e-17
8.9531200092576 2.977856636978897e-17
8.955570188328561 2.974068408407854e-17
8.958021037934206 2.969473601913784e-17
8.960472558258035 2.962987821983296e-17
8.962924749483605 2.9554160923257046e-17
8.965377611794516 2.947846586050805e-17
8.967831145374427 2.9402804815995736e-17
8.970285350407043 2.932981504373361e-17
8.972740227076113 2.927575718992511e-17
8.975195775565444 2.923795623572002e-17
8.977651996058896 2.919079044010664e-17
8.980108888740371 2.912475562701904e-17
8.98256645379383 2.90492011291291e-17
8.985024691403268 2.897367241742371e-17
8.987483601752754 2.8898177769479865e-17
8.989943185026391 2.8826448186288024e-17
8.992403441408335 2.8773609816279325e-17
8.994864371082794 2.873589037469446e-17
8.997325974234029 2.869817562603967e-17
8.999788251046345 2.8660477922841587e-17
9.002251201704105 2.8622782254244956e-17
9.004714826391716 2.8601965920639234e-17
9.00717912529364 2.86e-17
9.009644098594384 2.859546958034412e-17
9.012109746478513 2.857212286127951e-17
9.014576069130639 2.853448511305009e-17
9.017043066735422 2.85078318321147e-17
9.019510739477575 2.85e-17
9.021979087541862 2.85e-17
9.024448111113097 2.85e-17
9.02691781037614 2.85e-17
9.029388185515913 2.85e-17
9.03185923671738 2.85e-17
9.034330964165553 2.85e-17
9.036803368045502 2.85e-17
9.039276448542346 2.85e-17
9.041750205841247 2.85e-17
9.044224640127428 2.848243008922675e-17
9.04669975158616 2.844610872746393e-17
9.049175540402764 2.8413678638237175e-17
9.051652006762602 2.84e-17
9.054129150851104 2.84e-17
9.056606972853743 2.84e-17
9.05908547295604 2.84e-17
9.061564651343566 2.84e-17
9.06404450820195 2.84e-17
9.066525043716865 2.84e-17
9.069006258074037 2.84e-17
9.071488151459246 2.84e-17
9.073970724058318 2.84e-17
9.076453976057131 2.838957256167026e-17
9.078937907641617 2.8360464180753944e-17
9.081422518997755 2.832309718321169e-17
9.083907810311574 2.8302205564128007e-17
9.08639378176916 2.83e-17
9.088880433556648 2.83e-17
9.09136776586022 2.83e-17
9.093855778866107 2.83e-17
9.096344472760602 2.83e-17
9.098833847730042 2.83e-17
9.101323903960807 2.83e-17
9.103814641639346 2.83e-17
9.106306060952143 2.83e-17
9.10879816208574 2.829707740681612e-17
9.111290945226735 2.827554434178457e-17
9.113784410561763 2.823831830500564e-17
9.116278558277521 2.8209851370037194e-17
9.118773388560758 2.82e-17
9.121268901598267 2.82e-17
9.123765097576896 2.82e-17
9.126261976683548 2.82e-17
9.128759539105168 2.82e-17
9.131257785028762 2.82e-17
9.133756714641375 2.82e-17
9.136256328130116 2.82e-17
9.138756625682142 2.82e-17
9.141257607484652 2.82e-17
9.143759273724909 2.818690108695858e-17
9.146261624590217 2.815525733404597e-17
9.14876466026794 2.811835624708739e-17
9.151268380945488 2.81e-17
9.153772786810322 2.81e-17
9.156277878049956 2.81e-17
9.158783654851954 2.81e-17
9.161290117403933 2.81e-17
9.16379726589356 2.81e-17
9.166305100508556 2.81e-17
9.16881362143669 2.81e-17
9.171322828865783 2.81e-17
9.173832722983708 2.81e-17
9.176343303978392 2.809619035405023e-17
9.178854572037807 2.807390682730663e-17
9.181366527349983 2.8036954010015964e-17
9.183879170102998 2.800923753675956e-17
9.186392500484985 2.8e-17
9.188906518684119 2.8e-17
9.191421224888641 2.8e-17
9.193936619286832 2.8e-17
9.196452702067027 2.8e-17
9.198969473417616 2.8e-17
9.20148693352704 2.8e-17
9.204005082583787 2.799318534854914e-17
9.206523920776398 2.796795072745635e-17
9.209043448293475 2.7931105747223166e-17
9.211563665323656 2.790634036831595e-17
9.21408457205564 2.79e-17
9.216606168678176 2.79e-17
9.21912845538007 2.79e-17
9.221651432350166 2.79e-17
9.224175099777373 2.79e-17
9.226699457850648 2.79e-17
9.229224506758994 2.79e-17
9.231750246691474 2.79e-17
9.234276677837197 2.79e-17
9.236803800385326 2.79e-17
9.239331614525076 2.788569849542233e-17
9.241860120445713 2.785304338919915e-17
9.244389318336555 2.781734489377683e-17
9.24691920838697 2.78e-17
9.249449790786384 2.78e-17
9.251981065724266 2.78e-17
9.254513033390147 2.78e-17
9.257045693973597 2.78e-17
9.259579047664248 2.78e-17
9.262113094651784 2.78e-17
9.264647835125935 2.78e-17
9.267183269276485 2.78e-17
9.269719397293272 2.78e-17
9.272256219366188 2.7797476352799874e-17
9.274793735685169 2.777667074407823e-17
9.277331946440206 2.7740101817854246e-17
9.27987085182135 2.771090742657589e-17
9.282410452018695 2.77e-17
9.284950747222389 2.77e-17
9.28749173762263 2.77e-17
9.290033423409678 2.77e-17
9.292575804773833 2.77e-17
9.295118881905449 2.77e-17
9.297662654994943 2.77e-17
9.30020712423277 2.77e-17
9.302752289809444 2.77e-17
9.305298151915533 2.77e-17
9.307844710741652 2.7691884903293208e-17
9.31039196647847 2.7665554731771953e-17
9.312939919316715 2.7629119597266743e-17
9.315488569447155 2.7605449768788e-17
9.318037917060614 2.76e-17
9.320587962347979 2.76e-17
9.323138705500174 2.76e-17
9.325690146708185 2.76e-17
9.328242286163045 2.76e-17
9.330795124055847 2.76e-17
9.333348660577723 2.76e-17
9.335902895919869 2.76e-17
9.338457830273532 2.76e-17
9.341013463830006 2.76e-17
9.343569796780638 2.758726945373842e-17
9.346126829316836 2.7556390986468973e-17
9.348684561630048 2.752009017795487e-17
9.35124299391178 2.7500968645224316e-17
9.353802126353596 2.75e-17
9.356361959147105 2.75e-17
9.358922492483968 2.75e-17
9.361483726555903 2.75e-17
9.364045661554677 2.75e-17
9.366608297672112 2.75e-17
9.369171635100084 2.75e-17
9.371735674030516 2.75e-17
9.374300414655387 2.75e-17
9.37686585716673 2.75e-17
9.379432001756625 2.748362666353227e-17
9.38199884861721 2.74491728260487e-17
9.384566397940674 2.7415546162516433e-17
9.38713464991926 2.74e-17
9.389703604745257 2.74e-17
9.392273262611017 2.74e-17
9.394843623708937 2.74e-17
9.397414688231468 2.74e-17
9.399986456371115 2.74e-17
9.402558928320438 2.74e-17
9.405132104272042 2.74e-17
9.407705984418591 2.7385015140886565e-17
9.410280568952803 2.7352004894263173e-17
9.412855858067445 2.731698975337661e-17
9.41543185195534 2.73e-17
9.418008550809354 2.73e-17
9.420585954822421 2.73e-17
9.423164064187517 2.73e-17
9.425742879097676 2.73e-17
9.42832239974598 2.73e-17
9.43090262632557 2.73e-17
9.433483559029632 2.73e-17
9.436065198051415 2.73e-17
9.438647543584212 2.73e-17
9.44123059582137 2.73e-17
9.443814354956293 2.728310092534224e-17
9.446398821182441 2.7248244356221407e-17
9.448983994693316 2.721514343087917e-17
9.451569875682479 2.72e-17
9.454156464343546 2.72e-17
9.456743760870186 2.72e-17
9.459331765456113 2.72e-17
9.461920478295106 2.72e-17
9.464509899580989 2.72e-17
9.467100029507638 2.72e-17
9.469690868268987 2.72e-17
9.47228241605902 2.72e-17
9.474874673071778 2.72e-17
9.477467639501352 2.72e-17
9.480061315541883 2.71821496003251e-17
9.482655701387571 2.7146409862746054e-17
9.485250797232668 2.7114260262420954e-17
9.487846603271475 2.71e-17
9.49044311969835 2.71e-17
9.493040346707705 2.71e-17
9.495638284494003 2.71e-17
9.498236933251757 2.71e-17
9.500836293175539 2.7089177457428018e-17
9.503436364459974 2.7060508550392273e-17
9.506037147299736 2.7024810937492613e-17
9.508638641889556 2.698912558760157e-17
9.511240848424219 2.695345783854792e-17
9.513843767098555 2.691781209547471e-17
9.516447398107458 2.69e-17
9.519051741645871 2.69e-17
9.521656797908792 2.6896550725141416e-17
9.524262567091263 2.687547455018243e-17
9.526869049388395 2.684021592606976e-17
9.529476244995344 2.6804894100548018e-17
9.532084154107313 2.6769413715787117e-17
9.53469277691957 2.673382828065973e-17
9.537302113627433 2.6698248146739083e-17
9.539912164426273 2.6662685642450042e-17
9.542522929511506 2.6627125732829096e-17
9.545134409078617 2.6604671672726253e-17
9.547746603323134 2.66e-17
9.550359512440636 2.66e-17
9.552973136626768 2.65836210187753e-17
9.555587476077221 2.654949007297133e-17
9.558202530987732 2.6513984194386683e-17
9.560818301554107 2.6478495965754897e-17
9.563434787972197 2.6443022483194396e-17
9.566051990437902 2.640754716057864e-17
9.568669909147186 2.637208949627795e-17
9.57128854429606 2.633664162723648e-17
9.573907896080591 2.6309457633907017e-17
9.576527964696897 2.63e-17
9.579148750341155 2.63e-17
9.58177025320959 2.6288616180888106e-17
9.584392473498482 2.6259536497735676e-17
9.58701541140417 2.6224139926869538e-17
9.589639067123038 2.61887560583336e-17
9.59226344085153 2.6153389873140767e-17
9.594888532786143 2.611801898690476e-17
9.597514343123427 2.6082665531406773e-17
9.600140872059981 2.6047329767574965e-17
9.602768119792469 2.6014829798243815e-17
9.605396086517597 2.6e-17
9.608024772432131 2.6e-17
9.610654177732894 2.5994196278737485e-17
9.613284302616751 2.597075295405114e-17
9.615915147280637 2.5935468919815115e-17
9.618546711921526 2.5900188775136032e-17
9.621178996736456 2.586492634218592e-17
9.623812001922515 2.5829668080157156e-17
9.626445727676844 2.579441819547525e-17
9.62908017419664 2.5759186030803494e-17
9.63171534167915 2.5723953564599678e-17
9.634351230321684 2.5703167460665627e-17
9.636987840321598 2.57e-17
9.6396251718763 2.57e-17
9.64226322518326 2.5682776053591167e-17
9.644902000440002 2.5647964111937196e-17
9.647541497844092 2.5612787048044407e-17
9.650181717593163 2.557762772409048e-17
9.652822659884897 2.554248240506789e-17
9.655464324917034 2.5507335446373008e-17
9.658106712887355 2.5472206235855827e-17
9.660749823993712 2.543708679990978e-17
9.663393658434005 2.5409762339751174e-17
9.666038216406186 2.54e-17
9.668683498108255 2.54e-17
9.671329503738285 2.5389576346569444e-17
9.673976233494386 2.5361621292438382e-17
9.676623687574725 2.5326553693260607e-17
9.679271866177531 2.529149682818122e-17
9.68192076950108 2.5256457735935212e-17
9.684570397743704 2.5221416090421504e-17
9.68722075110379 2.518638918216736e-17
9.689871829779783 2.5151380054944788e-17
9.692523633970175 2.5116937308053272e-17
9.695176163873514 2.51e-17
9.697829419688409 2.51e-17
9.700483401613516 2.5096955419839638e-17
9.703138109847545 2.5076436191916803e-17
9.705793544589268 2.504148211414653e-17
9.708449706037506 2.5006527050903306e-17
9.711106594391131 2.4971589788353308e-17
9.713764209849078 2.4936661751041585e-17
9.716422552610329 2.4901736486231248e-17
9.719081622873924 2.4866829030268997e-17
9.721741420838958 2.4831927056854224e-17
9.724401946704578 2.480723684129426e-17
9.727063200669988 2.48e-17
9.729725182934446 2.48e-17
9.732387893697261 2.4787493372479902e-17
9.735051333157802 2.475756424126591e-17
9.73771550151549 2.4722714465902934e-17
9.740380398969798 2.468787836886995e-17
9.743046025720258 2.46530601050874e-17
9.745712381966456 2.4618236463850488e-17
9.748379467908027 2.4583430013177224e-17
9.751047283744668 2.4548641403867644e-17
9.753715829676128 2.451562252120653e-17
9.756385105902213 2.45e-17
9.759055112622775 2.45e-17
9.761725850037731 2.449608055289585e-17
9.764397318347047 2.447479568565563e-17
9.767069517750745 2.4440060093030272e-17
9.769742448448898 2.4405324490332348e-17
9.772416110641645 2.437060674838685e-17
9.77509050452917 2.4335897376147258e-17
9.777765630311709 2.4301191257777614e-17
9.780441488189563 2.426650300822935e-17
9.783118078363085 2.4231819879691255e-17
9.785795401032676 2.420723797141725e-17
9.788473456398794 2.42e-17
9.791152244661962 2.42e-17
9.793831766022748 2.4187931909316615e-17
9.79651202068177 2.4158550902001866e-17
9.799193008839719 2.412392033075436e-17
9.801874730697325 2.4089302432232944e-17
9.804557186455373 2.405470242667585e-17
9.807240376314713 2.4020098168987526e-17
9.809924300476245 2.3985509598972517e-17
9.81260895914092 2.3950938929948106e-17
9.815294352509753 2.39168261674511e-17
9.817980480783806 2.39e-17
9.820667344164196 2.39e-17
9.823354942852099 2.3897718943695398e-17
9.82604327704875 2.38781823826784e-17
9.828732346955432 2.3843666650980706e-17
9.831422152773479 2.380914791038041e-17
9.834112694704293 2.3774647089880685e-17
9.836803972949323 2.3740157757450113e-17
9.83949598771007 2.370566817963922e-17
9.842188739188096 2.367119652990985e-17
9.844882227585021 2.3636733619935033e-17
9.847576453102516 2.3609749903712268e-17
9.850271415942299 2.36e-17
9.852967116306157 2.36e-17
9.855663554395928 2.3590876013494688e-17
9.858360730413501 2.3564549383113177e-17
9.86105864456082 2.353013938755412e-17
9.863757297039893 2.3495737059286406e-17
9.866456688052777 2.3461352682977544e-17
9.869156817801581 2.3426969179347417e-17
9.871857686488475 2.339259585424973e-17
9.874559294315684 2.3358240489048132e-17
9.877261641485486 2.33238835004736e-17
9.87996472820021 2.330335132795455e-17
9.882668554662251 2.33e-17
9.885373121074055 2.33e-17
9.88807842763812 2.3284709494140703e-17
9.890784474557002 2.3252269390353107e-17
9.893491262033312 2.321796550120677e-17
9.896198790269715 2.318367894388914e-17
9.898907059468932 2.3149410370213183e-17
9.901616069833748 2.3115134667894558e-17
9.90432582156699 2.3080876952188252e-17
9.907036314871545 2.3046635625529987e-17
9.909747549950364 2.3014756309917878e-17
9.91245952700644 2.3e-17
9.915172246242829 2.3e-17
9.917885707862641 2.2996309238079683e-17
9.92059991206905 2.2975526786229973e-17
9.923314859065272 2.2941338728929065e-17
9.92603054905458 2.2907149283184572e-17
9.928746982240316 2.287297784765799e-17
9.931464158825866 2.2838816459557407e-17
9.934182079014668 2.2804655684067232e-17
9.936900743010234 2.2770512926641078e-17
9.939620151016111 2.273637823073372e-17
9.942340303235909 2.2709654273854656e-17
9.945061199873305 2.27e-17
9.947782841132014 2.27e-17
9.950505227215814 2.2691436594721016e-17
9.953228358328541 2.2665834899552533e-17
9.95595223467409 2.2631753656945215e-17
9.958676856456405 2.2597678644687623e-17
9.961402223879485 2.2563621673964744e-17
9.964128337147388 2.2529567192431555e-17
9.96685519646423 2.249552068499743e-17
9.969582802034182 2.246149222689883e-17
9.972311154061462 2.2427464529367225e-17
9.97504025275036 2.2405224176425086e-17
9.977770098305207 2.24e-17
9.980500690930398 2.24e-17
9.98323203083038 2.238723456636351e-17
9.985964118209663 2.2357484426402957e-17
9.988696953272806 2.2323510365590676e-17
9.99143053622442 2.2289549122134164e-17
9.994164867269184 2.2255605951347177e-17
9.996899946611828 2.2221658743219405e-17
9.999635774457133 2.2202341408455165e-17
10.00237235100994 2.22e-17
10.00510967647515 2.22e-17
10.007847751057714 2.2215478027951387e-17
10.010586574962636 2.2247900454432587e-17
10.013326148394984 2.228179388862547e-17
10.016066471559888 2.2299371462144273e-17
10.018807544662517 2.23e-17
10.021549367908104 2.2300165030245e-17
10.024291941501943 2.2317242901585857e-17
10.027035265649378 2.2351073212274575e-17
10.029779340555809 2.238491129790487e-17
10.0325241664267 2.2418731277161347e-17
10.035269743467563 2.2452534628407976e-17
10.038016071883964 2.248471930821778e-17
10.040763151881535 2.25e-17
10.043510983665964 2.25e-17
10.046259567442984 2.2502270333281548e-17
10.04900890341839 2.2521245851201733e-17
10.051758991798039 2.255466079214722e-17
10.05450983278784 2.2585685274227034e-17
10.057261426593751 2.26e-17
10.060013773421801 2.26e-17
10.062766873478065 2.2603004376120067e-17
10.065520726968675 2.2622853816633462e-17
10.068275334099827 2.265654855536888e-17
10.071030695077765 2.2686699114855482e-17
10.073786810108789 2.27e-17
10.076543679399261 2.27e-17
10.079301303155603 2.2704049451115595e-17
10.082059681584282 2.272491688586541e-17
10.084818814891825 2.2758557455671447e-17
10.087578703284827 2.2787690020921632e-17
10.090339346969923 2.28e-17
10.093100746153814 2.28e-17
10.095862901043255 2.2804928908253727e-17
10.09862581184506 2.2826648674058356e-17
10.101389478766098 2.286023498427419e-17
10.104153902013287 2.2888515218469558e-17
10.10691908179362 2.29e-17
10.109685018314131 2.29e-17
10.112451711781913 2.29056430057016e-17
10.11521916240412 2.2928049697617126e-17
10.117987370387961 2.2961581657723153e-17
10.120756335940701 2.298917496580763e-17
10.12352605926966 2.3e-17
10.126296540582217 2.3e-17
10.129067780085814 2.3006192003801294e-17
10.131839777987938 2.3029120477297215e-17
10.134612534496135 2.3062597996916365e-17
10.137386049818016 2.308966952342044e-17
10.140160324161245 2.31e-17
10.142935357733538 2.31e-17
10.14571115074267 2.3106576165077874e-17
10.14848770339648 2.312986153822062e-17
10.151265015902855 2.3163284527119577e-17
10.154043088469738 2.3189999153976835e-17
10.15682192130514 2.32e-17
10.159601514617119 2.32e-17
10.162381868613789 2.3206795754247343e-17
10.165162983503329 2.323027340989171e-17
10.167944859493973 2.3263641777982017e-17
10.170727496794004 2.3290164122337657e-17
10.173510895611772 2.33e-17
10.176295056155677 2.33e-17
10.17907997863418 2.3306851038224444e-17
10.181865663255797 2.3330356626213022e-17
10.184652110229106 2.3363670283552358e-17
10.187439319762733 2.3396981845343702e-17
10.190227292065366 2.343027515666865e-17
10.193016027345754 2.346356142495011e-17
10.195805525812698 2.349010341806138e-17
10.198595787675053 2.35e-17
10.201386813141742 2.35e-17
10.204178602421738 2.3506626481263168e-17
10.206971155724066 2.3529866400693057e-17
10.209764473257817 2.3563097823586612e-17
10.212558555232143 2.3589857904156725e-17
10.215353401856238 2.36e-17
10.218149013339364 2.36e-17
10.22094538989084 2.3606272184513073e-17
10.223742531720042 2.3629130343471047e-17
10.226540439036398 2.3662306831405013e-17
10.229339112049399 2.3689448672447038e-17
10.232138550968592 2.37e-17
10.23493875600358 2.37e-17
10.23773972736402 2.370575453420318e-17
10.240541465259636 2.3728067534424807e-17
10.243343969900202 2.3761188997977765e-17
10.246147241495553 2.3788875997756135e-17
10.248951280255575 2.38e-17
10.25175608639022 2.38e-17
10.254561660109493 2.380507380724176e-17
10.257368001623458 2.3826678527446738e-17
10.260175111142232 2.3859744877348828e-17
10.262982988875999 2.3888140157143854e-17
10.26579163503499 2.39e-17
10.268601049829496 2.39e-17
10.27141123346987 2.3904230282779995e-17
10.274222186166526 2.3924963880915617e-17
10.277033908129923 2.395797502804992e-17
10.279846399570584 2.39872414299143e-17
10.282659660699094 2.4e-17
10.28547369172609 2.4e-17
10.288288492862266 2.4003224242220166e-17
10.29110406431838 2.402292415771292e-17
10.293920406305244 2.405588001311642e-17
10.29673751903372 2.4086180097623667e-17
10.299555402714741 2.41e-17
10.302374057559295 2.41e-17
10.305193483778414 2.4102055969223477e-17
10.308013681583207 2.4120559925238742e-17
10.31083465118483 2.4153460400103787e-17
10.313656392794499 2.418495644408852e-17
10.316478906623486 2.42e-17
10.319302192883125 2.42e-17
10.322126251784802 2.4200725749718486e-17
10.324951083539965 2.421787175542845e-17
10.327776688360121 2.4250716761103856e-17
10.330603066456833 2.4283570755393877e-17
