#xsec (eV,cm2) for CS2 -> CS + S
3.1000290654125155 0.0
3.1008774429979375 0.0
3.1017260527568364 0.0
3.102574894752751 0.0
3.103423969049237 0.0
3.1042732757098674 0.0
3.105122814798232 0.0
3.1059725863779404 0.0
3.1068225905126168 0.0
3.1076728272659047 0.0
3.1085232967014633 0.0
3.1093739988829707 0.0
3.1102249338741217 0.0
3.1110761017386297 0.0
3.1119275025402233 0.0
3.1127791363426507 0.0
3.113631003209677 0.0
3.114483103205083 0.0
3.1153354363926695 0.0
3.116188002836253 0.0
3.1170408025996696 0.0
3.1178938357467696 0.0
3.1187471023414233 0.0
3.119600602447518 0.0
3.1204543361289576 0.0
3.1213083034496645 0.0
3.122162504473578 0.0
3.123016939264656 0.0
3.123871607886872 0.0
3.1247265104042174 0.0
3.125581646880703 0.0
3.1264370173803555 0.0
3.1272926219672197 0.0
3.128148460705357 0.0
3.129004533658848 0.0
3.129860840891788 0.0
3.130717382468294 0.0
3.131574158452497 0.0
3.1324311689085467 0.0
3.133288413900611 0.0
3.134145893492875 0.0
3.1350036077495402 0.0
3.1358615567348274 0.0
3.1367197405129734 0.0
3.1375781591482346 0.0
3.1384368127048834 0.0
3.13929570124721 0.0
3.140154824839522 0.0
3.1410141835461456 0.0
3.141873777431423 0.0
3.1427336065597165 0.0
3.1435936709954033 0.0
3.1444539708028802 0.0
3.14531450604656 0.0
3.1461752767908746 0.0
3.1470362831002725 0.0
3.1478975250392205 0.0
3.148759002672203 0.0
3.1496207160637213 0.0
3.1504826652782953 0.0
3.151344850380462 0.0
3.1522072714347757 0.0
3.1530699285058095 0.0
3.1539328216581537 0.0
3.154795950956416 0.0
3.155659316465221 0.0
3.1565229182492125 0.0
3.157386756373052 0.0
3.158250830901417 0.0
3.1591151418990044 0.0
3.159979689430528 0.0
3.1608444735607195 0.0
3.1617094943543282 0.0
3.1625747518761216 0.0
3.1634402461908837 0.0
3.164305977363418 0.0
3.1651719454585443 0.0
3.1660381505411004 0.0
3.1669045926759427 0.0
3.1677712719279443 0.0
3.1686381883619976 0.0
3.16950534204301 0.0
3.170372733035909 0.0
3.171240361405639 0.0
3.1721082272171626 0.0
3.1729763305354606 0.0
3.1738446714255293 0.0
3.1747132499523856 0.0
3.1755820661810628 0.0
3.176451120176612 0.0
3.1773204120041023 0.0
3.1781899417286206 0.0
3.179059709415272 0.0
3.1799297151291785 0.0
3.1807999589354807 0.0
3.181670440899337 0.0
3.182541161085923 0.0
3.1834121195604332 0.0
3.184283316388078 0.0
3.185154751634088 0.0
3.1860264253637105 0.0
3.1868983376422104 0.0
3.1877704885348708 0.0
3.188642878106993 0.0
3.1895155064238967 0.0
3.190388373550917 0.0
3.1912614795534084 0.0
3.192134824496745 0.0
3.1930084084463153 0.0
3.193882231467529 0.0
3.194756293625812 0.0
3.195630594986608 0.0
3.196505135615379 0.0
3.1973799155776055 0.0
3.1982549349387845 0.0
3.1991301937644323 0.0
3.200005692120082 0.0
3.200881430071286 0.0
3.2017574076836133 0.0
3.2026336250226515 0.0
3.203510082154006 0.0
3.2043867791433005 0.0
3.2052637160561757 0.0
3.206140892958292 0.0
3.207018309915326 0.0
3.2078959669929725 0.0
3.208773864256945 0.0
3.209652001772975 0.0
3.210530379606812 0.0
3.211408997824223 0.0
3.2122878564909927 0.0
3.2131669556729245 0.0
3.21404629543584 0.0
3.2149258758455783 0.0
3.215805696967996 0.0
3.2166857588689695 0.0
3.2175660616143915 0.0
3.218446605270173 0.0
3.2193273899022437 0.0
3.220208415576551 0.0
3.221089682359061 0.0
3.2219711903157555 0.0
3.2228529395126375 0.0
3.223734930015726 0.0
3.22461716189106 0.0
3.2254996352046934 0.0
3.2263823500227007 0.0
3.2272653064111747 0.0
3.2281485044362244 0.0
3.229031944163978 0.0
3.229915625660582 0.0
3.2307995489922003 0.0
3.2316837142250163 0.0
3.2325681214252295 0.0
3.233452770659059 0.0
3.2343376619927415 0.0
3.2352227954925317 0.0
3.2361081712247026 0.0
3.236993789255546 0.0
3.2378796496513704 0.0
3.238765752478504 0.0
3.2396520978032917 0.0
3.2405386856920977 0.0
3.2414255162113035 0.0
3.2423125894273097 0.0
3.2431999054065344 0.0
3.2440874642154136 0.0
3.2449752659204023 0.0
3.2458633105879735 0.0
3.246751598284618 0.0
3.2476401290768444 0.0
3.2485289030311812 0.0
3.2494179202141735 0.0
3.250307180692385 0.0
3.251196684532397 0.0
3.2520864318008114 0.0
3.2529764225642452 0.0
3.2538666568893353 0.0
3.2547571348427384 0.0
3.2556478564911253 0.0
3.256538821901189 0.0
3.257430031139638 0.0
3.2583214842732007 0.0
3.2592131813686245 0.0
3.2601051224926723 0.0
3.2609973077121266 0.0
3.2618897370937896 0.0
3.2627824107044807 0.0
3.2636753286110363 0.0
3.264568490880313 0.0
3.265461897579185 0.0
3.2663555487745444 0.0
3.2672494445333022 0.0
3.2681435849223877 0.0
3.269037970008748 0.0
3.269932599859349 0.0
3.2708274745411745 0.0
3.271722594121227 0.0
3.272617958666527 0.0
3.273513568244114 0.0
3.274409422921045 0.0
3.2753055227643957 0.0
3.2762018678412614 0.0
3.2770984582187532 0.0
3.2779952939640022 0.0
3.278892375144158 0.0
3.2797897018263877 0.0
3.280687274077878 0.0
3.2815850919658325 0.0
3.282483155557474 0.0
3.283381464920044 0.0
3.2842800201208022 0.0
3.285178821227026 0.0
3.286077868306012 0.0
3.286977161425076 0.0
3.287876700651549 0.0
3.288776486052784 0.0
3.2896765176961518 0.0
3.2905767956490393 0.0
3.2914773199788545 0.0
3.2923780907530222 0.0
3.2932791080389867 0.0
3.2941803719042095 0.0
3.2950818824161727 0.0
3.2959836396423743 0.0
3.2968856436503327 0.0
3.297787894507584 0.0
3.298690392281683 0.0
3.299593137040202 0.0
3.300496128850733 0.0
3.3013993677808866 0.0
3.302302853898291 0.0
3.3032065872705934 0.0
3.3041105679654605 0.0
3.305014796050575 0.0
3.3059192715936403 0.0
3.306823994662377 0.0
3.3077289653245256 0.0
3.3086341836478446 0.0
3.3095396497001097 0.0
3.3104453635491176 0.0
3.311351325262681 0.0
3.3122575349086336 0.0
3.3131639925548253 0.0
3.314070698269127 0.0
3.3149776521194263 0.0
3.315884854173629 0.0
3.3167923044996623 0.0
3.317700003165469 0.0
3.318607950239012 0.0
3.319516145788273 0.0
3.3204245898812506 0.0
3.321333282585963 0.0
3.3222422239704485 0.0
3.323151414102762 0.0
3.324060853050978 0.0
3.3249705408831893 0.0
3.325880477667507 0.0
3.3267906634720616 0.0
3.3277010983650017 0.0
3.328611782414495 0.0
3.329522715688727 0.0
3.3304338982559027 0.0
3.3313453301842464 0.0
3.3322570115419996 0.0
3.333168942397422 0.0
3.334081122818794 0.0
3.3349935528744137 0.0
3.335906232632598 0.0
3.3368191621616825 0.0
3.337732341530021 0.0
3.3386457708059862 0.0
3.33955945005797 0.0
3.3404733793543833 0.0
3.341387558763655 0.0
3.3423019883542318 0.0
3.3432166681945814 0.0
3.3441315983531883 0.0
3.345046778898557 0.0
3.3459622098992106 0.0
3.3468778914236896 0.0
3.3477938235405555 0.0
3.3487100063183863 0.0
3.34962643982578 0.0
3.350543124131353 0.0
3.351460059303741 0.0
3.352377245411598 0.0
3.3532946825235967 0.0
3.3542123707084297 0.0
3.3551303100348067 0.0
3.356048500571457 0.0
3.356966942387129 0.0
3.3578856355505895 0.0
3.3588045801306246 0.0
3.359723776196038 0.0
3.3606432238156536 0.0
3.361562923058314 0.0
3.36248287399288 0.0
3.3634030766882312 0.0
3.364323531213267 0.0
3.3652442376369045 0.0
3.3661651960280805 0.0
3.3670864064557504 0.0
3.3680078689888875 0.0
3.3689295836964863 0.0
3.3698515506475584 0.0
3.3707737699111346 0.0
3.371696241556264 0.0
3.3726189656520154 0.0
3.3735419422674773 0.0
3.3744651714717557 0.0
3.3753886533339754 0.0
3.3763123879232815 0.0
3.377236375308837 0.0
3.378160615559824 0.0
3.3790851087454428 0.0
3.3800098549349147 0.0
3.380934854197478 0.0
3.3818601066023906 0.0
3.38278561221893 0.0
3.3837113711163913 0.0
3.3846373833640895 0.0
3.385563649031358 0.0
3.38649016818755 0.0
3.387416940902037 0.0
3.3883439672442104 0.0
3.389271247283479 0.0
3.3901987810892713 0.0
3.391126568731036 0.0
3.3920546102782394 0.0
3.392982905800366 0.0
3.3939114553669225 0.0
3.3948402590474314 0.0
3.3957693169114354 0.0
3.396698629028497 0.0
3.3976281954681964 0.0
3.3985580163001345 0.0
3.3994880915939287 0.0
3.400418421419218 0.0
3.401349005845659 0.0
3.4022798449429272 0.0
3.4032109387807195 0.0
3.4041422874287486 0.0
3.405073890956749 0.0
3.406005749434472 0.0
3.4069378629316898 0.0
3.4078702315181926 0.0
3.40880285526379 0.0
3.4097357342383114 0.0
3.4106688685116042 0.0
3.4116022581535352 0.0
3.412535903233991 0.0
3.413469803822876 0.0
3.414403959990116 0.0
3.415338371805653 0.0
3.416273039339451 0.0
3.4172079626614913 0.0
3.4181431418417745 0.0
3.419078576950321 0.0
3.4200142680571703 0.0
3.4209502152323807 0.0
3.4218864185460296 0.0
3.4228228780682137 0.0
3.4237595938690495 0.0
3.424696566018672 0.0
3.4256337945872355 0.0
3.426571279644913 0.0
3.4275090212618986 0.0
3.4284470195084027 0.0
3.4293852744546576 0.0
3.4303237861709133 0.0
3.4312625547274394 0.0
3.4322015801945245 0.0
3.4331408626424778 0.0
3.434080402141626 0.0
3.4350201987623152 0.0
3.4359602525749118 0.0
3.4369005636498002 0.0
3.437841132057386 0.0
3.438781957868092 0.0
3.4397230411523614 0.0
3.440664381980656 0.0
3.441605980423457 0.0
3.442547836551266 0.0
3.443489950434603 0.0
3.4444323221440065 0.0
3.4453749517500363 0.0
3.446317839323269 0.0
3.447260984934303 0.0
3.448204388653754 0.0
3.4491480505522585 0.0
3.4500919707004725 0.0
3.4510361491690684 0.0
3.4519805860287422 0.0
3.4529252813502067 0.0
3.4538702352041937 0.0
3.4548154476614554 0.0
3.4557609187927643 0.0
3.45670664866891 0.0
3.457652637360703 0.0
3.458598884938972 0.0
3.459545391474567 0.0
3.4604921570383556 0.0
3.461439181701226 0.0
3.4623864655340837 0.0
3.4633340086078572 0.0
3.4642818109934908 0.0
3.4652298727619506 0.0
3.4661781939842204 0.0
3.4671267747313053 0.0
3.4680756150742287 0.0
3.469024715084033 0.0
3.4699740748317813 0.0
3.4709236943885546 0.0
3.471873573825455 0.0
3.472823713213603 0.0
3.4737741126241386 0.0
3.474724772128222 0.0
3.475675691797032 0.0
3.476626871701767 0.0
3.4775783119136463 0.0
3.478530012503906 0.0
3.4794819735438045 0.0
3.480434195104618 0.0
3.4813866772576425 0.0
3.4823394200741937 0.0
3.483292423625606 0.0
3.484245687983236 0.0
3.485199213218456 0.0
3.4861529994026617 0.0
3.4871070466072642 0.0
3.4880613549036976 0.0
3.489015924363414 0.0
3.4899707550578856 0.0
3.490925847058604 0.0
3.4918812004370796 0.0
3.492836815264843 0.0
3.4937926916134447 0.0
3.494748829554455 0.0
3.495705229159463 0.0
3.4966618905000773 0.0
3.4976188136479265 0.0
3.498575998674659 0.0
3.4995334456519425 0.0
3.5004911546514643 0.0
3.5014491257449314 0.0
3.502407359004071 0.0
3.503365854500629 0.0
3.5043246123063705 0.0
3.5052836324930814 0.0
3.506242915132568 0.0
3.5072024602966536 0.0
3.5081622680571836 0.0
3.5091223384860224 0.0
3.510082671655053 0.0
3.511043267636179 0.0
3.512004126501324 0.0
3.5129652483224305 0.0
3.5139266331714616 0.0
3.5148882811203985 0.0
3.5158501922412437 0.0
3.516812366606019 0.0
3.517774804286766 0.0
3.5187375053555447 0.0
3.5197004698844365 0.0
3.5206636979455426 0.0
3.521627189610982 0.0
3.5225909449528956 0.0
3.5235549640434423 0.0
3.524519246954802 0.0
3.5254837937591743 0.0
3.5264486045287775 0.0
3.527413679335851 0.0
3.528379018252652 0.0
3.52934462135146 0.0
3.5303104887045733 0.0
3.531276620384309 0.0
3.5322430164630054 0.0
3.533209677013019 0.0
3.5341766021067276 0.0
3.5351437918165276 0.0
3.536111246214837 0.0
3.537078965374092 0.0
3.5380469493667484 0.0
3.539015198265284 0.0
3.539983712142194 0.0
3.540952491069994 0.0
3.5419215351212205 0.0
3.542890844368429 0.0
3.5438604188841953 0.0
3.5448302587411145 0.0
3.545800364011802 0.0
3.5467707347688924 0.0
3.5477413710850416 0.0
3.548712273032925 0.0
3.549683440685236 0.0
3.5506548741146897 0.0
3.551626573394021 0.0
3.552598538595984 0.0
3.553570769793354 0.0
3.554543267058924 0.0
3.55551603046551 0.0
3.5564890600859447 0.0
3.5574623559930827 0.0
3.558435918259798 0.0
3.5594097469589845 0.0
3.5603838421635565 0.0
3.5613582039464475 0.0
3.562332832380612 0.0
3.563307727539023 0.0
3.5642828894946743 0.0
3.56525831832058 0.0
3.5662340140897744 0.0
3.5672099768753105 0.0
3.568186206750262 0.0
3.5691627037877227 0.0
3.5701394680608067 0.0
3.571116499642647 0.0
3.5720937986063994 0.0
3.5730713650252346 0.0
3.5740491989723484 0.0
3.5750273005209543 0.0
3.5760056697442857 0.0
3.5769843067155973 0.0
3.577963211508162 0.0
3.578942384195275 0.0
3.579921824850249 0.0
3.5809015335464194 0.0
3.5818815103571398 0.0
3.5828617553557844 0.0
3.583842268615748 0.0
3.584823050210444 0.0
3.5858041002133083 0.0
3.586785418697795 0.0
3.5877670057373785 0.0
3.588748861405554 0.0
3.5897309857758355 0.0
3.59071337892176 0.0
3.5916960409168803 0.0
3.5926789718347742 0.0
3.5936621717490356 0.0
3.5946456407332796 0.0
3.595629378861144 0.0
3.596613386206283 0.0
3.5975976628423725 0.0
3.59858220884311 0.0
3.5995670242822113 0.0
3.600552109233412 0.0
3.6015374637704705 0.0
3.602523087967163 0.0
3.6035089818972863 0.0
3.604495145634658 0.0
3.6054815792531154 0.0
3.6064682828265164 0.0
3.6074552564287385 0.0
3.6084425001336804 0.0
3.609430014015261 0.0
3.6104177981474175 0.0
3.61140585260411 0.0
3.6123941774593167 0.0
3.613382772787037 0.0
3.614371638661291 0.0
3.615360775156118 0.0
3.6163501823455793 0.0
3.617339860303753 0.0
3.6183298091047416 0.0
3.6193200288226652 0.0
3.6203105195316656 0.0
3.621301281305903 0.0
3.6222923142195604 0.0
3.62328361834684 0.0
3.6242751937619637 0.0
3.625267040539174 0.0
3.6262591587527346 0.0
3.627251548476928 0.0
3.6282442097860583 0.0
3.629237142754449 0.0
3.630230347456446 0.0
3.631223823966412 0.0
3.6322175723587327 0.0
3.633211592707815 0.0
3.6342058850880825 0.0
3.6352004495739827 0.0
3.636195286239981 0.0
3.637190395160565 0.0
3.638185776410242 0.0
3.6391814300635397 0.0
3.6401773561950064 0.0
3.6411735548792095 0.0
3.6421700261907386 0.0
3.643166770204203 0.0
3.6441637869942323 0.0
3.645161076635476 0.0
3.6461586392026053 0.0
3.647156474770312 0.0
3.648154583413306 0.0
3.64915296520632 0.0
3.650151620224106 0.0
3.6511505485414366 0.0
3.652149750233106 0.0
3.6531492253739266 0.0
3.6541489740387334 0.0
3.6551489963023807 0.0
3.6561492922397436 0.0
3.657149861925719 0.0
3.658150705435221 0.0
3.659151822843187 0.0
3.6601532142245747 0.0
3.6611548796543616 0.0
3.662156819207545 0.0
3.663159032959145 0.0
3.6641615209842 0.0
3.6651642833577696 0.0
3.6661673201549343 0.0
3.6671706314507952 0.0
3.668174217320473 0.0
3.6691780778391108 0.0
3.6701822130818704 0.0
3.671186623123935 0.0
3.6721913080405084 0.0
3.673196267906815 0.0
3.6742015027980988 0.0
3.6752070127896257 0.0
3.676212797956682 0.0
3.677218858374574 0.0
3.67822519411863 0.0
3.6792318052641964 0.0
3.6802386918866423 0.0
3.6812458540613564 0.0
3.6822532918637494 0.0
3.6832610053692507 0.0
3.6842689946533116 0.0
3.6852772597914036 0.0
3.68628580085902 0.0
3.6872946179316726 0.0
3.6883037110848953 0.0
3.6893130803942427 0.0
3.6903227259352898 0.0
3.691332647783632 0.0
3.692342846014886 0.0
3.6933533207046887 0.0
3.694364071928697 0.0
3.6953750997625914 0.0
3.6963864042820695 0.0
3.6973979855628514 0.0
3.698409843680677 0.0
3.6994219787113094 0.0
3.7004343907305293 0.0
3.70144707981414 0.0
3.7024600460379657 0.0
3.7034732894778495 0.0
3.704486810209657 0.0
3.705500608309274 0.0
3.706514683852607 0.0
3.7075290369155836 0.0
3.708543667574152 0.0
3.70955857590428 0.0
3.710573761981959 0.0
3.7115892258831984 0.0
3.7126049676840305 0.0
3.713620987460506 0.0
3.714637285288699 0.0
3.7156538612447023 0.0
3.7166707154046312 0.0
3.7176878478446214 0.0
3.7187052586408287 0.0
3.71972294786943 0.0
3.7207409156066236 0.0
3.7217591619286274 0.0
3.722777686911682 0.0
3.723796490632048 0.0
3.7248155731660058 0.0
3.7258349345898587 0.0
3.72685457497993 0.0
3.7278744944125624 0.0
3.728894692964121 0.0
3.729915170710993 0.0
3.730935927729584 0.0
3.731956964096322 0.0
3.7329782798876554 0.0
3.7339998751800536 0.0
3.7350217500500067 0.0
3.736043904574027 0.0
3.7370663388286465 0.0
3.7380890528904174 0.0
3.7391120468359147 0.0
3.740135320741733 0.0
3.7411588746844897 0.0
3.74218270874082 0.0
3.743206822987383 0.0
3.7442312175008583 0.0
3.745255892357944 0.0
3.7462808476353624 0.0
3.747306083409855 0.0
3.7483315997581856 0.0
3.749357396757137 0.0
3.750383474483515 0.0
3.751409833014146 0.0
3.7524364724258756 0.0
3.7534633927955725 0.0
3.754490594200126 0.0
3.7555180767164464 0.0
3.756545840421465 0.0
3.7575738853921337 0.0
3.7586022117054254 0.0
3.7596308194383345 0.0
3.7606597086678772 0.0
3.7616888794710897 0.0
3.7627183319250292 0.0
3.7637480661067757 0.0
3.7647780820934273 0.0
3.7658083799621056 0.0
3.7668389597899523 0.0
3.767869821654131 0.0
3.7689009656318264 0.0
3.769932391800242 0.0
3.770964100236606 0.0
3.7719960910181647 0.0
3.7730283642221876 0.0
3.774060919925965 0.0
3.775093758206807 0.0
3.776126879142047 0.0
3.777160282809037 0.0
3.7781939692851516 0.0
3.7792279386477876 0.0
3.7802621909743612 0.0
3.7812967263423105 0.0
3.782331544829095 0.0
3.783366646512195 0.0
3.784402031469112 0.0
3.7854376997773684 0.0
3.78647365151451 0.0
3.7875098867581 0.0
3.788546405585726 0.0
3.789583208074996 0.0
3.7906202943035394 0.0
3.791657664349005 0.0
3.7926953182890655 0.0
3.793733256201413 0.0
3.794771478163762 0.0
3.7958099842538466 0.0
3.7968487745494253 0.0
3.797887849128274 0.0
3.7989272080681933 0.0
3.799966851447003 0.0
3.8010067793425453 0.0
3.8020469918326825 0.0
3.803087488995299 0.0
3.8041282709083015 0.0
3.805169337649615 0.0
3.80621068929719 0.0
3.807252325928994 0.0
3.80829424762302 0.0
3.809336454457279 0.0
3.810378946509805 0.0
3.8114217238586523 0.0
3.8124647865818986 0.0
3.8135081347576407 0.0
3.814551768463998 0.0
3.8155956877791115 0.0
3.816639892781142 0.0
3.817684383548273 0.0
3.8187291601587106 0.0
3.8197742226906786 0.0
3.820819571222425 0.0
3.8218652058322204 0.0
3.8229111265983535 0.0
3.823957333599137 0.0
3.825003826912903 0.0
3.826050606618007 0.0
3.8270976727928243 0.0
3.8281450255157528 0.0
3.8291926648652113 0.0
3.83024059091964 0.0
3.8312888037575017 0.0
3.8323373034572787 0.0
3.833386090097477 0.0
3.834435163756621 0.0
3.83548452451326 0.0
3.8365341724459627 0.0
3.8375841076333206 0.0
3.838634330153945 0.0
3.8396848400864703 0.0
3.8407356375095523 0.0
3.8417867225018667 0.0
3.8428380951421124 0.0
3.84388975550901 0.0
3.8449417036813 0.0
3.845993939737745 0.0
3.847046463757131 0.0
3.8480992758182637 0.0
3.8491523759999704 0.0
3.8502057643811005 0.0
3.8512594410405256 0.0
3.852313406057137 0.0
3.853367659509849 0.0
3.854422201477597 0.0
3.855477032039339 0.0
3.8565321512740534 0.0
3.8575875592607405 0.0
3.858643256078423 0.0
3.8596992418061444 0.0
3.8607555165229694 0.0
3.861812080307985 0.0
3.862868933240301 0.0
3.8639260753990454 0.0
3.8649835068633727 0.0
3.866041227712455 0.0
3.867099238025488 0.0
3.868157537881688 0.0
3.8692161273602945 0.0
3.8702750065405667 0.0
3.8713341755017874 0.0
3.8723936343232603 0.0
3.8734533830843105 0.0
3.8745134218642847 0.0
3.875573750742552 0.0
3.876634369798503 0.0
3.8776952791115504 0.0
3.8787564787611277 0.0
3.87981796882669 0.0
3.8808797493877156 0.0
3.8819418205237035 0.0
3.883004182314174 0.0
3.8840668348386718 0.0
3.8851297781767586 0.0
3.8861930124080226 0.0
3.8872565376120716 0.0
3.8883203538685347 0.0
3.889384461257064 0.0
3.890448859857333 0.0
3.891513549749037 0.0
3.8925785310118926 0.0
3.893643803725639 0.0
3.8947093679700364 0.0
3.895775223824868 0.0
3.8968413713699377 0.0
3.897907810685072 0.0
3.8989745418501194 0.0
3.9000415649449476 0.0
3.9011088800494504 0.0
3.902176487243541 0.0
3.9032443866071542 0.0
3.904312578220248 0.0
3.9053810621628013 0.0
3.906449838514816 0.0
3.907518907356314 0.0
3.908588268767341 0.0
3.9096579228279627 0.0
3.9107278696182686 0.0
3.91179810921837 0.0
3.912868641708398 0.0
3.9139394671685084 0.0
3.9150105856788766 0.0
3.9160819973197016 0.0
3.917153702171204 0.0
3.9182257003136254 0.0
3.91929799182723 0.0
3.9203705767923043 0.0
3.921443455289156 0.0
3.9225166273981165 0.0
3.9235900931995364 0.0
3.924663852773791 0.0
3.9257379062012756 0.0
3.9268122535624084 0.0
3.92788689493763 0.0
3.9289618304074025 0.0
3.93003706005221 0.0
3.931112583952558 0.0
3.9321884021889755 0.0
3.9332645148420124 0.0
3.9343409219922414 0.0
3.935417623720256 0.0
3.9364946201066733 0.0
3.937571911232132 0.0
3.938649497177292 0.0
3.9397273780228357 0.0
3.9408055538494686 0.0
3.9418840247379174 0.0
3.942962790768931 0.0
3.944041852023279 0.0
3.9451212085817557 0.0
3.946200860525176 0.0
3.9472808079343777 0.0
3.9483610508902194 0.0
3.949441589473583 0.0
3.9505224237653733 0.0
3.951603553846514 0.0
3.9526849797979544 0.0
3.9537667017006646 0.0
3.9548487196356357 0.0
3.9559310336838838 0.0
3.9570136439264445 0.0
3.9580965504443775 0.0
3.9591797533187627 0.0
3.9602632526307033 0.0
3.9613470484613256 0.0
3.962431140891776 0.0
3.963515530003226 0.0
3.9646002158768656 0.0
3.96568519859391 0.0
3.9667704782355955 0.0
3.967856054883181 0.0
3.968941928617948 0.0
3.9700280995211976 0.0
3.971114567674257 0.0
3.9722013331584725 0.0
3.9732883960552154 0.0
3.974375756445877 0.0
3.9754634144118723 0.0
3.976551370034638 0.0
3.9776396233956324 0.0
3.978728174576337 0.0
3.9798170236582564 0.0
3.980906170722915 0.0
3.9819956158518623 0.0
3.983085359126668 0.0
3.984175400628926 0.0
3.9852657404402505 0.0
3.9863563786422795 0.0
3.9874473153166727 0.0
3.9885385505451123 0.0
3.9896300844093036 0.0
3.990721916990972 0.0
3.991814048371868 0.0
3.992906478633763 0.0
3.993999207858451 0.0
3.995092236127748 0.0
3.9961855635234937 0.0
3.997279190127549 0.0
3.9983731160217975 0.0
3.999467341288145 0.0
4.000561866008519 0.0
4.001656690264873 0.0
4.002751814139179 0.0
4.003847237713432 0.0
4.00494296106965 0.0
4.006038984289876 0.0
4.00713530745617 0.0
4.008231930650618 0.0
4.009328853955331 0.0
4.010426077452437 0.0
4.011523601224089 0.0
4.012621425352462 0.0
4.013719549919755 0.0
4.014817975008189 0.0
4.0159167007000045 0.0
4.017015727077469 0.0
4.01811505422287 0.0
4.019214682218517 0.0
4.020314611146745 0.0
4.021414841089907 0.0
4.022515372130382 0.0
4.023616204350572 0.0
4.024717337832898 0.0
4.025818772659807 0.0
4.026920508913768 0.0
4.028022546677269 0.0
4.029124886032827 0.0
4.030227527062975 0.0
4.031330469850273 0.0
4.0324337144773015 0.0
4.033537261026664 0.0
4.034641109580988 0.0
4.035745260222923 0.0
4.036849713035139 0.0
4.03795446810033 0.0
4.039059525501214 0.0
4.0401648853205305 0.0
4.041270547641041 0.0
4.04237651254553 0.0
4.043482780116806 0.0
4.044589350437699 0.0
4.045696223591062 0.0
4.046803399659768 0.0
4.047910878726718 0.0
4.049018660874831 0.0
4.050126746187051 0.0
4.051235134746346 0.0
4.052343826635703 0.0
4.053452821938133 0.0
4.054562120736671 0.0
4.055671723114376 0.0
4.056781629154324 0.0
4.0578918389396215 0.0
4.0590023525533905 0.0
4.0601131700787825 0.0
4.061224291598965 0.0
4.062335717197131 0.0
4.063447446956501 0.0
4.064559480960311 0.0
4.065671819291824 0.0
4.066784462034322 0.0
4.067897409271116 0.0
4.069010661085534 0.0
4.070124217560931 0.0
4.071238078780682 0.0
4.072352244828184 0.0
4.07346671578686 0.0
4.074581491740155 0.0
4.075696572771534 0.0
4.076811958964488 0.0
4.077927650402531 0.0
4.079043647169199 0.0
4.080159949348047 0.0
4.08127655702266 0.0
4.082393470276641 0.0
4.083510689193618 0.0
4.084628213857239 0.0
4.085746044351179 0.0
4.086864180759132 0.0
4.0879826231648195 0.0
4.0891013716519815 0.0
4.090220426304382 0.0
4.0913397872058095 0.0
4.092459454440074 0.0
4.093579428091009 0.0
4.09469970824247 0.0
4.095820294978338 0.0
4.096941188382514 0.0
4.098062388538924 0.0
4.099183895531516 0.0
4.100305709444259 0.0
4.10142783036115 0.0
4.102550258366206 0.0
4.103672993543464 0.0
4.104796035976991 0.0
4.1059193857508705 0.0
4.107043042949212 0.0
4.1081670076561485 0.0
4.109291279955835 0.0
4.1104158599324485 0.0
4.111540747670191 0.0
4.112665943253287 0.0
4.113791446765984 0.0
4.114917258292552 0.0
4.1160433779172845 0.0
4.117169805724497 0.0
4.11829654179853 0.0
4.119423586223746 0.0
4.1205509390845325 0.0
4.1216786004652946 0.0
4.122806570450466 0.0
4.123934849124504 0.0
4.125063436571884 0.0
4.126192332877109 0.0
4.127321538124701 0.0
4.128451052399209 0.0
4.129580875785203 0.0
4.130711008367278 0.0
4.13184145023005 0.0
4.132972201458161 0.0
4.134103262136271 0.0
4.13523463234907 0.0
4.136366312181265 0.0
4.137498301717589 0.0
4.138630601042798 0.0
4.139763210241673 0.0
4.140896129399016 0.0
4.14202935859965 0.0
4.143162897928427 0.0
4.144296747470216 0.0
4.145430907309915 0.0
4.146565377532442 0.0
4.147700158222737 0.0
4.148835249465766 0.0
4.149970651346518 0.0
4.151106363950003 0.0
4.152242387361258 0.0
4.153378721665339 0.0
4.154515366947328 0.0
4.155652323292328 0.0
4.15678959078547 0.0
4.157927169511902 0.0
4.159065059556802 0.0
4.160203261005364 0.0
4.161341773942812 0.0
4.162480598454389 0.0
4.163619734625362 0.0
4.164759182541024 0.0
4.165898942286689 0.0
4.167039013947694 0.0
4.168179397609401 0.0
4.169320093357193 0.0
4.170461101276478 0.0
4.171602421452691 0.0
4.1727440539712815 0.0
4.173885998917729 0.0
4.175028256377537 0.0
4.176170826436229 0.0
4.1773137091793515 0.0
4.178456904692479 0.0
4.1796004130612046 0.0
4.180744234371147 0.0
4.181888368707949 0.0
4.183032816157276 0.0
4.184177576804815 0.0
4.185322650736278 0.0
4.186468038037404 0.0
4.187613738793949 0.0
4.188759753091698 0.0
4.189906081016455 0.0
4.1910527226540495 0.0
4.1921996780903354 0.0
4.1933469474111895 0.0
4.194494530702512 0.0
4.195642428050226 0.0
4.1967906395402785 0.0
4.1979391652586395 0.0
4.199088005291305 0.0
4.20023715972429 0.0
4.201386628643637 0.0
4.202536412135411 0.0
4.203686510285701 0.0
4.204836923180617 0.0
4.205987650906296 0.0
4.207138693548896 0.0
4.2082900511946 0.0
4.209441723929614 0.0
4.210593711840168 0.0
4.211746015012515 0.0
4.212898633532933 0.0
4.21405156748772 0.0
4.215204816963205 0.0
4.21635838204573 0.0
4.217512262821669 0.0
4.218666459377417 0.0
4.219820971799393 0.0
4.22097580017404 0.0
4.222130944587823 0.0
4.223286405127231 0.0
4.224442181878779 0.0
4.225598274929004 0.0
4.226754684364465 0.0
4.227911410271748 0.0
4.229068452737459 0.0
4.230225811848232 0.0
4.231383487690723 0.0
4.232541480351608 0.0
4.233699789917592 0.0
4.234858416475403 0.0
4.23601736011179 0.0
4.237176620913526 0.0
4.23833619896741 0.0
4.239496094360264 0.0
4.240656307178934 0.0
4.241816837510287 0.0
4.242977685441218 0.0
4.244138851058642 0.0
4.245300334449501 0.0
4.246462135700758 0.0
4.247624254899403 0.0
4.248786692132445 0.0
4.249949447486922 0.0
4.251112521049894 0.0
4.252275912908442 0.0
4.253439623149674 0.0
4.254603651860723 0.0
4.255767999128743 0.0
4.25693266504091 0.0
4.25809764968443 0.0
4.2592629531465285 0.0
4.260428575514455 0.0
4.261594516875484 0.0
4.262760777316914 0.0
4.263927356926066 0.0
4.265094255790288 0.0
4.2662614739969476 0.0
4.267429011633439 0.0
4.268596868787181 0.0
4.269765045545613 0.0
4.270933541996204 0.0
4.272102358226439 0.0
4.273271494323833 0.0
4.274440950375925 0.0
4.2756107264702745 0.0
4.276780822694466 0.0
4.277951239136112 0.0
4.279121975882842 0.0
4.280293033022315 0.0
4.2814644106422115 0.0
4.2826361088302365 0.0
4.283808127674121 0.0
4.284980467261614 0.0
4.286153127680497 0.0
4.2873261090185695 0.0
4.288499411363656 0.0
4.289673034803606 0.0
4.290846979426293 0.0
4.292021245319615 0.0
4.2931958325714925 0.0
4.294370741269871 0.0
4.295545971502721 0.0
4.296721523358035 0.0
4.29789739692383 0.0
4.299073592288149 0.0
4.300250109539057 0.0
4.301426948764647 0.0
4.302604110053028 0.0
4.3037815934923405 0.0
4.304959399170748 0.0
4.3061375271764355 0.0
4.3073159775976135 0.0
4.3084947505225175 0.0
4.309673846039405 0.0
4.31085326423656 0.0
4.312033005202291 0.0
4.313213069024926 0.0
4.314393455792823 0.0
4.315574165594361 0.0
4.316755198517944 0.0
4.317936554651999 0.0
4.31911823408498 0.0
4.3203002369053625 0.0
4.321482563201647 0.0
4.322665213062358 0.0
4.323848186576046 0.0
4.3250314838312836 0.0
4.326215104916667 0.0
4.32739904992082 0.0
4.328583318932388 0.0
4.329767912040042 0.0
4.330952829332475 0.0
4.332138070898408 0.0
4.333323636826581 0.0
4.334509527205764 0.0
4.33569574212475 0.0
4.336882281672352 0.0
4.3380691459374106 0.0
4.339256335008792 0.0
4.340443848975385 0.0
4.341631687926102 0.0
4.342819851949882 0.0
4.344008341135686 0.0
4.3451971555724995 0.0
4.346386295349335 0.0
4.347575760555225 0.0
4.348765551279232 0.0
4.349955667610438 0.0
4.35114610963795 0.0
4.352336877450904 0.0
4.353527971138453 0.0
4.354719390789782 0.0
4.355911136494093 0.0
4.35710320834062 0.0
4.358295606418614 0.0
4.359488330817356 0.0
4.360681381626151 0.0
4.361874758934322 0.0
4.363068462831226 0.0
4.364262493406238 0.0
4.3654568507487586 0.0
4.366651534948213 0.0
4.367846546094054 0.0
4.369041884275754 0.0
4.3702375495828125 0.0
4.3714335421047545 0.0
4.372629861931127 0.0
4.3738265091515025 0.0
4.375023483855477 0.0
4.376220786132675 0.0
4.377418416072741 0.0
4.378616373765345 0.0
4.379814659300184 0.0
4.381013272766977 0.0
4.382212214255468 0.0
4.383411483855426 0.0
4.3846110816566455 0.0
4.385811007748943 0.0
4.3870112622221615 0.0
4.388211845166169 0.0
4.389412756670858 0.0
4.390613996826142 0.0
4.391815565721965 0.0
4.393017463448292 0.0
4.394219690095112 0.0
4.395422245752441 0.0
4.3966251305103174 0.0
4.397828344458807 0.0
4.399031887687999 0.0
4.400235760288004 0.0
4.401439962348961 0.0
4.402644493961034 0.0
4.403849355214412 0.0
4.4050545461993025 0.0
4.406260067005947 0.0
4.407465917724606 0.0
4.408672098445562 0.0
4.409878609259131 0.0
4.411085450255646 0.0
4.4122926215254665 0.0
4.41350012315898 0.0
4.414707955246595 0.0
4.415916117878746 0.0
4.417124611145893 0.0
4.41833343513852 0.0
4.419542589947136 0.0
4.420752075662273 0.0
4.421961892374491 0.0
4.423172040174373 0.0
4.424382519152528 0.0
4.425593329399586 0.0
4.426804471006207 0.0
4.428015944063073 0.0
4.42922774866089 0.0
4.43043988489039 0.0
4.431652352842331 0.0
4.432865152607496 0.0
4.434078284276689 0.0
4.435291747940742 0.0
4.436505543690511 0.0
4.437719671616877 0.0
4.438934131810749 0.0
4.4401489243630525 0.0
4.441364049364749 0.0
4.442579506906814 0.0
4.443795297080257 0.0
4.4450114199761055 0.0
4.446227875685416 0.0
4.447444664299271 0.0
4.448661785908772 0.0
4.44987924060505 0.0
4.4510970284792615 0.0
4.452315149622587 0.0
4.453533604126228 0.0
4.454752392081419 0.0
4.455971513579412 0.0
4.457190968711487 0.0
4.458410757568949 0.0
4.459630880243128 0.0
4.460851336825379 0.0
4.462072127407081 0.0
4.463293252079641 0.0
4.464514710934488 0.0
4.465736504063075 0.0
4.466958631556884 0.0
4.468181093507419 0.0
4.469403890006211 0.0
4.4706270211448125 0.0
4.471850487014806 0.0
4.473074287707797 0.0
4.474298423315413 0.0
4.475522893929311 0.0
4.476747699641173 0.0
4.4779728405427015 0.0
4.479198316725627 0.0
4.480424128281708 0.0
4.481650275302724 0.0
4.482876757880479 0.0
4.484103576106808 0.0
4.485330730073564 0.0
4.486558219872629 0.0
4.487786045595909 0.0
4.489014207335336 0.0
4.490242705182867 0.0
4.491471539230483 0.0
4.492700709570194 0.0
4.493930216294029 0.0
4.4951600594940455 0.0
4.496390239262329 0.0
4.497620755690984 0.0
4.498851608872146 0.0
4.500082798897971 0.0
4.501314325860644 0.0
4.502546189852374 0.0
4.503778390965396 0.0
4.505010929291966 0.0
4.50624380492437 0.0
4.507477017954917 0.0
4.5087105684759425 0.0
4.509944456579808 0.0
4.511178682358898 0.0
4.512413245905623 0.0
4.51364814731242 0.0
4.514883386671748 0.0
4.516118964076096 0.0
4.517354879617975 0.0
4.518591133389923 0.0
4.519827725484502 0.0
4.5210646559943 0.0
4.52230192501193 0.0
4.523539532630032 0.0
4.524777478941267 0.0
4.526015764038329 0.0
4.527254388013928 0.0
4.528493350960806 0.0
4.52973265297173 0.0
4.530972294139488 0.0
4.532212274556899 0.0
4.533452594316804 0.0
4.534693253512068 0.0
4.535934252235586 0.0
4.537175590580274 0.0
4.5384172686390745 0.0
4.53965928650496 0.0
4.540901644270922 0.0
4.54214434202998 0.0
4.543387379875181 0.0
4.5446307578995935 0.0
4.545874476196315 0.0
4.547118534858464 0.0
4.548362933979192 0.0
4.5496076736516695 0.0
4.550852753969094 0.0
4.55209817502469 0.0
4.5533439369117055 0.0
4.554590039723415 0.0
4.5558364835531195 0.0
4.557083268494143 0.0
4.558330394639839 5.735265860910813e-23
4.559577862083581 1.6597013605126605e-22
4.560825670918774 2.389844586514305e-22
4.562073821238846 2.094220184543091e-22
4.563322313137248 1.8517127000785194e-22
4.5645711467074594 2.2903904037635517e-22
4.5658203220429865 2.325872326913944e-22
4.567069839237359 1.8887310409059092e-22
4.56831969838413 2.0570860504911908e-22
4.569569899576884 2.9617144571524613e-22
4.570820442909227 3.4636007509180355e-22
4.57207132847479 3.0143753796599094e-22
4.573322556367232 3.472809712662334e-22
4.574574126680239 4.654478161789984e-22
4.575826039507517 3.301329519132894e-22
4.577078294942803 1.521993339183193e-22
4.5783308930798565 1.2453201993951847e-22
4.579583834012467 1.6176957131185675e-22
4.5808371178344425 3.187015657098285e-22
4.582090744639623 3.1525068189809453e-22
4.583344714521871 1.6481601294373838e-22
4.584599027575075 1.5536523532502313e-22
4.585853683893152 2.2857579683468795e-22
4.587108683570042 2.9594328310442647e-22
4.588364026699709 2.73112052429987e-22
4.5896197133761465 1.8574318787950937e-22
4.590875743693372 1.818657255983747e-22
4.592132117745429 2.3286220074087366e-22
4.593388835626386 2.4371743942482296e-22
4.594645897430338 2.512780218620804e-22
4.595903303251406 2.6829661741163005e-22
4.597161053183736 2.312007363405049e-22
4.598419147321501 1.906389904468285e-22
4.599677585758897 2.646980455699877e-22
4.60093636859015 2.4340445577204833e-22
4.602195495909508 1.7015570947516947e-22
4.6034549678112455 2.0162869430964738e-22
4.604714784389666 2.0439521789478924e-22
4.605974945739094 1.9533805520445909e-22
4.607235451953883 2.9132302671834046e-22
4.608496303128412 4.539021876046342e-22
4.609757499357084 4.976841547015026e-22
4.61101904073433 4.200921405767102e-22
4.612280927354607 3.411670828704366e-22
4.613543159312396 2.8002898311339404e-22
4.614805736702204 1.8937967833642664e-22
4.6160686596185645 2.007318270575525e-22
4.617331928156037 3.0822563495584466e-22
4.618595542409208 3.240141075244334e-22
4.619859502472688 2.250037759347561e-22
4.621123808441114 2.9713505259702854e-22
4.62238846040915 4.865358142577643e-22
4.623653458471484 3.816989111841708e-22
4.62491880272283 2.634739954129385e-22
4.626184493257929 2.727994132507551e-22
4.627450530171548 2.266594068824278e-22
4.62871691355848 1.6607962576001223e-22
4.629983643513544 2.5282305506567488e-22
4.631250720131584 3.702390571908153e-22
4.632518143507469 3.416606261328463e-22
4.633785913736097 3.838503106682517e-22
4.63505403091239 5.044421041876664e-22
4.636322495131296 5.0398707256957415e-22
4.637591306487789 3.4260583701481653e-22
4.6388604650768706 2.217426789253657e-22
4.640129970993567 1.8379598233720336e-22
4.64139982433293 1.4315056370024653e-22
4.6426700251900375 1.4836332233279057e-22
4.643940573659995 1.909837162612539e-22
4.64521146983793 3.7308150574352077e-22
4.646482713819002 6.881516160350285e-22
4.647754305698393 8.934110046304976e-22
4.649026245571311 7.35029804075893e-22
4.65029853353299 4.1844334292166404e-22
4.651571169678691 3.009697679315867e-22
4.652844154103702 4.0544846628806685e-22
4.654117486903335 4.139924524183386e-22
4.655391168172927 3.1155100126461887e-22
4.656665198007845 4.543861842131212e-22
4.6579395765034795 6.359580601048361e-22
4.659214303755247 5.472432020308124e-22
4.660489379858593 2.879442147798115e-22
4.661764804908984 1.4029422673719691e-22
4.663040579001917 3.1020894629204023e-22
4.664316702232913 5.756422228258723e-22
4.665593174697522 6.247162706996953e-22
4.6668699964913145 4.383493547757249e-22
4.6681471677098925 2.3716510251348277e-22
4.669424688448882 1.797917051703022e-22
4.670702558803936 1.7076057791704671e-22
4.671980778870732 1.5134150143924173e-22
4.673259348744976 2.5992601552481414e-22
4.674538268522397 4.5403052218744525e-22
4.675817538298754 3.2584144313469865e-22
4.677097158169829 1.8161643438132455e-22
4.678377128231434 2.2026281017333766e-22
4.679657448579404 1.9739042253796505e-22
4.680938119309598 3.517185767720741e-22
4.6822191405179066 4.1291156728939354e-22
4.683500512300245 2.3003184650668703e-22
4.684782234752554 1.9562509334304988e-22
4.686064307970799 2.646536831981911e-22
4.687346732050973 2.82008535269899e-22
4.688629507089098 3.243356457079899e-22
4.689912633181218 6.231410865796482e-22
4.691196110423406 6.657894665351244e-22
4.6924799389117595 3.9046165911110795e-22
4.693764118742404 3.8358178208294936e-22
4.69504865001149 3.945224863519536e-22
4.696333532815196 3.45168231449805e-22
4.697618767249724 3.2830883885048417e-22
4.6989043534113035 2.1274256956067466e-22
4.700190291396193 1.2885325102193132e-22
4.701476581300675 1.5978466472281147e-22
4.702763223221056 1.9808823422362396e-22
4.704050217253673 2.0173713698225446e-22
4.705337563494888 1.8774121791354892e-22
4.70662526204109 1.9294586221140587e-22
4.7079133129886905 2.2828037001674757e-22
4.709201716434132 6.427913067577396e-22
4.710490472473882 9.24768075010934e-22
4.711779581204436 5.796464725583176e-22
4.71306904272231 3.437000584899365e-22
4.7143588571240524 3.133525655052532e-22
4.715649024506238 2.764463691890186e-22
4.716939544965463 3.109451764500849e-22
4.718230418598354 3.149658344946593e-22
4.7195216455015645 2.815757327154994e-22
4.720813225771772 2.7831576743183915e-22
4.722105159505681 2.635184597334097e-22
4.723397446800026 2.8330813200363974e-22
4.724690087751561 3.1175071897244632e-22
4.725983082457073 2.7464397524166534e-22
4.727276431013374 2.7483109184077698e-22
4.728570133517299 4.679204322762123e-22
4.729864190065713 6.644242750602281e-22
4.731158600755506 4.426792592047897e-22
4.732453365683597 1.5998911794858096e-22
4.733748484946927 1.5055952621390542e-22
4.735043958642468 2.002315030146328e-22
4.736339786867216 2.165455040061961e-22
4.737635969718193 1.9316154290947605e-22
4.73893250729245 2.1339794666745715e-22
4.740229399687063 3.1713170970764075e-22
4.7415266469991355 3.3334757950161844e-22
4.742824249325796 2.7517102373982898e-22
4.744122206764201 3.0068306573374722e-22
4.745420519411532 2.5501031298051927e-22
4.746719187365 1.831155097204918e-22
4.748018210721839 1.873268926573812e-22
4.749317589579313 1.9122889008238364e-22
4.75061732403471 2.3610046391235754e-22
4.751917414185346 2.8717627951935977e-22
4.753217860128562 3.0019125969238905e-22
4.75451866196173 4.736191723376814e-22
4.755819819782243 5.26192407134713e-22
4.7571213336875235 3.1204756907532263e-22
4.7584232037750205 2.2620127470117027e-22
4.759725430142209 2.876055679855036e-22
4.761028012886593 2.9724460076011282e-22
4.7623309521057005 1.8997438955788141e-22
4.7636342478970874 1.17e-22
4.764937900358333 1.367053393550781e-22
4.766241909587052 1.8234729465790035e-22
4.767546275680876 2.3532723114600327e-22
4.768850998737467 3.276900034317381e-22
4.770156078854516 4.0375514103763417e-22
4.771461516129739 3.9908320538587025e-22
4.772767310660878 4.586552984056363e-22
4.774073462545703 5.565908955133763e-22
4.775379971882009 5.903445404879273e-22
4.776686838767619 6.2175076300160245e-22
4.777994063300383 6.493209145833347e-22
4.779301645578178 5.895092341201523e-22
4.780609585698906 3.981239537023109e-22
4.781917883760499 2.1357593537557414e-22
4.783226539860912 1.6683433090227811e-22
4.784535554098129 2.1141063149909323e-22
4.785844926570162 2.388834269678283e-22
4.787154657375046 1.9827302498530602e-22
4.788464746610845 1.515668578001678e-22
4.789775194375653 1.711955908292288e-22
4.791086000767585 2.8755432265111655e-22
4.792397165884786 3.5322136117789866e-22
4.793708689825428 2.7057264987653424e-22
4.795020572687711 2.1783624937089634e-22
4.7963328145698565 2.2575496464130404e-22
4.797645415570118 2.2474546740092637e-22
4.798958375786777 2.2925696970759543e-22
4.800271695318138 2.1167574473854994e-22
4.801585374262531 2.1049273008656674e-22
4.80289941271832 3.0420740954698983e-22
4.804213810783889 5.527588415657977e-22
4.805528568557652 5.87720563708246e-22
4.80684368613805 3.037166390782804e-22
4.80815916362355 2.519608680238951e-22
4.809475001112647 5.621096311712664e-22
4.8107911987038605 8.631233269154289e-22
4.812107756495742 9.239121215691035e-22
4.813424674586864 1.6487994615033814e-21
4.814741953075829 2.067853141175703e-21
4.816059592061267 1.0345246534493719e-21
4.817377591641835 3.0771003045424057e-22
4.818695951916214 2.8068936086159016e-22
4.820014672983117 2.567293101553629e-22
4.8213337549412785 1.9784653513493742e-22
4.822653197889464 2.118206822601714e-22
4.823973001926465 2.863817826008178e-22
4.8252931671510995 3.1404242136000302e-22
4.826613693662214 4.811299300067387e-22
4.827934581558679 6.005730735905093e-22
4.829255830939394 4.512101682052892e-22
4.830577441903286 2.678553476744918e-22
4.831899414549311 2.2568707600633733e-22
4.833221748976447 2.828473750718144e-22
4.8345444452837025 3.036050000924218e-22
4.835867503570112 2.3459512247541754e-22
4.837190923934738 2.159363954227387e-22
4.838514706476669 3.5294554252773567e-22
4.839838851295021 3.557597878978896e-22
4.841163358488938 4.642297696418942e-22
4.842488228157592 8.144845240923931e-22
4.8438134604001775 7.620237882511261e-22
4.84513905531592 4.1235606362491912e-22
4.846465013004074 2.577251324933275e-22
4.847791333563915 3.9200116339124045e-22
4.849118017094752 4.82600163570493e-22
4.850445063695917 3.6731371477273276e-22
4.851772473466771 2.453332201292155e-22
4.853100246506702 1.582104819876401e-22
4.854428382915124 1.3140902737919744e-22
4.855756882791479 1.5508420396367602e-22
4.857085746235239 2.3697401563356534e-22
4.858414973345899 3.0838910763256095e-22
4.859744564222981 3.1118024190937326e-22
4.8610745189660385 2.673781743527322e-22
4.862404837674649 2.6400888814286553e-22
4.863735520448419 2.689922705411416e-22
4.865066567386981 1.8514426611617234e-22
4.866397978589993 1.226125247912074e-22
4.867729754157146 1.180634852659866e-22
4.869061894188151 1.292193220380697e-22
4.870394398782754 1.884583594001895e-22
4.871727268040719 2.0499787139951674e-22
4.873060502061847 1.5062158775314793e-22
4.8743941009459615 1.3925468518632213e-22
4.875728064792911 1.864825400274121e-22
4.877062393702577 2.5629037956246173e-22
4.878397087774863 3.174945992322073e-22
4.879732147109703 2.6885726683070794e-22
4.881067571807058 1.6528930859154884e-22
4.882403361966915 1.3540149989513896e-22
4.883739517689291 1.402538781385552e-22
4.885076039074226 1.5917958803074031e-22
4.886412926221793 1.995532915233626e-22
4.887750179232087 2.8000734355921925e-22
4.889087798205233 2.813386214629226e-22
4.890425783241385 1.971373307596084e-22
4.891764134440721 1.7580398624299614e-22
4.893102851903448 1.6279434976649891e-22
4.894441935729801 1.4681818411276512e-22
4.895781386020042 1.817715797890762e-22
4.89712120287446 1.7499639410478255e-22
4.898461386393372 1.4174040472281007e-22
4.89980193667712 1.5153496887783056e-22
4.901142853826079 1.4299093561800307e-22
4.902484137940648 1.285322177578531e-22
4.903825789121251 1.487745240707035e-22
4.905167807468343 1.9625786047333247e-22
4.906510193082406 1.9464952612211407e-22
4.90785294606395 1.5379657215659126e-22
4.909196066513511 1.7749376707206225e-22
4.910539554531652 2.181060970197048e-22
4.911883410218966 2.212856343380444e-22
4.913227633676071 2.0033471404280973e-22
4.914572225003614 1.825835717906226e-22
4.91591718430227 2.1610755852813986e-22
4.917262511672739 3.053245515873871e-22
4.918608207215753 3.9653703894254643e-22
4.919954271032067 4.258045508143208e-22
4.921300703222466 3.967918971602766e-22
4.922647503887763 3.6576397207151856e-22
4.923994673128795 3.160678888904233e-22
4.925342211046431 2.586064595732346e-22
4.9266901177415665 2.6598395924060885e-22
4.9280383933151235 2.7497592939035115e-22
4.92938703786805 3.074307673517451e-22
4.930736051501327 4.769330429351349e-22
4.932085434315959 5.871748412164014e-22
4.933435186412977 4.890462726443386e-22
4.934785307893444 2.7635395737020266e-22
4.936135798858446 1.8789788365521468e-22
4.937486659409101 2.6550736143907647e-22
4.938837889646552 3.306825530505049e-22
4.940189489671971 3.0282512539098983e-22
4.9415414595865546 2.7065721871595774e-22
4.942893799491532 3.067069099711664e-22
4.944246509488156 2.7367114082077802e-22
4.945599589677709 3.3043988498730756e-22
4.946953040161501 5.33711176814598e-22
4.948306861040871 6.623482922131799e-22
4.9496610524171825 5.131763584536934e-22
4.951015614391829 2.617472566078969e-22
4.952370547066231 2.715364972762169e-22
4.9537258505418365 4.482525007964426e-22
4.955081524920124 5.368052269456466e-22
4.956437570302596 4.402491982379969e-22
4.957793986790783 3.472449927120254e-22
4.959150774486247 3.1748993406213176e-22
4.960507933490575 2.6195343971901936e-22
4.961865463905381 2.5155211991988524e-22
4.963223365832309 3.326720941436249e-22
4.964581639373029 4.267851652233719e-22
4.965940284629241 3.315111223259552e-22
4.967299301702669 1.6681663272582491e-22
4.9686586906950705 1.3837137400188482e-22
4.970018451708227 1.9635900197833575e-22
4.971378584843947 2.47073210512784e-22
4.972739090204069 2.4504750391273654e-22
4.974099967890458 2.4691441437164544e-22
4.975461218005011 2.105497678534394e-22
4.976822840649644 1.551370525029328e-22
4.978184835926311 1.6880817064090765e-22
4.979547203936988 1.7041054579488146e-22
4.980909944783679 1.7971477876720557e-22
4.98227305856842 3.0605449631217797e-22
4.98363654539327 3.123455276633003e-22
4.985000405360317 1.906085865140158e-22
4.98636463857168 1.5219575580808092e-22
4.987729245129503 1.3921419027952373e-22
4.989094225135959 2.1864007442186775e-22
4.990459578693249 4.246142761087212e-22
4.9918253059036015 4.512526359136272e-22
4.993191406869274 3.495807717681292e-22
4.994557881692549 3.3495067565884194e-22
4.995924730475741 2.477435850333728e-22
4.997291953321191 1.484499915420569e-22
4.998659550331267 1.4700437851454825e-22
5.000027521608365 1.7014681700998187e-22
5.001395867254912 2.1643663187553667e-22
5.002764587373359 2.7179888649432973e-22
5.004133682066187 2.669814940960262e-22
5.005503151435905 2.2138881256545588e-22
5.00687299558505 2.2175525296267405e-22
5.008243214616188 3.3340685867052193e-22
5.0096138086319115 3.481352762985871e-22
5.010984777734841 2.651474865394585e-22
5.012356122027626 3.780220751769435e-22
5.013727841612942 4.242984754153181e-22
5.015099936593498 3.026401245692359e-22
5.016472407072026 2.518127393271288e-22
5.017845253151288 3.219407949082222e-22
5.019218474934071 3.9126371514153524e-22
5.020592072523195 3.07573111955251e-22
5.021966046021509 1.895669359491246e-22
5.023340395531882 1.4459516790720378e-22
5.02471512115722 1.5473965290518968e-22
5.026090223000452 1.6393059038521106e-22
5.027465701164536 1.777755699305144e-22
5.028841555752459 2.3433410376201794e-22
5.030217786867238 2.166835546041343e-22
5.031594394611914 1.454497018082179e-22
5.03297137908956 1.317009243378498e-22
5.034348740403273 1.635379288176834e-22
5.035726478656185 2.050165418324091e-22
5.037104593951448 2.2063401670460396e-22
5.038483086392249 1.8233814436800954e-22
5.039861956081799 2.212143397891219e-22
5.04124120312334 4.183358594292972e-22
5.042620827620139 5.940415610355775e-22
5.044000829675496 5.479709586716421e-22
5.045381209392735 3.7170791333183557e-22
5.046761966875209 6.022043861496182e-22
5.048143102226302 7.8335937593333e-22
5.049524615549424 4.2913877597395305e-22
5.050906506948012 1.8014079942115922e-22
5.052288776525534 1.690602726902833e-22
5.053671424385486 2.0179626445038641e-22
5.055054450631392 2.8586605464857757e-22
5.056437855366803 2.994730207245228e-22
5.057821638695299 2.0192189138272745e-22
5.059205800720489 1.6155745162342733e-22
5.060590341546011 1.73246990644464e-22
5.0619752612755295 1.7517177597771716e-22
5.063360560012738 2.0126449013699357e-22
5.064746237861359 2.1248340249519e-22
5.066132294925143 1.9489649106376162e-22
5.067518731307869 2.196690620593699e-22
5.068905547113344 2.6414769118826594e-22
5.070292742445405 2.669901689984115e-22
5.071680317407914 1.976174049598647e-22
5.073068272104765 1.3089174406352289e-22
5.0744566066398775 1.2546745817693653e-22
5.075845321117203 1.3258062229147359e-22
5.077234415640719 1.315129298318363e-22
5.078623890314432 1.272959536448439e-22
5.080013745242375 1.451874774823836e-22
5.081403980528612 3.12529103279353e-22
5.082794596277236 5.297627735204827e-22
5.084185592592366 4.412015977993388e-22
5.085576969578151 2.467917031137718e-22
5.086968727338768 2.013352307218508e-22
5.088360865978424 2.0647343136209778e-22
5.089753385601352 2.6484953838177256e-22
5.091146286311814 3.291322080400298e-22
5.092539568214105 2.9241045066703795e-22
5.0939332314125405 2.149090626248651e-22
5.09532727601147 1.8597925058574458e-22
5.096721702115271 1.972286931473086e-22
5.098116509828351 1.886872242161937e-22
5.099511699255142 1.4008559395030607e-22
5.100907270500107 1.17e-22
5.102303223667737 1.7553084829776568e-22
5.1036995588625516 2.8020126328717747e-22
5.105096276189101 3.190305357110668e-22
5.10649337575196 2.884633407427548e-22
5.107890857655736 2.698572004529178e-22
5.109288722005061 3.498745694028436e-22
5.110686968904602 4.126881205550254e-22
5.112085598459048 3.7606753158399977e-22
5.113484610773119 3.52e-22
5.114884005951565 2.9054246920688255e-22
5.116283784099162 1.8011723845042682e-22
5.117683945320717 1.563406198551561e-22
5.119084489721066 1.9775740603157136e-22
5.120485417405073 2.2355561111508237e-22
5.121886728477628 2.314721798170969e-22
5.123288423043654 2.3040590772873736e-22
5.124690501208098 2.2266288890929326e-22
5.126092963075943 1.7594455674294886e-22
5.127495808752193 1.7886486104514321e-22
5.128899038341883 2.595485775345029e-22
5.13030265195008 2.285010636665399e-22
5.131706649681878 1.3753789573676132e-22
5.133111031642397 1.2197408381400536e-22
5.134515797936789 1.5238582060014332e-22
5.135920948670234 1.6879497878445457e-22
5.137326483947939 1.3882780121292506e-22
5.138732403875144 1.1755903547349938e-22
5.140138708557112 1.3543352870240078e-22
5.14154539809914 1.760911748888309e-22
5.1429524726065505 1.8601159562813469e-22
5.144359932184698 1.5910430149164693e-22
5.145767776938962 1.387390563219884e-22
5.147176006974754 2.0755175267157784e-22
5.148584622397513 3.137585567886438e-22
5.149993623312705 3.4203944247240463e-22
5.151403009825828 2.812975280445091e-22
5.152812782042409 1.963867965189948e-22
5.154222940068 1.6729604060475675e-22
5.155633484008188 1.8852504628000994e-22
5.157044413968581 2.03051340693724e-22
5.158455730054824 1.5607006956491346e-22
5.159867432372585 1.5545800006677432e-22
5.161279521027564 2.1134005124197906e-22
5.162691996125487 2.244258543022302e-22
5.164104857772114 2.170652597311254e-22
5.16551810607323 2.0882823267631823e-22
5.166931741134648 1.9251625082127465e-22
5.168345763062213 2.160233866482492e-22
5.169760171961799 2.7639152367170495e-22
5.171174967939304 3.089789899391382e-22
5.172590151100663 2.599358980756863e-22
5.174005721551834 1.608299332721721e-22
5.175421679398804 1.17e-22
5.176838024747593 1.7906975995033427e-22
5.178254757704247 2.8180170671546456e-22
5.179671878374842 2.6973751349905373e-22
5.181089386865482 1.8575741971073724e-22
5.182507283282301 1.3575185297681378e-22
5.183925567731462 1.17e-22
5.185344240319157 1.9734783600455173e-22
5.186763301151607 3.5992517082577646e-22
5.188182750335061 3.6284880505096736e-22
5.1896025879758 2.4132010832578576e-22
5.191022814180131 1.796257184558515e-22
5.192443429054391 1.4512807510433973e-22
5.193864432704947 1.3294397741813776e-22
5.195285825238194 1.5134594261329342e-22
5.196707606760556 1.5026080316404987e-22
5.1981297773784885 1.3544039005158051e-22
5.199552337198474 1.5749444083966328e-22
5.200975286327024 1.9794223914248877e-22
5.202398624870678 2.318503861542274e-22
5.20382235293601 2.507560856960958e-22
5.205246470629617 2.1536517005397146e-22
5.206670978058127 1.4587912538205986e-22
5.208095875328199 1.17e-22
5.20952116254652 1.5735328374791088e-22
5.2109468398198056 2.1749394857767416e-22
5.212372907254802 1.8879070422367284e-22
5.213799364958284 1.2865003939390956e-22
5.215226213037054 1.2757292675477156e-22
5.2166534515979475 1.8561924505874501e-22
5.218081080747824 2.1554098747162716e-22
5.219509100593577 1.5749466916765368e-22
5.220937511242127 1.17e-22
5.222366312800423 1.292354356965015e-22
5.223795505375446 1.6058921167348007e-22
5.225225089074204 1.849011377721401e-22
5.226655064003733 1.8192963787624972e-22
5.228085430271104 1.5364536025173312e-22
5.2295161879834104 1.5918944422289712e-22
5.230947337247778 1.8542308690402505e-22
5.232378878171363 1.5454391303069872e-22
5.233810810861351 1.200471861789259e-22
5.235243135424954 1.306511612708372e-22
5.236675851969415 1.8220339896378744e-22
5.238108960602008 1.96114701165258e-22
5.239542461430034 1.4456246347230776e-22
5.2409763545608214 1.17e-22
5.2424106401017365 1.17e-22
5.243845318160165 1.198278886548673e-22
5.245280388843528 1.3817790600820036e-22
5.246715852259274 2.783832365057735e-22
5.2481517085148806 5.647079647582537e-22
5.249587957717855 6.274821814876976e-22
5.251024599975735 4.390394143089764e-22
5.252461635396086 2.677452247508838e-22
5.2538990640865055 3.1446951783783e-22
5.255336886154618 4.769110176624082e-22
5.256775101708078 4.253895724014599e-22
5.25821371085457 3.973688528459713e-22
5.259652713701808 4.886219944428633e-22
5.2610921103575325 4.794921871550352e-22
5.26253190092952 3.7939984205754163e-22
5.263972085525571 2.6723888551756457e-22
5.265412664253516 1.7588340562983724e-22
5.266853637221217 1.8789163656326644e-22
5.268295004536567 2.997253722352172e-22
5.2697367663074814 2.842899522938233e-22
5.271178922641914 1.6838605837925644e-22
5.272621473647842 1.2416998462214486e-22
5.274064419433275 1.17e-22
5.275507760106251 1.17e-22
5.276951495774838 1.17e-22
5.278395626547134 1.243991029962386e-22
5.279840152531265 1.612879881545582e-22
5.281285073835388 2.575882659601982e-22
5.282730390567691 2.839958263365448e-22
5.284176102836389 1.985665088945041e-22
5.285622210749725 1.7054891842987067e-22
5.287068714415978 1.916673221312355e-22
5.288515613943449 1.9111344766502277e-22
5.289962909440476 1.620815739058848e-22
5.291410601015421 1.2735659330206472e-22
5.292858688776678 1.1743473995047487e-22
5.294307172832671 1.4670120817267445e-22
5.295756053291852 1.7817157282296174e-22
5.297205330262704 1.519873312982066e-22
5.298655003853739 1.8725708843773738e-22
5.3001050741735005 3.0580557221716776e-22
5.3015555413305595 3.727402392017666e-22
5.303006405433518 3.2471058655722955e-22
5.304457666591007 1.9755230028166432e-22
5.305909324911686 1.2578752516192489e-22
5.307361380504248 1.4280131917736417e-22
5.308813833477412 1.9863561544316265e-22
5.310266683939927 2.2148155612809617e-22
5.311719932000576 2.283140565107384e-22
5.313173577768168 2.9102762661352007e-22
5.3146276213515415 4.736294976959428e-22
5.316082062859565 6.248054590972518e-22
5.31753690240114 4.393350954624238e-22
5.318992140085195 2.7529259806082193e-22
5.320447776020686 3.559385397815112e-22
5.321903810316604 3.100854334178675e-22
5.323360243081967 2.5538771892839234e-22
5.324817074425822 3.805828140398479e-22
5.3262743044572485 4.69e-22
5.327731933285355 4.361483336671206e-22
5.329189961019276 3.418560263986862e-22
5.330648387768182 3.3740653523741243e-22
5.33210721364127 4.023548348797386e-22
5.333566438747766 3.3556806993189963e-22
5.3350260631969295 2.5758518937791475e-22
5.336486087098045 2.586337008631197e-22
5.337946510560433 2.4258371115489936e-22
5.339407333693437 1.9632498397736662e-22
5.340868556606435 1.522528609526483e-22
5.342330179408835 2.2934710228291056e-22
5.343792202210073 3.531799443832287e-22
5.345254625119615 3.4622070031917907e-22
5.346717448246959 3.080405089965899e-22
5.348180671701631 3.091774066940505e-22
5.349644295593188 3.2404590535838495e-22
5.351108320031216 3.370769431380434e-22
5.352572745125331 3.3443854152889503e-22
5.354037570985181 3.099084745182154e-22
5.355502797720442 3.282309471936838e-22
5.356968425440822 4.390488152464322e-22
5.358434454256056 5.714079519236475e-22
5.359900884275911 6.297171851657388e-22
5.361367715610182 5.566922613750078e-22
5.3628349483686995 4.434343179069879e-22
5.364302582661318 3.590973637429441e-22
5.365770618597924 2.633963668375938e-22
5.367239056288437 2.5125652620574886e-22
5.3687078958428 3.573510579043519e-22
5.370177137370993 4.1710544812832307e-22
5.371646780983022 3.996613916508499e-22
5.373116826788927 3.702207087829467e-22
5.374587274898772 3.536585264854097e-22
5.376058125422656 3.646045085126356e-22
5.377529378470706 3.987214303083821e-22
5.379001034153081 3.98887315762351e-22
5.380473092579968 3.5704844248594887e-22
5.381945553861586 3.8219663438404555e-22
5.3834184181081834 4.757288520009512e-22
5.384891685430038 5.704917679963579e-22
5.386365355937457 4.53366933504057e-22
5.387839429740781 3.001792386928907e-22
5.389313906950379 5.17223852793884e-22
5.390788787676652 7.151706644908431e-22
5.3922640720300254 6.267755734415882e-22
5.393739760120962 3.8402491893583355e-22
5.39521585205995 1.757824001603432e-22
5.396692347957511 1.5730308652166247e-22
5.398169247924194 3.255487932028646e-22
5.39964655207058 4.9588051559174825e-22
5.401124260507281 4.368732779066926e-22
5.402602373344937 3.0229256457724594e-22
5.404080890694219 2.7993801615487715e-22
5.40555981266583 4.824623344998741e-22
5.407039139370502 6.327803692859921e-22
5.408518870918996 5.1593393698593785e-22
5.4099990074221065 3.878213727595367e-22
5.411479548990654 3.992416275355168e-22
5.4129604957354935 5.680097039348485e-22
5.41444184776751 7.558195869122829e-22
5.415923605197614 8.040838402092247e-22
5.417405768136753 6.111047696935806e-22
5.4188883366959 4.397627669572419e-22
5.420371310986059 4.997265454346589e-22
5.421854691118269 6.026078473820412e-22
5.423338477203593 6.295433483618682e-22
5.424822669353127 5.423157281988846e-22
5.426307267678 4.752574066259641e-22
5.427792272289366 4.726840033473705e-22
5.429277683298416 4.480583491418439e-22
5.430763500816365 4.860034207145411e-22
5.432249724954463 6.180986037286999e-22
5.433736355823987 7.16912108215579e-22
5.435223393536248 8.461331322093989e-22
5.436710838202584 1.1176409869156174e-21
5.438198689934367 1.1498091565913047e-21
5.439686948842997 8.709330625704367e-22
5.441175615039905 5.937149120464592e-22
5.442664688636551 5.263819044856112e-22
5.444154169744429 7.272383251992358e-22
5.445644058475063 1.0049585161588894e-21
5.447134354940002 1.1955327995436173e-21
5.448625059250833 1.208893218038315e-21
5.45011617151917 1.0995090301739224e-21
5.451607691856656 9.693584514332727e-22
5.453099620374967 9.071872719635164e-22
5.45459195718581 9.279380029573798e-22
5.456084702400922 9.939487722196637e-22
5.457577856132066 1.0413775601837129e-21
5.459071418491044 1.069367553230575e-21
5.460565389589682 1.1159950749314381e-21
5.46205976953984 1.2439072185269841e-21
5.463554558453406 1.434170395855544e-21
5.465049756442301 1.56793627061143e-21
5.466545363618476 1.5049922908447145e-21
5.468041380093911 1.221029300729339e-21
5.46953780598062 9.0392262503863e-22
5.471034641390643 8.146292768989071e-22
5.472531886436055 1.1500667951674647e-21
5.474029541228959 1.2495929611384796e-21
5.47552760588149 9.388231487058492e-22
5.477026080505815 1.2355217103097779e-21
5.4785249652141275 1.9005334599715033e-21
5.480024260118656 2.2706724103427187e-21
5.481523965331656 2.6807676921879582e-21
5.483024080965416 3.0342075893077074e-21
5.484524607132258 2.8168374755247993e-21
5.486025543944528 2.3682018980472366e-21
5.487526891514609 2.1253551272823012e-21
5.489028649954909 2.1979990500639194e-21
5.490530819377872 2.4972875063758143e-21
5.492033399895971 2.7779896860818097e-21
5.493536391621708 2.912998615987344e-21
5.495039794667617 2.8237800393296533e-21
5.496543609146266 2.4638951010265328e-21
5.498047835170247 1.9208339212984075e-21
5.499552472852189 1.392195075304058e-21
5.50105752230475 1.1930430381833314e-21
5.502562983640615 1.3330213245433306e-21
5.504068856972507 1.5321182562561805e-21
5.505575142413173 1.971391971472915e-21
5.507081840075395 2.6759098610065754e-21
5.508588950071985 3.458554869723449e-21
5.5100964725157855 4.029560636048901e-21
5.511604407519671 4.1725808240084156e-21
5.513112755196543 4.237821942100664e-21
5.5146215156593374 4.402737990162558e-21
5.516130689021024 4.465485168071348e-21
5.517640275394596 4.3353420618968164e-21
5.5191502748930805 4.038754377661949e-21
5.52066068762954 3.7617034440499286e-21
5.522171513717064 3.6138981537953886e-21
5.523682753268771 3.601255987465874e-21
5.525194406397813 3.6592470674912786e-21
5.526706473217375 3.743988359872018e-21
5.5282189538406685 4.086789988624361e-21
5.529731848380939 4.660845309329935e-21
5.531245156951461 5.253205861972841e-21
5.532758879665543 6.628847434928274e-21
5.534273016636523 8.600503688128574e-21
5.535787567977768 9.607401668238555e-21
5.537302533802679 1.0104516876139811e-20
5.538817914224685 1.1042676225061258e-20
5.54033370935725 1.120121628124646e-20
5.541849919313866 1.0080994663704785e-20
5.543366544208056 8.043857986367823e-21
5.544883584153375 6.4549293651992354e-21
5.54640103926341 6.3111355237627474e-21
5.547918909651779 6.859257706665052e-21
5.549437195432128 7.700003388169995e-21
5.550955896718138 8.574222450126522e-21
5.5524750136235195 8.698903403206187e-21
5.553994546262015 8.204885718638948e-21
5.555514494747392 9.25973060529381e-21
5.557034859193459 1.0491355634333754e-20
5.558555639714051 9.485395327620772e-21
5.560076836423033 8.939493116519805e-21
5.561598449434302 9.720558334228857e-21
5.563120478861787 9.549441338506825e-21
5.564642924819448 9.552177170955656e-21
5.566165787421275 1.1109573678792697e-20
5.5676890667812895 1.230868638458082e-20
5.569212763013546 1.2721592879325428e-20
5.570736876232129 1.3580752354825602e-20
5.572261406551153 1.3878701576916483e-20
5.573786354084767 1.2960804857952068e-20
5.575311718947146 1.1715103244896946e-20
5.5768375012525 1.1033852363529258e-20
5.578363701115073 1.163003644863018e-20
5.579890318649134 1.4145668836781877e-20
5.581417353968987 1.827565091196902e-20
5.582944807188965 2.3475524014782665e-20
5.584472678423436 2.9631648754958183e-20
5.586000967786795 3.645487147400457e-20
5.587529675393471 3.604126866575083e-20
5.589058801357925 2.8374301516628735e-20
5.5905883457946475 2.8648698223472645e-20
5.592118308818158 3.4873755142411135e-20
5.593648690543013 3.8034191040597065e-20
5.595179491083798 3.8600346865592465e-20
5.5967107105551275 3.786935515013817e-20
5.598242349071651 3.714875569739252e-20
5.599774406748045 3.411246648502554e-20
5.6013068836990225 2.698736438297337e-20
5.602839780039323 2.2005037053428542e-20
5.604373095883722 2.1272065697811832e-20
5.605906831347024 2.1522977438706714e-20
5.607440986544065 2.240627208247582e-20
5.60897556158971 2.3440664311698752e-20
5.610510556598861 2.694430595298493e-20
5.612045971686448 3.2685123650552093e-20
5.6135818069674315 3.782373793435647e-20
5.615118062556806 3.922100986201071e-20
5.616654738569596 3.5894676826445313e-20
5.618191835120857 3.862978711715705e-20
5.6197293523256775 4.5540503396826793e-20
5.621267290299178 4.345666136746656e-20
5.622805649156506 3.6806186085046564e-20
5.6243444290128455 3.2050082322586826e-20
5.625883629983413 3.3458236939474103e-20
5.62742325218345 4.080429675632019e-20
5.6289632957282345 4.950525310850125e-20
5.630503760733076 5.535651711286033e-20
5.632044647313313 5.656223006231777e-20
5.6335859555843175 6.125431024565877e-20
5.635127685661493 6.909989852143349e-20
5.636669837660274 7.378383432947506e-20
5.638212411696126 9.095206321653628e-20
5.639755407884549 1.2451593005295222e-19
5.641298826341071 1.330058372403768e-19
5.642842667181252 1.234735505162413e-19
5.644386930520687 1.3528317664055093e-19
5.645931616474998 1.3683434591387715e-19
5.647476725159844 1.1040668877353518e-19
5.649022256690911 9.216773014812074e-20
5.650568211183916 9.284659943515229e-20
5.652114588754614 1.0562164644841691e-19
5.653661389518787 1.0542431887898332e-19
5.655208613592246 8.141724053478835e-20
5.65675626109084 7.149953893122528e-20
5.658304332130447 7.904421069496999e-20
5.659852826826976 8.51786984220568e-20
5.6614017452963665 8.320247896938465e-20
5.662951087654594 7.271166374396814e-20
5.664500854017661 7.084689096367078e-20
5.666051044501604 7.986969540174591e-20
5.667601659222493 9.137532069729883e-20
5.669152698296426 1.0529746885996485e-19
5.670704161839536 1.2012701203638591e-19
5.672256049967986 1.3045999879805127e-19
5.6738083627979705 1.3296415388518457e-19
5.675361100445718 1.2682879983610515e-19
5.676914263027486 1.1413440406153363e-19
5.678467850659565 1.0053439006351617e-19
5.680021863458281 1.0565464357224659e-19
5.681576301539984 1.3306727093804142e-19
5.683131165021061 1.7116131492602767e-19
5.684686454017933 2.140474992736745e-19
5.686242168647047 2.5371014375184113e-19
5.687798309024885 2.7018928906048014e-19
5.689354875267961 2.698892338381432e-19
5.690911867492821 2.8419567621743307e-19
5.692469285816042 3.156164888955179e-19
5.6940271303542325 3.583553955719529e-19
5.695585401224037 4.030514008385873e-19
5.697144098542125 4.34234004714168e-19
5.698703222425203 4.2788801802768914e-19
5.700262772990008 3.7824578347843e-19
5.70182275035331 3.0093762626018536e-19
5.703383154631908 2.81709427871302e-19
5.704943985942635 3.1494492028352364e-19
5.706505244402358 2.8056873843335126e-19
5.708066930127972 2.2428052132689046e-19
5.709629043236406 2.188181785712951e-19
5.711191583844622 2.2727182107993367e-19
5.712754552069611 2.3241671559445954e-19
5.714317948028398 2.5672102338743813e-19
5.715881771838043 2.8739945464607213e-19
5.717446023615633 3.0115747884639995e-19
5.719010703478286 2.926807501785115e-19
5.72057581154316 2.7391284667843934e-19
5.722141347927437 2.92376935970756e-19
5.723707312748335 3.2504404590395734e-19
5.725273706123103 3.182931269928707e-19
5.726840528169022 3.173159314738398e-19
5.7284077790034065 3.4930004034693767e-19
5.729975458743601 3.8609534254322965e-19
5.731543567506984 4.204076174306219e-19
5.7331121054109655 4.532338668012729e-19
5.734681072572986 4.755354736463742e-19
5.736250469110519 4.860456507750601e-19
5.7378202951410735 5.372298356069678e-19
5.739390550782186 6.3081789228038455e-19
5.740961236151427 7.232062743998655e-19
5.742532351366399 8.167088599903599e-19
5.744103896544738 9.131476809487035e-19
5.74567587180411 1.0724973247120998e-18
5.747248277262215 1.277458671048827e-18
5.748821113036783 1.4131122100461789e-18
5.750394379245579 1.34560807469758e-18
5.751968076006399 1.0144101098879215e-18
5.753542203437071 8.346032057403551e-19
5.755116761655455 9.202673138881374e-19
5.756691750779444 8.322387499033508e-19
5.7582671709269615 6.476511969283755e-19
5.759843022215968 6.245129748386713e-19
5.76141930476445 7.015402933079592e-19
5.76299601869043 7.882076504350235e-19
5.764573164111962 7.466851165707939e-19
5.7661507411471336 6.271085383699787e-19
5.767728749914061 6.202057736030528e-19
5.7693071905308955 6.85768208786262e-19
5.7708860631158245 7.560225884579006e-19
5.77246536778706 7.736433615752979e-19
5.77404510466285 7.537417890136803e-19
5.7756252738614755 7.946712785868879e-19
5.7772058755012505 8.367298000984753e-19
5.778786909700519 8.044976462251559e-19
5.780368376577657 8.033796762849511e-19
5.781950276251079 8.822690401429047e-19
5.783532608839222 1.0217766677371442e-18
5.785115374460564 1.171098581446864e-18
5.786698573233611 1.2497350084977705e-18
5.788282205276903 1.248316904656469e-18
5.789866270709011 1.2083241312794402e-18
5.7914507696485416 1.4596904677882245e-18
5.793035702214131 1.9566426061658367e-18
5.794621068524448 2.3334692314523162e-18
5.796206868698192 2.9020184735827276e-18
5.7977931028541025 3.8918843165138145e-18
5.799379771110945 3.945198399896303e-18
5.800966873587516 2.9554980158338932e-18
5.8025544104026485 2.4450939939818565e-18
5.804142381675209 2.611432382616587e-18
5.805730787524093 3.251150007138554e-18
5.807319628068228 3.3172583528020586e-18
5.80890890342658 2.421998068886385e-18
5.810498613718142 1.8171968115625536e-18
5.812088759061938 1.7188048385691488e-18
5.813679339577032 1.7780042042503546e-18
5.815270355382515 1.8621479223886255e-18
5.816861806597512 1.835428214263115e-18
5.818453693341178 1.7408908573593932e-18
5.820046015732707 1.6434494929306563e-18
5.82163877389132 1.669647296831845e-18
5.823231967936271 1.799525230031264e-18
5.82482559798685 1.9439413117929658e-18
5.826419664162376 2.037159861761174e-18
5.828014166582204 2.046824083103586e-18
5.829609105365718 1.9109817252796755e-18
5.831204480632339 1.7850045998442985e-18
5.832800292501516 2.016786349833629e-18
5.834396541092733 2.315158586195405e-18
5.83599322652551 2.363433691768085e-18
5.837590348919393 2.4328325798482637e-18
5.839187908393964 2.6313990010005686e-18
5.84078590506884 2.8883194517825596e-18
5.842384339063668 3.3242747873541663e-18
5.843983210498127 4.050453530175021e-18
5.84558251949193 5.362932914035196e-18
5.847182266164825 7.263424410776275e-18
5.848782450636589 9.684531594537017e-18
5.850383073027033 1.1307235896318816e-17
5.8519841334560025 9.18442338926434e-18
5.853585632043375 6.102451484921726e-18
5.855187568909058 5.7814550524610606e-18
5.856789944172995 6.553855856980862e-18
5.858392757955161 7.20532343314015e-18
5.859996010375565 7.300699753782976e-18
5.861599701554248 6.797926425928704e-18
5.863203831611284 6.00012870742434e-18
5.864808400666781 5.267188815864741e-18
5.8664134088408755 4.904619809690623e-18
5.868018856253743 4.414261761781e-18
5.869624743025588 3.742349539929352e-18
5.8712310692766465 3.497112474334152e-18
5.872837835127192 3.6300372749871236e-18
5.87444504069753 3.812031768210238e-18
5.876052686107997 4.135269237938655e-18
5.8776607714789595 4.6125263356459296e-18
5.879269296930822 4.902235800341045e-18
5.880878262584025 4.8246755934753125e-18
5.8824876685590315 4.2338426575164775e-18
5.884097514976346 3.62466275699441e-18
5.885707801956503 3.669964004069977e-18
5.887318529620071 3.960035446368967e-18
5.888929698087649 4.214943083113561e-18
5.890541307479872 4.940078965378155e-18
5.892153357917406 6.359841346203439e-18
5.8937658495209515 8.513271187600826e-18
5.895378782411241 1.148275494280316e-17
5.896992156709041 1.5001192314006987e-17
5.898605972535149 1.6370338674896056e-17
5.900220230010399 1.5315196112233646e-17
5.901834929255655 1.6686322459439258e-17
5.903450070391816 1.9533063849181445e-17
5.905065653539811 1.973621670688352e-17
5.906681678820607 1.9658440965787063e-17
5.9082981463552 2.170583203312097e-17
5.90991505626462 2.031890897032446e-17
5.911532408669931 1.4900941471885063e-17
5.913150203692232 1.3166093695533177e-17
5.914768441452651 1.4317388465691553e-17
5.91638712207235 1.3948721434085946e-17
5.918006245672527 1.2361633862300156e-17
5.919625812374411 1.0287582782431547e-17
5.921245822299264 8.769986026184462e-18
5.922866275568383 8.128890244109712e-18
5.924487172303095 8.105229274384659e-18
5.926108512624766 8.190506467160735e-18
5.927730296654787 7.465830484559327e-18
5.92935252451459 6.9119616111697395e-18
5.930975196325633 7.279429116895211e-18
5.932598312209414 8.14066542544535e-18
5.934221872287463 9.156186124550946e-18
5.935845876681336 9.85088136803568e-18
5.937470325512633 1.0206187426878794e-17
5.939095218902979 1.0407169632853351e-17
5.940720556974038 1.050177227448118e-17
5.942346339847504 1.0567800760350782e-17
5.943972567645103 1.2254108883538844e-17
5.945599240488598 1.610036905904249e-17
5.947226358499784 2.2338623733517332e-17
5.948853921800488 2.7319132082658797e-17
5.950481930512571 2.5057034865784446e-17
5.95211038475793 2.2471044233963005e-17
5.95373928465849 2.5500054920263552e-17
5.955368630336213 3.370364708828168e-17
5.956998421913096 4.544231182404662e-17
5.958628659511167 5.680778852934426e-17
5.960259343252485 6.097676709653467e-17
5.961890473259145 4.892545579330381e-17
5.963522049653278 3.2315489017350926e-17
5.965154072557045 2.338905411436382e-17
5.96678654209264 1.980316769555881e-17
5.968419458382291 1.906900622619613e-17
5.970052821548264 1.7655848386636408e-17
5.971686631712851 1.6364245388597106e-17
5.973320888998382 1.7685704705469093e-17
5.97495559352722 2.0010393850342248e-17
5.97659074542176 2.131257610748956e-17
5.9782263448044315 2.0502031422157132e-17
5.979862391797699 1.775678873957853e-17
5.98149888652406 1.5595758131029384e-17
5.98313582910604 1.4894044498006754e-17
5.984773219666206 1.6204939975928792e-17
5.986411058327155 1.8182373326740963e-17
5.988049345211517 1.8941027353150192e-17
5.989688080441956 1.9167616916982946e-17
5.991327264141171 1.9431292282735822e-17
5.992966896431892 2.0826868735995107e-17
5.994606977436884 2.2594592717203223e-17
5.996247507278946 2.1646204873187316e-17
5.997888486080912 2.077677740749723e-17
5.999529913965644 2.40644667900391e-17
6.001171791056044 3.3046781228577067e-17
6.002814117475046 4.697409715252401e-17
6.004456893345614 6.649299262582208e-17
6.006100118790749 8.760133958646728e-17
6.007743793933486 9.399875832169693e-17
6.009387918896893 8.976293605249824e-17
6.01103249380407 8.888650363329234e-17
6.012677518778152 8.496801067256957e-17
6.014322993942309 7.334844430260209e-17
6.015968919419743 6.274962808404355e-17
6.017615295333689 5.616168421671512e-17
6.019262121807419 4.765410309582101e-17
6.0209093989642355 3.897706813164515e-17
6.022557126927476 3.649853722192347e-17
6.024205305820509 3.7379669987276956e-17
6.025853935766745 3.679650120652823e-17
6.027503016889618 3.584200535789303e-17
6.029152549312602 3.525360289964971e-17
6.0308025331592034 3.328591638673182e-17
6.032452968552962 2.981243212238049e-17
6.034103855617452 2.6141945262418104e-17
6.0357551944762795 2.3712582488971526e-17
6.037406985253089 2.4430916975042334e-17
6.039059228071554 2.6754023352966802e-17
6.040711923055381 2.885192073671061e-17
6.042365070328318 3.258306303042632e-17
6.04401867001414 3.908192752283271e-17
6.045672722236656 5.399795125488426e-17
6.047327227119712 8.128954394398009e-17
6.048982184787187 1.2429140226728538e-16
6.050637595362993 1.647959125336032e-16
6.052293458971075 1.7985438101560295e-16
6.053949775735416 1.7339785870321336e-16
6.055606545780028 1.5433301566477623e-16
6.05726376922896 1.4734948169739735e-16
6.058921446206295 1.523930914312272e-16
6.0605795768361475 1.3253215328640657e-16
6.062238161242668 9.695852249105482e-17
6.0638971995500395 7.672319962536783e-17
6.065556691882483 6.582452150581645e-17
6.067216638364247 5.4564649556554544e-17
6.068877039119618 4.6654761381731276e-17
6.070537894272919 4.31351503321688e-17
6.0721992039485 4.265920690407149e-17
6.073860968270752 4.374450982748285e-17
6.075523187364096 4.217729350332023e-17
6.077185861352989 3.68979064497896e-17
6.0788489903619185 2.7796271743768985e-17
6.08051257451541 2.0433102382908065e-17
6.0821766139380244 1.918099968684685e-17
6.083841108754351 2.4026148506984597e-17
6.085506059089018 3.3203050341242685e-17
6.087171465066685 3.809257297345024e-17
6.0888373268120475 3.9292414811986457e-17
6.090503644449833 4.447467004581657e-17
6.092170418104806 5.339373921054682e-17
6.093837647901763 6.400910568331535e-17
6.095505333965537 8.10493606908545e-17
6.09717347642099 1.0635114104075695e-16
6.098842075393025 1.4518940954293967e-16
6.100511131006574 1.9660633033516932e-16
6.102180643386605 2.5211367150691572e-16
6.103850612658119 2.9417111649535828e-16
6.105521038946156 2.7870927493923324e-16
6.107191922375785 2.2635756510112643e-16
6.108863263072109 1.8429284833140041e-16
6.1105350611602685 1.6409523248431445e-16
6.1122073167654385 1.6833150556335815e-16
6.113880030012823 1.7812182260599736e-16
6.115553201027666 1.8251379469162324e-16
6.117226829935245 1.4895418311589346e-16
6.118900916860868 8.856134289256314e-17
6.12057546192988 5.875046960181174e-17
6.12225046526766 5.249343637810527e-17
6.123925926999624 4.8647952660416083e-17
6.125601847251216 4.49720524436708e-17
6.12727822614792 3.958005155492282e-17
6.128955063815253 3.755806221415453e-17
6.130632360378763 4.001496182286735e-17
6.132310115964035 3.929104857495085e-17
6.133988330696692 3.5775210015978087e-17
6.135667004702386 3.6102846624264564e-17
6.137346138106804 4.100821823417834e-17
6.1390257310356695 4.9753663653987173e-17
6.140705783614741 6.595415362202141e-17
6.142386295969806 9.065898771053422e-17
6.144067268226692 1.2471341296906595e-16
6.1457487005112625 1.6632599020745012e-16
6.147430592949409 2.0882777493192425e-16
6.149112945667059 2.5025554250702896e-16
6.15079575879018 2.8891461429035986e-16
6.152479032444767 3.1978523217911967e-16
6.154162766756855 3.3576385160925737e-16
6.155846961852509 3.4099626708964333e-16
6.157531617857832 3.4374766455820983e-16
6.159216734898959 3.0472331890785634e-16
6.160902313102062 2.1089758885353467e-16
6.162588352593344 1.5270636682043692e-16
6.164274853499046 1.4984675624096118e-16
6.165961815945443 1.6578171252929942e-16
6.167649240058842 1.8264613510629252e-16
6.169337125965587 1.5743858980648294e-16
6.171025473792056 1.0889939076965388e-16
6.172714283664661 7.397582120633306e-17
6.1744035557098496 5.344810565049407e-17
6.176093290054103 4.396919610211881e-17
6.177783486823939 4.256991582252092e-17
6.179474146145906 4.629830808960475e-17
6.181165268146592 5.2410394161516983e-17
6.182856852952616 6.118741992510647e-17
6.184548900690632 7.599613401818126e-17
6.186241411487331 9.32490161664736e-17
6.187934385469437 1.0386370722674484e-16
6.189627822763708 1.1047083932368005e-16
6.191321723496937 1.1743272269139128e-16
6.193016087795955 1.341958496497315e-16
6.1947109157876215 1.64377229418414e-16
6.1964062075988355 2.1200967703480138e-16
6.19810196335653 2.74059222364465e-16
6.199798183187674 3.240580991399502e-16
6.201494867219266 3.565039386668711e-16
6.203192015578342 3.6898109076780397e-16
6.204889628391978 3.670309666784877e-16
6.206587705787276 3.669945920325055e-16
6.208286247891378 3.419317976488697e-16
6.2099852548314605 2.7179404027321797e-16
6.211684726734734 2.0241459617260548e-16
6.2133846637284424 1.5926876088663957e-16
6.215085065939867 1.46506189427969e-16
6.216785933496325 1.585473211366973e-16
6.2184872665251625 1.5960162524955326e-16
6.2201890651537655 1.4807063972497715e-16
6.221891329509555 1.3408866754276693e-16
6.223594059719986 1.176502315700594e-16
6.225297255912542 9.971674432783384e-17
6.227000918214755 8.572380056125075e-17
6.228705046754181 7.996040319989582e-17
6.23040964165841 8.1020639928853e-17
6.2321147030550765 8.662773072818689e-17
6.233820231071842 9.734505624598174e-17
6.235526225836407 1.1226532032848698e-16
6.237232687476503 1.2555409293812052e-16
6.2389396161199 1.3882840516462957e-16
6.240647011894401 1.5998188584041232e-16
6.242354874927845 1.8941551678599605e-16
6.244063205348105 2.2454778163489907e-16
6.245772003283093 2.650773335265431e-16
6.2474812688607475 3.0912797776942837e-16
6.24919100220905 3.438909500631254e-16
6.2509012034560145 3.634444071563516e-16
6.252611872729689 3.732035384140062e-16
6.254323010158156 3.758770123600865e-16
6.256034615869536 3.476719628346201e-16
6.2577466899919845 2.92557706767984e-16
6.259459232653687 2.515306013042589e-16
6.261172243982868 2.2209444406157167e-16
6.2628857241077895 1.9212339081803297e-16
6.264599673156743 1.6859345554381232e-16
6.266314091258058 1.594180398085848e-16
6.2680289785401 1.5965994829340028e-16
6.269744335131268 1.6287863445071464e-16
6.271460161159997 1.5793830307266045e-16
6.273176456754756 1.4109688916413803e-16
6.274893222044052 1.279150457898909e-16
6.276610457156423 1.2188663866375444e-16
6.278328162220444 1.211945642398856e-16
6.280046337364729 1.2522432353292372e-16
6.28176498271792 1.3033322261430664e-16
6.283484098408701 1.3627301080582905e-16
6.2852036845657855 1.4221141418121527e-16
6.286923741317928 1.5310508964164858e-16
6.288644268793911 1.7343874329942222e-16
6.290365267122558 2.0386285316201212e-16
6.292086736432728 2.426396078780313e-16
6.293808676853313 2.7028230781525663e-16
6.295531088513238 2.809367281868249e-16
6.297253971541469 3.011684296786388e-16
6.2989773260670034 3.3315305561505684e-16
6.300701152218872 3.5190909385150204e-16
6.302425450126147 3.5583677092710786e-16
6.304150219917933 3.4953908651610075e-16
6.305875461723367 3.3188452146621953e-16
6.307601175671625 3.048209680971752e-16
6.309327361891917 2.6489262109334817e-16
6.311054020513489 2.1153220784564853e-16
6.312781151665622 1.6698887313532169e-16
6.314508755477631 1.4502779064916236e-16
6.31623683207887 1.383412664724609e-16
6.317965381598723 1.4132568907056365e-16
6.319694404166615 1.3726585031483302e-16
6.321423899912003 1.2497821222532754e-16
6.323153868964381 1.26140896760059e-16
6.3248843114532765 1.3896949473136817e-16
6.326615227508254 1.467011108367272e-16
6.328346617258916 1.485532716391941e-16
6.330078480834894 1.4504531055290967e-16
6.3318108183658595 1.4213725871918771e-16
6.333543629981521 1.4753373216912425e-16
6.335276915811619 1.5534274451022173e-16
6.337010675985928 1.6020468605128753e-16
6.338744910634263 1.706098357017721e-16
6.340479619886473 1.8984424728567356e-16
6.342214803872439 2.1905681378791533e-16
6.343950462722082 2.5691759045883994e-16
6.345686596565358 2.848210997403469e-16
6.347423205532256 3.008028182932481e-16
6.349160289752801 3.0903382826116234e-16
6.350897849357055 3.1129349251359753e-16
6.3526358844751165 3.1595575452131485e-16
6.354374395237118 3.095292808525996e-16
6.356113381773226 2.710768463626181e-16
6.357852844213646 2.424081006376281e-16
6.359592782688617 2.6870212026788496e-16
6.361333197328415 3.0844541600352406e-16
6.363074088263351 3.2897992197902786e-16
6.364815455623771 3.231668249576537e-16
6.366557299540056 2.920341258684156e-16
6.368299620142626 2.552708769547308e-16
6.370042417561934 2.1858555983429048e-16
6.371785691928469 1.8483868349446348e-16
6.373529443372754 1.560077814888797e-16
6.375273672025354 1.4128392112625522e-16
6.377018378016864 1.3862361529057081e-16
6.378763561477912 1.3596394975342912e-16
6.380509222539171 1.333050884738648e-16
6.382255361331344 1.3064686788816713e-16
6.38400197798517 1.2999809297721013e-16
6.385749072631422 1.3333465105263034e-16
6.387496645400915 1.3996743248239379e-16
6.389244696424493 1.4872307358133722e-16
6.390993225833038 1.582793844190811e-16
6.392742233757472 1.678333844924873e-16
6.394491720328746 1.7738450257455348e-16
6.396241685677852 1.8693330847118496e-16
6.397992129935815 1.964792357252285e-16
6.399743053233697 2.0604450609044373e-16
6.401494455702595 2.1587224283156094e-16
6.403246337473645 2.2599194010562196e-16
6.404998698678014 2.3637399560527444e-16
6.40675153944691 2.470474083846226e-16
6.408504859911572 2.5798292042212955e-16
6.410258660203277 2.683224052036525e-16
6.412012940453339 2.7680736888218344e-16
6.413767700793108 2.7512235222466417e-16
6.4155229413539665 2.5624847467885177e-16
6.4172786622673375 2.2928323161299593e-16
6.419034863664679 2.023245660819289e-16
6.420791545677481 1.7517694898097902e-16
6.422548708437273 1.4777175519709462e-16
6.424306352075622 1.263879159119345e-16
6.426064476724128 1.1213957707829297e-16
6.427823082514426 1.0339676691579905e-16
6.429582169578191 9.929856638149416e-17
6.4313417380471325 9.53383402805042e-17
6.4331017880529915 9.139647635208527e-17
6.434862319727554 8.785094899600461e-17
6.436623333202634 8.558641201862113e-17
6.438384828610086 8.682641252949992e-17
6.440146806081799 9.245891937278769e-17
6.441909265749699 1.0301439504747988e-16
6.443672207745745 1.2041231091869594e-16
6.445435632201938 1.4572860882757928e-16
6.44719953925031 1.6537264265271758e-16
6.4489639290229315 1.6791110059740227e-16
6.450728801651907 1.5803895468174523e-16
6.45249415726938 1.4054325878453105e-16
6.454259996007529 1.2929054432984824e-16
6.456026317998568 1.293427964407255e-16
6.457793123374747 1.3196988133493372e-16
6.459560412268354 1.3459631683910866e-16
6.461328184811713 1.3747540287259114e-16
6.463096441137179 1.4037706959409535e-16
6.464865181377151 1.3935198986273892e-16
6.4666344056640614 1.340608873031003e-16
6.468404114130378 1.251001588654718e-16
6.4701743069086 1.130063623839314e-16
6.471944984131274 1.0078452467682926e-16
6.473716145930975 8.84855886503834e-17
6.475487792440315 7.624210098587537e-17
6.477259923791944 6.735186333507357e-17
6.479032540118549 6.614602765537944e-17
6.480805641552848 6.932915282050602e-17
6.482579228227603 7.255345400437336e-17
6.4843533002756075 7.581315499745165e-17
6.4861278578296915 7.909820163560189e-17
6.487902901022724 8.237517515583006e-17
6.489678429987608 8.562518474525623e-17
6.491454444857283 8.886587116771038e-17
6.493230945764726 9.210574772185166e-17
6.495007932842948 9.570126472635389e-17
6.496785406225001 9.97138171212751e-17
6.498563366043969 1.0359037072906909e-16
6.500341812432975 1.0717288448862757e-16
6.5021207455251755 1.0709009862113729e-16
6.503900165453769 1.0342723659375912e-16
6.505680072351982 9.966101499530108e-17
6.507460466353086 9.581738963153323e-17
6.509241347590384 9.205290111048563e-17
6.511022716197218 8.834596434417071e-17
6.512804572306963 8.46139153067461e-17
6.514586916053034 8.087303731307871e-17
6.516369747568882 7.715913312838706e-17
6.518153066987994 7.365294733679566e-17
6.519936874443891 7.058997414609671e-17
6.521721170070135 6.78201087165681e-17
6.523505954000321 6.512896244727207e-17
6.525291226368083 6.246188522991769e-17
6.5270769873070895 5.976948771562096e-17
6.528863236951048 5.663825922776733e-17
6.5306499754337 5.2858286251783723e-17
6.532437202888826 4.834328359253042e-17
6.534224919450242 4.3128266519791886e-17
6.536013125251799 4.081728820879734e-17
6.5378018204273864 4.232244727329021e-17
6.539591005110932 4.601851375182219e-17
6.541380679436396 5.1374022992537805e-17
6.543170843537778 5.689789414202623e-17
6.544961497549116 6.236147181710061e-17
6.546752641604481 6.655304481353732e-17
6.54854427583798 6.921823870058546e-17
6.550336400383761 6.887932430498412e-17
6.552129015376008 6.58197654515292e-17
6.553922120948939 6.273510729276237e-17
6.555715717236808 5.963575251984867e-17
6.557509804373911 5.656305451832436e-17
6.5593043824945765 5.3511097488313795e-17
6.5610994517331696 5.045991987545585e-17
6.562895012224095 4.7419081187264013e-17
6.564691064101791 4.440486055089531e-17
6.5664876075007355 4.1485776587182786e-17
6.568284642555442 3.8748234396860635e-17
6.570082169400459 3.612718711490507e-17
6.5718801881703754 3.353262646723093e-17
6.573678698999815 3.093748121324988e-17
6.575477702023438 2.831719954834822e-17
6.577277197375942 2.6500738585290806e-17
6.579077185192062 2.6e-17
6.580877665606568 2.659598869262681e-17
6.58267863875427 2.80682244393997e-17
6.584480104770014 2.9820269719508325e-17
6.586282063788677 3.157186400776385e-17
6.588084515945183 3.332295249699484e-17
6.589887461374487 3.5073589732533804e-17
6.59169090021158 3.6823721866306033e-17
6.593494832591492 3.857340248465994e-17
6.595299258649291 3.971201396204462e-17
6.597104178520081 4.018148309122589e-17
6.598909592339 3.9621670021100086e-17
6.600715500241228 3.8060466163072845e-17
6.60252190236198 3.651995433938158e-17
6.604328798836505 3.503204964017737e-17
6.606136189800093 3.3570202777109244e-17
6.607944075388071 3.2152452294746014e-17
6.6097524557358 3.0889026337262935e-17
6.611561330978679 2.9741407823489347e-17
6.613370701252147 2.8491501214019977e-17
6.615180566691677 2.707477167940042e-17
6.616990927432779 2.5299541190407363e-17
6.618801783611002 2.3342650131480665e-17
6.620613135361932 2.171933475732741e-17
6.6224249828211885 2.0428803816594873e-17
6.624237326124432 1.942029132103061e-17
6.626050165407361 1.8861404040868053e-17
6.627863500805707 1.899371253882654e-17
6.629677332455239 1.9632458215591118e-17
6.631491660491768 2.0450106915904463e-17
6.63330648505114 2.1370830649252328e-17
6.635121806269233 2.229131375315397e-17
6.636937624281969 2.3211534378220457e-17
6.638753939225305 2.4131514236157407e-17
6.640570751235234 2.5051231993141885e-17
6.642388060447786 2.5970708845376718e-17
6.644205866999031 2.6599937982239382e-17
6.646024171025075 2.6743950107628994e-17
6.647842972662058 2.6497286299741037e-17
6.649662272046163 2.5944496065147327e-17
6.651482069313605 2.5264030246825473e-17
6.6533023646006395 2.455824046753424e-17
6.655123158043558 2.386276456800253e-17
6.65694444977869 2.3192961297941882e-17
6.658766239942403 2.251128050703818e-17
6.660588528671099 2.1804302789428903e-17
6.662411316101219 2.1111491091971953e-17
6.664234602369243 2.0444325386329236e-17
6.666058387611686 1.9761540341600135e-17
6.667882671965099 1.9053485434729354e-17
6.669707455566078 1.882426482681572e-17
6.671532738551246 1.9154716614548286e-17
6.673358521057269 1.9743864188748888e-17
6.67518480322085 2.053624531650281e-17
6.677011585178731 2.1372929799096792e-17
6.678838867067688 2.2234803110695965e-17
6.680666649024534 2.290297907996446e-17
6.682494931186126 2.336780034946609e-17
6.68432371368935 2.3145172201574873e-17
6.686152996671135 2.225026914488521e-17
6.687982780268445 2.1958651640792777e-17
6.689813064618283 2.2294511466530925e-17
6.691643849857689 2.3263873761248115e-17
6.6934751361237375 2.483531014714493e-17
6.695306923553547 2.6406328214670382e-17
6.6971392122842675 2.797428850744532e-17
6.69897200245309 2.951651390709392e-17
6.700805294197241 3.089896423755825e-17
6.702639087653987 3.121829041367874e-17
6.704473382960627 3.0610989537577725e-17
6.706308180254505 3.0003850864037036e-17
6.708143479672998 2.939688201031967e-17
6.709979281353519 2.8790075450026596e-17
6.71181558543352 2.8218406098456883e-17
6.713652392050497 2.782373493019976e-17
6.715489701341974 2.7598711822574368e-17
6.7173275134455155 2.75e-17
6.719165828498728 2.75e-17
6.721004646639251 2.75e-17
6.7228439680047645 2.75e-17
6.724683792732982 2.75e-17
6.7265241209616615 2.75e-17
6.728364952828593 2.75e-17
6.730206288471605 2.75e-17
6.7320481280285644 2.75e-17
6.7338904716373795 2.75e-17
6.735733319435989 2.75e-17
6.737576671562376 2.7325337520267445e-17
6.739420528154557 2.657183294406496e-17
6.741264889350589 2.5287366641735975e-17
6.743109755288565 2.360075768123894e-17
6.744955126106618 2.1926961615036766e-17
6.746801001942915 2.113359088231683e-17
6.7486473829356655 2.096651573058054e-17
6.750494269223111 2.09e-17
6.752341660943539 2.09e-17
6.754189558235268 2.09e-17
6.756037961236655 2.0837135058527552e-17
6.757886870086098 2.0598577045251063e-17
6.759736284922033 2.0173808224179844e-17
6.761586205882926 1.954845177178677e-17
6.7634366331072915 1.8805283389418792e-17
6.765287566733679 1.808739131312682e-17
6.767139006900673 1.7385431469187413e-17
6.768990953746894 1.6683662656238753e-17
6.770843407411007 1.6394696044701253e-17
6.7726963680317125 1.718283170423051e-17
6.774549835747745 1.8606259130388597e-17
6.776403810697882 1.9954198059569687e-17
6.778258293020938 2.116805355961374e-17
6.780113282855762 2.2156399646606147e-17
6.781968780341244 2.3153449399486088e-17
6.7838247856163125 2.4525318310560355e-17
6.785681298819933 2.6252449827424768e-17
6.787538320091109 2.8304010379113576e-17
6.789395849568882 3.040670214536409e-17
6.791253887392331 3.213413681448562e-17
6.793112433700577 3.361319527681446e-17
6.79497148863277 3.504191806925196e-17
6.796831052328109 3.645894068141709e-17
6.798691124925824 3.7925476888120724e-17
6.8005517065651855 4.004999282831966e-17
6.802412797385501 4.381980440594028e-17
6.804274397526118 4.999479378866799e-17
6.806136507126421 5.985680880587737e-17
6.80799912632583 7.105907256783492e-17
6.809862255263811 7.9667606076602e-17
6.811725894079856 8.60273570207099e-17
6.813590042913507 9.069240855279938e-17
6.815454701904339 9.370406994090942e-17
6.817319871191965 9.50975399183411e-17
6.8191855509160355 9.538585006493649e-17
6.821051741216241 9.55e-17
6.822918442232311 9.55e-17
6.82478565410401 9.55e-17
6.8266533769711435 9.55e-17
6.828521610973555 9.55e-17
6.830390356251125 9.55e-17
6.832259612943773 9.55e-17
6.834129381191456 9.531679854731965e-17
6.835999661134172 9.451331692020459e-17
6.837870452911952 9.320328265863139e-17
6.839741756664871 9.16456188707141e-17
6.841613572533043 8.990981488059885e-17
6.8434859006566136 8.817449369381168e-17
6.845358741175769 8.626852320798266e-17
6.847232094230738 8.366948071773354e-17
6.849105959961786 7.996634997574975e-17
6.850980338509213 7.37142197087489e-17
6.852855230013361 6.572745095578133e-17
6.8547306346146115 5.885637467320183e-17
6.856606552453382 5.306854044844628e-17
6.858482983670125 4.834569901234347e-17
6.860359928405342 4.4311190100625477e-17
6.862237386799563 3.9215034714045496e-17
6.8641153589933595 3.320544020523846e-17
6.865993845127341 2.699991456741703e-17
6.867872845342159 2.0897746838085263e-17
6.869752359778499 1.706855615607745e-17
6.871632388577085 1.5264816581318914e-17
6.873512931878685 1.37083196287788e-17
6.875393989824101 1.240599794588685e-17
6.877275562554173 1.1547915080283493e-17
6.879157650209781 1.1103999759480346e-17
6.881040252931845 1.0660209254286926e-17
6.88292337086132 1.021683260974843e-17
6.884807004139201 9.798212245808766e-18
6.886691152906527 9.404055941910148e-18
6.888575817304366 9.268771055502082e-18
6.890460997473831 9.397076765922377e-18
6.892346693556071 9.558090938867108e-18
6.8942329056922755 9.748600026889146e-18
6.896119634023672 9.951796457676669e-18
6.898006878691527 1.0167236900088931e-17
6.899894639837144 1.0353101961317799e-17
6.9017829176018655 1.0504490256378029e-17
6.903671712127074 1.0672874664478992e-17
6.90556102355419 1.086578595431832e-17
6.907450852024676 1.1062272444938315e-17
6.909341197680025 1.1258703240499858e-17
6.911232060661777 1.1455082314629533e-17
6.913123441111506 1.1651405664304449e-17
6.915015339170827 1.1847677387400057e-17
6.916907754981393 1.204389335666243e-17
6.918800688684895 1.2240057794350836e-17
6.920694140423065 1.2436166448845517e-17
6.922588110337671 1.2632223666924431e-17
6.924482598570521 1.2828225072467005e-17
6.926377605263464 1.3024175136905285e-17
6.928273130558383 1.3220069359482572e-17
6.930169174597202 1.3401685411368841e-17
6.932065737521889 1.3558774581642924e-17
6.933962819474442 1.3718737462442778e-17
6.935860420596903 1.390311545323219e-17
6.937758541031353 1.4098744454274982e-17
6.939657180919911 1.429431752559241e-17
6.941556340404733 1.4489839638584628e-17
6.943456019628016 1.468530579259947e-17
6.945356218731998 1.4880721084368423e-17
6.947256937858953 1.5076080387926683e-17
6.949158177151192 1.527138892547198e-17
6.951059936751069 1.546664144559129e-17
6.952962216800975 1.566184329608506e-17
6.954865017443341 1.5856989099955988e-17
6.956768338820634 1.6052084330742978e-17
6.958672181075366 1.624712348572894e-17
6.960576544350082 1.6442112164326925e-17
6.962481428787367 1.6637044737963857e-17
6.964386834529849 1.682825529374347e-17
6.966292761720192 1.6995064744046092e-17
6.968199210501099 1.7143512159832552e-17
6.970106181015311 1.7316248383768475e-17
6.972013673405611 1.7510876881107653e-17
6.973921687814819 1.7704485599344138e-17
6.9758302243857955 1.789711984095687e-17
6.977739283261439 1.8090631343358482e-17
6.9796488645846875 1.8285049364780237e-17
6.981558968498515 1.847945011388675e-17
6.983469595145942 1.8673794597135078e-17
6.985380744670023 1.8868089175022107e-17
6.987292417213849 1.9062327457995168e-17
6.989204612920557 1.9256515933416704e-17
6.991117331933319 1.9450648084887484e-17
6.993030574395346 1.9644730526772315e-17
6.994944340449889 1.9838756615688507e-17
6.99685863024024 2.0016520844287728e-17
6.998773443909728 2.0169989891468626e-17
7.000688781601722 2.0271353144910434e-17
7.0026046434596285 2.03e-17
7.004521029626895 2.03e-17
7.006437940247008 2.03e-17
7.008355375463495 2.03e-17
7.010273335419919 2.03e-17
7.012191820259887 2.03e-17
7.01411083012704 2.03e-17
7.01603036516506 2.0308286086767676e-17
7.0179504255176735 2.0340740386946428e-17
7.019871011328639 2.038245430017875e-17
7.021792122741756 2.04e-17
7.02371375990087 2.04e-17
7.025635922949856 2.04e-17
7.027558612032633 2.04e-17
7.029481827293163 2.04e-17
7.031405568875442 2.04e-17
7.033329836923507 2.04e-17
7.035254631581433 2.04e-17
7.037179952993338 2.04e-17
7.0391058013033785 2.04e-17
7.041032176655747 2.04e-17
7.04295907919468 2.04e-17
7.044886509064451 2.04e-17
7.046814466409372 2.04e-17
7.0487429513737965 2.04e-17
7.0506719641021185 2.04e-17
7.052601504738767 2.0416398836575613e-17
7.054531573428214 2.0456844956328896e-17
7.056462170314973 2.0490446119753285e-17
7.058393295543593 2.05e-17
7.060324949258663 2.05e-17
7.062257131604813 2.05e-17
7.064189842726715 2.05e-17
7.066123082769074 2.05e-17
7.068056851876641 2.05e-17
7.069991150194202 2.05e-17
7.071925977866587 2.05e-17
7.073861335038661 2.05e-17
7.075797221855332 2.05e-17
7.077733638461547 2.05e-17
7.07967058500229 2.05e-17
7.08160806162259 2.05e-17
7.083546068467511 2.05e-17
7.085484605682158 2.05e-17
7.087423673411676 2.05e-17
7.089363271801252 2.0522137611232305e-17
7.091303400996108 2.0568200925728788e-17
7.093244061141508 2.0596063314496486e-17
7.095185252382757 2.06e-17
7.0971269748652 2.06e-17
7.099069228734219 2.06e-17
7.101012014135238 2.06e-17
7.102955331213718 2.06e-17
7.104899180115165 2.06e-17
7.10684356098512 2.06e-17
7.108788473969165 2.06e-17
7.110733919212924 2.06e-17
7.112679896862058 2.06e-17
7.11462640706227 2.06e-17
7.116573449959301 2.06e-17
7.118521025698934 2.06e-17
7.120469134426989 2.06e-17
7.12241777628933 2.06e-17
7.124366951431858 2.060171684914486e-17
7.126316660000512 2.0627230662622134e-17
7.128266902141276 2.0674831103745614e-17
7.130217678000172 2.069931729026834e-17
7.13216898772326 2.07e-17
7.134120831456641 2.07e-17
7.136073209346456 2.07e-17
7.138026121538889 2.07e-17
7.139979568180159 2.07e-17
7.141933549416526 2.07e-17
7.143888065394297 2.07e-17
7.145843116259808 2.07e-17
7.147798702159441 2.07e-17
7.149754823239618 2.07e-17
7.151711479646805 2.07e-17
7.153668671527496 2.07e-17
7.155626399028238 2.07e-17
7.157584662295612 2.07e-17
7.15954346147624 2.07e-17
7.161502796716782 2.070286502716175e-17
7.163462668163943 2.0729404182444735e-17
7.165423075964464 2.0776539155282987e-17
7.1673840202651276 2.08e-17
7.1693455012127565 2.08e-17
7.1713075189542135 2.08e-17
7.173270073636403 2.08e-17
7.175233165406268 2.08e-17
7.17719679441079 2.08e-17
7.1791609607969935 2.08e-17
7.181125664711944 2.08e-17
7.183090906302743 2.08e-17
7.185056685716539 2.08e-17
7.187023003100514 2.08e-17
7.188989858601892 2.08e-17
7.190957252367941 2.08e-17
7.192925184545965 2.08e-17
7.194893655283311 2.08e-17
7.196862664727362 2.08e-17
7.19883221302555 2.0803350018806645e-17
7.200802300325339 2.0853801341656426e-17
7.202772926774235 2.0948016839844623e-17
7.204744092519788 2.1042206216388556e-17
7.2067157977095855 2.1136366635990674e-17
7.208688042491254 2.1230504880175465e-17
7.210660827012463 2.1324614153425225e-17
7.212634151420925 2.1418701304641084e-17
7.2146080158643855 2.1512759470939322e-17
7.216582420490637 2.160679556866934e-17
7.218557365447509 2.1700802667510112e-17
7.220532850882872 2.179478775133105e-17
7.222508876944639 2.1888743822301895e-17
7.224485443780762 2.198267793188398e-17
7.226462551539233 2.2076583014665965e-17
7.228440200368083 2.2170466189772945e-17
7.230418390415387 2.2264320324140717e-17
7.23239712182926 2.2358152604630268e-17
7.234376394757856 2.245195583045235e-17
7.236356209349367 2.2545732955387136e-17
7.238336565752034 2.2639485312625894e-17
7.2403174641141295 2.2733208593324826e-17
7.24229890458397 2.2826910122036444e-17
7.244280887309913 2.2920582560298085e-17
7.24626341244036 2.301423330063316e-17
7.248246480123747 2.3107854936619185e-17
7.250230090508551 2.3201215941471868e-17
7.252214243743296 2.329408440275492e-17
7.25419893997654 2.3386873058604747e-17
7.2561841793568815 2.3480095460442527e-17
7.258169962032968 2.357359415386468e-17
7.260156288153478 2.366706370132748e-17
7.262143157867137 2.3760511768600608e-17
7.264130571322706 2.3853930676059567e-17
7.266118528668993 2.394732465943835e-17
7.268107030054841 2.4040692967527928e-17
7.2700960756291355 2.413403209397582e-17
7.272085665540805 2.4208851494931722e-17
7.274075799938817 2.4260319198698268e-17
7.276066478972178 2.4322084778824708e-17
7.278057702789938 2.4407143651359626e-17
7.280049471541188 2.450036040609555e-17
7.282041785375057 2.4593547937714516e-17
7.284034644440716 2.4686714256567296e-17
7.286028048887379 2.4779851338500556e-17
7.2880219988643 2.487296726257977e-17
7.290016494520771 2.4966053935947967e-17
7.292011536006125 2.5059119506458178e-17
7.294007123469743 2.5152155812477342e-17
7.296003257061038 2.5245166175461305e-17
7.2979999369294655 2.5338152155442707e-17
7.299997163224528 2.54311088491517e-17
7.301994936095765 2.5524044544502646e-17
7.3039932556927525 2.5616950939819776e-17
7.305992122165115 2.5709836392042807e-17
7.307991535662514 2.580269253048221e-17
7.309991496334652 2.589552778117596e-17
7.311992004331271 2.598833370434752e-17
7.3139930598021605 2.608111879520646e-17
7.315994662897143 2.6173874544816054e-17
7.317996813766087 2.6266609517630658e-17
7.3199995125589 2.6359315135480246e-17
7.322002759425532 2.645199905659158e-17
7.324006554515972 2.6544654584579267e-17
7.326010897980249 2.6637280735860413e-17
7.32801578996844 2.6729886215980608e-17
7.330021230630656 2.6822462305697844e-17
7.332027220117048 2.691501778004122e-17
7.334033758577817 2.7007543850296736e-17
7.336040846163198 2.710004936105074e-17
7.3380484830234645 2.7192525454043315e-17
7.340056669308939 2.7284981043491702e-17
7.342065405169982 2.7377407201516957e-17
7.344074690756993 2.7469812912040468e-17
7.346084526220412 2.756218917749049e-17
7.348094911710728 2.7654545051566585e-17
7.350105847378462 2.7746871466930626e-17
7.352117333374178 2.783916884794057e-17
7.354129369848486 2.7931445455804605e-17
7.356141956952035 2.8023692583264026e-17
7.35815509483551 2.811591942631129e-17
7.360168783649646 2.820811677533486e-17
7.362183023545212 2.83002938963457e-17
7.364197814673023 2.8392441509725583e-17
7.366213157183932 2.84845689515778e-17
7.368229051228836 2.857666687220341e-17
7.370245496958672 2.866504830725099e-17
7.372262494524417 2.8730396474365184e-17
7.374280044077089 2.877641023598807e-17
7.376298145767755 2.88451090039076e-17
7.3783167997475125 2.893678824385822e-17
7.380336006167505 2.902873734453293e-17
7.38235576517892 2.912065687517489e-17
7.384376076932982 2.9212556455628964e-17
7.38639694158096 2.930442645249816e-17
7.388418359274161 2.939627655610935e-17
7.390440330163939 2.948809706259556e-17
7.392462854401684 2.957989773283993e-17
7.394485932138828 2.9671668792430836e-17
7.396509563526847 2.9765744876432104e-17
7.39853374871726 2.9882712593746236e-17
7.4005584878616215 3.00202589570599e-17
7.402583781111531 3.013668519268437e-17
7.404609628618632 3.0230154252235195e-17
7.406636030534602 3.033867093281777e-17
7.408662987011169 3.0470055831874626e-17
7.410690498200096 3.0607416395154834e-17
7.412718564253192 3.074473244928704e-17
7.414747185322302 3.0882019170595393e-17
7.416776361559319 3.101926136254751e-17
7.418806093116174 3.11522938648862e-17
7.420836380144839 3.126242846927323e-17
7.422867222797327 3.135385437133753e-17
7.424898621225699 3.1467982829006695e-17
7.42693057558205 3.16049263073872e-17
7.428963086018517 3.174194731020815e-17
7.430996152687285 3.1878923710954475e-17
7.433029775740578 3.2015871117029875e-17
7.435063955330656 3.215277390088937e-17
7.437098691609826 3.2279968335060085e-17
7.439133984730439 3.238431800711369e-17
7.441169834844882 3.248079786192654e-17
7.443206242105585 3.260003317407489e-17
7.445243206665023 3.2736760190890874e-17
7.447280728675711 3.287344252517769e-17
7.449318808290204 3.301008324841798e-17
7.4513574456611 3.314669223370708e-17
7.453396640941039 3.328325650416562e-17
7.455436394282703 3.3405118388237197e-17
7.4574767058388165 3.3504188784369807e-17
7.459517575762144 3.360532509341639e-17
7.461559004205491 3.372916340059478e-17
7.463600991321708 3.3865552743564745e-17
7.465643537263684 3.40018973115951e-17
7.467686642184355 3.413821357584972e-17
7.469730306236691 3.4274485045165424e-17
7.471774529573711 3.4410715552275254e-17
7.473819312348473 3.452774934806464e-17
7.475864654714077 3.462204506814821e-17
7.477910556823662 3.4727335186854313e-17
7.479957018830415 3.4855273706930815e-17
7.482004040887562 3.499132628849107e-17
7.484051623148369 3.512733400295101e-17
7.486099765766145 3.52633137585576e-17
7.488148468894245 3.5399248627133964e-17
7.49019773268606 3.553515562535461e-17
7.492247557295023 3.5671017716633356e-17
7.494297942874615 3.5806836773413216e-17
7.496348889578357 3.592421003622987e-17
7.498400397559807 3.6018913733147567e-17
7.500452466972569 3.612304659609697e-17
7.50250509797029 3.6249759126807557e-17
7.504558290706656 3.638540329922379e-17
7.506612045335398 3.652100249277139e-17
7.508666362010288 3.6656574163748634e-17
7.51072124088514 3.679210083601597e-17
7.512776682113808 3.692759726141542e-17
7.514832685850191 3.70412601116924e-17
7.51688925224823 3.713230711417534e-17
7.518946381461907 3.7239480322195985e-17
7.521004073645244 3.73691792964972e-17
7.523062328952311 3.750448882171009e-17
7.525121147537216 3.763975327647225e-17
7.527180529554107 3.777499055877013e-17
7.529240475157181 3.791018275084673e-17
7.531300984500672 3.8043191905191324e-17
7.533362057738856 3.815364523972338e-17
7.535423695026053 3.8243700399987355e-17
7.537485896516627 3.835341494167171e-17
7.539548662364982 3.848560121159291e-17
7.541611992725562 3.862057703617499e-17
7.543675887752857 3.8755507698983244e-17
7.5457403476014 3.889041154176472e-17
7.547805372425761 3.9025270203073225e-17
7.549870962380557 3.9155424767617554e-17
7.5519371176204455 3.926263253259227e-17
7.554003838300128 3.9351581354143185e-17
7.556071124574346 3.9462375310415036e-17
7.558138976597885 3.9596031078371426e-17
7.5602073945255714 3.973067434693855e-17
7.562276378512275 3.986527236272194e-17
7.564345928712909 3.999984391431031e-17
7.566416045282427 4.0134370193488525e-17
7.5684867283758255 4.0268870099338584e-17
7.570557978148143 4.040332471317121e-17
7.572629794754464 4.0536923896983535e-17
7.574702178349911 4.0648090709719486e-17
7.576775129089649 4.0737651200831916e-17
7.578848647128887 4.0845178905536537e-17
7.580922732622881 4.097505445274743e-17
7.582997385726921 4.110929449964773e-17
7.585072606596343 4.124348918341553e-17
7.587148395386529 4.13776578515553e-17
7.5892247522529 4.1511781137028754e-17
7.591301677350918 4.16437230999454e-17
7.59337917083609 4.1753286971782535e-17
7.595457232863966 4.184262995084534e-17
7.597535863590138 4.195109874343984e-17
7.599615063170239 4.2081860902561235e-17
7.601694831759947 4.2229555256397295e-17
7.603775169514982 4.239951266138293e-17
7.605856076591104 4.257796388055902e-17
7.6079375531441205 4.2756354469006866e-17
7.610019599329878 4.2934710972885346e-17
7.612102215304264 4.3113006820115015e-17
7.614185401223214 4.329125667051381e-17
7.616269157242703 4.346945787366076e-17
7.618353483518749 4.364759837765815e-17
7.6204383802074105 4.381136312521724e-17
7.622523847464796 4.3952813224087416e-17
7.624609885447048 4.409516734015722e-17
7.6266964943103535 4.425971462902051e-17
7.628783674210948 4.4437632484816013e-17
7.630871425305106 4.461548956391908e-17
7.63295974774914 4.4793302225567783e-17
7.635048641699415 4.4971065025421135e-17
7.637138107312332 4.5148767006148284e-17
7.639228144744337 4.532643562495861e-17
7.641318754151918 4.5504043398868254e-17
7.643409935691604 4.5672818479962604e-17
7.645501689519975 4.5819348700439793e-17
7.647594015793641 4.595562870770999e-17
7.649686914669266 4.6114031808581117e-17
7.65178038630355 4.629140620309263e-17
7.653874430853241 4.646873194804685e-17
7.655969048475125 4.664599675426702e-17
7.658064239326036 4.6823228687435565e-17
7.660160003562847 4.700039965619688e-17
7.6622563413424745 4.7177537876863626e-17
7.664353252821877 4.7354615107476915e-17
7.666450738158064 4.753165971513671e-17
7.668548797508075 4.770864330712419e-17
7.670647431029 4.788557835878051e-17
7.672746638877973 4.804360855744401e-17
7.674846421212168 4.81794730552508e-17
7.676946778188803 4.832512952382829e-17
7.679047709965138 4.849282955175363e-17
7.681149216698481 4.866953282710793e-17
7.683251298546176 4.8846174993378406e-17
7.685353955665611 4.9022785030308483e-17
7.687457188214223 4.919933393263842e-17
7.689560996349488 4.93758285684238e-17
7.691665380228924 4.955228430742102e-17
7.693770340010094 4.972867886959172e-17
7.695875875850604 4.989339079508513e-17
7.697981987908102 5.0036007265199656e-17
7.700088676340279 5.017392773119552e-17
7.702195941304874 5.0333821222540256e-17
7.704303782959662 5.050999689523281e-17
7.706412201462465 5.068611249685527e-17
7.708521196971148 5.0862166828566544e-17
7.710630769643619 5.103818964602857e-17
7.712740919637829 5.121415116818742e-17
7.71485164711177 5.139008130318901e-17
7.716962952223485 5.1565950117523445e-17
7.71907483513105 5.173807401895066e-17
7.721187295992587 5.1888172910322487e-17
7.723300334966269 5.20199729268631e-17
7.725413952210305 5.2171333948666927e-17
7.727528147882947 5.2344603257158743e-17
7.729642922142493 5.252019456052565e-17
7.731758275147285 5.269572445049799e-17
7.733874207055704 5.2871223455091954e-17
7.735990718026178 5.3046661021032115e-17
7.73810780821718 5.3222067829652347e-17
7.740225477787222 5.339741317438777e-17
7.742343726894861 5.357270314698269e-17
7.744462555698698 5.373101229572126e-17
7.746581964357378 5.3867361070659864e-17
7.748701953029586 5.400946636016206e-17
7.750822521874056 5.41734089864522e-17
7.752943671049561 5.4348478286688235e-17
7.755065400714919 5.45234860306745e-17
7.75718771102899 5.469845473741859e-17
7.759310602150681 5.487337064853702e-17
7.76143407423894 5.504822496142795e-17
7.763558127452756 5.522304914361203e-17
7.765682761951164 5.539781170246528e-17
7.7678079778932485 5.556505629533099e-17
7.769933775438128 5.571041137664415e-17
7.772060154744965 5.584254037815902e-17
7.774187115972975 5.599643556936926e-17
7.776314659281409 5.617095900508124e-17
7.778442784829561 5.634544692775782e-17
7.780571492776774 5.651987313508014e-17
7.782700783282431 5.669426972173285e-17
7.78483065650596 5.686860456803571e-17
7.78696111260683 5.704290992371056e-17
7.7890921517445575 5.721715351406868e-17
7.791223774078701 5.739135421846374e-17
7.793355979768861 5.75464383045403e-17
7.795488768974684 5.767969796803314e-17
7.797622141855859 5.782282771622732e-17
7.79975609857212 5.798765824775914e-17
7.801890639283241 5.816162870291111e-17
7.804025764149046 5.833553730109488e-17
7.806161473329398 5.850941463538973e-17
7.808297766984204 5.868323237524995e-17
7.810434645273417 5.885698821634867e-17
7.812572108357032 5.90307152040803e-17
7.814710156395088 5.920438026821444e-17
7.816848789547667 5.937801661023121e-17
7.8189880079749 5.955159100384398e-17
7.821127811836954 5.972513680677942e-17
7.823268201294042 5.989862063653285e-17
7.825409176506428 6.007204999973501e-17
7.827550737634411 6.024544337251142e-17
7.829692884838336 6.041877473039071e-17
7.831835618278594 6.059207775329151e-17
7.833978938115619 6.076531873656943e-17
7.836122844509891 6.093853151691645e-17
7.838267337621929 6.111168223294417e-17
7.840412417612298 6.128478676953485e-17
7.842558084641611 6.145784732588386e-17
7.844704338870518 6.16308457762547e-17
7.846851180459719 6.180381628071699e-17
7.848998609569954 6.197672465455691e-17
7.851146626362009 6.21496052151455e-17
7.853295230996714 6.232242362049697e-17
7.8554444236349426 6.249520269551006e-17
7.857594204437612 6.266793124063683e-17
7.859744573565683 6.284059758892476e-17
7.86189553118016 6.301323638231173e-17
7.8640470774420965 6.318581295429788e-17
7.866199212512585 6.335836210465207e-17
7.868351936552759 6.353084900907274e-17
7.8705052497238075 6.37033019886945e-17
7.8726591521869524 6.38756993345086e-17
7.874813644103462 6.404803439284514e-17
7.876968725634654 6.421981485422209e-17
7.879124396941888 6.439067985086764e-17
7.881280658186563 6.456142680261841e-17
7.883437509530127 6.473296347632993e-17
7.885594951134071 6.490508753879473e-17
7.887752983159933 6.507715485933248e-17
7.889911605769287 6.52491598020756e-17
7.89207081912376 6.542113797926382e-17
7.89423062338502 6.559305375426184e-17
7.896391018714778 6.57649428982045e-17
7.89855200527479 6.593676961559147e-17
7.9007135832268585 6.610856631852592e-17
7.902875752732825 6.628030408865965e-17
7.905038513954581 6.645197939081147e-17
7.907201867054059 6.662362832427351e-17
7.90936581219324 6.679521476544204e-17
7.911530349534141 6.696677497303816e-17
7.9136954792388305 6.713827266405926e-17
7.915861201469422 6.730974137718193e-17
7.918027516388068 6.748115042911639e-17
7.920194424156966 6.765249692310929e-17
7.9223619249383646 6.782381744724222e-17
7.92453001889455 6.799507538920661e-17
7.926698706187853 6.816630749704809e-17
7.928867986980652 6.833747699852433e-17
7.931037861435372 6.850861709275145e-17
7.933208329714474 6.867969826550562e-17
7.9353793919804705 6.885071679058851e-17
7.9375510483959175 6.902170974661217e-17
7.939723299123413 6.919264003082245e-17
7.941896144325602 6.936354488233279e-17
7.944069584165172 6.953438703791845e-17
7.946243618804857 6.970519788537596e-17
7.948418248407434 6.987595202481111e-17
7.950593473135726 7.004664342707646e-17
7.952769293152597 7.02173096630615e-17
7.9549457086209605 7.038791313782053e-17
7.957122719703772 7.055849158328267e-17
7.959300326564032 7.072900724349327e-17
7.961478529364786 7.089948821752759e-17
7.963657328269122 7.106991617637467e-17
7.965836723440173 7.124028130878695e-17
7.968016715041123 7.141062167968277e-17
7.970197303235192 7.158089920017376e-17
7.972378488185647 7.174661728163519e-17
7.974560270055804 7.189100658924831e-17
7.976742649009019 7.201861944564113e-17
7.978925625208694 7.216452279815609e-17
7.981109198818277 7.233163495449928e-17
7.98329337000126 7.250165032216131e-17
7.985478138921177 7.267160275047563e-17
7.987663505741612 7.284153096226637e-17
7.98984947062619 7.30113962108578e-17
7.992036033738582 7.318121556302761e-17
7.994223195242503 7.335099374651074e-17
7.996410955301714 7.35207089257366e-17
7.998599314080021 7.36621877451722e-17
8.000788271741271 7.374000709103013e-17
8.00297782844936 7.378060295310255e-17
8.005167984368232 7.38e-17
8.007358739661868 7.38e-17
8.009550094494296 7.38e-17
8.011742049029593 7.38e-17
8.013934603431878 7.38e-17
8.016127757865313 7.38e-17
8.018321512494106 7.38e-17
8.020515867482517 7.38e-17
8.022710822994842 7.38e-17
8.024906379195423 7.38e-17
8.027102536248652 7.38e-17
8.02929929431896 7.38e-17
8.031496653570827 7.38e-17
8.033694614168779 7.38e-17
8.035893176277384 7.38e-17
8.038092340061253 7.38e-17
8.040292105685047 7.38e-17
8.04249247331347 7.38e-17
8.044693443111273 7.38e-17
8.046895015243248 7.38e-17
8.049097189874235 7.38e-17
8.05129996716912 7.38e-17
8.05350334729283 7.38e-17
8.055707330410339 7.38e-17
8.05791191668667 7.38e-17
8.060117106286889 7.38e-17
8.062322899376102 7.38e-17
8.064529296119469 7.38e-17
8.066736296682187 7.38e-17
8.068943901229503 7.38e-17
8.071152109926704 7.38e-17
8.073360922939134 7.38e-17
8.075570340432172 7.38e-17
8.07778036257124 7.38e-17
8.079990989521814 7.38e-17
8.082202221449412 7.38e-17
8.084414058519595 7.38e-17
8.086626500897971 7.38e-17
8.088839548750194 7.38e-17
8.091053202241962 7.38e-17
8.093267461539018 7.38e-17
8.095482326807154 7.38e-17
8.097697798212202 7.38e-17
8.099913875920045 7.38e-17
8.102130560096604 7.38e-17
8.104347850907857 7.38e-17
8.106565748519813 7.38e-17
8.108784253098534 7.378759436319465e-17
8.11100336481013 7.375427644080532e-17
8.113223083820758 7.371668207761066e-17
8.115443410296606 7.37e-17
8.117664344403924 7.37e-17
8.119885886309003 7.37e-17
8.122108036178172 7.37e-17
8.124330794177812 7.37e-17
8.126554160474354 7.37e-17
8.128778135234263 7.37e-17
8.131002718624059 7.37e-17
8.133227910810302 7.37e-17
8.135453711959602 7.37e-17
8.137680122238613 7.37e-17
8.139907141814032 7.37e-17
8.142134770852604 7.37e-17
8.144363009521118 7.37e-17
8.146591857986413 7.37e-17
8.148821316415368 7.37e-17
8.151051384974917 7.37e-17
8.153282063832023 7.37e-17
8.155513353153712 7.37e-17
8.157745253107045 7.37e-17
8.159977763859132 7.37e-17
8.162210885577128 7.37e-17
8.16444461842824 7.37e-17
8.16667896257971 7.37e-17
8.168913918198832 7.37e-17
8.171149485452947 7.37e-17
8.17338566450944 7.37e-17
8.175622455535738 7.37e-17
8.177859858699318 7.37e-17
8.180097874167704 7.37e-17
8.182336502108466 7.37e-17
8.184575742689212 7.37e-17
8.186815596077604 7.37e-17
8.189056062441352 7.37e-17
8.191297141948205 7.37e-17
8.193538834765956 7.37e-17
8.195781141062453 7.37e-17
8.198024061005583 7.37e-17
8.200267594763284 7.36696377016979e-17
8.202511742503535 7.359791454805122e-17
8.204756504394364 7.35217378429391e-17
8.207001880603844 7.346625761395592e-17
8.209247871300093 7.342492320035308e-17
8.211494476651279 7.336507746930219e-17
8.213741696825608 7.328459382085365e-17
8.21598953199134 7.320199267312562e-17
8.218237982316783 7.311942365366233e-17
8.22048704797028 7.303796877953937e-17
8.222736729120225 7.2977167886938e-17
8.224987025935064 7.293591855941052e-17
8.227237938583286 7.28817047983228e-17
8.229489467233421 7.280689571126873e-17
8.231741612054048 7.272453304121656e-17
8.233994373213797 7.264261064105271e-17
8.236247750881336 7.256103439697752e-17
8.238501745225385 7.247917034453734e-17
8.24075635641471 7.23969308193888e-17
8.243011584618118 7.232123984895755e-17
8.245267430004468 7.226614956708321e-17
8.247523892742663 7.222500696491511e-17
8.249780973001652 7.216553861933619e-17
8.25203867095043 7.208552838013961e-17
8.254296986758039 7.200331028676248e-17
8.256555920593566 7.192112442647977e-17
8.258815472626146 7.183948369361027e-17
8.261075643024963 7.177840097089692e-17
8.263336431959235 7.173734382182829e-17
8.265597839598247 7.168417698049754e-17
8.267859866111309 7.161051102021029e-17
8.27012251166779 7.152844718900948e-17
8.272385776437101 7.144641563311958e-17
8.274649660588704 7.136440795963504e-17
8.276914164292098 7.129705811001728e-17
8.27917928771684 7.125022913136427e-17
8.281445031032526 7.120363748460443e-17
8.283711394408797 7.113658956844943e-17
8.285978378015347 7.105468867293838e-17
8.288245982021913 7.097281092163464e-17
8.290514206598278 7.089096549656588e-17
8.292783051914268 7.081707450491673e-17
8.295052518139764 7.076366154399009e-17
8.297322605444688 7.072276456179126e-17
8.299593313999008 7.066260777639115e-17
8.30186464397274 7.058203205940007e-17
8.304136595535947 7.050030760912967e-17
8.306409168858739 7.041861552704784e-17
8.308682364111268 7.033693127249313e-17
8.310956181463741 7.025527939712723e-17
8.313230621086403 7.017365728404003e-17
8.31550568314955 7.010423293626146e-17
8.317781367823521 7.005523310805663e-17
8.320057675278711 7.001147406580317e-17
8.322334605685551 6.994735531301472e-17
8.32461215921452 6.986584049841156e-17
8.326890336036154 6.97843412746664e-17
8.32916913632102 6.9702874480747e-17
8.331448560239744 6.962624358905336e-17
8.333728607962993 6.956999419459225e-17
8.336009279661484 6.952929051277095e-17
8.338290575505978 6.947272615958818e-17
8.340572495667281 6.93958396416149e-17
8.342855040316252 6.931449255704523e-17
8.34513820962379 6.923317794393689e-17
8.347422003760848 6.915187818354512e-17
8.349706422898414 6.908810736215112e-17
8.35199146720754 6.904468050723107e-17
8.35427713685931 6.89959413855059e-17
8.356563432024856 6.892692329064611e-17
8.358850352875368 6.884573128560745e-17
8.361137899582072 6.876456833692686e-17
8.363426072316248 6.868343791009966e-17
8.365714871249214 6.861187449761058e-17
8.368004296552346 6.856061186887209e-17
8.37029434839706 6.851996810633243e-17
8.372585026954814 6.84590886362393e-17
8.374876332397129 6.837806963438801e-17
8.377168264895555 6.829705782993891e-17
8.379460824621699 6.821607858870658e-17
8.381754011747216 6.813510619239758e-17
8.384047826443801 6.805416637008989e-17
8.386342268883201 6.797325548822299e-17
8.38863733923721 6.790437613723733e-17
8.39093303767767 6.785574357101842e-17
8.393229364376463 6.781286126782647e-17
8.395526319505525 6.774979737798961e-17
8.397823903236837 6.766899476752022e-17
8.400122115742427 6.760124969236348e-17
8.402420957194373 6.755372434562578e-17
8.40472042776479 6.7509929883095e-17
8.407020527625855 6.744598095105305e-17
8.40932125694978 6.736528676320032e-17
8.411622615908833 6.729853769570066e-17
8.413924604675321 6.725198126243281e-17
8.416227223421604 6.72116615587804e-17
8.418530472320082 6.717135818769286e-17
8.420834351543213 6.713106538058676e-17
8.423138861263496 6.707610489105543e-17
8.425444001653474 6.700102792637633e-17
8.427749772885743 6.692544011360055e-17
8.430056175132947 6.687000146603469e-17
8.432363208567772 6.682976302116236e-17
8.434670873362949 6.678953437540124e-17
8.436979169691266 6.674932208712452e-17
8.439288097725555 6.670361743812569e-17
8.441597657638688 6.663783989714641e-17
8.443907849603594 6.655747188249841e-17
8.446218673793243 6.649288301416378e-17
8.448530130380657 6.644840527095061e-17
8.450842219538899 6.640825108194603e-17
8.453154941441085 6.636811327080228e-17
8.455468296260376 6.632798377624123e-17
8.457782284169982 6.627177239555915e-17
8.460096905343159 6.619552629768774e-17
8.46241215995321 6.612151993282726e-17
8.464728048173487 6.606758106568092e-17
8.467044570177388 6.602750615899717e-17
8.46936172613836 6.598744255439448e-17
8.471679516229894 6.59473953524426e-17
8.473997940625535 6.590101612799852e-17
8.47631699949887 6.583464592725138e-17
8.478636693023534 6.575460543966468e-17
8.480957021373209 6.569093883663716e-17
8.483277984721628 6.564730151083843e-17
8.485599583242571 6.56073118402285e-17
8.487921817109862 6.55673385925028e-17
8.490244686497373 6.55273730865112e-17
8.49256819157903 6.547114410468379e-17
8.494892332528801 6.539496250113704e-17
8.497217109520701 6.532130229329923e-17
8.499542522728792 6.526762757762071e-17
8.50186857232719 6.522771688423955e-17
8.504195258490052 6.518781731615257e-17
8.506522581391586 6.514793419560794e-17
8.508850541206044 6.510211100145038e-17
8.511179138107734 6.503637908344411e-17
8.513508372271001 6.495666747131371e-17
8.515838243870245 6.489269017338047e-17
8.51816875307991 6.484865996736197e-17
8.520499900074492 6.480883380235394e-17
8.522831685028532 6.476902410497631e-17
8.525164108116616 6.472922326082864e-17
8.527497169513383 6.46742049101335e-17
8.529830869393516 6.459931636931655e-17
8.532165207931747 6.452477205218404e-17
8.53450018530286 6.447013088497174e-17
8.536835801681677 6.443038507723853e-17
8.539172057243077 6.439064852441172e-17
8.541508952161983 6.435092846373921e-17
8.543846486613369 6.430688679658518e-17
8.54618466077225 6.424301899341566e-17
8.548523474813695 6.41636375995612e-17
8.55086292891282 6.409812172362313e-17
8.553203023244787 6.405247041825398e-17
8.555543757984804 6.401280672937326e-17
8.557885133308137 6.397315955258736e-17
8.560227149390089 6.393352404075159e-17
8.562569806406014 6.388093939153162e-17
8.564913104531318 6.3808567318502e-17
8.567257043941447 6.373191375425496e-17
8.569601624811906 6.367508066240865e-17
8.571946847318236 6.363550040984303e-17
8.574292711636033 6.359592583426528e-17
8.576639217940944 6.355636779516983e-17
8.578986366408659 6.351532793805798e-17
8.581334157214915 6.345454486671573e-17
8.5836825905355 6.337549502826715e-17
8.586031666546248 6.330721787274577e-17
8.588381385423045 6.325872243183362e-17
8.590731747341822 6.32192201727808e-17
8.593082752478558 6.317973447000094e-17
8.595434401009282 6.314026495808098e-17
8.59778669311007 6.311026375105429e-17
8.600139628957045 6.31e-17
8.60249320872638 6.31e-17
8.604847432594294 6.313723794488775e-17
8.60720230073706 6.321389531297135e-17
8.609557813330992 6.328468999376608e-17
8.611913970552457 6.333575838244139e-17
8.614270772577868 6.337515003396658e-17
8.616628219583689 6.341452867722151e-17
8.618986311746426 6.345389073037381e-17
8.621345049242638 6.349958752808846e-17
8.623704432248939 6.35645433823159e-17
8.626064460941976 6.364243601292111e-17
8.628425135498453 6.370564924195905e-17
8.630786456095128 6.37495646658928e-17
8.633148422908796 6.378887178111369e-17
8.63551103611631 6.382816228665707e-17
8.637874295894562 6.386744211865999e-17
8.640238202420502 6.391988629858818e-17
8.64260275587112 6.399193984309537e-17
8.644967956423459 6.406802182711594e-17
8.647333804254615 6.412446120310157e-17
8.64970029954172 6.416368528871316e-17
8.652067442461965 6.42141587738367e-17
8.654435233192586 6.428421371746168e-17
8.65680367191087 6.436216024580522e-17
8.659172758794146 6.442049204314142e-17
8.6615424940198 6.445966030899783e-17
8.66391287776526 6.449882642307426e-17
8.666283910208005 6.453797588888571e-17
8.66865559152556 6.45771215727423e-17
8.671027921895504 6.463415727660976e-17
8.673400901495464 6.4710735184702e-17
8.675774530503109 6.478194406778654e-17
8.678148809096163 6.483357742613184e-17
8.680523737452393 6.487266717274703e-17
8.682899315749623 6.491174569963603e-17
8.68527554416572 6.49508075542903e-17
8.687652422878598 6.499456690403176e-17
8.690029952066224 6.505782377454627e-17
8.69240813190661 6.513589124711359e-17
8.69478696257782 6.520070404256666e-17
8.697166444257967 6.524598061302188e-17
8.699546577125208 6.528723526403875e-17
8.701927361357754 6.534795938361138e-17
8.704308797133862 6.542591468956515e-17
8.706690884631836 6.549315503645356e-17
8.709073624030033 6.554088718944856e-17
8.71145701550686 6.557984210269782e-17
8.713841059240766 6.561878078596975e-17
8.716225755410253 6.565770275873624e-17
8.718611104193869 6.570466409647203e-17
8.720997105770222 6.577105541435561e-17
8.723383760317954 6.584885284037145e-17
8.72577106801576 6.591025193656063e-17
8.728159029042391 6.595218229043875e-17
8.730547643576639 6.599105080633829e-17
8.73293691179735 6.602990259252986e-17
8.735326833883413 6.606874503260141e-17
8.737717410013776 6.612107368449679e-17
8.740108640367422 6.619279273525655e-17
8.742500525123397 6.626811444590053e-17
8.744893064460786 6.632401227454568e-17
8.74728625855873 6.636279836910333e-17
8.749680107596415 6.641206350846075e-17
8.752074611753073 6.648069084153613e-17
8.754469771207996 6.655821723683345e-17
8.75686558614051 6.661710255587885e-17
8.759262056730002 6.66565868615795e-17
8.761659183155905 6.669531675613922e-17
8.764056965597698 6.673402988305481e-17
8.766455404234911 6.677273661882065e-17
8.768854499247126 6.682681802325092e-17
8.771254250813971 6.690022188931149e-17
8.773654659115124 6.697351405012661e-17
8.776055724330309 6.702745019042653e-17
8.778457446639305 6.706610039201896e-17
8.780859826221935 6.710474411947395e-17
8.783262863258074 6.714337105570371e-17
8.785666557927648 6.718265362865991e-17
8.788070910410628 6.724121356314194e-17
8.790475920887037 6.731840075363873e-17
8.792881589536947 6.738704231578896e-17
8.795287916540476 6.743636763484916e-17
8.797694902077797 6.747493817657053e-17
8.800102546329128 6.749711304297365e-17
8.80251084947474 6.75e-17
8.80491981169495 6.75e-17
8.807329433170121 6.75e-17
8.809739714080676 6.75e-17
8.812150654607079 6.7487315982671e-17
8.814562254929843 6.7455389249742e-17
8.816974515229536 6.741807326707099e-17
8.819387435686771 6.74e-17
8.821801016482212 6.74e-17
8.82421525779657 6.74e-17
8.826630159810612 6.74e-17
8.829045722705146 6.74e-17
8.831461946661037 6.738351096167176e-17
8.833878831859195 6.734781921657592e-17
8.83629637848058 6.731430825490416e-17
8.8387145867062 6.73e-17
8.84113345671712 6.73e-17
8.843552988694444 6.73e-17
8.845973182819336 6.73e-17
8.848394039272996 6.729919916829645e-17
8.85081555823669 6.727924097332293e-17
8.853237739891725 6.724092100403291e-17
8.855660584419454 6.721087919900643e-17
8.858084092001283 6.72e-17
8.860508262818673 6.72e-17
8.86293309705313 6.72e-17
8.865358594886207 6.72e-17
8.867784756499507 6.719602505633043e-17
8.870211582074694 6.717293293088261e-17
8.872639071793465 6.71346933355725e-17
8.875067225837576 6.71077854610203e-17
8.877496044388835 6.71e-17
8.879925527629094 6.71e-17
8.882355675740254 6.71e-17
8.884786488904272 6.71e-17
8.887217967303151 6.709318543331766e-17
8.889650111118943 6.706729395788769e-17
8.892082920533749 6.702913491966017e-17
8.894516395729728 6.700502639509014e-17
8.89695053688908 6.7e-17
8.899385344194055 6.7e-17
8.901820817826957 6.7e-17
8.90425695797014 6.7e-17
8.906693764806006 6.699067964622566e-17
8.909131238517006 6.696232274809431e-17
8.911569379285641 6.692424444969449e-17
8.914008187294465 6.690260134782584e-17
8.91644766272608 6.69e-17
8.918887805763138 6.69e-17
8.92132861658834 6.69e-17
8.923770095384441 6.69e-17
8.926212242334238 6.688850703445463e-17
8.928655057620585 6.685801798012222e-17
8.931098541426387 6.682002060393364e-17
8.933542693934593 6.680050965826607e-17
8.935987515328208 6.68e-17
8.93843300579028 6.68e-17
8.940879165503912 6.68e-17
8.94332599465226 6.68e-17
8.945773493418528 6.678666692980099e-17
8.948221661985961 6.675437831738133e-17
8.950670500537868 6.671771138758033e-17
8.9531200092576 6.67e-17
8.955570188328561 6.67e-17
8.958021037934206 6.67e-17
8.960472558258035 6.67e-17
8.962924749483605 6.67e-17
8.965377611794516 6.668515865642035e-17
8.967831145374427 6.665140240799787e-17
8.970285350407043 6.661624375157752e-17
8.972740227076113 6.66e-17
8.975195775565444 6.66e-17
8.977651996058896 6.66e-17
8.980108888740371 6.66e-17
8.98256645379383 6.66e-17
8.985024691403268 6.658398153079024e-17
8.987483601752754 6.654908888473993e-17
8.989943185026391 6.651510735394968e-17
8.992403441408335 6.65e-17
8.994864371082794 6.65e-17
8.997325974234029 6.647932317847172e-17
8.999788251046345 6.642095584568316e-17
9.002251201704105 6.63455645084899e-17
9.004714826391716 6.62533364262977e-17
9.00717912529364 6.614230909482935e-17
9.009644098594384 6.60293132508425e-17
9.012109746478513 6.591636858383854e-17
9.014576069130639 6.580345533915026e-17
9.017043066735422 6.569055913501775e-17
9.019510739477575 6.557771413513632e-17
9.021979087541862 6.54648724122638e-17
9.024448111113097 6.533469371611579e-17
9.02691781037614 6.518577380174315e-17
9.029388185515913 6.50404074363992e-17
9.03185923671738 6.491388476547283e-17
9.034330964165553 6.480121714190457e-17
9.036803368045502 6.468856809255468e-17
9.039276448542346 6.457597031509406e-17
9.041750205841247 6.446337441585519e-17
9.044224640127428 6.43508246495936e-17
9.04669975158616 6.423832618239178e-17
9.049175540402764 6.412597502394463e-17
9.051652006762602 6.401423204988056e-17
9.054129150851104 6.390292448415454e-17
9.056606972853743 6.378054080610076e-17
9.05908547295604 6.363893017633683e-17
9.061564651343566 6.348913298411933e-17
9.06404450820195 6.335632342118095e-17
9.066525043716865 6.324229243531094e-17
9.069006258074037 6.313003564160678e-17
9.071488151459246 6.301783022713951e-17
9.073970724058318 6.290565710604052e-17
9.076453976057131 6.279349912101239e-17
9.078937907641617 6.268139254226183e-17
9.081422518997755 6.256929154963507e-17
9.083907810311574 6.245723228868365e-17
9.08639378176916 6.234522446102751e-17
9.088880433556648 6.223321239303851e-17
9.09136776586022 6.212125177126e-17
9.093855778866107 6.200932588738759e-17
9.096344472760602 6.188765724705321e-17
9.098833847730042 6.17474003714472e-17
9.101323903960807 6.159826229954293e-17
9.103814641639346 6.146484200785698e-17
9.106306060952143 6.135011802581573e-17
9.10879816208574 6.123834976911785e-17
9.111290945226735 6.112663302535371e-17
9.113784410561763 6.101495491501691e-17
9.116278558277521 6.090328490104422e-17
9.118773388560758 6.079166642689113e-17
9.121268901598267 6.068006084761536e-17
9.123765097576896 6.056848898998172e-17
9.126261976683548 6.04569686990299e-17
9.128759539105168 6.034372280194788e-17
9.131257785028762 6.021195939153227e-17
9.133756714641375 6.006338632258752e-17
9.136256328130116 5.99222485334596e-17
9.138756625682142 5.979973652504156e-17
9.141257607484652 5.9688379455151e-17
9.143759273724909 5.957704991214669e-17
9.146261624590217 5.946577200213791e-17
9.14876466026794 5.9354488594469e-17
9.151268380945488 5.924325683242124e-17
9.153772786810322 5.913207587320357e-17
9.156277878049956 5.902089013185923e-17
9.158783654851954 5.890975606286414e-17
9.161290117403933 5.87986480358573e-17
9.16379726589356 5.867623209324242e-17
9.166305100508556 5.8535364544655e-17
9.16881362143669 5.838731784942637e-17
9.171322828865783 5.825615826028228e-17
9.173832722983708 5.814355876565265e-17
9.176343303978392 5.803261375467154e-17
9.178854572037807 5.79217204819199e-17
9.181366527349983 5.781086203004791e-17
9.183879170102998 5.770001430414415e-17
9.186392500484985 5.758921834309361e-17
9.188906518684119 5.747843309672545e-17
9.191421224888641 5.736768256648901e-17
9.193936619286832 5.725698382770512e-17
9.196452702067027 5.714779163594687e-17
9.198969473417616 5.705708345018153e-17
9.20148693352704 5.698334455301682e-17
9.204005082583787 5.691642037861788e-17
9.206523920776398 5.686795072745635e-17
9.209043448293475 5.683110574722316e-17
9.211563665323656 5.679426863397922e-17
9.21408457205564 5.67574488063724e-17
9.216606168678176 5.672062831886575e-17
9.21912845538007 5.670110777815662e-17
9.221651432350166 5.67e-17
9.224175099777373 5.66959257937518e-17
9.226699457850648 5.667347341797622e-17
9.229224506758994 5.663671204941152e-17
9.231750246691474 5.659995434614611e-17
9.234276677837197 5.656321395024973e-17
9.236803800385326 5.652647714076319e-17
9.239331614525076 5.64897516068948e-17
9.241860120445713 5.645304338919916e-17
9.244389318336555 5.641633267387506e-17
9.24691920838697 5.637963927877904e-17
9.249449790786384 5.63429616978977e-17
9.251981065724266 5.630628308183133e-17
9.254513033390147 5.626962179477756e-17
9.257045693973597 5.623296883919748e-17
9.259579047664248 5.620731992703438e-17
9.262113094651784 5.62e-17
9.264647835125935 5.62e-17
9.267183269276485 5.618407620704814e-17
9.269719397293272 5.614985310200755e-17
9.272256219366188 5.611325324775929e-17
9.274793735685169 5.607667074407823e-17
9.277331946440206 5.604010181785425e-17
9.27987085182135 5.600353393017021e-17
9.282410452018695 5.596698340180156e-17
9.284950747222389 5.593043919122792e-17
9.28749173762263 5.589390323886479e-17
9.290033423409678 5.585738465455671e-17
9.292575804773833 5.582086518387903e-17
9.295118881905449 5.578436113548702e-17
9.297662654994943 5.574787446388111e-17
9.30020712423277 5.571481480356051e-17
9.302752289809444 5.57e-17
9.305298151915533 5.57e-17
9.307844710741652 5.56918849032932e-17
9.31039196647847 5.566555473177195e-17
9.312939919316715 5.562911959726675e-17
9.315488569447155 5.559269367345468e-17
9.318037917060614 5.555628514780898e-17
9.320587962347979 5.551987484328108e-17
9.323138705500174 5.548348068827775e-17
9.325690146708185 5.544710394013485e-17
9.328242286163045 5.5410724111282785e-17
9.330795124055847 5.537436169321168e-17
9.333348660577723 5.533801106917356e-17
9.335902895919869 5.530166293659537e-17
9.338457830273532 5.5265332223472426e-17
9.341013463830006 5.52290064951231e-17
9.343569796780638 5.5205420572997266e-17
9.346126829316836 5.52e-17
9.348684561630048 5.52e-17
9.35124299391178 5.5182836696342885e-17
9.353802126353596 5.514753794195689e-17
9.356361959147105 5.511126726461754e-17
9.358922492483968 5.5075014027930424e-17
9.361483726555903 5.5038773049464413e-17
9.364045661554677 5.5002533930781614e-17
9.366608297672112 5.496631226138764e-17
9.369171635100084 5.493009626829215e-17
9.371735674030516 5.4893888675758827e-17
9.374300414655387 5.4857698541142026e-17
9.37686585716673 5.4821507557512474e-17
9.379432001756625 5.478533145851295e-17
9.38199884861721 5.47491728260487e-17
9.384566397940674 5.4715546162516434e-17
9.38713464991926 5.47e-17
9.389703604745257 5.47e-17
9.392273262611017 5.469327083514915e-17
9.394843623708937 5.466849117534226e-17
9.397414688231468 5.4632385245594145e-17
9.399986456371115 5.4639801793022004e-17
9.402558928320438 5.471938761696246e-17
9.405132104272042 5.482763010960984e-17
9.407705984418591 5.495081881672209e-17
9.410280568952803 5.5091980422947306e-17
9.412855858067445 5.523515795083266e-17
9.41543185195534 5.536025759146451e-17
9.418008550809354 5.5468319701564526e-17
9.420585954822421 5.558145797956865e-17
9.423164064187517 5.571253903944641e-17
9.425742879097676 5.585652119675288e-17
9.42832239974598 5.599143097970772e-17
9.43090262632557 5.610828797955727e-17
9.433483559029632 5.621619903344562e-17
9.436065198051415 5.633707996322856e-17
9.438647543584212 5.647587842703593e-17
9.44123059582137 5.661965898418367e-17
9.443814354956293 5.674647677318953e-17
9.446398821182441 5.685526693133578e-17
9.448983994693316 5.69630137596157e-17
9.451569875682479 5.707070797442699e-17
9.454156464343546 5.717836244302408e-17
9.456743760870186 5.729265511347102e-17
9.459331765456113 5.742482246480556e-17
9.461920478295106 5.756826064844201e-17
9.464509899580989 5.770125449841736e-17
9.467100029507638 5.781626345786425e-17
9.469690868268987 5.792376619294843e-17
9.47228241605902 5.804539039258614e-17
9.474874673071778 5.818486391275142e-17
9.477467639501352 5.832809959368986e-17
9.480061315541883 5.845341481530488e-17
9.482655701387571 5.856077041176184e-17
9.485250797232668 5.86717328718165e-17
9.487846603271475 5.880051436786349e-17
9.49044311969835 5.894350803096408e-17
9.493040346707705 5.90792491303773e-17
9.495638284494003 5.919706082461989e-17
9.498236933251757 5.93042299034175e-17
9.500836293175539 5.942220105728289e-17
9.503436364459974 5.955796579843091e-17
9.506037147299736 5.970075625002956e-17
9.508638641889556 5.982914339266695e-17
9.511240848424219 5.993962648435624e-17
9.513843767098555 6.004666928187793e-17
9.516447398107458 6.017147530918261e-17
9.519051741645871 6.03140231570364e-17
9.521656797908792 6.04530012407316e-17
9.524262567091263 6.05735763494527e-17
9.526869049388395 6.067935222179072e-17
9.529476244995344 6.079171569883668e-17
9.532084154107313 6.092234513685152e-17
9.53469277691957 6.106468687736107e-17
9.537302113627433 6.119723899539086e-17
9.539912164426273 6.131194307264988e-17
9.542522929511506 6.141862280151272e-17
9.545134409078617 6.153836659562997e-17
9.547746603323134 6.167582222502344e-17
9.550359512440636 6.18179596663823e-17
9.552973136626768 6.194365599884169e-17
9.555587476077221 6.205152978108601e-17
9.558202530987732 6.215993227664929e-17
9.560818301554107 6.228601613698042e-17
9.563434787972197 6.242791006722242e-17
9.566051990437902 6.256471686063392e-17
9.568669909147186 6.268373151116614e-17
9.57128854429606 6.279007511829055e-17
9.573907896080591 6.290467033379645e-17
9.576527964696897 6.303692124205463e-17
9.579148750341155 6.317861016927731e-17
9.58177025320959 6.330888362007588e-17
9.584392473498482 6.342139050679296e-17
9.58701541140417 6.352758021939139e-17
9.589639067123038 6.363373182499921e-17
9.59226344085153 6.37398303805777e-17
9.594888532786143 6.384594303928573e-17
9.597514343123427 6.396950343644854e-17
9.600140872059981 6.411068092970016e-17
9.602768119792469 6.424636241559203e-17
9.605396086517597 6.434666816903568e-17
9.608024772432131 6.441728773466009e-17
9.610654177732894 6.449371233797925e-17
9.613284302616751 6.458774113784658e-17
9.615915147280637 6.469359324055465e-17
9.618546711921526 6.479943367459191e-17
9.621178996736456 6.490522097344225e-17
9.623812001922515 6.501099575952853e-17
9.626445727676844 6.51051453404437e-17
9.62908017419664 6.518162793839301e-17
9.63171534167915 6.525209287080065e-17
9.634351230321684 6.533696575032197e-17
9.636987840321598 6.543940408826774e-17
9.6396251718763 6.554502402859198e-17
9.64226322518326 6.565059245120396e-17
9.644902000440002 6.57561076641884e-17
9.647541497844092 6.585923784556514e-17
9.650181717593163 6.594474455181903e-17
9.652822659884897 6.601503518986422e-17
9.655464324917034 6.609044733155677e-17
9.658106712887355 6.618338129243253e-17
9.660749823993712 6.628873960027066e-17
9.663393658434005 6.639409027151867e-17
9.666038216406186 6.649938767354753e-17
9.668683498108255 6.660466826152706e-17
9.671329503738285 6.669950518561281e-17
9.673976233494386 6.677675741512324e-17
9.676623687574725 6.684689261347878e-17
9.679271866177531 6.6930018262848e-17
9.68192076950108 6.703062679219437e-17
9.684570397743704 6.713575172873549e-17
9.68722075110379 6.724083245349793e-17
9.689871829779783 6.734585983516565e-17
9.692523633970175 6.74503321283882e-17
9.695176163873514 6.75372634140674e-17
9.697829419688409 6.760722360361984e-17
9.700483401613516 6.768023798258156e-17
9.703138109847545 6.777069142424959e-17
9.705793544589268 6.787555365756041e-17
9.708449706037506 6.798041884729009e-17
9.711106594391131 6.808523063494008e-17
9.713764209849078 6.819001474687525e-17
9.716422552610329 6.828692935601528e-17
9.719081622873924 6.8366341939462e-17
9.721741420838958 6.843614588629155e-17
9.724401946704578 6.85161421833895e-17
9.727063200669988 6.86135384037754e-17
9.729725182934446 6.871816606205665e-17
9.732387893697261 6.882276340681955e-17
9.735051333157802 6.892730727620228e-17
9.73771550151549 6.90318566022912e-17
9.740380398969798 6.912159966514317e-17
9.743046025720258 6.91938797898252e-17
9.745712381966456 6.926352707229901e-17
9.748379467908027 6.935012109098444e-17
9.751047283744668 6.945407578839706e-17
9.753715829676128 6.955845985002556e-17
9.756385105902213 6.966279037790526e-17
9.759055112622775 6.976707574694733e-17
9.761725850037731 6.986745167689553e-17
9.764397318347047 6.995040862868873e-17
9.767069517750745 7.001987981393945e-17
9.769742448448898 7.009537148927343e-17
9.772416110641645 7.018817975483944e-17
9.77509050452917 7.029230787155823e-17
9.777765630311709 7.039642622666716e-17
9.780441488189563 7.050049097531194e-17
9.783118078363085 7.060454036092622e-17
9.785795401032676 7.069847561483639e-17
9.788473456398794 7.07750311781304e-17
9.791152244661962 7.084434490120199e-17
9.793831766022748 7.092570752420989e-17
9.79651202068177 7.102434729399441e-17
9.799193008839719 7.112823900773691e-17
9.801874730697325 7.123209270330116e-17
9.804557186455373 7.133589271997245e-17
9.807240376314713 7.143970549303742e-17
9.809924300476245 7.154347120308245e-17
9.81260895914092 7.164718321015569e-17
9.815294352509753 7.175091476476254e-17
9.817980480783806 7.18545926070505e-17
9.820667344164196 7.195821893033296e-17
9.823354942852099 7.20618627593121e-17
9.82604327704875 7.216545285196479e-17
9.828732346955432 7.226900004705788e-17
9.831422152773479 7.237255626885877e-17
9.834112694704293 7.247605873035795e-17
9.836803972949323 7.257952672764967e-17
9.83949598771007 7.268299546108235e-17
9.842188739188096 7.278641041027046e-17
9.844882227585021 7.288979914019491e-17
9.847576453102516 7.299318050443065e-17
9.850271415942299 7.309650806051164e-17
9.852967116306157 7.319981745354905e-17
9.855663554395928 7.33031115681208e-17
9.858360730413501 7.340635185066047e-17
9.86105864456082 7.350958183733765e-17
9.863757297039893 7.361278882214078e-17
9.866456688052777 7.371594195106736e-17
9.869156817801581 7.381909246195775e-17
9.871857686488475 7.392221243725081e-17
9.874559294315684 7.40252785328556e-17
9.877261641485486 7.412834949857921e-17
9.87996472820021 7.423138258498425e-17
9.882668554662251 7.433436176792231e-17
9.885373121074055 7.443735311914642e-17
9.88807842763812 7.45402994376499e-17
9.890784474557002 7.464319182894069e-17
9.893491262033312 7.474610349637968e-17
9.896198790269715 7.484896316833259e-17
9.898907059468932 7.495176888936046e-17
9.901616069833748 7.505459599631633e-17
9.90432582156699 7.515736914343523e-17
9.907036314871545 7.526009312341004e-17
9.909747549950364 7.536283385125366e-17
9.91245952700644 7.546552059562121e-17
9.915172246242829 7.556816470609769e-17
9.917885707862641 7.567081917724473e-17
9.92059991206905 7.577341964131007e-17
9.923314859065272 7.587598381321281e-17
9.92603054905458 7.597855215044628e-17
9.928746982240316 7.608106645702603e-17
9.931464158825866 7.618355062132777e-17
9.934182079014668 7.62860329477983e-17
9.936900743010234 7.638846122007676e-17
9.939620151016111 7.649086530779884e-17
9.942340303235909 7.659326174702551e-17
9.945061199873305 7.669560410855555e-17
9.947782841132014 7.679792805076807e-17
9.950505227215814 7.690023872663895e-17
9.953228358328541 7.700249530134241e-17
9.95595223467409 7.710473902916436e-17
9.958676856456405 7.720696406593712e-17
9.961402223879485 7.730913497810577e-17
9.964128337147388 7.741129842270533e-17
9.96685519646423 7.751343794500771e-17
9.969582802034182 7.761552331930351e-17
9.972311154061462 7.771760641189833e-17
9.97504025275036 7.7819660544729e-17
9.977770098305207 7.792166050618473e-17
9.980500690930398 7.8023663178042e-17
9.98323203083038 7.812563204677098e-17
9.985964118209663 7.822754672079113e-17
9.988696953272806 7.832946890322798e-17
9.99143053622442 7.843135263359752e-17
9.994164867269184 7.853318214595847e-17
9.996899946611828 7.863502377034178e-17
9.999635774457133 7.879528477357641e-17
10.00237235100994 7.902332291907526e-17
10.00510967647515 7.926076524715201e-17
10.007847751057714 7.949809752267838e-17
10.010586574962636 7.97353031810281e-17
10.013326148394984 7.99725572203783e-17
10.016066471559888 8.022599050945645e-17
10.018807544662517 8.049622806699793e-17
10.021549367908104 8.076715803451138e-17
10.024291941501943 8.103794321268685e-17
10.027035265649378 8.13085856981966e-17
10.029779340555809 8.157837442626781e-17
10.0325241664267 8.183111894012943e-17
10.035269743467563 8.206774239885584e-17
10.038016071883964 8.230603746282354e-17
10.040763151881535 8.256109160226895e-17
10.043510983665964 8.283130255454678e-17
10.046259567442984 8.31013759238293e-17
10.04900890341839 8.336996680961388e-17
10.051758991798039 8.363728633717777e-17
10.05450983278784 8.390241975670608e-17
10.057261426593751 8.415188524006008e-17
10.060013773421801 8.438793776416881e-17
10.062766873478065 8.462702509595906e-17
10.065520726968675 8.48828305330677e-17
10.068275334099827 8.515238844295102e-17
10.071030695077765 8.542197397404944e-17
10.073786810108789 8.569141434788072e-17
10.076543679399261 8.596075567277754e-17
10.079301303155603 8.622606853791156e-17
10.082059681584282 8.647441820105786e-17
10.084818814891825 8.670990218970013e-17
10.087578703284827 8.694990907310976e-17
10.090339346969923 8.72065932633461e-17
10.093100746153814 8.747550087402392e-17
10.095862901043255 8.774441780336598e-17
10.09862581184506 8.801318939246686e-17
10.101389478766098 8.828187987419353e-17
10.104153902013287 8.854526802278694e-17
10.10691908179362 8.879173349280353e-17
10.109685018314131 8.902664751807256e-17
10.112451711781913 8.926720434591229e-17
10.11521916240412 8.9524397580937e-17
10.117987370387961 8.979265326178523e-17
10.120756335940701 9.006090473296828e-17
10.12352605926966 9.032901068179527e-17
10.126296540582217 9.059704869100124e-17
10.129067780085814 9.085888704232224e-17
10.131839777987938 9.11038433410805e-17
10.134612534496135 9.133818597841454e-17
10.137386049818016 9.157892404433628e-17
10.140160324161245 9.183625751689897e-17
10.142935357733538 9.210385964113266e-17
10.14571115074267 9.23714488252499e-17
10.14848770339648 9.263889230576497e-17
10.151265015902855 9.290627621695663e-17
10.154043088469738 9.316693883363288e-17
10.15682192130514 9.341076012612953e-17
10.159601514617119 9.364452995435562e-17
10.162381868613789 9.388508146402307e-17
10.165162983503329 9.414218727913365e-17
10.167944859493973 9.440913422385612e-17
10.170727496794004 9.467606431963449e-17
10.173510895611772 9.494284853143953e-17
10.176295056155677 9.5209576723027e-17
10.17907997863418 9.546943680009182e-17
10.181865663255797 9.571249638349117e-17
10.184652110229106 9.594569198486653e-17
10.187439319762733 9.618569006718584e-17
10.190227292065366 9.644220125334923e-17
10.193016027345754 9.67084913996009e-17
10.195805525812698 9.69747656335368e-17
10.198595787675053 9.724089380401081e-17
10.201386813141742 9.750696465835754e-17
10.204178602421738 9.777964747476102e-17
10.206971155724066 9.806879760623749e-17
10.209764473257817 9.836788041227949e-17
10.212558555232143 9.866047929183044e-17
10.215353401856238 9.893631400402846e-17
10.218149013339364 9.92019457368353e-17
10.22094538989084 9.944875080979212e-17
10.223742531720042 9.964565171735524e-17
10.226540439036398 9.981153415702507e-17
10.229339112049399 1.0000758097522327e-16
10.232138550968592 1.0028639748412652e-16
10.23493875600358 1.0061788735324353e-16
10.23773972736402 1.0094937282413686e-16
10.240541465259636 1.0128067534424807e-16
10.243343969900202 1.0161188997977763e-16
10.246147241495553 1.0194310535665762e-16
10.248951280255575 1.0227413770883923e-16
10.25175608639022 1.0260507688760631e-16
10.254561660109493 1.0293602263028095e-16
10.257368001623458 1.0326678527446736e-16
10.260175111142232 1.035974487734883e-16
10.262982988875999 1.0392812534307503e-16
10.26579163503499 1.0425861874050947e-16
10.268601049829496 1.0458900633699153e-16
10.27141123346987 1.0487711136811856e-16
10.274222186166526 1.05e-16
10.277033908129923 1.05e-16
10.279846399570584 1.0503747559336562e-16
10.282659660699094 1.0523984618541819e-16
10.28547369172609 1.0556968130921408e-16
10.288288492862266 1.0589955313936317e-16
10.29110406431838 1.062292415771292e-16
10.293920406305244 1.065588001311642e-16
10.29673751903372 1.0688840464582791e-16
10.299555402714741 1.0721782569495297e-16
10.302374057559295 1.0754710745720774e-16
10.305193483778414 1.078764451240808e-16
10.308013681583207 1.0820559925238741e-16
10.31083465118483 1.0853460400103784e-16
10.313656392794499 1.088636752891373e-16
10.316478906623486 1.0919256296577073e-16
10.319302192883125 1.0952129047918857e-16
10.322126251784802 1.0985009585885482e-16
10.324951083539965 1.1017871755428451e-16
10.327776688360121 1.1050716761103854e-16
10.330603066456833 1.1083570755393881e-16
