#xsec (eV,cm2) for O2 -> O + O
3.1000290654125155 0.0
3.1008774429979375 0.0
3.1017260527568364 0.0
3.102574894752751 0.0
3.103423969049237 0.0
3.1042732757098674 0.0
3.105122814798232 0.0
3.1059725863779404 0.0
3.1068225905126168 0.0
3.1076728272659047 0.0
3.1085232967014633 0.0
3.1093739988829707 0.0
3.1102249338741217 0.0
3.1110761017386297 0.0
3.1119275025402233 0.0
3.1127791363426507 0.0
3.113631003209677 0.0
3.114483103205083 0.0
3.1153354363926695 0.0
3.116188002836253 0.0
3.1170408025996696 0.0
3.1178938357467696 0.0
3.1187471023414233 0.0
3.119600602447518 0.0
3.1204543361289576 0.0
3.1213083034496645 0.0
3.122162504473578 0.0
3.123016939264656 0.0
3.123871607886872 0.0
3.1247265104042174 0.0
3.125581646880703 0.0
3.1264370173803555 0.0
3.1272926219672197 0.0
3.128148460705357 0.0
3.129004533658848 0.0
3.129860840891788 0.0
3.130717382468294 0.0
3.131574158452497 0.0
3.1324311689085467 0.0
3.133288413900611 0.0
3.134145893492875 0.0
3.1350036077495402 0.0
3.1358615567348274 0.0
3.1367197405129734 0.0
3.1375781591482346 0.0
3.1384368127048834 0.0
3.13929570124721 0.0
3.140154824839522 0.0
3.1410141835461456 0.0
3.141873777431423 0.0
3.1427336065597165 0.0
3.1435936709954033 0.0
3.1444539708028802 0.0
3.14531450604656 0.0
3.1461752767908746 0.0
3.1470362831002725 0.0
3.1478975250392205 0.0
3.148759002672203 0.0
3.1496207160637213 0.0
3.1504826652782953 0.0
3.151344850380462 0.0
3.1522072714347757 0.0
3.1530699285058095 0.0
3.1539328216581537 0.0
3.154795950956416 0.0
3.155659316465221 0.0
3.1565229182492125 0.0
3.157386756373052 0.0
3.158250830901417 0.0
3.1591151418990044 0.0
3.159979689430528 0.0
3.1608444735607195 0.0
3.1617094943543282 0.0
3.1625747518761216 0.0
3.1634402461908837 0.0
3.164305977363418 0.0
3.1651719454585443 0.0
3.1660381505411004 0.0
3.1669045926759427 0.0
3.1677712719279443 0.0
3.1686381883619976 0.0
3.16950534204301 0.0
3.170372733035909 0.0
3.171240361405639 0.0
3.1721082272171626 0.0
3.1729763305354606 0.0
3.1738446714255293 0.0
3.1747132499523856 0.0
3.1755820661810628 0.0
3.176451120176612 0.0
3.1773204120041023 0.0
3.1781899417286206 0.0
3.179059709415272 0.0
3.1799297151291785 0.0
3.1807999589354807 0.0
3.181670440899337 0.0
3.182541161085923 0.0
3.1834121195604332 0.0
3.184283316388078 0.0
3.185154751634088 0.0
3.1860264253637105 0.0
3.1868983376422104 0.0
3.1877704885348708 0.0
3.188642878106993 0.0
3.1895155064238967 0.0
3.190388373550917 0.0
3.1912614795534084 0.0
3.192134824496745 0.0
3.1930084084463153 0.0
3.193882231467529 0.0
3.194756293625812 0.0
3.195630594986608 0.0
3.196505135615379 0.0
3.1973799155776055 0.0
3.1982549349387845 0.0
3.1991301937644323 0.0
3.200005692120082 0.0
3.200881430071286 0.0
3.2017574076836133 0.0
3.2026336250226515 0.0
3.203510082154006 0.0
3.2043867791433005 0.0
3.2052637160561757 0.0
3.206140892958292 0.0
3.207018309915326 0.0
3.2078959669929725 0.0
3.208773864256945 0.0
3.209652001772975 0.0
3.210530379606812 0.0
3.211408997824223 0.0
3.2122878564909927 0.0
3.2131669556729245 0.0
3.21404629543584 0.0
3.2149258758455783 0.0
3.215805696967996 0.0
3.2166857588689695 0.0
3.2175660616143915 0.0
3.218446605270173 0.0
3.2193273899022437 0.0
3.220208415576551 0.0
3.221089682359061 0.0
3.2219711903157555 0.0
3.2228529395126375 0.0
3.223734930015726 0.0
3.22461716189106 0.0
3.2254996352046934 0.0
3.2263823500227007 0.0
3.2272653064111747 0.0
3.2281485044362244 0.0
3.229031944163978 0.0
3.229915625660582 0.0
3.2307995489922003 0.0
3.2316837142250163 0.0
3.2325681214252295 0.0
3.233452770659059 0.0
3.2343376619927415 0.0
3.2352227954925317 0.0
3.2361081712247026 0.0
3.236993789255546 0.0
3.2378796496513704 0.0
3.238765752478504 0.0
3.2396520978032917 0.0
3.2405386856920977 0.0
3.2414255162113035 0.0
3.2423125894273097 0.0
3.2431999054065344 0.0
3.2440874642154136 0.0
3.2449752659204023 0.0
3.2458633105879735 0.0
3.246751598284618 0.0
3.2476401290768444 0.0
3.2485289030311812 0.0
3.2494179202141735 0.0
3.250307180692385 0.0
3.251196684532397 0.0
3.2520864318008114 0.0
3.2529764225642452 0.0
3.2538666568893353 0.0
3.2547571348427384 0.0
3.2556478564911253 0.0
3.256538821901189 0.0
3.257430031139638 0.0
3.2583214842732007 0.0
3.2592131813686245 0.0
3.2601051224926723 0.0
3.2609973077121266 0.0
3.2618897370937896 0.0
3.2627824107044807 0.0
3.2636753286110363 0.0
3.264568490880313 0.0
3.265461897579185 0.0
3.2663555487745444 0.0
3.2672494445333022 0.0
3.2681435849223877 0.0
3.269037970008748 0.0
3.269932599859349 0.0
3.2708274745411745 0.0
3.271722594121227 0.0
3.272617958666527 0.0
3.273513568244114 0.0
3.274409422921045 0.0
3.2753055227643957 0.0
3.2762018678412614 0.0
3.2770984582187532 0.0
3.2779952939640022 0.0
3.278892375144158 0.0
3.2797897018263877 0.0
3.280687274077878 0.0
3.2815850919658325 0.0
3.282483155557474 0.0
3.283381464920044 0.0
3.2842800201208022 0.0
3.285178821227026 0.0
3.286077868306012 0.0
3.286977161425076 0.0
3.287876700651549 0.0
3.288776486052784 0.0
3.2896765176961518 0.0
3.2905767956490393 0.0
3.2914773199788545 0.0
3.2923780907530222 0.0
3.2932791080389867 0.0
3.2941803719042095 0.0
3.2950818824161727 0.0
3.2959836396423743 0.0
3.2968856436503327 0.0
3.297787894507584 0.0
3.298690392281683 0.0
3.299593137040202 0.0
3.300496128850733 0.0
3.3013993677808866 0.0
3.302302853898291 0.0
3.3032065872705934 0.0
3.3041105679654605 0.0
3.305014796050575 0.0
3.3059192715936403 0.0
3.306823994662377 0.0
3.3077289653245256 0.0
3.3086341836478446 0.0
3.3095396497001097 0.0
3.3104453635491176 0.0
3.311351325262681 0.0
3.3122575349086336 0.0
3.3131639925548253 0.0
3.314070698269127 0.0
3.3149776521194263 0.0
3.315884854173629 0.0
3.3167923044996623 0.0
3.317700003165469 0.0
3.318607950239012 0.0
3.319516145788273 0.0
3.3204245898812506 0.0
3.321333282585963 0.0
3.3222422239704485 0.0
3.323151414102762 0.0
3.324060853050978 0.0
3.3249705408831893 0.0
3.325880477667507 0.0
3.3267906634720616 0.0
3.3277010983650017 0.0
3.328611782414495 0.0
3.329522715688727 0.0
3.3304338982559027 0.0
3.3313453301842464 0.0
3.3322570115419996 0.0
3.333168942397422 0.0
3.334081122818794 0.0
3.3349935528744137 0.0
3.335906232632598 0.0
3.3368191621616825 0.0
3.337732341530021 0.0
3.3386457708059862 0.0
3.33955945005797 0.0
3.3404733793543833 0.0
3.341387558763655 0.0
3.3423019883542318 0.0
3.3432166681945814 0.0
3.3441315983531883 0.0
3.345046778898557 0.0
3.3459622098992106 0.0
3.3468778914236896 0.0
3.3477938235405555 0.0
3.3487100063183863 0.0
3.34962643982578 0.0
3.350543124131353 0.0
3.351460059303741 0.0
3.352377245411598 0.0
3.3532946825235967 0.0
3.3542123707084297 0.0
3.3551303100348067 0.0
3.356048500571457 0.0
3.356966942387129 0.0
3.3578856355505895 0.0
3.3588045801306246 0.0
3.359723776196038 0.0
3.3606432238156536 0.0
3.361562923058314 0.0
3.36248287399288 0.0
3.3634030766882312 0.0
3.364323531213267 0.0
3.3652442376369045 0.0
3.3661651960280805 0.0
3.3670864064557504 0.0
3.3680078689888875 0.0
3.3689295836964863 0.0
3.3698515506475584 0.0
3.3707737699111346 0.0
3.371696241556264 0.0
3.3726189656520154 0.0
3.3735419422674773 0.0
3.3744651714717557 0.0
3.3753886533339754 0.0
3.3763123879232815 0.0
3.377236375308837 0.0
3.378160615559824 0.0
3.3790851087454428 0.0
3.3800098549349147 0.0
3.380934854197478 0.0
3.3818601066023906 0.0
3.38278561221893 0.0
3.3837113711163913 0.0
3.3846373833640895 0.0
3.385563649031358 0.0
3.38649016818755 0.0
3.387416940902037 0.0
3.3883439672442104 0.0
3.389271247283479 0.0
3.3901987810892713 0.0
3.391126568731036 0.0
3.3920546102782394 0.0
3.392982905800366 0.0
3.3939114553669225 0.0
3.3948402590474314 0.0
3.3957693169114354 0.0
3.396698629028497 0.0
3.3976281954681964 0.0
3.3985580163001345 0.0
3.3994880915939287 0.0
3.400418421419218 0.0
3.401349005845659 0.0
3.4022798449429272 0.0
3.4032109387807195 0.0
3.4041422874287486 0.0
3.405073890956749 0.0
3.406005749434472 0.0
3.4069378629316898 0.0
3.4078702315181926 0.0
3.40880285526379 0.0
3.4097357342383114 0.0
3.4106688685116042 0.0
3.4116022581535352 0.0
3.412535903233991 0.0
3.413469803822876 0.0
3.414403959990116 0.0
3.415338371805653 0.0
3.416273039339451 0.0
3.4172079626614913 0.0
3.4181431418417745 0.0
3.419078576950321 0.0
3.4200142680571703 0.0
3.4209502152323807 0.0
3.4218864185460296 0.0
3.4228228780682137 0.0
3.4237595938690495 0.0
3.424696566018672 0.0
3.4256337945872355 0.0
3.426571279644913 0.0
3.4275090212618986 0.0
3.4284470195084027 0.0
3.4293852744546576 0.0
3.4303237861709133 0.0
3.4312625547274394 0.0
3.4322015801945245 0.0
3.4331408626424778 0.0
3.434080402141626 0.0
3.4350201987623152 0.0
3.4359602525749118 0.0
3.4369005636498002 0.0
3.437841132057386 0.0
3.438781957868092 0.0
3.4397230411523614 0.0
3.440664381980656 0.0
3.441605980423457 0.0
3.442547836551266 0.0
3.443489950434603 0.0
3.4444323221440065 0.0
3.4453749517500363 0.0
3.446317839323269 0.0
3.447260984934303 0.0
3.448204388653754 0.0
3.4491480505522585 0.0
3.4500919707004725 0.0
3.4510361491690684 0.0
3.4519805860287422 0.0
3.4529252813502067 0.0
3.4538702352041937 0.0
3.4548154476614554 0.0
3.4557609187927643 0.0
3.45670664866891 0.0
3.457652637360703 0.0
3.458598884938972 0.0
3.459545391474567 0.0
3.4604921570383556 0.0
3.461439181701226 0.0
3.4623864655340837 0.0
3.4633340086078572 0.0
3.4642818109934908 0.0
3.4652298727619506 0.0
3.4661781939842204 0.0
3.4671267747313053 0.0
3.4680756150742287 0.0
3.469024715084033 0.0
3.4699740748317813 0.0
3.4709236943885546 0.0
3.471873573825455 0.0
3.472823713213603 0.0
3.4737741126241386 0.0
3.474724772128222 0.0
3.475675691797032 0.0
3.476626871701767 0.0
3.4775783119136463 0.0
3.478530012503906 0.0
3.4794819735438045 0.0
3.480434195104618 0.0
3.4813866772576425 0.0
3.4823394200741937 0.0
3.483292423625606 0.0
3.484245687983236 0.0
3.485199213218456 0.0
3.4861529994026617 0.0
3.4871070466072642 0.0
3.4880613549036976 0.0
3.489015924363414 0.0
3.4899707550578856 0.0
3.490925847058604 0.0
3.4918812004370796 0.0
3.492836815264843 0.0
3.4937926916134447 0.0
3.494748829554455 0.0
3.495705229159463 0.0
3.4966618905000773 0.0
3.4976188136479265 0.0
3.498575998674659 0.0
3.4995334456519425 0.0
3.5004911546514643 0.0
3.5014491257449314 0.0
3.502407359004071 0.0
3.503365854500629 0.0
3.5043246123063705 0.0
3.5052836324930814 0.0
3.506242915132568 0.0
3.5072024602966536 0.0
3.5081622680571836 0.0
3.5091223384860224 0.0
3.510082671655053 0.0
3.511043267636179 0.0
3.512004126501324 0.0
3.5129652483224305 0.0
3.5139266331714616 0.0
3.5148882811203985 0.0
3.5158501922412437 0.0
3.516812366606019 0.0
3.517774804286766 0.0
3.5187375053555447 0.0
3.5197004698844365 0.0
3.5206636979455426 0.0
3.521627189610982 0.0
3.5225909449528956 0.0
3.5235549640434423 0.0
3.524519246954802 0.0
3.5254837937591743 0.0
3.5264486045287775 0.0
3.527413679335851 0.0
3.528379018252652 0.0
3.52934462135146 0.0
3.5303104887045733 0.0
3.531276620384309 0.0
3.5322430164630054 0.0
3.533209677013019 0.0
3.5341766021067276 0.0
3.5351437918165276 0.0
3.536111246214837 0.0
3.537078965374092 0.0
3.5380469493667484 0.0
3.539015198265284 0.0
3.539983712142194 0.0
3.540952491069994 0.0
3.5419215351212205 0.0
3.542890844368429 0.0
3.5438604188841953 0.0
3.5448302587411145 0.0
3.545800364011802 0.0
3.5467707347688924 0.0
3.5477413710850416 0.0
3.548712273032925 0.0
3.549683440685236 0.0
3.5506548741146897 0.0
3.551626573394021 0.0
3.552598538595984 0.0
3.553570769793354 0.0
3.554543267058924 0.0
3.55551603046551 0.0
3.5564890600859447 0.0
3.5574623559930827 0.0
3.558435918259798 0.0
3.5594097469589845 0.0
3.5603838421635565 0.0
3.5613582039464475 0.0
3.562332832380612 0.0
3.563307727539023 0.0
3.5642828894946743 0.0
3.56525831832058 0.0
3.5662340140897744 0.0
3.5672099768753105 0.0
3.568186206750262 0.0
3.5691627037877227 0.0
3.5701394680608067 0.0
3.571116499642647 0.0
3.5720937986063994 0.0
3.5730713650252346 0.0
3.5740491989723484 0.0
3.5750273005209543 0.0
3.5760056697442857 0.0
3.5769843067155973 0.0
3.577963211508162 0.0
3.578942384195275 0.0
3.579921824850249 0.0
3.5809015335464194 0.0
3.5818815103571398 0.0
3.5828617553557844 0.0
3.583842268615748 0.0
3.584823050210444 0.0
3.5858041002133083 0.0
3.586785418697795 0.0
3.5877670057373785 0.0
3.588748861405554 0.0
3.5897309857758355 0.0
3.59071337892176 0.0
3.5916960409168803 0.0
3.5926789718347742 0.0
3.5936621717490356 0.0
3.5946456407332796 0.0
3.595629378861144 0.0
3.596613386206283 0.0
3.5975976628423725 0.0
3.59858220884311 0.0
3.5995670242822113 0.0
3.600552109233412 0.0
3.6015374637704705 0.0
3.602523087967163 0.0
3.6035089818972863 0.0
3.604495145634658 0.0
3.6054815792531154 0.0
3.6064682828265164 0.0
3.6074552564287385 0.0
3.6084425001336804 0.0
3.609430014015261 0.0
3.6104177981474175 0.0
3.61140585260411 0.0
3.6123941774593167 0.0
3.613382772787037 0.0
3.614371638661291 0.0
3.615360775156118 0.0
3.6163501823455793 0.0
3.617339860303753 0.0
3.6183298091047416 0.0
3.6193200288226652 0.0
3.6203105195316656 0.0
3.621301281305903 0.0
3.6222923142195604 0.0
3.62328361834684 0.0
3.6242751937619637 0.0
3.625267040539174 0.0
3.6262591587527346 0.0
3.627251548476928 0.0
3.6282442097860583 0.0
3.629237142754449 0.0
3.630230347456446 0.0
3.631223823966412 0.0
3.6322175723587327 0.0
3.633211592707815 0.0
3.6342058850880825 0.0
3.6352004495739827 0.0
3.636195286239981 0.0
3.637190395160565 0.0
3.638185776410242 0.0
3.6391814300635397 0.0
3.6401773561950064 0.0
3.6411735548792095 0.0
3.6421700261907386 0.0
3.643166770204203 0.0
3.6441637869942323 0.0
3.645161076635476 0.0
3.6461586392026053 0.0
3.647156474770312 0.0
3.648154583413306 0.0
3.64915296520632 0.0
3.650151620224106 0.0
3.6511505485414366 0.0
3.652149750233106 0.0
3.6531492253739266 0.0
3.6541489740387334 0.0
3.6551489963023807 0.0
3.6561492922397436 0.0
3.657149861925719 0.0
3.658150705435221 0.0
3.659151822843187 0.0
3.6601532142245747 0.0
3.6611548796543616 0.0
3.662156819207545 0.0
3.663159032959145 0.0
3.6641615209842 0.0
3.6651642833577696 0.0
3.6661673201549343 0.0
3.6671706314507952 0.0
3.668174217320473 0.0
3.6691780778391108 0.0
3.6701822130818704 0.0
3.671186623123935 0.0
3.6721913080405084 0.0
3.673196267906815 0.0
3.6742015027980988 0.0
3.6752070127896257 0.0
3.676212797956682 0.0
3.677218858374574 0.0
3.67822519411863 0.0
3.6792318052641964 0.0
3.6802386918866423 0.0
3.6812458540613564 0.0
3.6822532918637494 0.0
3.6832610053692507 0.0
3.6842689946533116 0.0
3.6852772597914036 0.0
3.68628580085902 0.0
3.6872946179316726 0.0
3.6883037110848953 0.0
3.6893130803942427 0.0
3.6903227259352898 0.0
3.691332647783632 0.0
3.692342846014886 0.0
3.6933533207046887 0.0
3.694364071928697 0.0
3.6953750997625914 0.0
3.6963864042820695 0.0
3.6973979855628514 0.0
3.698409843680677 0.0
3.6994219787113094 0.0
3.7004343907305293 0.0
3.70144707981414 0.0
3.7024600460379657 0.0
3.7034732894778495 0.0
3.704486810209657 0.0
3.705500608309274 0.0
3.706514683852607 0.0
3.7075290369155836 0.0
3.708543667574152 0.0
3.70955857590428 0.0
3.710573761981959 0.0
3.7115892258831984 0.0
3.7126049676840305 0.0
3.713620987460506 0.0
3.714637285288699 0.0
3.7156538612447023 0.0
3.7166707154046312 0.0
3.7176878478446214 0.0
3.7187052586408287 0.0
3.71972294786943 0.0
3.7207409156066236 0.0
3.7217591619286274 0.0
3.722777686911682 0.0
3.723796490632048 0.0
3.7248155731660058 0.0
3.7258349345898587 0.0
3.72685457497993 0.0
3.7278744944125624 0.0
3.728894692964121 0.0
3.729915170710993 0.0
3.730935927729584 0.0
3.731956964096322 0.0
3.7329782798876554 0.0
3.7339998751800536 0.0
3.7350217500500067 0.0
3.736043904574027 0.0
3.7370663388286465 0.0
3.7380890528904174 0.0
3.7391120468359147 0.0
3.740135320741733 0.0
3.7411588746844897 0.0
3.74218270874082 0.0
3.743206822987383 0.0
3.7442312175008583 0.0
3.745255892357944 0.0
3.7462808476353624 0.0
3.747306083409855 0.0
3.7483315997581856 0.0
3.749357396757137 0.0
3.750383474483515 0.0
3.751409833014146 0.0
3.7524364724258756 0.0
3.7534633927955725 0.0
3.754490594200126 0.0
3.7555180767164464 0.0
3.756545840421465 0.0
3.7575738853921337 0.0
3.7586022117054254 0.0
3.7596308194383345 0.0
3.7606597086678772 0.0
3.7616888794710897 0.0
3.7627183319250292 0.0
3.7637480661067757 0.0
3.7647780820934273 0.0
3.7658083799621056 0.0
3.7668389597899523 0.0
3.767869821654131 0.0
3.7689009656318264 0.0
3.769932391800242 0.0
3.770964100236606 0.0
3.7719960910181647 0.0
3.7730283642221876 0.0
3.774060919925965 0.0
3.775093758206807 0.0
3.776126879142047 0.0
3.777160282809037 0.0
3.7781939692851516 0.0
3.7792279386477876 0.0
3.7802621909743612 0.0
3.7812967263423105 0.0
3.782331544829095 0.0
3.783366646512195 0.0
3.784402031469112 0.0
3.7854376997773684 0.0
3.78647365151451 0.0
3.7875098867581 0.0
3.788546405585726 0.0
3.789583208074996 0.0
3.7906202943035394 0.0
3.791657664349005 0.0
3.7926953182890655 0.0
3.793733256201413 0.0
3.794771478163762 0.0
3.7958099842538466 0.0
3.7968487745494253 0.0
3.797887849128274 0.0
3.7989272080681933 0.0
3.799966851447003 0.0
3.8010067793425453 0.0
3.8020469918326825 0.0
3.803087488995299 0.0
3.8041282709083015 0.0
3.805169337649615 0.0
3.80621068929719 0.0
3.807252325928994 0.0
3.80829424762302 0.0
3.809336454457279 0.0
3.810378946509805 0.0
3.8114217238586523 0.0
3.8124647865818986 0.0
3.8135081347576407 0.0
3.814551768463998 0.0
3.8155956877791115 0.0
3.816639892781142 0.0
3.817684383548273 0.0
3.8187291601587106 0.0
3.8197742226906786 0.0
3.820819571222425 0.0
3.8218652058322204 0.0
3.8229111265983535 0.0
3.823957333599137 0.0
3.825003826912903 0.0
3.826050606618007 0.0
3.8270976727928243 0.0
3.8281450255157528 0.0
3.8291926648652113 0.0
3.83024059091964 0.0
3.8312888037575017 0.0
3.8323373034572787 0.0
3.833386090097477 0.0
3.834435163756621 0.0
3.83548452451326 0.0
3.8365341724459627 0.0
3.8375841076333206 0.0
3.838634330153945 0.0
3.8396848400864703 0.0
3.8407356375095523 0.0
3.8417867225018667 0.0
3.8428380951421124 0.0
3.84388975550901 0.0
3.8449417036813 0.0
3.845993939737745 0.0
3.847046463757131 0.0
3.8480992758182637 0.0
3.8491523759999704 0.0
3.8502057643811005 0.0
3.8512594410405256 0.0
3.852313406057137 0.0
3.853367659509849 0.0
3.854422201477597 0.0
3.855477032039339 0.0
3.8565321512740534 0.0
3.8575875592607405 0.0
3.858643256078423 0.0
3.8596992418061444 0.0
3.8607555165229694 0.0
3.861812080307985 0.0
3.862868933240301 0.0
3.8639260753990454 0.0
3.8649835068633727 0.0
3.866041227712455 0.0
3.867099238025488 0.0
3.868157537881688 0.0
3.8692161273602945 0.0
3.8702750065405667 0.0
3.8713341755017874 0.0
3.8723936343232603 0.0
3.8734533830843105 0.0
3.8745134218642847 0.0
3.875573750742552 0.0
3.876634369798503 0.0
3.8776952791115504 0.0
3.8787564787611277 0.0
3.87981796882669 0.0
3.8808797493877156 0.0
3.8819418205237035 0.0
3.883004182314174 0.0
3.8840668348386718 0.0
3.8851297781767586 0.0
3.8861930124080226 0.0
3.8872565376120716 0.0
3.8883203538685347 0.0
3.889384461257064 0.0
3.890448859857333 0.0
3.891513549749037 0.0
3.8925785310118926 0.0
3.893643803725639 0.0
3.8947093679700364 0.0
3.895775223824868 0.0
3.8968413713699377 0.0
3.897907810685072 0.0
3.8989745418501194 0.0
3.9000415649449476 0.0
3.9011088800494504 0.0
3.902176487243541 0.0
3.9032443866071542 0.0
3.904312578220248 0.0
3.9053810621628013 0.0
3.906449838514816 0.0
3.907518907356314 0.0
3.908588268767341 0.0
3.9096579228279627 0.0
3.9107278696182686 0.0
3.91179810921837 0.0
3.912868641708398 0.0
3.9139394671685084 0.0
3.9150105856788766 0.0
3.9160819973197016 0.0
3.917153702171204 0.0
3.9182257003136254 0.0
3.91929799182723 0.0
3.9203705767923043 0.0
3.921443455289156 0.0
3.9225166273981165 0.0
3.9235900931995364 0.0
3.924663852773791 0.0
3.9257379062012756 0.0
3.9268122535624084 0.0
3.92788689493763 0.0
3.9289618304074025 0.0
3.93003706005221 0.0
3.931112583952558 0.0
3.9321884021889755 0.0
3.9332645148420124 0.0
3.9343409219922414 0.0
3.935417623720256 0.0
3.9364946201066733 0.0
3.937571911232132 0.0
3.938649497177292 0.0
3.9397273780228357 0.0
3.9408055538494686 0.0
3.9418840247379174 0.0
3.942962790768931 0.0
3.944041852023279 0.0
3.9451212085817557 0.0
3.946200860525176 0.0
3.9472808079343777 0.0
3.9483610508902194 0.0
3.949441589473583 0.0
3.9505224237653733 0.0
3.951603553846514 0.0
3.9526849797979544 0.0
3.9537667017006646 0.0
3.9548487196356357 0.0
3.9559310336838838 0.0
3.9570136439264445 0.0
3.9580965504443775 0.0
3.9591797533187627 0.0
3.9602632526307033 0.0
3.9613470484613256 0.0
3.962431140891776 0.0
3.963515530003226 0.0
3.9646002158768656 0.0
3.96568519859391 0.0
3.9667704782355955 0.0
3.967856054883181 0.0
3.968941928617948 0.0
3.9700280995211976 0.0
3.971114567674257 0.0
3.9722013331584725 0.0
3.9732883960552154 0.0
3.974375756445877 0.0
3.9754634144118723 0.0
3.976551370034638 0.0
3.9776396233956324 0.0
3.978728174576337 0.0
3.9798170236582564 0.0
3.980906170722915 0.0
3.9819956158518623 0.0
3.983085359126668 0.0
3.984175400628926 0.0
3.9852657404402505 0.0
3.9863563786422795 0.0
3.9874473153166727 0.0
3.9885385505451123 0.0
3.9896300844093036 0.0
3.990721916990972 0.0
3.991814048371868 0.0
3.992906478633763 0.0
3.993999207858451 0.0
3.995092236127748 0.0
3.9961855635234937 0.0
3.997279190127549 0.0
3.9983731160217975 0.0
3.999467341288145 0.0
4.000561866008519 0.0
4.001656690264873 0.0
4.002751814139179 0.0
4.003847237713432 0.0
4.00494296106965 0.0
4.006038984289876 0.0
4.00713530745617 0.0
4.008231930650618 0.0
4.009328853955331 0.0
4.010426077452437 0.0
4.011523601224089 0.0
4.012621425352462 0.0
4.013719549919755 0.0
4.014817975008189 0.0
4.0159167007000045 0.0
4.017015727077469 0.0
4.01811505422287 0.0
4.019214682218517 0.0
4.020314611146745 0.0
4.021414841089907 0.0
4.022515372130382 0.0
4.023616204350572 0.0
4.024717337832898 0.0
4.025818772659807 0.0
4.026920508913768 0.0
4.028022546677269 0.0
4.029124886032827 0.0
4.030227527062975 0.0
4.031330469850273 0.0
4.0324337144773015 0.0
4.033537261026664 0.0
4.034641109580988 0.0
4.035745260222923 0.0
4.036849713035139 0.0
4.03795446810033 0.0
4.039059525501214 0.0
4.0401648853205305 0.0
4.041270547641041 0.0
4.04237651254553 0.0
4.043482780116806 0.0
4.044589350437699 0.0
4.045696223591062 0.0
4.046803399659768 0.0
4.047910878726718 0.0
4.049018660874831 0.0
4.050126746187051 0.0
4.051235134746346 0.0
4.052343826635703 0.0
4.053452821938133 0.0
4.054562120736671 0.0
4.055671723114376 0.0
4.056781629154324 0.0
4.0578918389396215 0.0
4.0590023525533905 0.0
4.0601131700787825 0.0
4.061224291598965 0.0
4.062335717197131 0.0
4.063447446956501 0.0
4.064559480960311 0.0
4.065671819291824 0.0
4.066784462034322 0.0
4.067897409271116 0.0
4.069010661085534 0.0
4.070124217560931 0.0
4.071238078780682 0.0
4.072352244828184 0.0
4.07346671578686 0.0
4.074581491740155 0.0
4.075696572771534 0.0
4.076811958964488 0.0
4.077927650402531 0.0
4.079043647169199 0.0
4.080159949348047 0.0
4.08127655702266 0.0
4.082393470276641 0.0
4.083510689193618 0.0
4.084628213857239 0.0
4.085746044351179 0.0
4.086864180759132 0.0
4.0879826231648195 0.0
4.0891013716519815 0.0
4.090220426304382 0.0
4.0913397872058095 0.0
4.092459454440074 0.0
4.093579428091009 0.0
4.09469970824247 0.0
4.095820294978338 0.0
4.096941188382514 0.0
4.098062388538924 0.0
4.099183895531516 0.0
4.100305709444259 0.0
4.10142783036115 0.0
4.102550258366206 0.0
4.103672993543464 0.0
4.104796035976991 0.0
4.1059193857508705 0.0
4.107043042949212 0.0
4.1081670076561485 0.0
4.109291279955835 0.0
4.1104158599324485 0.0
4.111540747670191 0.0
4.112665943253287 0.0
4.113791446765984 0.0
4.114917258292552 0.0
4.1160433779172845 0.0
4.117169805724497 0.0
4.11829654179853 0.0
4.119423586223746 0.0
4.1205509390845325 0.0
4.1216786004652946 0.0
4.122806570450466 0.0
4.123934849124504 0.0
4.125063436571884 0.0
4.126192332877109 0.0
4.127321538124701 0.0
4.128451052399209 0.0
4.129580875785203 0.0
4.130711008367278 0.0
4.13184145023005 0.0
4.132972201458161 0.0
4.134103262136271 0.0
4.13523463234907 0.0
4.136366312181265 0.0
4.137498301717589 0.0
4.138630601042798 0.0
4.139763210241673 0.0
4.140896129399016 0.0
4.14202935859965 0.0
4.143162897928427 0.0
4.144296747470216 0.0
4.145430907309915 0.0
4.146565377532442 0.0
4.147700158222737 0.0
4.148835249465766 0.0
4.149970651346518 0.0
4.151106363950003 0.0
4.152242387361258 0.0
4.153378721665339 0.0
4.154515366947328 0.0
4.155652323292328 0.0
4.15678959078547 0.0
4.157927169511902 0.0
4.159065059556802 0.0
4.160203261005364 0.0
4.161341773942812 0.0
4.162480598454389 0.0
4.163619734625362 0.0
4.164759182541024 0.0
4.165898942286689 0.0
4.167039013947694 0.0
4.168179397609401 0.0
4.169320093357193 0.0
4.170461101276478 0.0
4.171602421452691 0.0
4.1727440539712815 0.0
4.173885998917729 0.0
4.175028256377537 0.0
4.176170826436229 0.0
4.1773137091793515 0.0
4.178456904692479 0.0
4.1796004130612046 0.0
4.180744234371147 0.0
4.181888368707949 0.0
4.183032816157276 0.0
4.184177576804815 0.0
4.185322650736278 0.0
4.186468038037404 0.0
4.187613738793949 0.0
4.188759753091698 0.0
4.189906081016455 0.0
4.1910527226540495 0.0
4.1921996780903354 0.0
4.1933469474111895 0.0
4.194494530702512 0.0
4.195642428050226 0.0
4.1967906395402785 0.0
4.1979391652586395 0.0
4.199088005291305 0.0
4.20023715972429 0.0
4.201386628643637 0.0
4.202536412135411 0.0
4.203686510285701 0.0
4.204836923180617 0.0
4.205987650906296 0.0
4.207138693548896 0.0
4.2082900511946 0.0
4.209441723929614 0.0
4.210593711840168 0.0
4.211746015012515 0.0
4.212898633532933 0.0
4.21405156748772 0.0
4.215204816963205 0.0
4.21635838204573 0.0
4.217512262821669 0.0
4.218666459377417 0.0
4.219820971799393 0.0
4.22097580017404 0.0
4.222130944587823 0.0
4.223286405127231 0.0
4.224442181878779 0.0
4.225598274929004 0.0
4.226754684364465 0.0
4.227911410271748 0.0
4.229068452737459 0.0
4.230225811848232 0.0
4.231383487690723 0.0
4.232541480351608 0.0
4.233699789917592 0.0
4.234858416475403 0.0
4.23601736011179 0.0
4.237176620913526 0.0
4.23833619896741 0.0
4.239496094360264 0.0
4.240656307178934 0.0
4.241816837510287 0.0
4.242977685441218 0.0
4.244138851058642 0.0
4.245300334449501 0.0
4.246462135700758 0.0
4.247624254899403 0.0
4.248786692132445 0.0
4.249949447486922 0.0
4.251112521049894 0.0
4.252275912908442 0.0
4.253439623149674 0.0
4.254603651860723 0.0
4.255767999128743 0.0
4.25693266504091 0.0
4.25809764968443 0.0
4.2592629531465285 0.0
4.260428575514455 0.0
4.261594516875484 0.0
4.262760777316914 0.0
4.263927356926066 0.0
4.265094255790288 0.0
4.2662614739969476 0.0
4.267429011633439 0.0
4.268596868787181 0.0
4.269765045545613 0.0
4.270933541996204 0.0
4.272102358226439 0.0
4.273271494323833 0.0
4.274440950375925 0.0
4.2756107264702745 0.0
4.276780822694466 0.0
4.277951239136112 0.0
4.279121975882842 0.0
4.280293033022315 0.0
4.2814644106422115 0.0
4.2826361088302365 0.0
4.283808127674121 0.0
4.284980467261614 0.0
4.286153127680497 0.0
4.2873261090185695 0.0
4.288499411363656 0.0
4.289673034803606 0.0
4.290846979426293 0.0
4.292021245319615 0.0
4.2931958325714925 0.0
4.294370741269871 0.0
4.295545971502721 0.0
4.296721523358035 0.0
4.29789739692383 0.0
4.299073592288149 0.0
4.300250109539057 0.0
4.301426948764647 0.0
4.302604110053028 0.0
4.3037815934923405 0.0
4.304959399170748 0.0
4.3061375271764355 0.0
4.3073159775976135 0.0
4.3084947505225175 0.0
4.309673846039405 0.0
4.31085326423656 0.0
4.312033005202291 0.0
4.313213069024926 0.0
4.314393455792823 0.0
4.315574165594361 0.0
4.316755198517944 0.0
4.317936554651999 0.0
4.31911823408498 0.0
4.3203002369053625 0.0
4.321482563201647 0.0
4.322665213062358 0.0
4.323848186576046 0.0
4.3250314838312836 0.0
4.326215104916667 0.0
4.32739904992082 0.0
4.328583318932388 0.0
4.329767912040042 0.0
4.330952829332475 0.0
4.332138070898408 0.0
4.333323636826581 0.0
4.334509527205764 0.0
4.33569574212475 0.0
4.336882281672352 0.0
4.3380691459374106 0.0
4.339256335008792 0.0
4.340443848975385 0.0
4.341631687926102 0.0
4.342819851949882 0.0
4.344008341135686 0.0
4.3451971555724995 0.0
4.346386295349335 0.0
4.347575760555225 0.0
4.348765551279232 0.0
4.349955667610438 0.0
4.35114610963795 0.0
4.352336877450904 0.0
4.353527971138453 0.0
4.354719390789782 0.0
4.355911136494093 0.0
4.35710320834062 0.0
4.358295606418614 0.0
4.359488330817356 0.0
4.360681381626151 0.0
4.361874758934322 0.0
4.363068462831226 0.0
4.364262493406238 0.0
4.3654568507487586 0.0
4.366651534948213 0.0
4.367846546094054 0.0
4.369041884275754 0.0
4.3702375495828125 0.0
4.3714335421047545 0.0
4.372629861931127 0.0
4.3738265091515025 0.0
4.375023483855477 0.0
4.376220786132675 0.0
4.377418416072741 0.0
4.378616373765345 0.0
4.379814659300184 0.0
4.381013272766977 0.0
4.382212214255468 0.0
4.383411483855426 0.0
4.3846110816566455 0.0
4.385811007748943 0.0
4.3870112622221615 0.0
4.388211845166169 0.0
4.389412756670858 0.0
4.390613996826142 0.0
4.391815565721965 0.0
4.393017463448292 0.0
4.394219690095112 0.0
4.395422245752441 0.0
4.3966251305103174 0.0
4.397828344458807 0.0
4.399031887687999 0.0
4.400235760288004 0.0
4.401439962348961 0.0
4.402644493961034 0.0
4.403849355214412 0.0
4.4050545461993025 0.0
4.406260067005947 0.0
4.407465917724606 0.0
4.408672098445562 0.0
4.409878609259131 0.0
4.411085450255646 0.0
4.4122926215254665 0.0
4.41350012315898 0.0
4.414707955246595 0.0
4.415916117878746 0.0
4.417124611145893 0.0
4.41833343513852 0.0
4.419542589947136 0.0
4.420752075662273 0.0
4.421961892374491 0.0
4.423172040174373 0.0
4.424382519152528 0.0
4.425593329399586 0.0
4.426804471006207 0.0
4.428015944063073 0.0
4.42922774866089 0.0
4.43043988489039 0.0
4.431652352842331 0.0
4.432865152607496 0.0
4.434078284276689 0.0
4.435291747940742 0.0
4.436505543690511 0.0
4.437719671616877 0.0
4.438934131810749 0.0
4.4401489243630525 0.0
4.441364049364749 0.0
4.442579506906814 0.0
4.443795297080257 0.0
4.4450114199761055 0.0
4.446227875685416 0.0
4.447444664299271 0.0
4.448661785908772 0.0
4.44987924060505 0.0
4.4510970284792615 0.0
4.452315149622587 0.0
4.453533604126228 0.0
4.454752392081419 0.0
4.455971513579412 0.0
4.457190968711487 0.0
4.458410757568949 0.0
4.459630880243128 0.0
4.460851336825379 0.0
4.462072127407081 0.0
4.463293252079641 0.0
4.464514710934488 0.0
4.465736504063075 0.0
4.466958631556884 0.0
4.468181093507419 0.0
4.469403890006211 0.0
4.4706270211448125 0.0
4.471850487014806 0.0
4.473074287707797 0.0
4.474298423315413 0.0
4.475522893929311 0.0
4.476747699641173 0.0
4.4779728405427015 0.0
4.479198316725627 0.0
4.480424128281708 0.0
4.481650275302724 0.0
4.482876757880479 0.0
4.484103576106808 0.0
4.485330730073564 0.0
4.486558219872629 0.0
4.487786045595909 0.0
4.489014207335336 0.0
4.490242705182867 0.0
4.491471539230483 0.0
4.492700709570194 0.0
4.493930216294029 0.0
4.4951600594940455 0.0
4.496390239262329 0.0
4.497620755690984 0.0
4.498851608872146 0.0
4.500082798897971 0.0
4.501314325860644 0.0
4.502546189852374 0.0
4.503778390965396 0.0
4.505010929291966 0.0
4.50624380492437 0.0
4.507477017954917 0.0
4.5087105684759425 0.0
4.509944456579808 0.0
4.511178682358898 0.0
4.512413245905623 0.0
4.51364814731242 0.0
4.514883386671748 0.0
4.516118964076096 0.0
4.517354879617975 0.0
4.518591133389923 0.0
4.519827725484502 0.0
4.5210646559943 0.0
4.52230192501193 0.0
4.523539532630032 0.0
4.524777478941267 0.0
4.526015764038329 0.0
4.527254388013928 0.0
4.528493350960806 0.0
4.52973265297173 0.0
4.530972294139488 0.0
4.532212274556899 0.0
4.533452594316804 0.0
4.534693253512068 0.0
4.535934252235586 0.0
4.537175590580274 0.0
4.5384172686390745 0.0
4.53965928650496 0.0
4.540901644270922 0.0
4.54214434202998 0.0
4.543387379875181 0.0
4.5446307578995935 0.0
4.545874476196315 0.0
4.547118534858464 0.0
4.548362933979192 0.0
4.5496076736516695 0.0
4.550852753969094 0.0
4.55209817502469 0.0
4.5533439369117055 0.0
4.554590039723415 0.0
4.5558364835531195 0.0
4.557083268494143 0.0
4.558330394639839 0.0
4.559577862083581 0.0
4.560825670918774 0.0
4.562073821238846 0.0
4.563322313137248 0.0
4.5645711467074594 0.0
4.5658203220429865 0.0
4.567069839237359 0.0
4.56831969838413 0.0
4.569569899576884 0.0
4.570820442909227 0.0
4.57207132847479 0.0
4.573322556367232 0.0
4.574574126680239 0.0
4.575826039507517 0.0
4.577078294942803 0.0
4.5783308930798565 0.0
4.579583834012467 0.0
4.5808371178344425 0.0
4.582090744639623 0.0
4.583344714521871 0.0
4.584599027575075 0.0
4.585853683893152 0.0
4.587108683570042 0.0
4.588364026699709 0.0
4.5896197133761465 0.0
4.590875743693372 0.0
4.592132117745429 0.0
4.593388835626386 0.0
4.594645897430338 0.0
4.595903303251406 0.0
4.597161053183736 0.0
4.598419147321501 0.0
4.599677585758897 0.0
4.60093636859015 0.0
4.602195495909508 0.0
4.6034549678112455 0.0
4.604714784389666 0.0
4.605974945739094 0.0
4.607235451953883 0.0
4.608496303128412 0.0
4.609757499357084 0.0
4.61101904073433 0.0
4.612280927354607 0.0
4.613543159312396 0.0
4.614805736702204 0.0
4.6160686596185645 0.0
4.617331928156037 0.0
4.618595542409208 0.0
4.619859502472688 0.0
4.621123808441114 0.0
4.62238846040915 0.0
4.623653458471484 0.0
4.62491880272283 0.0
4.626184493257929 0.0
4.627450530171548 0.0
4.62871691355848 0.0
4.629983643513544 0.0
4.631250720131584 0.0
4.632518143507469 0.0
4.633785913736097 0.0
4.63505403091239 0.0
4.636322495131296 0.0
4.637591306487789 0.0
4.6388604650768706 0.0
4.640129970993567 0.0
4.64139982433293 0.0
4.6426700251900375 0.0
4.643940573659995 0.0
4.64521146983793 0.0
4.646482713819002 0.0
4.647754305698393 0.0
4.649026245571311 0.0
4.65029853353299 0.0
4.651571169678691 0.0
4.652844154103702 0.0
4.654117486903335 0.0
4.655391168172927 0.0
4.656665198007845 0.0
4.6579395765034795 0.0
4.659214303755247 0.0
4.660489379858593 0.0
4.661764804908984 0.0
4.663040579001917 0.0
4.664316702232913 0.0
4.665593174697522 0.0
4.6668699964913145 0.0
4.6681471677098925 0.0
4.669424688448882 0.0
4.670702558803936 0.0
4.671980778870732 0.0
4.673259348744976 0.0
4.674538268522397 0.0
4.675817538298754 0.0
4.677097158169829 0.0
4.678377128231434 0.0
4.679657448579404 0.0
4.680938119309598 0.0
4.6822191405179066 0.0
4.683500512300245 0.0
4.684782234752554 0.0
4.686064307970799 0.0
4.687346732050973 0.0
4.688629507089098 0.0
4.689912633181218 0.0
4.691196110423406 0.0
4.6924799389117595 0.0
4.693764118742404 0.0
4.69504865001149 0.0
4.696333532815196 0.0
4.697618767249724 0.0
4.6989043534113035 0.0
4.700190291396193 0.0
4.701476581300675 0.0
4.702763223221056 0.0
4.704050217253673 0.0
4.705337563494888 0.0
4.70662526204109 0.0
4.7079133129886905 0.0
4.709201716434132 0.0
4.710490472473882 0.0
4.711779581204436 0.0
4.71306904272231 0.0
4.7143588571240524 0.0
4.715649024506238 0.0
4.716939544965463 0.0
4.718230418598354 0.0
4.7195216455015645 0.0
4.720813225771772 0.0
4.722105159505681 0.0
4.723397446800026 0.0
4.724690087751561 0.0
4.725983082457073 0.0
4.727276431013374 0.0
4.728570133517299 0.0
4.729864190065713 0.0
4.731158600755506 0.0
4.732453365683597 0.0
4.733748484946927 0.0
4.735043958642468 0.0
4.736339786867216 0.0
4.737635969718193 0.0
4.73893250729245 0.0
4.740229399687063 0.0
4.7415266469991355 0.0
4.742824249325796 0.0
4.744122206764201 0.0
4.745420519411532 0.0
4.746719187365 0.0
4.748018210721839 0.0
4.749317589579313 0.0
4.75061732403471 0.0
4.751917414185346 0.0
4.753217860128562 0.0
4.75451866196173 0.0
4.755819819782243 0.0
4.7571213336875235 0.0
4.7584232037750205 0.0
4.759725430142209 0.0
4.761028012886593 0.0
4.7623309521057005 0.0
4.7636342478970874 0.0
4.764937900358333 0.0
4.766241909587052 0.0
4.767546275680876 0.0
4.768850998737467 0.0
4.770156078854516 0.0
4.771461516129739 0.0
4.772767310660878 0.0
4.774073462545703 0.0
4.775379971882009 0.0
4.776686838767619 0.0
4.777994063300383 0.0
4.779301645578178 0.0
4.780609585698906 0.0
4.781917883760499 0.0
4.783226539860912 0.0
4.784535554098129 0.0
4.785844926570162 0.0
4.787154657375046 0.0
4.788464746610845 0.0
4.789775194375653 0.0
4.791086000767585 0.0
4.792397165884786 0.0
4.793708689825428 0.0
4.795020572687711 0.0
4.7963328145698565 0.0
4.797645415570118 0.0
4.798958375786777 0.0
4.800271695318138 0.0
4.801585374262531 0.0
4.80289941271832 0.0
4.804213810783889 0.0
4.805528568557652 0.0
4.80684368613805 0.0
4.80815916362355 0.0
4.809475001112647 0.0
4.8107911987038605 0.0
4.812107756495742 0.0
4.813424674586864 0.0
4.814741953075829 0.0
4.816059592061267 0.0
4.817377591641835 0.0
4.818695951916214 0.0
4.820014672983117 0.0
4.8213337549412785 0.0
4.822653197889464 0.0
4.823973001926465 0.0
4.8252931671510995 0.0
4.826613693662214 0.0
4.827934581558679 0.0
4.829255830939394 0.0
4.830577441903286 0.0
4.831899414549311 0.0
4.833221748976447 0.0
4.8345444452837025 0.0
4.835867503570112 0.0
4.837190923934738 0.0
4.838514706476669 0.0
4.839838851295021 0.0
4.841163358488938 0.0
4.842488228157592 0.0
4.8438134604001775 0.0
4.84513905531592 0.0
4.846465013004074 0.0
4.847791333563915 0.0
4.849118017094752 0.0
4.850445063695917 0.0
4.851772473466771 0.0
4.853100246506702 0.0
4.854428382915124 0.0
4.855756882791479 0.0
4.857085746235239 0.0
4.858414973345899 0.0
4.859744564222981 0.0
4.8610745189660385 0.0
4.862404837674649 0.0
4.863735520448419 0.0
4.865066567386981 0.0
4.866397978589993 0.0
4.867729754157146 0.0
4.869061894188151 0.0
4.870394398782754 0.0
4.871727268040719 0.0
4.873060502061847 0.0
4.8743941009459615 0.0
4.875728064792911 0.0
4.877062393702577 0.0
4.878397087774863 0.0
4.879732147109703 0.0
4.881067571807058 0.0
4.882403361966915 0.0
4.883739517689291 0.0
4.885076039074226 0.0
4.886412926221793 0.0
4.887750179232087 0.0
4.889087798205233 0.0
4.890425783241385 0.0
4.891764134440721 0.0
4.893102851903448 0.0
4.894441935729801 0.0
4.895781386020042 0.0
4.89712120287446 0.0
4.898461386393372 0.0
4.89980193667712 0.0
4.901142853826079 0.0
4.902484137940648 0.0
4.903825789121251 0.0
4.905167807468343 0.0
4.906510193082406 0.0
4.90785294606395 0.0
4.909196066513511 0.0
4.910539554531652 0.0
4.911883410218966 0.0
4.913227633676071 0.0
4.914572225003614 0.0
4.91591718430227 0.0
4.917262511672739 0.0
4.918608207215753 0.0
4.919954271032067 0.0
4.921300703222466 0.0
4.922647503887763 0.0
4.923994673128795 0.0
4.925342211046431 0.0
4.9266901177415665 0.0
4.9280383933151235 0.0
4.92938703786805 0.0
4.930736051501327 0.0
4.932085434315959 0.0
4.933435186412977 0.0
4.934785307893444 0.0
4.936135798858446 0.0
4.937486659409101 0.0
4.938837889646552 0.0
4.940189489671971 0.0
4.9415414595865546 0.0
4.942893799491532 0.0
4.944246509488156 0.0
4.945599589677709 0.0
4.946953040161501 0.0
4.948306861040871 0.0
4.9496610524171825 0.0
4.951015614391829 0.0
4.952370547066231 0.0
4.9537258505418365 0.0
4.955081524920124 0.0
4.956437570302596 0.0
4.957793986790783 0.0
4.959150774486247 0.0
4.960507933490575 0.0
4.961865463905381 0.0
4.963223365832309 0.0
4.964581639373029 0.0
4.965940284629241 0.0
4.967299301702669 0.0
4.9686586906950705 0.0
4.970018451708227 0.0
4.971378584843947 0.0
4.972739090204069 0.0
4.974099967890458 0.0
4.975461218005011 0.0
4.976822840649644 0.0
4.978184835926311 0.0
4.979547203936988 0.0
4.980909944783679 0.0
4.98227305856842 0.0
4.98363654539327 0.0
4.985000405360317 0.0
4.98636463857168 0.0
4.987729245129503 0.0
4.989094225135959 0.0
4.990459578693249 0.0
4.9918253059036015 0.0
4.993191406869274 0.0
4.994557881692549 0.0
4.995924730475741 0.0
4.997291953321191 0.0
4.998659550331267 0.0
5.000027521608365 0.0
5.001395867254912 0.0
5.002764587373359 0.0
5.004133682066187 0.0
5.005503151435905 0.0
5.00687299558505 0.0
5.008243214616188 0.0
5.0096138086319115 0.0
5.010984777734841 0.0
5.012356122027626 0.0
5.013727841612942 0.0
5.015099936593498 0.0
5.016472407072026 0.0
5.017845253151288 0.0
5.019218474934071 0.0
5.020592072523195 0.0
5.021966046021509 0.0
5.023340395531882 0.0
5.02471512115722 0.0
5.026090223000452 0.0
5.027465701164536 0.0
5.028841555752459 0.0
5.030217786867238 0.0
5.031594394611914 0.0
5.03297137908956 0.0
5.034348740403273 0.0
5.035726478656185 0.0
5.037104593951448 0.0
5.038483086392249 0.0
5.039861956081799 0.0
5.04124120312334 0.0
5.042620827620139 0.0
5.044000829675496 0.0
5.045381209392735 0.0
5.046761966875209 0.0
5.048143102226302 0.0
5.049524615549424 0.0
5.050906506948012 0.0
5.052288776525534 0.0
5.053671424385486 0.0
5.055054450631392 0.0
5.056437855366803 0.0
5.057821638695299 0.0
5.059205800720489 0.0
5.060590341546011 0.0
5.0619752612755295 0.0
5.063360560012738 0.0
5.064746237861359 0.0
5.066132294925143 0.0
5.067518731307869 0.0
5.068905547113344 0.0
5.070292742445405 0.0
5.071680317407914 0.0
5.073068272104765 0.0
5.0744566066398775 0.0
5.075845321117203 0.0
5.077234415640719 0.0
5.078623890314432 0.0
5.080013745242375 0.0
5.081403980528612 0.0
5.082794596277236 0.0
5.084185592592366 0.0
5.085576969578151 0.0
5.086968727338768 0.0
5.088360865978424 0.0
5.089753385601352 0.0
5.091146286311814 0.0
5.092539568214105 0.0
5.0939332314125405 0.0
5.09532727601147 0.0
5.096721702115271 0.0
5.098116509828351 0.0
5.099511699255142 0.0
5.100907270500107 0.0
5.102303223667737 0.0
5.1036995588625516 0.0
5.105096276189101 0.0
5.10649337575196 0.0
5.107890857655736 0.0
5.109288722005061 0.0
5.110686968904602 0.0
5.112085598459048 0.0
5.113484610773119 0.0
5.114884005951565 0.0
5.116283784099162 0.0
5.117683945320717 0.0
5.119084489721066 0.0
5.120485417405073 0.0
5.121886728477628 0.0
5.123288423043654 2.0354785577971173e-25
5.124690501208098 6.1211116839076595e-25
5.126092963075943 8.194430008862014e-25
5.127495808752193 8.240749834264761e-25
5.128899038341883 8.287058952663128e-25
5.13030265195008 8.333356457949963e-25
5.131706649681878 8.379638132576012e-25
5.133111031642397 8.425909570152254e-25
5.134515797936789 8.472168927818313e-25
5.135920948670234 8.518412468443494e-25
5.137326483947939 8.564646289978957e-25
5.138732403875144 8.610867516855043e-25
5.140138708557112 8.657072940360526e-25
5.14154539809914 8.703269210820455e-25
5.1429524726065505 8.74945232384291e-25
5.144359932184698 8.805869829865771e-25
5.145767776938962 8.879109908147697e-25
5.147176006974754 8.961857831926454e-25
5.148584622397513 9.04752642111543e-25
5.149993623312705 9.133180382722052e-25
5.151403009825828 9.218807550595508e-25
5.152812782042409 9.304405446078824e-25
5.154222940068 9.38999003397843e-25
5.155633484008188 9.47554651452002e-25
5.157044413968581 9.561073748435379e-25
5.158455730054824 9.64658881159454e-25
5.159867432372585 9.732074637045057e-25
5.161279521027564 9.817531514783101e-25
5.162691996125487 9.90297592938067e-25
5.164104857772114 9.994628646558211e-25
5.16551810607323 1.0085808349379504e-24
5.166931741134648 1.0160886716183518e-24
5.168345763062213 1.022653641832412e-24
5.169760171961799 1.0292166299651614e-24
5.171174967939304 1.0357784157574413e-24
5.172590151100663 1.0395294551597444e-24
5.174005721551834 1.0410871485764077e-24
5.175421679398804 1.045452010755926e-24
5.176838024747593 1.0520061285603837e-24
5.178254757704247 1.0585585367681242e-24
5.179671878374842 1.0651094712112388e-24
5.181089386865482 1.071658166637924e-24
5.182507283282301 1.078205299170599e-24
5.183925567731462 1.0847508117781969e-24
5.185344240319157 1.091294087398944e-24
5.186763301151607 1.09783047286225e-24
5.188182750335061 1.1043327018346544e-24
5.1896025879758 1.1108260448193075e-24
5.191022814180131 1.1173505372260645e-24
5.192443429054391 1.1238852010642739e-24
5.193864432704947 1.132259393324811e-24
5.195285825238194 1.1437907853740247e-24
5.196707606760556 1.153478273889402e-24
5.1981297773784885 1.1600052928788033e-24
5.199552337198474 1.1665313614257522e-24
5.200975286327024 1.1730551998616918e-24
5.202398624870678 1.1795768958223801e-24
5.20382235293601 1.1860975535600599e-24
5.205246470629617 1.1955531885796505e-24
5.206670978058127 1.207069661135888e-24
5.208095875328199 1.215647705384361e-24
5.20952116254652 1.2221607289852196e-24
5.2109468398198056 1.2286719878468554e-24
5.212372907254802 1.2351818319312972e-24
5.213799364958284 1.2416894521161704e-24
5.215226213037054 1.2489196800854785e-24
5.2166534515979475 1.2593998965833898e-24
5.218081080747824 1.2701779429753626e-24
5.219509100593577 1.277703028459194e-24
5.220937511242127 1.2842020696146332e-24
5.222366312800423 1.2906988910486064e-24
5.223795505375446 1.2971945673560151e-24
5.225225089074204 1.3036882111075876e-24
5.226655064003733 1.3118921733538829e-24
5.228085430271104 1.3233402063704088e-24
5.2295161879834104 1.3331159193301377e-24
5.230947337247778 1.33964442159867e-24
5.232378878171363 1.34612949350199e-24
5.233810810861351 1.3555388441959664e-24
5.235243135424954 1.3670197530215946e-24
5.236675851969415 1.375572940082375e-24
5.238108960602008 1.3820504080530463e-24
5.239542461430034 1.3894080986170887e-24
5.2409763545608214 1.4000009166821645e-24
5.2424106401017365 1.4105910658922848e-24
5.243845318160165 1.4185323008754812e-24
5.245280388843528 1.4288241275034168e-24
5.246715852259274 1.4397016820000275e-24
5.2481517085148806 1.4473442484424847e-24
5.249587957717855 1.4538077718468072e-24
5.251024599975735 1.4620188131861458e-24
5.252461635396086 1.4734588755137643e-24
5.2538990640865055 1.4831672946186776e-24
5.255336886154618 1.4910792073639286e-24
5.256775101708078 1.5021970134036634e-24
5.25821371085457 1.5122141094291538e-24
5.259652713701808 1.5201158091944627e-24
5.2610921103575325 1.5309034305030022e-24
5.26253190092952 1.5412371354086045e-24
5.263972085525571 1.5491286422736198e-24
5.265412664253516 1.559578158295604e-24
5.266853637221217 1.5702363961869037e-24
5.268295004536567 1.578117730286393e-24
5.2697367663074814 1.5882212283841777e-24
5.271178922641914 1.5992119154831365e-24
5.272621473647842 1.6070830970070886e-24
5.274064419433275 1.6168326724905476e-24
5.275507760106251 1.6281637171057427e-24
5.276951495774838 1.636277930459444e-24
5.278395626547134 1.6456656866158274e-24
5.279840152531265 1.6570918249526792e-24
5.281285073835388 1.6655571281711635e-24
5.282730390567691 1.6745751762950198e-24
5.284176102836389 1.6859962630115894e-24
5.285622210749725 1.6948205506471453e-24
5.287068714415978 1.7034610100702896e-24
5.288515613943449 1.7148770553599496e-24
5.289962909440476 1.7240682139597516e-24
5.291410601015421 1.7323232120813037e-24
5.292858688776678 1.743734226165254e-24
5.294307172832671 1.753300134241408e-24
5.295756053291852 1.7611618065578532e-24
5.297205330262704 1.7722250374892878e-24
5.298655003853739 1.7821735654888074e-24
5.3001050741735005 1.78997681781997e-24
5.3015555413305595 1.80063602010347e-24
5.303006405433518 1.8134323537180697e-24
5.304457666591007 1.8255701201488347e-24
5.305909324911686 1.8345077967737967e-24
5.307361380504248 1.8429489107345004e-24
5.308813833477412 1.8543405347891693e-24
5.310266683939927 1.863681895256442e-24
5.311719932000576 1.8717007960334646e-24
5.313173577768168 1.882911720087024e-24
5.3146276213515415 1.8956803429526467e-24
5.316082062859565 1.907238193619668e-24
5.31753690240114 1.9156036042393843e-24
5.318992140085195 1.92456827032288e-24
5.320447776020686 1.935945586313442e-24
5.321903810316604 1.9447356991840464e-24
5.323360243081967 1.9532571669937536e-24
5.324817074425822 1.9649633800831194e-24
5.3262743044572485 1.977704322875391e-24
5.327731933285355 1.9887387670915482e-24
5.329189961019276 1.9965877706529176e-24
5.330648387768182 2.0060202068538925e-24
5.33210721364127 2.0173832762539053e-24
5.333566438747766 2.0256779544709834e-24
5.3350260631969295 2.034646253715869e-24
5.336486087098045 2.046791796344461e-24
5.337946510560433 2.0595050902640942e-24
5.339407333693437 2.070050948860353e-24
5.340868556606435 2.0776574077927194e-24
5.342330179408835 2.0874231401521942e-24
5.343792202210073 2.098503921059436e-24
5.345254625119615 2.1064088660429304e-24
5.346717448246959 2.1157183545692802e-24
5.348180671701631 2.1270623618001574e-24
5.349644295593188 2.1354416872452527e-24
5.351108320031216 2.1442583820610336e-24
5.352572745125331 2.1555974909067257e-24
5.354037570985181 2.164458972298696e-24
5.355502797720442 2.1727751127559952e-24
5.356968425440822 2.184109333837798e-24
5.358434454256056 2.1934607381970185e-24
5.359900884275911 2.2012685721767995e-24
5.361367715610182 2.2122396228871674e-24
5.3628349483686995 2.222088708738302e-24
5.364302582661318 2.229738785938643e-24
5.365770618597924 2.2401909087098104e-24
5.367239056288437 2.2528340531162684e-24
5.3687078958428 2.265025830472645e-24
5.370177137370993 2.274055618748045e-24
5.371646780983022 2.282136728318319e-24
5.373116826788927 2.2933742877152923e-24
5.374587274898772 2.306000509019877e-24
5.376058125422656 2.3186225722351946e-24
5.377529378470706 2.3312424816601006e-24
5.379001034153081 2.3438581001198775e-24
5.380473092579968 2.3557763878548405e-24
5.381945553861586 2.3645399003200033e-24
5.3834184181081834 2.372839026877224e-24
5.384891685430038 2.3842875654207405e-24
5.386365355937457 2.3968862793955535e-24
5.387839429740781 2.4094807118954683e-24
5.389313906950379 2.422073117731339e-24
5.390788787676652 2.4346612438893107e-24
5.3922640720300254 2.447245802244028e-24
5.393739760120962 2.4598276221357776e-24
5.39521585205995 2.4724051671271984e-24
5.396692347957511 2.4849801288899245e-24
5.398169247924194 2.4975513695055958e-24
5.39964655207058 2.5101183400144708e-24
5.401124260507281 2.522683276343832e-24
5.402602373344937 2.535243944385226e-24
5.404080890694219 2.5478007977677537e-24
5.40555981266583 2.5603551634402808e-24
5.407039139370502 2.5729052656430004e-24
5.408518870918996 2.5854525757292233e-24
5.4099990074221065 2.597996377498384e-24
5.411479548990654 2.6105359206319093e-24
5.4129604957354935 2.6230734220799398e-24
5.41444184776751 2.6326387782857272e-24
5.415923605197614 2.640168056440404e-24
5.417405768136753 2.6506628911822133e-24
5.4188883366959 2.660824154364942e-24
5.420371310986059 2.6678526870362872e-24
5.421854691118269 2.6741108860263477e-24
5.423338477203593 2.6821142928060516e-24
5.424822669353127 2.6932440247091925e-24
5.426307267678 2.702749621658658e-24
5.427792272289366 2.710251455293442e-24
5.429277683298416 2.720751277187125e-24
5.430763500816365 2.730873340338098e-24
5.432249724954463 2.7378694986288657e-24
5.433736355823987 2.7441140135269472e-24
5.435223393536248 2.7520950477150014e-24
5.436710838202584 2.7631955592132695e-24
5.438198689934367 2.7756740634613946e-24
5.439686948842997 2.7881485842520204e-24
5.441175615039905 2.8006207985025022e-24
5.442664688636551 2.8130887841966452e-24
5.444154169744429 2.8255539238514066e-24
5.445644058475063 2.838015621619124e-24
5.447134354940002 2.850473095787725e-24
5.448625059250833 2.862928505811215e-24
5.45011617151917 2.875379694142768e-24
5.451607691856656 2.8878270347369356e-24
5.453099620374967 2.900271937423029e-24
5.45459195718581 2.9127126233994995e-24
5.456084702400922 2.925492993462876e-24
5.457577856132066 2.941377560183713e-24
5.459071418491044 2.9584653951323095e-24
5.460565389589682 2.972443349984764e-24
5.46205976953984 2.984867259328551e-24
5.463554558453406 2.9972875533501403e-24
5.465049756442301 3.0097051815159186e-24
5.466545363618476 3.0241996874743266e-24
5.468041380093911 3.041610710377722e-24
5.46953780598062 3.0569367722205052e-24
5.471034641390643 3.069339716896111e-24
5.472531886436055 3.0817405825036407e-24
5.474029541228959 3.0941372503456434e-24
5.47552760588149 3.1072124109762195e-24
5.477026080505815 3.1233815354693786e-24
5.4785249652141275 3.14008595543938e-24
5.480024260118656 3.1536913370898886e-24
5.481523965331656 3.1660712612517965e-24
5.483024080965416 3.1796057342000828e-24
5.484524607132258 3.1962310491766194e-24
5.486025543944528 3.2124418287840634e-24
5.487526891514609 3.22555676951118e-24
5.489028649954909 3.237919962002557e-24
5.490530819377872 3.2518934477190518e-24
5.492033399895971 3.2689538422328507e-24
5.493536391621708 3.2846921107877346e-24
5.495039794667617 3.29821574902312e-24
5.496543609146266 3.3145263033740955e-24
5.498047835170247 3.3309905831852646e-24
5.499552472852189 3.344363811743438e-24
5.50105752230475 3.356636109282456e-24
5.502562983640615 3.370120658439679e-24
5.504068856972507 3.386746178125488e-24
5.505575142413173 3.4028217495972626e-24
5.507081840075395 3.4163056518767394e-24
5.508588950071985 3.432197420070541e-24
5.5100964725157855 3.449019220537468e-24
5.511604407519671 3.462759816887019e-24
5.513112755196543 3.475068708081595e-24
5.5146215156593374 3.487373925214267e-24
5.516130689021024 3.499676554619102e-24
5.517640275394596 3.511975030212819e-24
5.5191502748930805 3.524375991881604e-24
5.52066068762954 3.539845141450007e-24
5.522171513717064 3.557028428608073e-24
5.523682753268771 3.571137452266523e-24
5.525194406397813 3.583419262784056e-24
5.526706473217375 3.595698141599324e-24
5.5282189538406685 3.607973695404878e-24
5.529731848380939 3.620245107907717e-24
5.531245156951461 3.6325144053463845e-24
5.532758879665543 3.6475072002386066e-24
5.534273016636523 3.664768825127335e-24
5.535787567977768 3.67930009267992e-24
5.537302533802679 3.691554862955163e-24
5.538817914224685 3.703807513611792e-24
5.54033370935725 3.716056032372026e-24
5.541849919313866 3.728300452075035e-24
5.543366544208056 3.74054271968987e-24
5.544883584153375 3.755005555208124e-24
5.54640103926341 3.7722410644935385e-24
5.547918909651779 3.787248262320964e-24
5.549437195432128 3.799476033363695e-24
5.550955896718138 3.811701677398994e-24
5.5524750136235195 3.823923202243572e-24
5.553994546262015 3.836141589642416e-24
5.555514494747392 3.848356868683054e-24
5.557034859193459 3.8622362728527675e-24
5.558555639714051 3.8791656012602345e-24
5.560076836423033 3.894702284174287e-24
5.561598449434302 3.907183304255545e-24
5.563120478861787 3.919381983268665e-24
5.564642924819448 3.931576555905828e-24
5.566165787421275 3.943768992450244e-24
5.5676890667812895 3.955957324745609e-24
5.569212763013546 3.968141616620578e-24
5.570736876232129 3.980323708998164e-24
5.572261406551153 3.992501702516946e-24
5.573786354084767 4.0046772113799315e-24
5.575311718947146 4.01684896755103e-24
5.5768375012525 4.0290166302705754e-24
5.578363701115073 4.041182149533001e-24
5.579890318649134 4.053343577494181e-24
5.581417353968987 4.065502148045691e-24
5.582944807188965 4.077657341697464e-24
5.584472678423436 4.0883375721915096e-24
5.586000967786795 4.095978704638987e-24
5.587529675393471 4.104594458022268e-24
5.589058801357925 4.116243967785062e-24
5.5905883457946475 4.128382612651496e-24
5.592118308818158 4.1405171792746894e-24
5.593648690543013 4.152649593383428e-24
5.595179491083798 4.1620678105381074e-24
5.5967107105551275 4.16919265521803e-24
5.598242349071651 4.17902488605215e-24
5.599774406748045 4.1911429254186045e-24
5.6013068836990225 4.203258807747623e-24
5.602839780039323 4.212514427872185e-24
5.604373095883722 4.2196224854524414e-24
5.605906831347024 4.229584268287796e-24
5.607440986544065 4.241685794431619e-24
5.60897556158971 4.2537851590188746e-24
5.610510556598861 4.265880462941446e-24
5.612045971686448 4.277971784287475e-24
5.6135818069674315 4.290060866498349e-24
5.615118062556806 4.3021458935840636e-24
5.616654738569596 4.314228632264848e-24
5.618191835120857 4.326307440375334e-24
5.6197293523256775 4.338382198917446e-24
5.621267290299178 4.350454788577572e-24
5.622805649156506 4.362523330900489e-24
5.6243444290128455 4.374589420156786e-24
5.625883629983413 4.3866517467955295e-24
5.62742325218345 4.398710031680577e-24
5.6289632957282345 4.4107661431753175e-24
5.630503760733076 4.4228182151619894e-24
5.632044647313313 4.434867706474022e-24
5.6335859555843175 4.446913566112709e-24
5.635127685661493 4.4589553918536186e-24
5.636669837660274 4.4709950396998935e-24
5.638212411696126 4.480768848482944e-24
5.639755407884549 4.487801793564331e-24
5.641298826341071 4.497093008232015e-24
5.642842667181252 4.5091183894736245e-24
5.644386930520687 4.5211415883202755e-24
5.645931616474998 4.533160763441065e-24
5.647476725159844 4.545177214239481e-24
5.649022256690911 4.557190183820735e-24
5.650568211183916 4.567898323711318e-24
5.652114588754614 4.575602949984225e-24
5.653661389518787 4.583906510468802e-24
5.655208613592246 4.59520865752192e-24
5.65675626109084 4.6072052043106254e-24
5.658304332130447 4.6191977410178864e-24
5.659852826826976 4.631188086341701e-24
5.6614017452963665 4.643174423887884e-24
5.662951087654594 4.6551580429027195e-24
5.664500854017661 4.667138181900257e-24
5.666051044501604 4.6803898289277984e-24
5.667601659222493 4.69663238985736e-24
5.669152698296426 4.7123268210935245e-24
5.670704161839536 4.72527024774602e-24
5.672256049967986 4.740379996394154e-24
5.6738083627979705 4.756995007870948e-24
5.675361100445718 4.77070652648831e-24
5.676914263027486 4.782660068934265e-24
5.678467850659565 4.794757790677345e-24
5.680021863458281 4.8098377374277394e-24
5.681576301539984 4.826634452524301e-24
5.683131165021061 4.8404430173136076e-24
5.684686454017933 4.854467115514803e-24
5.686242168647047 4.8714019563265484e-24
5.687798309024885 4.886246024310045e-24
5.689354875267961 4.899207137903563e-24
5.690911867492821 4.915146757163075e-24
5.692469285816042 4.9310334820343044e-24
5.6940271303542325 4.943937280915886e-24
5.695585401224037 4.958803760806421e-24
5.697144098542125 4.975714481751026e-24
5.698703222425203 4.989671104434189e-24
5.700262772990008 5.0034573286409505e-24
5.70182275035331 5.020216810967309e-24
5.703383154631908 5.035233391558298e-24
5.704943985942635 5.0480753119679144e-24
5.706505244402358 5.063744398944824e-24
5.708066930127972 5.0798280607249964e-24
5.709629043236406 5.092937060439458e-24
5.711191583844622 5.10750865564744e-24
5.712754552069611 5.12438721584377e-24
5.714317948028398 5.138573439817146e-24
5.715881771838043 5.150445310957822e-24
5.717446023615633 5.162314957692799e-24
5.719010703478286 5.1741806562482274e-24
5.72057581154316 5.186043217202588e-24
5.722141347927437 5.1979027439013235e-24
5.723707312748335 5.211179733030066e-24
5.725273706123103 5.227417525874215e-24
5.726840528169022 5.242845536927955e-24
5.7284077790034065 5.2553077157809244e-24
5.729975458743601 5.267150963573976e-24
5.731543567506984 5.278990277482035e-24
5.7331121054109655 5.2908273580745456e-24
5.734681072572986 5.3026605072246316e-24
5.736250469110519 5.3145928728859976e-24
5.7378202951410735 5.3294773274730135e-24
5.739390550782186 5.346198747435074e-24
5.740961236151427 5.359962099922563e-24
5.742532351366399 5.371778998834596e-24
5.744103896544738 5.383593658296812e-24
5.74567587180411 5.398231385692205e-24
5.747248277262215 5.4150384387853684e-24
5.748821113036783 5.429016030006597e-24
5.750394379245579 5.442495764430202e-24
5.751968076006399 5.458922674672894e-24
5.753542203437071 5.474038114635348e-24
5.755116761655455 5.486200915598261e-24
5.756691750779444 5.497989269667266e-24
5.7582671709269615 5.511190075681388e-24
5.759843022215968 5.527333876166603e-24
5.76141930476445 5.542695814407629e-24
5.76299601869043 5.555359187756341e-24
5.764573164111962 5.5703229115627296e-24
5.7661507411471336 5.5857082516616455e-24
5.767728749914061 5.595208091849345e-24
5.7693071905308955 5.601089141850145e-24
5.7708860631158245 5.606969064627697e-24
5.77246536778706 5.615739583485897e-24
5.77404510466285 5.6266156579675076e-24
5.7756252738614755 5.6345980192128894e-24
5.7772058755012505 5.640470979592362e-24
5.778786909700519 5.646342810534708e-24
5.780368376577657 5.654786122378695e-24
5.781950276251079 5.665654407483854e-24
5.783532608839222 5.67394780282113e-24
5.785115374460564 5.6798126821275894e-24
5.786698573233611 5.685676429785396e-24
5.788282205276903 5.6937724911768214e-24
5.789866270709011 5.7046330150481594e-24
5.7914507696485416 5.713257505084655e-24
5.793035702214131 5.719114311936457e-24
5.794621068524448 5.724969984930438e-24
5.796206868698192 5.732698783842232e-24
5.7977931028541025 5.743352659656552e-24
5.799379771110945 5.755054006029257e-24
5.800966873587516 5.766751863806687e-24
5.8025544104026485 5.7784470778489454e-24
5.804142381675209 5.7886425564542784e-24
5.805730787524093 5.795913758437171e-24
5.807319628068228 5.804094863811429e-24
5.80890890342658 5.815195210635122e-24
5.810498613718142 5.826874310254625e-24
5.812088759061938 5.8374528219315284e-24
5.813679339577032 5.845111266824087e-24
5.815270355382515 5.852877132321032e-24
5.816861806597512 5.8635585064976154e-24
5.818453693341178 5.8752215093586925e-24
5.820046015732707 5.8862032824977316e-24
5.82163877389132 5.894268918896754e-24
5.823231967936271 5.901599636842974e-24
5.82482559798685 5.91184163936869e-24
5.826419664162376 5.9234885632775445e-24
5.828014166582204 5.934894034488895e-24
5.829609105365718 5.9433867789709165e-24
5.831204480632339 5.950262473988617e-24
5.832800292501516 5.960045224046421e-24
5.834396541092733 5.969803449179561e-24
5.83599322652551 5.976652329747416e-24
5.837590348919393 5.985149716897567e-24
5.839187908393964 5.9965507534446555e-24
5.84078590506884 6.008169390265983e-24
5.842384339063668 6.01838643600105e-24
5.843983210498127 6.0256983677495034e-24
5.84558251949193 6.033704853072179e-24
5.847182266164825 6.044611665459766e-24
5.848782450636589 6.056214268584354e-24
5.850383073027033 6.0678130638989285e-24
5.8519841334560025 6.079409560075797e-24
5.853585632043375 6.0892859708499686e-24
5.855187568909058 6.0962339514158116e-24
5.856789944172995 6.104436820037387e-24
5.858392757955161 6.115562820376064e-24
5.859996010375565 6.1271432909318524e-24
5.861599701554248 6.1387199654733436e-24
5.863203831611284 6.150294334823381e-24
5.864808400666781 6.1618649108494505e-24
5.8664134088408755 6.173433180015092e-24
5.868018856253743 6.184997658552588e-24
5.869624743025588 6.1965587204799175e-24
5.8712310692766465 6.208117102561489e-24
5.872837835127192 6.219671700458695e-24
5.87444504069753 6.2312239871227904e-24
5.876052686107997 6.242772492314149e-24
5.8776607714789595 6.254341584269723e-24
5.879269296930822 6.268791581911194e-24
5.880878262584025 6.286099539714339e-24
5.8824876685590315 6.303404024116471e-24
5.884097514976346 6.319144312313614e-24
5.885707801956503 6.331998800135665e-24
5.887318529620071 6.3458470337164904e-24
5.888929698087649 6.362573535247619e-24
5.890541307479872 6.379854102432031e-24
5.892153357917406 6.397129025076072e-24
5.8937658495209515 6.414400465278437e-24
5.895378782411241 6.4299499488959906e-24
5.896992156709041 6.442619053273867e-24
5.898605972535149 6.456592048003341e-24
5.900220230010399 6.473437466955873e-24
5.901834929255655 6.490685025937788e-24
5.903450070391816 6.505744443518832e-24
5.905065653539811 6.5150551331724655e-24
5.906681678820607 6.5226349364799015e-24
5.9082981463552 6.533085028706616e-24
5.90991505626462 6.54456749980776e-24
5.911532408669931 6.556046787646582e-24
5.913150203692232 6.567523185132472e-24
5.914768441452651 6.5778128865758654e-24
5.91638712207235 6.585233084390518e-24
5.918006245672527 6.592882630554742e-24
5.919625812374411 6.603397011372146e-24
5.921245822299264 6.6148575317652304e-24
5.922866275568383 6.625803881112027e-24
5.924487172303095 6.633884595715587e-24
5.926108512624766 6.64084617942341e-24
5.927730296654787 6.65066830449701e-24
5.92935252451459 6.662112967402629e-24
5.930975196325633 6.673555288989482e-24
5.932598312209414 6.684993889598085e-24
5.934221872287463 6.695892411842636e-24
5.935845876681336 6.703930829297779e-24
5.937470325512633 6.710896361744574e-24
5.939095218902979 6.720716963285336e-24
5.940720556974038 6.732139731333084e-24
5.942346339847504 6.743560152070156e-24
5.943972567645103 6.754976864177766e-24
5.945599240488598 6.766390221140927e-24
5.947226358499784 6.777800878497912e-24
5.948853921800488 6.78798010558618e-24
5.950481930512571 6.795306218869835e-24
5.95211038475793 6.80293485196365e-24
5.95373928465849 6.813411893930032e-24
5.955368630336213 6.824806749181599e-24
5.956998421913096 6.836198338846198e-24
5.958628659511167 6.847587145820361e-24
5.960259343252485 6.85897226335073e-24
5.961890473259145 6.870355023266683e-24
5.963522049653278 6.88173409661817e-24
5.965154072557045 6.893110810701158e-24
5.96678654209264 6.901941669387418e-24
5.968419458382291 6.908311597656977e-24
5.970052821548264 6.917220758066818e-24
5.971686631712851 6.928584069873352e-24
5.973320888998382 6.939945018097959e-24
5.97495559352722 6.951302292337897e-24
5.97659074542176 6.96265720134362e-24
5.9782263448044315 6.97400843927177e-24
5.979862391797699 6.985356812697512e-24
5.98149888652406 6.996702015574755e-24
5.98313582910604 7.008043554208563e-24
5.984773219666206 7.019382723301825e-24
5.986411058327155 7.030718231075163e-24
5.988049345211517 7.042051367657509e-24
5.989688080441956 7.05111980215816e-24
5.991327264141171 7.057261043690987e-24
5.992966896431892 7.06e-24
5.994606977436884 7.060752741314799e-24
5.996247507278946 7.064334221397717e-24
5.997888486080912 7.069991108557248e-24
5.999529913965644 7.075646807147411e-24
6.001171791056044 7.081300682928321e-24
6.002814117475046 7.08695336931575e-24
6.004456893345614 7.092604234372556e-24
6.006100118790749 7.097714369312049e-24
6.007743793933486 7.1e-24
6.009387918896893 7.101185054499044e-24
6.01103249380407 7.10519212438575e-24
6.012677518778152 7.110835153589817e-24
6.014322993942309 7.116476990432046e-24
6.015968919419743 7.122117012383752e-24
6.017615295333689 7.128043018243052e-24
6.019262121807419 7.136785154635977e-24
6.0209093989642355 7.148055562561093e-24
6.022557126927476 7.15932358147949e-24
6.024205305820509 7.170587980581088e-24
6.025853935766745 7.181849989031562e-24
6.027503016889618 7.195292436292592e-24
6.029152549312602 7.211546570011676e-24
6.0308025331592034 7.225614899919952e-24
6.032452968552962 7.236865544897261e-24
6.034103855617452 7.248111925698771e-24
6.0357551944762795 7.259354699713631e-24
6.037406985253089 7.270595077159283e-24
6.039059228071554 7.281831850842835e-24
6.040711923055381 7.293066226315059e-24
6.042365070328318 7.306774686331557e-24
6.04401867001414 7.32300250569344e-24
6.045672722236656 7.336749597609513e-24
6.047327227119712 7.348839491282406e-24
6.048982184787187 7.363647798014669e-24
6.050637595362993 7.378894298230154e-24
6.052293458971075 7.391417524062411e-24
6.053949775735416 7.404684226338947e-24
6.055606545780028 7.420750238251418e-24
6.05726376922896 7.437555033318826e-24
6.058921446206295 7.454354870148243e-24
6.0605795768361475 7.471150682021757e-24
6.062238161242668 7.48794112787633e-24
6.0638971995500395 7.50472795870361e-24
6.065556691882483 7.521509428125672e-24
6.067216638364247 7.53828728006389e-24
6.068877039119618 7.555059775219393e-24
6.070537894272919 7.571828545976282e-24
6.0721992039485 7.588592069040714e-24
6.073860968270752 7.605350246057186e-24
6.075523187364096 7.622104799215445e-24
6.077185861352989 7.637649345884182e-24
6.0788489903619185 7.650399730946762e-24
6.08051257451541 7.663344644739474e-24
6.0821766139380244 7.679076465062004e-24
6.083841108754351 7.695807752923083e-24
6.085506059089018 7.712534968103798e-24
6.087171465066685 7.729257297345025e-24
6.0888373268120475 7.745974305323109e-24
6.090503644449833 7.762687678176335e-24
6.092170418104806 7.779395734457598e-24
6.093837647901763 7.796100153164225e-24
6.095505333965537 7.812799259999013e-24
6.09717347642099 7.829494726809976e-24
6.098842075393025 7.846184886458164e-24
6.100511131006574 7.862668459601739e-24
6.102180643386605 7.876368013751329e-24
6.103850612658119 7.888246278508238e-24
6.105521038946156 7.902900211182748e-24
6.107191922375785 7.919567191742113e-24
6.108863263072109 7.936230523485728e-24
6.1105350611602685 7.952888568439349e-24
6.1122073167654385 7.969542962131853e-24
6.113880030012823 7.986192073786996e-24
6.115553201027666 8.00283695934683e-24
6.117226829935245 8.019477140020415e-24
6.118900916860868 7.934970683332154e-24
6.12057546192988 7.470799192964491e-24
6.12225046526766 7.037993151261686e-24
6.123925926999624 7.275698071032746e-24
6.125601847251216 7.58100914050846e-24
6.12727822614792 7.440409937417509e-24
6.128955063815253 7.092826943149064e-24
6.130632360378763 6.689521960766947e-24
6.132310115964035 6.4538657286242635e-24
6.133988330696692 6.386181563150111e-24
6.135667004702386 6.31298330044118e-24
6.137346138106804 6.4165050063440835e-24
6.1390257310356695 6.942807700961725e-24
6.140705783614741 7.292410075847739e-24
6.142386295969806 6.965167451123196e-24
6.144067268226692 6.821387156706096e-24
6.1457487005112625 7.224357833216078e-24
6.147430592949409 7.492920378032112e-24
6.149112945667059 7.70036116033254e-24
6.15079575879018 8.87765413661492e-24
6.152479032444767 1.0096218365948562e-23
6.154162766756855 9.293993162432687e-24
6.155846961852509 7.920101189964631e-24
6.157531617857832 7.800218333661924e-24
6.159216734898959 1.037760041754035e-23
6.160902313102062 1.5840888640921758e-23
6.162588352593344 2.0319689201528282e-23
6.164274853499046 2.285488856710883e-23
6.165961815945443 2.4537457618974882e-23
6.167649240058842 2.5767457222846756e-23
6.169337125965587 2.762957922812772e-23
6.171025473792056 2.724453559776853e-23
6.172714283664661 2.1170317819891002e-23
6.1744035557098496 1.9326446449904266e-23
6.176093290054103 2.8527189551435357e-23
6.177783486823939 2.964044996251678e-23
6.179474146145906 1.6568741146421748e-23
6.181165268146592 8.655248710753973e-24
6.182856852952616 8.215438015058086e-24
6.184548900690632 7.973191640592558e-24
6.186241411487331 8.00068935601831e-24
6.187934385469437 8.326998700268389e-24
6.189627822763708 8.937558801724649e-24
6.191321723496937 9.723361680953709e-24
6.193016087795955 1.1891489401394314e-23
6.1947109157876215 1.5872472277919273e-23
6.1964062075988355 1.8090359439016673e-23
6.19810196335653 1.8447757513335174e-23
6.199798183187674 2.892711556270826e-23
6.201494867219266 4.50681392019102e-23
6.203192015578342 4.4224697469731955e-23
6.204889628391978 3.121762806254251e-23
6.206587705787276 2.009948290257496e-23
6.208286247891378 1.2721597644591382e-23
6.2099852548314605 9.86711392931369e-24
6.211684726734734 8.935781967506837e-24
6.2133846637284424 8.037434033510784e-24
6.215085065939867 7.506039438791708e-24
6.216785933496325 7.386378112645559e-24
6.2184872665251625 7.543943116265636e-24
6.2201890651537655 7.829083425039045e-24
6.221891329509555 7.732485078618511e-24
6.223594059719986 7.462816861957485e-24
6.225297255912542 7.460269901107436e-24
6.227000918214755 1.016197662502515e-23
6.228705046754181 1.7226843684115853e-23
6.23040964165841 2.2640552362659476e-23
6.2321147030550765 2.342424100727977e-23
6.233820231071842 1.980925247453969e-23
6.235526225836407 1.2943312347667824e-23
6.237232687476503 9.784583650268826e-24
6.2389396161199 1.0392359465319284e-23
6.240647011894401 1.1179384118574019e-23
6.242354874927845 1.3027586815749142e-23
6.244063205348105 1.7211861279429023e-23
6.245772003283093 2.438971267910893e-23
6.2474812688607475 3.4417404019096555e-23
6.24919100220905 3.544685668174046e-23
6.2509012034560145 2.208893177019564e-23
6.252611872729689 1.1919902597728903e-23
6.254323010158156 1.0137218381499354e-23
6.256034615869536 9.322483888556511e-24
6.2577466899919845 8.39747720669967e-24
6.259459232653687 7.462652708692786e-24
6.261172243982868 7.550558458406714e-24
6.2628857241077895 1.0858885414231526e-23
6.264599673156743 1.4168606088734074e-23
6.266314091258058 1.2861491559745024e-23
6.2680289785401 4.3950146068257883e-23
6.269744335131268 1.3059013437772308e-22
6.271460161159997 1.5623998948394323e-22
6.273176456754756 7.69819668802151e-23
6.274893222044052 2.0343693354507786e-23
6.276610457156423 1.3247226201175584e-23
6.278328162220444 1.3212405980471736e-23
6.280046337364729 1.737554063871518e-23
6.28176498271792 2.531797950432391e-23
6.283484098408701 3.542740967055373e-23
6.2852036845657855 4.356419104723231e-23
6.286923741317928 4.267256108393256e-23
6.288644268793911 2.6924006972465703e-23
6.290365267122558 1.1319577879299471e-23
6.292086736432728 6.438158287628066e-24
6.293808676853313 5.770831090607361e-24
6.295531088513238 5.950055105416532e-24
6.297253971541469 7.56589857641612e-24
6.2989773260670034 1.0183050299715182e-23
6.300701152218872 9.693331822895615e-24
6.302425450126147 1.1723493739287619e-23
6.304150219917933 3.5337509716060726e-23
6.305875461723367 6.051020500872281e-23
6.307601175671625 4.798140969218496e-23
6.309327361891917 2.183857946339392e-23
6.311054020513489 1.3444623610671753e-23
6.312781151665622 1.3660823913135416e-23
6.314508755477631 1.4280040484858247e-23
6.31623683207887 1.5010391344328308e-23
6.317965381598723 1.571371064352586e-23
6.319694404166615 3.071498719931238e-23
6.321423899912003 5.856382682123883e-23
6.323153868964381 6.017358692174811e-23
6.3248843114532765 3.82376996492731e-23
6.326615227508254 2.1945196107108286e-23
6.328346617258916 4.768155676739777e-23
6.330078480834894 1.7949067736109573e-22
6.3318108183658595 2.821250590969298e-22
6.333543629981521 1.8502250035014998e-22
6.335276915811619 1.1283479881530486e-22
6.337010675985928 2.449016824926122e-22
6.338744910634263 2.9977460177415094e-22
6.340479619886473 1.498720666425239e-22
6.342214803872439 6.696639873332967e-23
6.343950462722082 1.1557595717249238e-22
6.345686596565358 1.1398363412628739e-22
6.347423205532256 5.295729776300978e-23
6.349160289752801 2.5978437681549747e-23
6.350897849357055 1.1259507174364898e-22
6.3526358844751165 5.082344417545853e-22
6.354374395237118 1.0544292661051842e-21
6.356113381773226 1.4159618723108287e-21
6.357852844213646 1.5374168537430472e-21
6.359592782688617 1.4134086314229773e-21
6.361333197328415 1.0745565214428797e-21
6.363074088263351 5.843245932826794e-22
6.364815455623771 2.26652025228337e-22
6.366557299540056 1.0718916062615336e-22
6.368299620142626 5.800227317986864e-23
6.370042417561934 2.8466467206277846e-23
6.371785691928469 2.3723096143676885e-23
6.373529443372754 3.858837444182684e-23
6.375273672025354 3.445483582711503e-23
6.377018378016864 1.758838614687858e-23
6.378763561477912 1.394219456218158e-23
6.380509222539171 7.264113973901706e-23
6.382255361331344 2.679200596691635e-22
6.38400197798517 4.71811010257415e-22
6.385749072631422 5.262617911052677e-22
6.387496645400915 4.343579698126849e-22
6.389244696424493 2.2626829323874226e-22
6.390993225833038 7.20898183065258e-23
6.392742233757472 5.0375069064857846e-23
6.394491720328746 4.9195475385751733e-23
6.396241685677852 3.15400522105116e-23
6.397992129935815 1.1656346987836945e-22
6.399743053233697 2.9351849973488877e-22
6.401494455702595 2.7591503118240593e-22
6.403246337473645 1.0142163739180799e-22
6.404998698678014 5.2016398773475525e-23
6.40675153944691 8.837524702979781e-23
6.408504859911572 7.668333600767622e-23
6.410258660203277 5.910250835471392e-23
6.412012940453339 1.0682235871610743e-22
6.413767700793108 1.4960153560928524e-22
6.4155229413539665 1.1131626350121507e-22
6.4172786622673375 3.196540758349457e-22
6.419034863664679 9.744446123500517e-22
6.420791545677481 1.1868917778461315e-21
6.422548708437273 5.896795456350903e-22
6.424306352075622 1.58701984700477e-22
6.426064476724128 1.6367429103468437e-22
6.427823082514426 8.218705877105205e-22
6.429582169578191 2.0260073346223965e-21
6.4313417380471325 2.1898128477890305e-21
6.4331017880529915 1.4509865939409865e-21
6.434862319727554 1.2737668938028637e-21
6.436623333202634 1.5572564432589999e-21
6.438384828610086 1.8169652449402724e-21
6.440146806081799 1.936375267465468e-21
6.441909265749699 1.726587950289224e-21
6.443672207745745 1.2569024979382365e-21
6.445435632201938 6.741780373435009e-22
6.44719953925031 2.151907807027853e-22
6.4489639290229315 7.478492729062013e-23
6.450728801651907 7.363229211016629e-23
6.45249415726938 7.810739196277967e-23
6.454259996007529 7.958719374024763e-23
6.456026317998568 7.48110003998878e-23
6.457793123374747 6.071186971714185e-23
6.459560412268354 3.7526179733071674e-23
6.461328184811713 3.0976358903571617e-23
6.463096441137179 4.216256851906293e-23
6.464865181377151 4.204477567057347e-23
6.4666344056640614 3.157703490524573e-23
6.468404114130378 2.669695859389746e-23
6.4701743069086 2.957046166119293e-23
6.471944984131274 4.465644712607683e-23
6.473716145930975 6.13269311876916e-23
6.475487792440315 5.567415143135415e-23
6.477259923791944 2.0034873465054428e-22
6.479032540118549 7.274721829328546e-22
6.480805641552848 1.0975566045183141e-21
6.482579228227603 7.227550802858596e-22
6.4843533002756075 4.989932009382421e-22
6.4861278578296915 1.1563022189857275e-21
6.487902901022724 1.4915559756231504e-21
6.489678429987608 8.245525832598349e-22
6.491454444857283 2.387230905527722e-22
6.493230945764726 1.7649278069211112e-22
6.495007932842948 2.507567387066227e-22
6.496785406225001 3.4224193356788695e-22
6.498563366043969 3.4631077360861717e-22
6.500341812432975 2.570024454995548e-22
6.5021207455251755 2.677526288529902e-22
6.503900165453769 4.1091456147841177e-22
6.505680072351982 8.262078460722623e-22
6.507460466353086 1.4345119669765049e-21
6.509241347590384 1.7760991173920352e-21
6.511022716197218 2.0001610032355438e-21
6.512804572306963 2.591394408870686e-21
6.514586916053034 3.0033058634801534e-21
6.516369747568882 2.1356436146737644e-21
6.518153066987994 8.067481845217503e-22
6.519936874443891 3.4255027290231254e-22
6.521721170070135 3.223002580106887e-22
6.523505954000321 2.036198876074456e-22
6.525291226368083 8.075016442191033e-23
6.5270769873070895 3.3762266375758115e-23
6.528863236951048 4.644015135879235e-23
6.5306499754337 1.016984396117694e-22
6.532437202888826 1.2200826313929095e-22
6.534224919450242 7.513165208789319e-23
6.536013125251799 5.1882998479737875e-23
6.5378018204273864 7.977382030547444e-23
6.539591005110932 1.2093824637151749e-22
6.541380679436396 1.6611346012554453e-22
6.543170843537778 1.5680784530370896e-22
6.544961497549116 1.3401066511798877e-22
6.546752641604481 1.8097609272781747e-21
6.54854427583798 4.824712009491036e-21
6.550336400383761 4.5224358929794495e-21
6.552129015376008 2.0770042765470373e-21
6.553922120948939 4.8240202652090426e-21
6.555715717236808 1.0267303456824797e-20
6.557509804373911 8.667916264413287e-21
6.5593043824945765 2.7496319899506448e-21
6.5610994517331696 4.463856499871138e-22
6.562895012224095 6.079288133015404e-22
6.564691064101791 5.877712869542365e-22
6.5664876075007355 4.672983444249825e-22
6.568284642555442 3.814654907447375e-22
6.570082169400459 4.242718740052914e-22
6.5718801881703754 6.8726916225151495e-22
6.573678698999815 2.106413221598816e-21
6.575477702023438 5.399720707587794e-21
6.577277197375942 7.60031419746968e-21
6.579077185192062 6.697886046253589e-21
6.580877665606568 4.781432851372374e-21
6.58267863875427 3.1103489653690955e-21
6.584480104770014 1.866462549670487e-21
6.586282063788677 1.0938551830005957e-21
6.588084515945183 5.950261642170111e-22
6.589887461374487 2.8559359145726035e-22
6.59169090021158 1.245516838956459e-22
6.593494832591492 9.229200394444517e-23
6.595299258649291 1.189873101740585e-21
6.597104178520081 3.504628913363476e-21
6.598909592339 3.58041404963971e-21
6.600715500241228 1.2686474343328125e-21
6.60252190236198 2.6236082630126995e-22
6.604328798836505 5.785295933157654e-22
6.606136189800093 5.599247756413204e-22
6.607944075388071 2.5686481016712104e-22
6.6097524557358 1.4299381482316796e-22
6.611561330978679 2.157872416144778e-22
6.613370701252147 4.098697329156051e-22
6.615180566691677 6.356614202683856e-22
6.616990927432779 5.696850784426419e-22
6.618801783611002 3.4731534122195595e-22
6.620613135361932 3.6609239481563706e-22
6.6224249828211885 5.497863263780481e-22
6.624237326124432 7.078249291978636e-22
6.626050165407361 7.890356178808305e-22
6.627863500805707 7.120514538022695e-22
6.629677332455239 4.922713833549672e-21
6.631491660491768 1.9497858644607582e-20
6.63330648505114 3.050791277371943e-20
6.635121806269233 2.1145566604416544e-20
6.636937624281969 6.115524776642532e-21
6.638753939225305 1.1530741300126032e-21
6.640570751235234 1.2345598166316962e-21
6.642388060447786 1.5637831150133208e-21
6.644205866999031 2.2013751458823704e-21
6.646024171025075 3.1706776752137482e-21
6.647842972662058 6.5097697805620084e-21
6.649662272046163 1.3348771142661916e-20
6.651482069313605 1.5327991104000677e-20
6.6533023646006395 8.28992238978348e-21
6.655123158043558 2.3257558904977895e-21
6.65694444977869 1.8872746074766362e-21
6.658766239942403 2.0838329152506327e-21
6.660588528671099 1.0597612418342871e-21
6.662411316101219 6.988201117231499e-22
6.664234602369243 1.550027337382463e-21
6.666058387611686 1.8867476431193505e-21
6.667882671965099 1.2995401156275048e-21
6.669707455566078 8.70619760739901e-22
6.671532738551246 8.083585015635514e-22
6.673358521057269 9.951896953606016e-22
6.67518480322085 1.4039201710693052e-21
6.677011585178731 1.4860794295304954e-21
6.678838867067688 1.192396494271496e-21
6.680666649024534 1.3214714435582404e-21
6.682494931186126 1.9178204698377397e-21
6.68432371368935 1.843744102829752e-21
6.686152996671135 1.085754613496803e-21
6.687982780268445 8.041572754954854e-22
6.689813064618283 1.1753566945762829e-21
6.691643849857689 5.182007021152346e-21
6.6934751361237375 1.207187597422726e-20
6.695306923553547 1.1543181030451365e-20
6.6971392122842675 4.57191673810886e-21
6.69897200245309 1.5241193111991138e-21
6.700805294197241 2.1957543500524235e-21
6.702639087653987 4.428448385734139e-21
6.704473382960627 7.635103354543349e-21
6.706308180254505 8.309338345289825e-21
6.708143479672998 7.710349855705252e-21
6.709979281353519 1.2078447472128929e-20
6.71181558543352 1.865377964677743e-20
6.713652392050497 1.5682765862805994e-20
6.715489701341974 6.164051707060242e-21
6.7173275134455155 1.7330292150611994e-21
6.719165828498728 1.3581246617858388e-21
6.721004646639251 1.3494992513991263e-21
6.7228439680047645 1.5031719578727626e-21
6.724683792732982 1.1349405481644236e-21
6.7265241209616615 1.1172329312372944e-21
6.728364952828593 4.033412727966792e-21
6.730206288471605 7.754551256641029e-21
6.7320481280285644 6.394911997037996e-21
6.7338904716373795 2.1556430012827127e-21
6.735733319435989 7.7422840059119765e-22
6.737576671562376 1.2481134105014919e-21
6.739420528154557 1.119322423877798e-21
6.741264889350589 7.031594310819203e-21
6.743109755288565 3.3450117482715287e-20
6.744955126106618 6.06730424267782e-20
6.746801001942915 4.745259939127108e-20
6.7486473829356655 1.702782539923353e-20
6.750494269223111 1.613632767195901e-20
6.752341660943539 2.8695501782634234e-20
6.754189558235268 2.3809403776115508e-20
6.756037961236655 1.0297998192266564e-20
6.757886870086098 4.4361580221778696e-21
6.759736284922033 4.655526688135749e-21
6.761586205882926 8.068521862554281e-21
6.7634366331072915 1.1668900724593549e-20
6.765287566733679 1.0336189496364142e-20
6.767139006900673 7.079030582390608e-21
6.768990953746894 6.915245769001404e-21
6.770843407411007 7.580878112630437e-21
6.7726963680317125 5.392467187533327e-21
6.774549835747745 2.4580995541817404e-21
6.776403810697882 2.1475345255860633e-21
6.778258293020938 7.206648170776914e-21
6.780113282855762 2.1926017315670214e-20
6.781968780341244 3.4195252790019214e-20
6.7838247856163125 2.5091411060726687e-20
6.785681298819933 7.868245126530701e-21
6.787538320091109 3.18749631635425e-21
6.789395849568882 5.018041805335969e-21
6.791253887392331 3.9600439396810565e-21
6.793112433700577 2.275188418504034e-21
6.79497148863277 3.511204282589781e-21
6.796831052328109 5.485752869881198e-21
6.798691124925824 4.741563953831902e-21
6.8005517065651855 3.2682641628474117e-21
6.802412797385501 4.26418857229769e-21
6.804274397526118 5.962244892175911e-21
6.806136507126421 5.466538322377814e-21
6.80799912632583 4.262438436608542e-21
6.809862255263811 4.842229484427059e-21
6.811725894079856 6.222588041530637e-21
6.813590042913507 6.711279809937792e-21
6.815454701904339 7.454743250164649e-21
6.817319871191965 1.0522023500530349e-20
6.8191855509160355 2.5375797249623755e-20
6.821051741216241 7.007281857357923e-20
6.822918442232311 1.118598028308143e-19
6.82478565410401 8.636814385994438e-20
6.8266533769711435 2.823193917545143e-20
6.828521610973555 7.865148525866064e-21
6.830390356251125 1.1381570925962064e-20
6.832259612943773 9.33822726975422e-21
6.834129381191456 4.485916074582531e-21
6.835999661134172 3.126174574858323e-21
6.837870452911952 4.985973092920728e-21
6.839741756664871 9.550864065006767e-21
6.841613572533043 1.4895815053954694e-20
6.8434859006566136 1.5820034388832838e-20
6.845358741175769 1.318480852439493e-20
6.847232094230738 9.311740152700828e-21
6.849105959961786 5.4275294124614295e-21
6.850980338509213 5.579888549533571e-21
6.852855230013361 8.754790814139085e-21
6.8547306346146115 1.1483421617242252e-20
6.856606552453382 1.3635523560323567e-20
6.858482983670125 1.46e-20
6.860359928405342 1.4542466615680016e-20
6.862237386799563 1.413892963633584e-20
6.8641153589933595 1.4983872933682917e-20
6.865993845127341 2.6549115361898045e-20
6.867872845342159 4.8177186878837647e-20
6.869752359778499 7.715612648476734e-20
6.871632388577085 1.0810599497107265e-19
6.873512931878685 9.123950441698606e-20
6.875393989824101 3.307924569793997e-20
6.877275562554173 4.790716023835899e-21
6.879157650209781 4.343740528183762e-21
6.881040252931845 3.699726266383228e-21
6.88292337086132 2.898076124581462e-21
6.884807004139201 4.714978153087032e-21
6.886691152906527 9.119674849154108e-21
6.888575817304366 9.542557703984651e-21
6.890460997473831 5.911047112087878e-21
6.892346693556071 5.163703092161033e-21
6.8942329056922755 7.523231120858059e-21
6.896119634023672 8.881441198227667e-21
6.898006878691527 8.986982656820202e-21
6.899894639837144 8.710803574205871e-21
6.9017829176018655 8.117508239453743e-21
6.903671712127074 7.226670917735815e-21
6.90556102355419 6.028903838936633e-21
6.907450852024676 6.2385107114045066e-21
6.909341197680025 8.226230656885818e-21
6.911232060661777 7.172068630769712e-20
6.913123441111506 2.1359772464428724e-19
6.915015339170827 2.5366312477855984e-19
6.916907754981393 1.3356234216089868e-19
6.918800688684895 2.874871501824646e-20
6.920694140423065 4.059646949666726e-21
6.922588110337671 3.0564815734830224e-21
6.924482598570521 2.056052130418268e-21
6.926377605263464 1.3818764531814719e-21
6.928273130558383 1.2295156058835784e-21
6.930169174597202 1.303456818302016e-21
6.932065737521889 1.4287745816429244e-21
6.933962819474442 1.5755765484544188e-21
6.935860420596903 1.7223365899241406e-21
6.937758541031353 1.8690583407062356e-21
6.939657180919911 2.0157381441943067e-21
6.941556340404733 2.16237972893847e-21
6.943456019628016 2.3089793444496025e-21
6.945356218731998 2.4555408132763187e-21
6.947256937858953 2.6020602909450117e-21
6.949158177151192 2.7485416941039836e-21
6.951059936751069 2.894981084193467e-21
6.952962216800975 3.041382472063793e-21
6.954865017443341 3.18774182496699e-21
6.956768338820634 3.3340632480572344e-21
6.958672181075366 3.480342614296703e-21
6.960576544350082 3.626584123245193e-21
6.962481428787367 3.77278355347289e-21
6.964386834529849 3.946115322618473e-21
6.966292761720192 4.299557779359786e-21
6.968199210501099 4.807394150383789e-21
6.970106181015311 5.3296830553633045e-21
6.972013673405611 5.864911423046042e-21
6.973921687814819 6.397335398196388e-21
6.9758302243857955 6.9270795626314e-21
6.977739283261439 7.459236194235832e-21
6.9796488645846875 7.993885753145652e-21
6.981558968498515 8.528487813188559e-21
6.983469595145942 9.062935142121465e-21
6.985380744670023 9.595180191294484e-21
6.987292417213849 1.012484232303684e-20
6.989204612920557 1.0655925670462376e-20
6.991117331933319 1.1189282233440576e-20
6.993030574395346 1.1723008948623864e-20
6.994944340449889 1.225658069314339e-20
6.99685863024024 1.279001600613626e-20
6.998773443909728 1.332329626871829e-20
7.000688781601722 1.38564403700372e-20
7.0026046434596285 1.438942934124973e-20
7.004521029626895 1.5289672762036822e-20
7.006437940247008 1.6867657401699503e-20
7.008355375463495 1.8790440157960746e-20
7.010273335419919 2.0785261751497762e-20
7.012191820259887 2.281757155124037e-20
7.01411083012704 2.4849288124358e-20
7.01603036516506 2.6888775039878137e-20
7.0179504255176735 2.895183663869632e-20
7.019871011328639 3.1023643146342215e-20
7.021792122741756 3.3070687607173964e-20
7.02371375990087 3.5099672705748926e-20
7.025635922949856 3.7128063667836133e-20
7.027558612032633 3.915594201092326e-20
7.029481827293163 4.118322591464136e-20
7.031405568875442 4.320999824445508e-20
7.033329836923507 4.523617583221624e-20
7.035254631581433 4.7261828595988426e-20
7.037179952993338 4.9286900612063676e-20
7.0391058013033785 5.1311377420769045e-20
7.041032176655747 5.333534461128953e-20
7.04295907919468 5.535871629208349e-20
7.044886509064451 5.855032655302384e-20
7.046814466409372 6.313773025268268e-20
7.0487429513737965 6.806117173094502e-20
7.0506719641021185 7.312756279187494e-20
7.052601504738767 7.8227316701007e-20
7.054531573428214 8.332556537086305e-20
7.056462170314973 8.842253849017117e-20
7.058393295543593 9.351800560919619e-20
7.060324949258663 9.859965792049872e-20
7.062257131604813 1.0365578461011911e-19
7.064189842726715 1.1023242329685386e-19
7.066123082769074 1.2028824134114897e-19
7.068056851876641 1.3237555820174528e-19
7.069991150194202 1.4469922189726803e-19
7.071925977866587 1.5717399509729496e-19
7.073861335038661 1.6964506688065058e-19
7.075797221855332 1.8211304277505105e-19
7.077733638461547 1.9457731539258299e-19
7.07967058500229 2.070384987161775e-19
7.08160806162259 2.194959769039968e-19
7.083546068467511 2.318989191885172e-19
7.085484605682158 2.407081411538897e-19
7.087423673411676 2.459742145099748e-19
7.089363271801252 2.510175668368144e-19
7.091303400996108 2.558200925728787e-19
7.093244061141508 2.6080332859882973e-19
7.095185252382757 2.6602425131426276e-19
7.0971269748652 2.711054274021798e-19
7.099069228734219 2.75946060918084e-19
7.101012014135238 2.807243599527346e-19
7.102955331213718 2.8550122997689326e-19
7.104899180115165 2.902769267933148e-19
7.10684356098512 2.9505119388710103e-19
7.108788473969165 2.998242903384063e-19
7.110733919212924 3.045959563554456e-19
7.112679896862058 3.0936645429928696e-19
7.11462640706227 3.1413552109772864e-19
7.116573449959301 3.188390559180918e-19
7.118521025698934 3.2330290265493256e-19
7.120469134426989 3.2755078139272103e-19
7.12241777628933 3.3155925785010576e-19
7.124366951431858 3.3536942874022577e-19
7.126316660000512 3.391784530097705e-19
7.128266902141276 3.4298648829964916e-19
7.130217678000172 3.4679343917671093e-19
7.13216898772326 3.5059924255198745e-19
7.134120831456641 3.5440412154126346e-19
7.136073209346456 3.5820785246174595e-19
7.138026121538889 3.621926290158752e-19
7.139979568180159 3.6641386117677533e-19
7.141933549416526 3.7053263297486393e-19
7.143888065394297 3.7441265132922014e-19
7.145843116259808 3.782113237198104e-19
7.147798702159441 3.8200884634305536e-19
7.149754823239618 3.858054529011571e-19
7.151711479646805 3.8960090912657033e-19
7.153668671527496 3.933954513751645e-19
7.155626399028238 3.971888427261298e-19
7.157584662295612 4.0098132219186164e-19
7.15954346147624 4.0477265019545082e-19
7.161502796716782 4.085630684086351e-19
7.163462668163943 4.1235233459557877e-19
7.165423075964464 4.1613849800676817e-19
7.1673840202651276 4.1968691162056625e-19
7.1693455012127565 4.2299972576814936e-19
7.1713075189542135 4.2652366521965824e-19
7.173270073636403 4.3028311315887685e-19
7.175233165406268 4.338813811863516e-19
7.17719679441079 4.372421216631732e-19
7.1791609607969935 4.40707977895333e-19
7.181125664711944 4.444090530520832e-19
7.183090906302743 4.494862706723754e-19
7.185056685716539 4.569231811367985e-19
7.187023003100514 4.652173889292455e-19
7.188989858601892 4.730371156852211e-19
7.190957252367941 4.8058686896651535e-19
7.192925184545965 4.8813430968887975e-19
7.194893655283311 4.956345614163438e-19
7.196862664727362 5.028968482678305e-19
7.19883221302555 5.099838096032842e-19
7.200802300325339 5.17304107332514e-19
7.202772926774235 5.248413471875699e-19
7.204744092519788 5.321532938141161e-19
7.2067157977095855 5.392274976993006e-19
7.208688042491254 5.464817607310521e-19
7.210660827012463 5.53969132274018e-19
7.212634151420925 5.613317738973148e-19
7.2146080158643855 5.684569603204491e-19
7.216582420490637 5.756441786128226e-19
7.218557365447509 5.83064213400809e-19
7.220532850882872 5.905830201064839e-19
7.222508876944639 5.980995057841513e-19
7.224485443780762 6.055401276210812e-19
7.226462551539233 6.127437260999474e-19
7.228440200368083 6.198284870381429e-19
7.230418390415387 6.271456259312574e-19
7.23239712182926 6.346395241628019e-19
7.234376394757856 6.418966872839263e-19
7.236356209349367 6.489299716540353e-19
7.238336565752034 6.561772551777778e-19
7.2403174641141295 6.636566874659862e-19
7.24229890458397 6.709684453885217e-19
7.244280887309913 6.780436920223565e-19
7.24626341244036 6.852201156235562e-19
7.248246480123747 6.926283949295347e-19
7.250230090508551 6.979476595117602e-19
7.252214243743296 6.990591559724508e-19
7.25419893997654 6.962972090631513e-19
7.2561841793568815 6.883885447468968e-19
7.258169962032968 6.771178416895455e-19
7.260156288153478 6.656170373340652e-19
7.262143157867137 6.539360289249244e-19
7.264130571322706 6.42258665492554e-19
7.266118528668993 6.305844175702059e-19
7.268107030054841 6.28522747517256e-19
7.2700960756291355 6.367330489277028e-19
7.272085665540805 6.461531855801872e-19
7.274075799938817 6.562702237136191e-19
7.276066478972178 6.665296191932548e-19
7.278057702789938 6.767858016495589e-19
7.280049471541188 6.871570480872892e-19
7.282041785375057 6.977580128371693e-19
7.284034644440716 7.083889044941963e-19
7.286028048887379 7.187836472350613e-19
7.2880219988643 7.290263988837745e-19
7.290016494520771 7.392659329542764e-19
7.292011536006125 7.495031457103996e-19
7.294007123469743 7.597371393725073e-19
7.296003257061038 7.699682793007435e-19
7.2979999369294655 7.804083035770016e-19
7.299997163224528 7.910775176524456e-19
7.301994936095765 8.015888776627457e-19
7.3039932556927525 8.118646033801753e-19
7.305992122165115 8.220820031247088e-19
7.307991535662514 8.32296178353043e-19
7.309991496334652 8.426129043989982e-19
7.311992004331271 8.531583759999643e-19
7.3139930598021605 8.637598875248054e-19
7.315994662897143 8.741261999297663e-19
7.317996813766087 8.843270469393725e-19
7.3199995125589 8.945246649028272e-19
7.322002759425532 9.047198962250738e-19
7.324006554515972 9.151394088330487e-19
7.326010897980249 9.257872846239477e-19
7.32801578996844 9.362464829078395e-19
7.330021230630656 9.464708536267626e-19
7.332027220117048 9.566519558045343e-19
7.334033758577817 9.66829823532641e-19
7.336040846163198 9.771211665709992e-19
7.3380484830234645 9.876404272149812e-19
7.340056669308939 9.98038775593568e-19
7.342065405169982 1.0077407201516956e-18
7.344074690756993 1.016981291204047e-18
7.346084526220412 1.026218917749049e-18
7.348094911710728 1.035472732413231e-18
7.350105847378462 1.0470307200395943e-18
7.352117333374178 1.0608753271910858e-18
7.354129369848486 1.0727776418875301e-18
7.356141956952035 1.0823692583264027e-18
7.35815509483551 1.0915919426311286e-18
7.360168783649646 1.1008116775334854e-18
7.362183023545212 1.1100293896345696e-18
7.364197814673023 1.1192441509725585e-18
7.366213157183932 1.1292226419364558e-18
7.368229051228836 1.1415000308305108e-18
7.370245496958672 1.1549420646187035e-18
7.372262494524417 1.1660792948730359e-18
7.374280044077089 1.1752820471976132e-18
7.376298145767755 1.1844819136151588e-18
7.3783167997475125 1.1936788243858217e-18
7.380336006167505 1.2028737344532929e-18
7.38235576517892 1.2120656875174888e-18
7.384376076932982 1.2212556455628966e-18
7.38639694158096 1.2304426452498162e-18
7.388418359274161 1.2406825384311142e-18
7.390440330163939 1.253214559389333e-18
7.392462854401684 1.267629576258387e-18
7.394485932138828 1.2843337584861668e-18
7.396509563526847 1.3024515342214983e-18
7.39853374871726 1.3182712593746238e-18
7.4005584878616215 1.3320258957059896e-18
7.402583781111531 1.3457767402045107e-18
7.404609628618632 1.3595231378352789e-18
7.406636030534602 1.3732665849574622e-18
7.408662987011169 1.3870055831874625e-18
7.410690498200096 1.4007416395154837e-18
7.412718564253192 1.414473244928704e-18
7.414747185322302 1.4282019170595388e-18
7.416776361559319 1.4419261362547511e-18
7.418806093116174 1.455647430800185e-18
7.420836380144839 1.4693642703909841e-18
7.422867222797327 1.4830781557006302e-18
7.424898621225699 1.4967876223154496e-18
7.42693057558205 1.5104926307387198e-18
7.428963086018517 1.524194731020815e-18
7.430996152687285 1.537892371095447e-18
7.433029775740578 1.5501816300494062e-18
7.435063955330656 1.560184926725958e-18
7.437098691609826 1.5702777959855176e-18
7.439133984730439 1.5826477010670526e-18
7.441169834844882 1.5963277423594311e-18
7.443206242105585 1.6100033174074892e-18
7.445243206665023 1.6236760190890877e-18
7.447280728675711 1.637344252517769e-18
7.449318808290204 1.6510083248417984e-18
7.4513574456611 1.6646692233707089e-18
7.453396640941039 1.6783256504165622e-18
7.455436394282703 1.691979220780289e-18
7.4574767058388165 1.7056283176554708e-18
7.459517575762144 1.7192745666035598e-18
7.461559004205491 1.7329163400594779e-18
7.463600991321708 1.7465552743564744e-18
7.465643537263684 1.7601897311595103e-18
7.467686642184355 1.773821357584972e-18
7.469730306236691 1.787448504516543e-18
7.471774529573711 1.801071555227526e-18
7.473819312348473 1.8146913990840777e-18
7.475864654714077 1.8283067602222313e-18
7.477910556823662 1.8419193078152287e-18
7.479957018830415 1.855527370693081e-18
7.482004040887562 1.8691326288491073e-18
7.484051623148369 1.882733400295101e-18
7.486099765766145 1.8958096511415855e-18
7.488148468894245 1.9066165751422645e-18
7.49019773268606 1.9157289996785032e-18
7.492247557295023 1.927101771663335e-18
7.494297942874615 1.9406836773413214e-18
7.496348889578357 1.954262615613195e-18
7.498400397559807 1.967837059972135e-18
7.500452466972569 1.981408734276868e-18
7.50250509797029 1.994975912680756e-18
7.504558290706656 2.0085403299223792e-18
7.506612045335398 2.022100249277139e-18
7.508666362010288 2.0356574163748636e-18
7.51072124088514 2.0492100836015975e-18
7.512776682113808 2.0627597261415428e-18
7.514832685850191 2.076305148176537e-18
7.51688925224823 2.0898460671263015e-18
7.518946381461907 2.1033842509210697e-18
7.521004073645244 2.1169179296497203e-18
7.523062328952311 2.1304488821710095e-18
7.525121147537216 2.143975327647225e-18
7.527180529554107 2.157499055877013e-18
7.529240475157181 2.171018275084673e-18
7.531300984500672 2.184534786020229e-18
7.533362057738856 2.1980467859585073e-18
7.535423695026053 2.211555059998103e-18
7.537485896516627 2.2250598476814656e-18
7.539548662364982 2.238560121159291e-18
7.541611992725562 2.250590247085236e-18
7.543675887752857 2.260367179932216e-18
7.5457403476014 2.2703250207426263e-18
7.547805372425761 2.2825270203073226e-18
7.549870962380557 2.29599658192644e-18
7.5519371176204455 2.309394879888841e-18
7.554003838300128 2.3227372031214776e-18
7.556071124574346 2.336139077283734e-18
7.558138976597885 2.3496031078371427e-18
7.5602073945255714 2.3630674346938548e-18
7.562276378512275 2.3765272362721934e-18
7.564345928712909 2.3899843914310306e-18
7.566416045282427 2.4034370193488524e-18
7.5684867283758255 2.416887009933858e-18
7.570557978148143 2.4303324713171203e-18
7.572629794754464 2.4437753044677692e-18
7.574702178349911 2.457213606457923e-18
7.576775129089649 2.470647680124788e-18
7.578848647128887 2.4840788298786914e-18
7.580922732622881 2.4975054452747434e-18
7.582997385726921 2.510929449964773e-18
7.585072606596343 2.524348918341553e-18
7.587148395386529 2.5511870856010457e-18
7.5892247522529 2.6182467959201294e-18
7.591301677350918 2.708450771465529e-18
7.59337917083609 2.760657394356507e-18
7.595457232863966 2.7785259901690686e-18
7.597535863590138 2.796390084195667e-18
7.599615063170239 2.814248120341498e-18
7.601694831759947 2.8321027234789528e-18
7.603775169514982 2.849951266138293e-18
7.605856076591104 2.8677963880559025e-18
7.6079375531441205 2.8856354469006865e-18
7.610019599329878 2.903769773395413e-18
7.612102215304264 2.9241258525143765e-18
7.614185401223214 2.946407083814226e-18
7.616269157242703 2.9706637586822643e-18
7.618353483518749 2.9971397566487226e-18
7.6204383802074105 3.0224215642250175e-18
7.622523847464796 3.045468870681236e-18
7.624609885447048 3.0686048926492745e-18
7.6266964943103535 3.0939571943530757e-18
7.628783674210948 3.120312430262121e-18
7.630871425305106 3.1444361954898848e-18
7.63295974774914 3.1666627781959726e-18
7.635048641699415 3.1908819948116726e-18
7.637138107312332 3.2173150509222427e-18
7.639228144744337 3.2425247616395033e-18
7.641318754151918 3.2655054248585317e-18
7.643409935691604 3.28858218739027e-18
7.645501689519975 3.3138697400879584e-18
7.647594015793641 3.3401748636017887e-18
7.649686914669266 3.36425397607264e-18
7.65178038630355 3.3864257753865794e-18
7.653874430853241 3.4105584730308367e-18
7.655969048475125 3.436899513140053e-18
7.658064239326036 3.462086525261141e-18
7.660160003562847 3.4850499570246095e-18
7.6622563413424745 3.508018467978815e-18
7.664353252821877 3.533192266121536e-18
7.666450738158064 3.559496608708149e-18
7.668548797508075 3.583580413390524e-18
7.670647431029 3.605697294847564e-18
7.672746638877973 3.629694536927507e-18
7.674846421212168 3.65589461105016e-18
7.676946778188803 3.6811082023753415e-18
7.679047709965138 3.704103693969204e-18
7.681149216698481 3.726915086069121e-18
7.683251298546176 3.75192624900676e-18
7.685353955665611 3.778279020942391e-18
7.687457188214223 3.8024167415798025e-18
7.689560996349488 3.824478571052976e-18
7.691665380228924 3.848291546614637e-18
7.693770340010094 3.874301830438758e-18
7.695875875850604 3.899591156812333e-18
7.697981987908102 3.9226678775332766e-18
7.700088676340279 3.9452734098830924e-18
7.702195941304874 3.970073183381038e-18
7.704303782959662 3.996499534284922e-18
7.706412201462465 4.020740271898464e-18
7.708521196971148 4.042770853570818e-18
7.710630769643619 4.066350878819948e-18
7.712740919637829 4.0921226752281134e-18
7.71485164711177 4.117536769036933e-18
7.716962952223485 4.14074376469043e-18
7.71907483513105 4.163094824300126e-18
7.721187295992587 4.1876345820644975e-18
7.723300334966269 4.213994585372619e-18
7.725413952210305 4.240347141081265e-18
7.727528147882947 4.266690488573812e-18
7.729642922142493 4.291679577168614e-18
7.731758275147285 4.314465556312249e-18
7.733874207055704 4.3371400139115755e-18
7.735990718026178 4.3619991531548165e-18
7.73810780821718 4.388187922207264e-18
7.740225477787222 4.412176646798471e-18
7.742343726894861 4.434087893372836e-18
7.744462555698698 4.457688954477869e-18
7.746581964357378 4.4834722141319716e-18
7.748701953029586 4.508672957807034e-18
7.750822521874056 4.531676123306524e-18
7.752943671049561 4.5540099564170554e-18
7.755065400714919 4.578522904601174e-18
7.75718771102899 4.6047682106127875e-18
7.759310602150681 4.6289957193167566e-18
7.76143407423894 4.6510281201784934e-18
7.763558127452756 4.674261625469902e-18
7.765682761951164 4.699671755369792e-18
7.7678079778932485 4.71539848863229e-18
7.769933775438128 4.700556966228227e-18
7.772060154744965 4.6673510945007304e-18
7.774187115972975 4.66687622463962e-18
7.776314659281409 4.697417825889218e-18
7.778442784829561 4.72795321235762e-18
7.780571492776774 4.758477798639026e-18
7.782700783282431 4.788997201303248e-18
7.78483065650596 4.819505799406249e-18
7.78696111260683 4.8500092366493474e-18
7.7890921517445575 4.880501864962017e-18
7.791223774078701 4.910986988231154e-18
7.793355979768861 4.941463665179709e-18
7.795488768974684 4.971929525874397e-18
7.797622141855859 5.002390269923222e-18
7.79975609857212 5.032840193357851e-18
7.801890639283241 5.0626773914035815e-18
7.804025764149046 5.090330595164232e-18
7.806161473329398 5.116412195308459e-18
7.808297766984204 5.144611100705506e-18
7.810434645273417 5.174972937861018e-18
7.812572108357032 5.205375160714053e-18
7.814710156395088 5.235766546937527e-18
7.816848789547667 5.266152906790464e-18
7.8189880079749 5.2965284256726945e-18
7.821127811836954 5.326898941186398e-18
7.823268201294042 5.357258611393247e-18
7.825409176506428 5.387608749953627e-18
7.827550737634411 5.417952590189498e-18
7.829692884838336 5.4482855778183764e-18
7.831835618278594 5.477629653755875e-18
7.833978938115619 5.504797810485414e-18
7.836122844509891 5.531094000116283e-18
7.838267337621929 5.559544390765228e-18
7.840412417612298 5.589837684668599e-18
7.842558084641611 5.620123282029675e-18
7.844704338870518 5.6503980108445716e-18
7.846851180459719 5.6806678491254735e-18
7.848998609569954 5.710926814547459e-18
7.851146626362009 5.740730338870677e-18
7.853295230996714 5.768363543074544e-18
7.8554444236349426 5.79428040432651e-18
7.857594204437612 5.820189686095525e-18
7.859744573565683 5.8460896383387126e-18
7.86189553118016 5.871985457346759e-18
7.8640470774420965 5.897871943144682e-18
7.866199212512585 5.924312244652148e-18
7.868351936552759 5.9528985765877305e-18
7.8705052497238075 5.983077848021538e-18
7.8726591521869524 6.011224153621171e-18
7.874813644103462 6.037205158926772e-18
7.876968725634654 6.062972228133313e-18
7.879124396941888 6.088601977630146e-18
7.881280658186563 6.114214020392762e-18
7.883437509530127 6.139944521449488e-18
7.885594951134071 6.1657631308192086e-18
7.887752983159933 6.1915732288998734e-18
7.889911605769287 6.217373970311341e-18
7.89207081912376 6.2431706968895706e-18
7.89423062338502 6.268958063139274e-18
7.896391018714778 6.294741434730675e-18
7.89855200527479 6.320515442338721e-18
7.9007135832268585 6.346284947778888e-18
7.902875752732825 6.374122260238139e-18
7.905038513954581 6.404096393392007e-18
7.907201867054059 6.432767086472119e-18
7.90936581219324 6.459282214816305e-18
7.911530349534141 6.4850162459557235e-18
7.9136954792388305 6.510740899608888e-18
7.915861201469422 6.5364612065772885e-18
7.918027516388068 6.5621725643674576e-18
7.920194424156966 6.587874538466393e-18
7.9223619249383646 6.613572617086333e-18
7.92453001889455 6.639261308380992e-18
7.926698706187853 6.664946124557214e-18
7.928867986980652 6.6906215497786484e-18
7.931037861435372 6.716292563912719e-18
7.933208329714474 6.741954739825844e-18
7.9353793919804705 6.767607518588277e-18
7.9375510483959175 6.794596256940822e-18
7.939723299123413 6.823712005393928e-18
7.941896144325602 6.8530079381714816e-18
7.944069584165172 6.880158055687767e-18
7.946243618804857 6.905779682806396e-18
7.948418248407434 6.9313928037216665e-18
7.950593473135726 6.956996514061469e-18
7.952769293152597 6.982596449459224e-18
7.9549457086209605 7.00818697067308e-18
7.957122719703772 7.0337737374924e-18
7.959300326564032 7.059351086523992e-18
7.961478529364786 7.084923232629138e-18
7.963657328269122 7.110487426456202e-18
7.965836723440173 7.136042196318043e-18
7.968016715041123 7.161593251952416e-18
7.970197303235192 7.187134880026065e-18
7.972378488185647 7.21312629602587e-18
7.974560270055804 7.241234870824607e-18
7.976742649009019 7.271011203982932e-18
7.978925625208694 7.326436089351972e-18
7.981109198818277 7.411608351112126e-18
7.98329337000126 7.486787138315772e-18
7.985478138921177 7.534320550095127e-18
7.987663505741612 7.567974965557051e-18
7.98984947062619 7.599494336900115e-18
7.992036033738582 7.629212723529831e-18
7.994223195242503 7.658923905639379e-18
7.996410955301714 7.688624062003906e-18
7.998599314080021 7.718320027817118e-18
8.000788271741271 7.748004963721091e-18
8.00297782844936 7.777866257119059e-18
8.005167984368232 7.809834821671196e-18
8.007358739661868 7.843732342916906e-18
8.009550094494296 7.876088069404065e-18
8.011742049029593 7.906313869715699e-18
8.013934603431878 7.935953265257978e-18
8.016127757865313 7.965581615409547e-18
8.018321512494106 7.995205871305175e-18
8.020515867482517 8.024819077666933e-18
8.022710822994842 8.054421244427947e-18
8.024906379195423 8.085363206009426e-18
8.027102536248652 8.118407261136496e-18
8.02929929431896 8.151646362187954e-18
8.031496653570827 8.182761252167334e-18
8.033694614168779 8.21232727897713e-18
8.035893176277384 8.241884111031218e-18
8.038092340061253 8.271429875099639e-18
8.040292105685047 8.300971640722647e-18
8.04249247331347 8.330502334236844e-18
8.044693443111273 8.360371402314656e-18
8.046895015243248 8.392336796969368e-18
8.049097189874235 8.426059855646002e-18
8.05129996716912 8.458110718327555e-18
8.05350334729283 8.48804251810712e-18
8.055707330410339 8.51752812301588e-18
8.05791191668667 8.547002640446452e-18
8.060117106286889 8.576559698948284e-18
8.062322899376102 8.608208893625757e-18
8.064529296119469 8.641865142399393e-18
8.066736296682187 8.674120025786044e-18
8.068943901229503 8.704260007118904e-18
8.071152109926704 8.733689609094412e-18
8.073360922939134 8.76310810826558e-18
8.075570340432172 8.792520976129829e-18
8.07778036257124 8.821924540806589e-18
8.079990989521814 8.85131699555341e-18
8.082202221449412 8.88180542947248e-18
8.084414058519595 8.914380781102007e-18
8.086626500897971 8.947654756209042e-18
8.088839548750194 8.978819581507185e-18
8.091053202241962 9.008173805539672e-18
8.093267461539018 9.03752156941202e-18
8.095482326807154 9.066858208083527e-18
8.097697798212202 9.109373439587279e-18
8.099913875920045 9.18747278685239e-18
8.102130560096604 9.287990760482488e-18
8.104347850907857 9.357632082860429e-18
8.106565748519813 9.395842922668033e-18
8.108784253098534 9.432263660994589e-18
8.11100336481013 9.466578847355743e-18
8.113223083820758 9.500461689256882e-18
8.115443410296606 9.536421431103108e-18
8.117664344403924 9.574040034720276e-18
8.119885886309003 9.609957534944113e-18
8.122108036178172 9.643772082158753e-18
8.124330794177812 9.678053502652152e-18
8.126554160474354 9.71440919549254e-18
8.128778135234263 9.751937551424688e-18
8.131002718624059 9.787366131862888e-18
8.133227910810302 9.820737535672033e-18
8.135453711959602 9.855403384549921e-18
8.137680122238613 9.892140874304124e-18
8.139907141814032 9.928256568758568e-18
8.142134770852604 9.958109479740436e-18
8.144363009521118 9.9831065840498e-18
8.146591857986413 1.0014959375325284e-17
8.148821316415368 1.0055129706378963e-17
8.151051384974917 1.0096759447641441e-17
8.153282063832023 1.0138373214853944e-17
8.155513353153712 1.0179982043954344e-17
8.157745253107045 1.0221574893281815e-17
8.159977763859132 1.0263152277896487e-17
8.162210885577128 1.0304724239956144e-17
8.16444461842824 1.0346280212153561e-17
8.16667896257971 1.0383527879402737e-17
8.168913918198832 1.04e-17
8.171149485452947 1.04e-17
8.17338566450944 1.0416577267645898e-17
8.175622455535738 1.0453903761942234e-17
8.177859858699318 1.0495397239537109e-17
8.180097874167704 1.0536874705791113e-17
8.182336502108466 1.0578346810419958e-17
8.184575742689212 1.0619803501104348e-17
8.186815596077604 1.066124417038046e-17
8.189056062441352 1.0702680116427711e-17
8.191297141948205 1.07441000353895e-17
8.193538834765956 1.0785515267791779e-17
8.195781141062453 1.0826914467439991e-17
8.198024061005583 1.0868301745987184e-17
8.200267594763284 1.0909680257382501e-17
8.202511742503535 1.0951042725974386e-17
8.204756504394364 1.0985861576823342e-17
8.207001880603844 1.1e-17
8.209247871300093 1.1e-17
8.211494476651279 1.1018524556840379e-17
8.213741696825608 1.1057703089573174e-17
8.21598953199134 1.1099003663437191e-17
8.218237982316783 1.1140288173168834e-17
8.22048704797028 1.118156817799619e-17
8.222736729120225 1.1222832113062005e-17
8.224987025935064 1.1264081440589474e-17
8.227237938583286 1.1305324832368207e-17
8.229489467233421 1.1346552144365633e-17
8.231741612054048 1.138773347939172e-17
8.233994373213797 1.1428694679473645e-17
8.236247750881336 1.146948280151124e-17
8.238501745225385 1.1494939826372668e-17
8.24075635641471 1.15e-17
8.243011584618118 1.1506640973148588e-17
8.245267430004468 1.1533850432916794e-17
8.247523892742663 1.1574993035084878e-17
8.249780973001652 1.1616122477990241e-17
8.25203867095043 1.165723580993019e-17
8.254296986758039 1.1698344856618756e-17
8.256555920593566 1.1739437786760113e-17
8.258815472626146 1.1780526468991764e-17
8.261075643024963 1.1821599029103095e-17
8.263336431959235 1.1862656178171712e-17
8.265597839598247 1.1903708400082433e-17
8.267859866111309 1.194474448989485e-17
8.27012251166779 1.1985776405495258e-17
8.272385776437101 1.2026792183440204e-17
8.274649660588704 1.2067796020182472e-17
8.276914164292098 1.2094150371762708e-17
8.27917928771684 1.21e-17
8.281445031032526 1.2105616396608571e-17
8.283711394408797 1.2131705215775284e-17
8.285978378015347 1.2172655663530805e-17
8.288245982021913 1.2077372980633962e-17
8.290514206598278 1.1818379237980604e-17
8.292783051914268 1.158757310171073e-17
8.295052518139764 1.15e-17
8.297322605444688 1.15e-17
8.299593313999008 1.15e-17
8.30186464397274 1.15e-17
8.304136595535947 1.15e-17
8.306409168858739 1.15e-17
8.308682364111268 1.1500978782474391e-17
8.310956181463741 1.1522360301436385e-17
8.313230621086403 1.156317135797998e-17
8.31550568314955 1.1591789839017986e-17
8.317781367823521 1.16e-17
8.320057675278711 1.16e-17
8.322334605685551 1.16e-17
8.32461215921452 1.16e-17
8.326890336036154 1.16e-17
8.32916913632102 1.16e-17
8.331448560239744 1.16e-17
8.333728607962993 1.16e-17
8.336009279661484 1.16e-17
8.338290575505978 1.16e-17
8.340572495667281 1.16e-17
8.342855040316252 1.16e-17
8.34513820962379 1.16e-17
8.347422003760848 1.16e-17
8.349706422898414 1.1617504008764985e-17
8.35199146720754 1.165531949276893e-17
8.35427713685931 1.1687815484003944e-17
8.356563432024856 1.17e-17
8.358850352875368 1.17e-17
8.361137899582072 1.17e-17
8.363426072316248 1.17e-17
8.365714871249214 1.1776479520267148e-17
8.368004296552346 1.201510504902324e-17
8.37029434839706 1.2338727380042626e-17
8.372585026954814 1.252045568188035e-17
8.374876332397129 1.2560965182805994e-17
8.377168264895555 1.259061135221218e-17
8.379460824621699 1.26e-17
8.381754011747216 1.26e-17
8.384047826443801 1.26e-17
8.386342268883201 1.26e-17
8.38863733923721 1.2612021118950032e-17
8.39093303767767 1.2644256428981591e-17
8.393229364376463 1.268223531003156e-17
8.395526319505525 1.27e-17
8.397823903236837 1.27e-17
8.400122115742427 1.27e-17
8.402420957194373 1.27e-17
8.40472042776479 1.2703419368777979e-17
8.407020527625855 1.2727009524473477e-17
8.40932125694978 1.2767356618399843e-17
8.411622615908833 1.2793766462704344e-17
8.413924604675321 1.28e-17
8.416227223421604 1.28e-17
8.418530472320082 1.28e-17
8.420834351543213 1.28e-17
8.423138861263496 1.2814676609647703e-17
8.425444001653474 1.2849486036811837e-17
8.427749772885743 1.2884809427164134e-17
8.430056175132947 1.29e-17
8.432363208567772 1.29e-17
8.434670873362949 1.29e-17
8.436979169691266 1.29e-17
8.439288097725555 1.290549539832705e-17
8.441597657638688 1.2931080051426799e-17
8.443907849603594 1.2971264058750798e-17
8.446218673793243 1.2995679405651049e-17
8.448530130380657 1.3e-17
8.450842219538899 1.3e-17
8.453154941441085 1.3e-17
8.455468296260376 1.3e-17
8.457782284169982 1.3016092873170554e-17
8.460096905343159 1.3052236851156132e-17
8.46241215995321 1.308614397798558e-17
8.464728048173487 1.31e-17
8.467044570177388 1.31e-17
8.46936172613836 1.31e-17
8.471679516229894 1.31e-17
8.473997940625535 1.3106334826082134e-17
8.47631699949887 1.3132677036374307e-17
8.478636693023534 1.317269728016766e-17
8.480957021373209 1.3196355069875488e-17
8.483277984721628 1.32e-17
8.485599583242571 1.32e-17
8.487921817109862 1.32e-17
8.490244686497373 1.32e-17
8.49256819157903 1.321627484755142e-17
8.494892332528801 1.3252518749431483e-17
8.497217109520701 1.3286243901880063e-17
8.499542522728792 1.33e-17
8.50186857232719 1.33e-17
8.504195258490052 1.3316062087525635e-17
8.506522581391586 1.3352065804392056e-17
8.508850541206044 1.338600371686642e-17
8.511179138107734 1.34e-17
8.513508372271001 1.34e-17
8.515838243870245 1.34e-17
8.51816875307991 1.34e-17
8.520499900074492 1.3405539097813962e-17
8.522831685028532 1.3430975895023692e-17
8.525164108116616 1.3470776739171352e-17
8.527497169513383 1.3495339941961622e-17
8.529830869393516 1.35e-17
8.532165207931747 1.35e-17
8.53450018530286 1.35e-17
8.536835801681677 1.35e-17
8.539172057243077 1.3514606202817683e-17
8.541508952161983 1.3549071536260792e-17
8.543846486613369 1.358446533344311e-17
8.54618466077225 1.36e-17
8.548523474813695 1.36e-17
8.55086292891282 1.36e-17
8.553203023244787 1.36e-17
8.555543757984804 1.3603512701431413e-17
8.557885133308137 1.3626840447412645e-17
8.560227149390089 1.3666475959248419e-17
8.562569806406014 1.3693148213267188e-17
8.564913104531318 1.37e-17
8.567257043941447 1.37e-17
8.569601624811906 1.37e-17
8.571946847318236 1.37e-17
8.574292711636033 1.3711927953720853e-17
8.576639217940944 1.3743632204830168e-17
8.578986366408659 1.3781704251109315e-17
8.581334157214915 1.38e-17
8.5836825905355 1.38e-17
8.586031666546248 1.38e-17
8.588381385423045 1.38e-17
8.590731747341822 1.3800266737025752e-17
8.593082752478558 1.3820265529999062e-17
8.595434401009282 1.3859735041919021e-17
8.59778669311007 1.3889736248945713e-17
8.600139628957045 1.39e-17
8.60249320872638 1.39e-17
8.604847432594294 1.39e-17
8.60720230073706 1.39e-17
8.609557813330992 1.3908032625682488e-17
8.611913970552457 1.393575838244138e-17
8.614270772577868 1.3975150033966572e-17
8.616628219583689 1.399742427720768e-17
8.618986311746426 1.4e-17
8.621345049242638 1.4e-17
8.623704432248939 1.4e-17
8.626064460941976 1.4e-17
8.628425135498453 1.401495541362536e-17
8.630786456095128 1.4049564665892798e-17
8.633148422908796 1.4084609252267435e-17
8.63551103611631 1.41e-17
8.637874295894562 1.41e-17
8.640238202420502 1.4113171968869504e-17
8.64260275587112 1.4145969921547682e-17
8.644967956423459 1.418279795267818e-17
8.647333804254615 1.42e-17
8.64970029954172 1.42e-17
8.652067442461965 1.42e-17
8.654435233192586 1.42e-17
8.65680367191087 1.4199544705190936e-17
8.659172758794146 1.4179507956858587e-17
8.6615424940198 1.414033969100216e-17
8.66391287776526 1.410117357692573e-17
8.666283910208005 1.4062024111114293e-17
8.66865559152556 1.40228784272577e-17
8.671027921895504 1.400165145373463e-17
8.673400901495464 1.4e-17
8.675774530503109 1.399298238657108e-17
8.678148809096163 1.396642257386817e-17
8.680523737452393 1.392733282725298e-17
8.682899315749623 1.388825430036398e-17
8.68527554416572 1.3849192445709711e-17
8.687652422878598 1.3810131940634932e-17
8.690029952066224 1.3771088112726863e-17
8.69240813190661 1.3732054376443203e-17
8.69478696257782 1.3706267419049649e-17
8.697166444257967 1.37e-17
8.699546577125208 1.3697753234158585e-17
8.701927361357754 1.3676020308194308e-17
8.704308797133862 1.3637042655217425e-17
8.706690884631836 1.3598069382364742e-17
8.709073624030033 1.3559112810551444e-17
8.71145701550686 1.3520157897302176e-17
8.713841059240766 1.3500338887933771e-17
8.716225755410253 1.35e-17
8.718611104193869 1.3491959494180347e-17
8.720997105770222 1.3464472292822188e-17
8.723383760317954 1.3425573579814273e-17
8.72577106801576 1.3386687282266935e-17
8.728159029042391 1.3347817709561253e-17
8.730547643576639 1.3314191208466752e-17
8.73293691179735 1.33e-17
8.735326833883413 1.33e-17
8.737717410013776 1.3286505385189902e-17
8.740108640367422 1.3253603632371731e-17
8.742500525123397 1.3214787306917646e-17
8.744893064460786 1.3175987725454324e-17
8.74728625855873 1.3137201630896674e-17
8.749680107596415 1.3108902965178166e-17
8.752074611753073 1.31e-17
8.754469771207996 1.31e-17
8.75686558614051 1.3081390313057383e-17
8.759262056730002 1.3043413138420501e-17
8.761659183155905 1.3004683243860785e-17
8.764056965597698 1.2965970116945193e-17
8.766455404234911 1.292726338117935e-17
8.768854499247126 1.2903953682731825e-17
8.771254250813971 1.29e-17
8.773654659115124 1.2895936133202141e-17
8.776055724330309 1.2872549809573473e-17
8.778457446639305 1.2833899607981037e-17
8.780859826221935 1.2795255880526037e-17
8.783262863258074 1.2756628944296299e-17
8.785666557927648 1.271800268336003e-17
8.788070910410628 1.2679393218429036e-17
8.790475920887037 1.2640799623180637e-17
8.792881589536947 1.2610750092731665e-17
8.795287916540476 1.26e-17
8.797694902077797 1.26e-17
8.800102546329128 1.2583617039927576e-17
8.80251084947474 1.254796298521196e-17
8.80491981169495 1.2509422520373507e-17
8.807329433170121 1.2470898875019959e-17
8.809739714080676 1.2432385055431676e-17
8.812150654607079 1.2406562755500837e-17
8.814562254929843 1.24e-17
8.816974515229536 1.2398826955141843e-17
8.819387435686771 1.237842802824526e-17
8.821801016482212 1.233997100266701e-17
8.82421525779657 1.2301516064719616e-17
8.826630159810612 1.2263077969663046e-17
8.829045722705146 1.2224644110033068e-17
8.831461946661037 1.2202712275526044e-17
8.833878831859195 1.22e-17
8.83629637848058 1.2234249092724663e-17
8.8387145867062 1.2402799134411075e-17
8.84113345671712 1.2671437786155957e-17
8.843552988694444 1.2865336004476514e-17
8.845973182819336 1.294407075418908e-17
8.848394039272996 1.298162249418211e-17
8.85081555823669 1.3e-17
8.853237739891725 1.3e-17
8.855660584419454 1.3008276818973291e-17
8.858084092001283 1.303569936377106e-17
8.860508262818673 1.3073996054985299e-17
8.86293309705313 1.309657351018753e-17
8.865358594886207 1.31e-17
8.867784756499507 1.3103974943669577e-17
8.870211582074694 1.3127067069117382e-17
8.872639071793465 1.3165306664427496e-17
8.875067225837576 1.3192214538979692e-17
8.877496044388835 1.32e-17
8.879925527629094 1.32e-17
8.882355675740254 1.3218631466043517e-17
8.884786488904272 1.3256356758118587e-17
8.887217967303151 1.3287725292075071e-17
8.889650111118943 1.33e-17
8.892082920533749 1.33e-17
8.894516395729728 1.3314040797906817e-17
8.89695053688908 1.3347146798765659e-17
8.899385344194055 1.3385279299709941e-17
8.901820817826957 1.3423394869522807e-17
8.90425695797014 1.3461496626059302e-17
8.906693764806006 1.3490275055387596e-17
8.909131238517006 1.35e-17
8.911569379285641 1.35e-17
8.914008187294465 1.3516421989077278e-17
8.91644766272608 1.3551868782618037e-17
8.918887805763138 1.3585446793540759e-17
8.92132861658834 1.36e-17
8.923770095384441 1.36e-17
8.926212242334238 1.3611492965545357e-17
8.928655057620585 1.3641982019877783e-17
8.931098541426387 1.367997939606635e-17
8.933542693934593 1.3699490341733927e-17
8.935987515328208 1.37e-17
8.93843300579028 1.3706434736400067e-17
8.940879165503912 1.3731836810551322e-17
8.94332599465226 1.3769776676799964e-17
8.945773493418528 1.3794374602648709e-17
8.948221661985961 1.38e-17
8.950670500537868 1.380124753939499e-17
8.9531200092576 1.382143363021103e-17
8.955570188328561 1.3859315915921463e-17
8.958021037934206 1.3832660279956819e-17
8.960472558258035 1.3654573769415367e-17
8.962924749483605 1.3389563231399653e-17
8.965377611794516 1.3198837229676396e-17
8.967831145374427 1.310280481599574e-17
8.970285350407043 1.3027142584312183e-17
8.972740227076113 1.2951514379850208e-17
8.975195775565444 1.287591247144004e-17
8.977651996058896 1.2800317026480132e-17
8.980108888740371 1.272475562701904e-17
8.98256645379383 1.2649201129129098e-17
8.985024691403268 1.2573672417423706e-17
8.987483601752754 1.2498177769479863e-17
8.989943185026391 1.2422681664676688e-17
8.992403441408335 1.234721963255864e-17
8.994864371082794 1.2271780749388906e-17
8.997325974234029 1.21860128413152e-17
8.999788251046345 1.2081433768524757e-17
9.002251201704105 1.196834676273487e-17
9.004714826391716 1.187216748526386e-17
9.00717912529364 1.179487272988623e-17
9.009644098594384 1.1719542167228335e-17
9.012109746478513 1.1644245722559025e-17
9.014576069130639 1.1568970226100172e-17
9.017043066735422 1.1493706090011834e-17
9.019510739477575 1.141847609009088e-17
9.021979087541862 1.1343248274842527e-17
9.024448111113097 1.1268050510691415e-17
9.02691781037614 1.1192886900871575e-17
9.029388185515913 1.1117721290694724e-17
9.03185923671738 1.1042589843648562e-17
9.034330964165553 1.0967478094603054e-17
9.036803368045502 1.0892378728369785e-17
9.039276448542346 1.0817313543396048e-17
9.041750205841247 1.0742249610570132e-17
9.044224640127428 1.06672164330624e-17
9.04669975158616 1.0592217454927848e-17
9.049175540402764 1.0512296385707456e-17
9.051652006762602 1.0414232049880554e-17
9.054129150851104 1.0302924484154534e-17
9.056606972853743 1.0202086174803922e-17
9.05908547295604 1.0119465088168417e-17
9.061564651343566 1.004456649205967e-17
9.06404450820195 9.97308284567095e-18
9.066525043716865 9.905375461186563e-18
9.069006258074037 9.836281992577475e-18
9.071488151459246 9.759742166568974e-18
9.073970724058318 9.677481877763047e-18
9.076453976057131 9.596275432575392e-18
9.078937907641617 9.516974779583278e-18
9.081422518997755 9.438504084744548e-18
9.083907810311574 9.36006260207855e-18
9.08639378176916 9.281657122719251e-18
9.088880433556648 9.203248675126961e-18
9.09136776586022 9.124876239882002e-18
9.093855778866107 9.046528121171313e-18
9.096344472760602 8.968188642479618e-18
9.098833847730042 8.889885195009778e-18
9.101323903960807 8.811587707260041e-18
9.103814641639346 8.73175048686372e-18
9.106306060952143 8.650086552264877e-18
9.10879816208574 8.568415423338144e-18
9.111290945226735 8.488643117747593e-18
9.113784410561763 8.410468440511837e-18
9.116278558277521 8.332299430730945e-18
9.118773388560758 8.254166498823786e-18
9.121268901598267 8.176042593330749e-18
9.123765097576896 8.097942292987204e-18
9.126261976683548 8.019878089320927e-18
9.128759539105168 7.941638279177086e-18
9.131257785028762 7.861577665342752e-18
9.133756714641375 7.779862477423134e-18
9.136256328130116 7.698892251577011e-18
9.138756625682142 7.619815567529092e-18
9.141257607484652 7.541865618605701e-18
9.143759273724909 7.463934938502686e-18
9.146261624590217 7.386040401496535e-18
9.14876466026794 7.30761988401443e-18
9.151268380945488 7.179210931874003e-18
9.153772786810322 7.001321397125713e-18
9.156277878049956 6.828628839613747e-18
9.158783654851954 6.672682881723386e-18
9.161290117403933 6.5282424466145e-18
9.16379726589356 6.383827834441916e-18
9.166305100508556 6.23948043103862e-18
9.16881362143669 6.095134903190702e-18
9.171322828865783 5.9508470275430424e-18
9.173832722983708 5.8066263953484225e-18
9.176343303978392 5.662397881072998e-18
9.178854572037807 5.5182366264958556e-18
9.181366527349983 5.37412063906228e-18
9.183879170102998 5.2300185953873906e-18
9.186392500484985 5.085983846021683e-18
9.188906518684119 4.941963025743071e-18
9.191421224888641 4.799448465802647e-18
9.193936619286832 4.658846181759809e-18
9.196452702067027 4.518468255808894e-18
9.198969473417616 4.3763127278539896e-18
9.20148693352704 4.2325218783828185e-18
9.204005082583787 4.088731167975698e-18
9.206523920776398 3.945007837079763e-18
9.209043448293475 3.801312414170327e-18
9.211563665323656 3.65764767251895e-18
9.21408457205564 3.5140503448523175e-18
9.216606168678176 3.3704504435763773e-18
9.21912845538007 3.2269115528514553e-18
9.221651432350166 3.0834401105525194e-18
9.224175099777373 2.9399594881438785e-18
9.226699457850648 2.796546330107259e-18
9.229224506758994 2.653176992704941e-18
9.231750246691474 2.5264000922436102e-18
9.234276677837197 2.4327492955244318e-18
9.236803800385326 2.3556019956026958e-18
9.239331614525076 2.307081383634428e-18
9.241860120445713 2.2953043389199146e-18
9.244389318336555 2.2916332673875052e-18
9.24691920838697 2.2879639278779048e-18
9.249449790786384 2.2842961697897696e-18
9.251981065724266 2.280628308183133e-18
9.254513033390147 2.2769621794777562e-18
9.257045693973597 2.273296883919748e-18
9.259579047664248 2.2696322291561454e-18
9.262113094651784 2.265969308171413e-18
9.264647835125935 2.2623064775729023e-18
9.267183269276485 2.2586450265590116e-18
9.269719397293272 2.2549853102007542e-18
9.272256219366188 2.251325324775929e-18
9.274793735685169 2.2476670744078226e-18
9.277331946440206 2.2440101817854247e-18
9.27987085182135 2.2418280922981573e-18
9.282410452018695 2.2433016598198447e-18
9.284950747222389 2.246956080877208e-18
9.28749173762263 2.2396485273732186e-18
9.290033423409678 2.215907723645371e-18
9.292575804773833 2.1866921471032195e-18
9.295118881905449 2.157488908389614e-18
9.297662654994943 2.128299571104895e-18
9.30020712423277 2.099107925801257e-18
9.302752289809444 2.0699301850993085e-18
9.305298151915533 2.0407622328705174e-18
9.307844710741652 2.0115960533586165e-18
9.31039196647847 1.982443785417562e-18
9.312939919316715 1.9532956778133943e-18
9.315488569447155 1.9241549387637452e-18
9.318037917060614 1.8950281182471834e-18
9.320587962347979 1.8658998746248613e-18
9.323138705500174 1.8367845506221984e-18
9.325690146708185 1.8076831521078838e-18
9.328242286163045 1.778952563097539e-18
9.330795124055847 1.752053185248176e-18
9.333348660577723 1.7266077484214907e-18
9.335902895919869 1.700338685751421e-18
9.338457830273532 1.6722657787779416e-18
9.341013463830006 1.643205196098479e-18
9.343569796780638 1.6141520213885473e-18
9.346126829316836 1.5851127891751774e-18
9.348684561630048 1.5560721423638956e-18
9.35124299391178 1.5270442732537575e-18
9.353802126353596 1.4980303535655095e-18
9.356361959147105 1.4690138116940337e-18
9.358922492483968 1.440011222344342e-18
9.361483726555903 1.4110184395715274e-18
9.364045661554677 1.3820271446252913e-18
9.366608297672112 1.3530498091101122e-18
9.369171635100084 1.3240770146337163e-18
9.371735674030516 1.295110940607062e-18
9.374300414655387 1.2661588329136175e-18
9.37686585716673 1.2372060460099785e-18
9.379432001756625 1.2099025004571294e-18
9.38199884861721 1.1844209782340914e-18
9.384566397940674 1.1588539577439112e-18
9.38713464991926 1.1314928634433306e-18
9.389703604745257 1.1025880597870472e-18
9.392273262611017 1.073616216796933e-18
9.394843623708937 1.0444778520272306e-18
9.397414688231468 1.0152320489312595e-18
9.399986456371115 9.862091929679827e-19
9.402558928320438 9.575612608665511e-19
9.405132104272042 9.290574044694092e-19
9.407705984418591 9.007135730875239e-19
9.410280568952803 8.725638175252764e-19
9.412855858067445 8.444312070244609e-19
9.41543185195534 8.161321675810126e-19
9.418008550809354 7.876758119213428e-19
9.420585954822421 7.594205490192458e-19
9.423164064187517 7.318989301037996e-19
9.425742879097676 7.049022756088345e-19
9.42832239974598 6.838859532750944e-19
9.43090262632557 6.74751360613282e-19
9.433483559029632 6.715140289966313e-19
9.436065198051415 6.682775935436569e-19
9.438647543584212 6.650427353916914e-19
9.44123059582137 6.618076728558675e-19
9.443814354956293 6.58574043423436e-19
9.446398821182441 6.553419920599268e-19
9.448983994693316 6.521377340523731e-19
9.451569875682479 6.491144540152804e-19
9.454156464343546 6.46243668186025e-19
9.456743760870186 6.433065161100262e-19
9.459331765456113 6.401914945418749e-19
9.461920478295106 6.369641354100549e-19
9.464509899580989 6.337373258694077e-19
9.467100029507638 6.305120962640728e-19
9.469690868268987 6.272870142115473e-19
9.47228241605902 6.240629977374792e-19
9.474874673071778 6.2084056196309285e-19
9.477467639501352 6.176177591419782e-19
9.480061315541883 6.14396532662955e-19
9.482655701387571 6.111768876471448e-19
9.485250797232668 6.079568662886e-19
9.487846603271475 6.047384267230713e-19
9.49044311969835 6.015210693033081e-19
9.493040346707705 5.9830383100503045e-19
9.495638284494003 5.950881752614036e-19
9.498236933251757 5.91873102897475e-19
9.500836293175539 5.886586445586725e-19
9.503436364459974 5.854457695353046e-19
9.506037147299736 5.822329843743352e-19
9.508638641889556 5.791648454534091e-19
9.511240848424219 5.762766270838337e-19
9.513843767098555 5.734225923511806e-19
9.516447398107458 5.703918055433913e-19
9.519051741645871 5.67184478966681e-19
9.521656797908792 5.639798633992209e-19
9.524262567091263 5.607927095164188e-19
9.526869049388395 5.576194333462784e-19
9.529476244995344 5.544404690493217e-19
9.532084154107313 5.512472344208406e-19
9.53469277691957 5.480445452593759e-19
9.537302113627433 5.448423332065174e-19
9.539912164426273 5.416417078205036e-19
9.542522929511506 5.3844131595461875e-19
9.545134409078617 5.352418642346662e-19
9.547746603323134 5.320439999369724e-19
9.550359512440636 5.288459075063984e-19
9.552973136626768 5.256492129485065e-19
9.555587476077221 5.224541065674197e-19
9.558202530987732 5.193905176814558e-19
9.560818301554107 5.175699193150979e-19
9.563434787972197 5.168604496638879e-19
9.566051990437902 5.175774023859965e-19
9.568669909147186 5.232567309677329e-19
9.57128854429606 5.324731769185152e-19
9.573907896080591 5.401192718057321e-19
9.576527964696897 5.44396121735956e-19
9.579148750341155 5.468756779623531e-19
9.58177025320959 5.469640781722884e-19
9.584392473498482 5.433351096829948e-19
9.58701541140417 5.383795897617353e-19
9.589639067123038 5.335704836835873e-19
9.59226344085153 5.289406835082995e-19
9.594888532786143 5.243424682976183e-19
9.597514343123427 5.1974651908288e-19
9.600140872059981 5.151528697847452e-19
9.602768119792469 5.1055856921482265e-19
9.605396086517597 5.059665690126815e-19
9.608024772432131 5.013762972470946e-19
9.610654177732894 4.967859399134126e-19
9.613284302616751 4.92197884026648e-19
9.615915147280637 4.876109595759647e-19
9.618546711921526 4.830245407676841e-19
9.621178996736456 4.784404244841694e-19
9.623812001922515 4.738568504204303e-19
9.626445727676844 4.691583646804771e-19
9.62908017419664 4.642860443124889e-19
9.63171534167915 4.593534990439545e-19
9.634351230321684 4.545670820548813e-19
9.636987840321598 4.4995915617506425e-19
9.6396251718763 4.453822920943473e-19
9.64226322518326 4.38051829022415e-19
9.644902000440002 4.2790959246178714e-19
9.647541497844092 4.176842338298623e-19
9.650181717593163 4.0728831722714446e-19
9.652822659884897 3.9674472152036717e-19
9.655464324917034 3.862006339119019e-19
9.658106712887355 3.7566187075674765e-19
9.660749823993712 3.651260399729332e-19
9.663393658434005 3.54590972848133e-19
9.666038216406186 3.440612326452466e-19
9.668683498108255 3.335331738472956e-19
9.671329503738285 3.231113526299689e-19
9.673976233494386 3.128701748071309e-19
9.676623687574725 3.027005710455768e-19
9.679271866177531 2.924039609804496e-19
9.68192076950108 2.8193732078056305e-19
9.684570397743704 2.7142482712645116e-19
9.68722075110379 2.6091675465020735e-19
9.689871829779783 2.5041401648343604e-19
9.692523633970175 2.3990958453377825e-19
9.695176163873514 2.2941048788988924e-19
9.697829419688409 2.189164594570219e-19
9.700483401613516 2.089690140656854e-19
9.703138109847545 2.0217234303001636e-19
9.705793544589268 1.9797785369758383e-19
9.708449706037506 1.9378324610839672e-19
9.711106594391131 1.8959077460239724e-19
9.713764209849078 1.8539941012499008e-19
9.716422552610329 1.812869902006595e-19
9.719081622873924 1.773511933295897e-19
9.721741420838958 1.7351197625396465e-19
9.724401946704578 1.6957141790324795e-19
9.727063200669988 1.6545846384898352e-19
9.729725182934446 1.6127335751773412e-19
9.732387893697261 1.5708946372721804e-19
9.735051333157802 1.5290770895190908e-19
9.73771550151549 1.4872573590835193e-19
9.740380398969798 1.4454540426439402e-19
9.743046025720258 1.4036721261048818e-19
9.745712381966456 1.3618837566205873e-19
9.748379467908027 1.3201160158126694e-19
9.751047283744668 1.2783696846411733e-19
9.753715829676128 1.2366160599897765e-19
9.756385105902213 1.194883848837897e-19
9.759055112622775 1.153169701221068e-19
9.761725850037731 1.1318326753417143e-19
9.764397318347047 1.2008172573774767e-19
9.767069517750745 1.3397596278789104e-19
9.769742448448898 1.4787020386706064e-19
9.772416110641645 1.6175730064525966e-19
9.77509050452917 1.7564104954109686e-19
9.777765630311709 1.8952349688895428e-19
9.780441488189563 2.033987967082588e-19
9.783118078363085 2.172720481234985e-19
9.785795401032676 2.3114271725072946e-19
9.788473456398794 2.450062356260801e-19
9.791152244661962 2.5886898024039677e-19
9.793831766022748 2.7272788670530047e-19
9.79651202068177 2.8657963919925383e-19
9.799193008839719 3.004318676982554e-19
9.801874730697325 3.1427902710682184e-19
9.804557186455373 3.281190293296602e-19
9.807240376314713 3.4196073240498954e-19
9.809924300476245 3.557961604109932e-19
9.81260895914092 3.6962442802075766e-19
9.815294352509753 3.834553019683392e-19
9.817980480783806 3.972790142734014e-19
9.820667344164196 4.1109585737772855e-19
9.823354942852099 4.253256247097768e-19
9.82604327704875 4.426542180465276e-19
9.828732346955432 4.626733424311897e-19
9.831422152773479 4.826942119793625e-19
9.834112694704293 5.027046878692021e-19
9.836803972949323 5.227085006789346e-19
9.83949598771007 5.4271245580925265e-19
9.842188739188096 5.62706012652287e-19
9.844882227585021 5.826945004376822e-19
9.847576453102516 6.026815641899262e-19
9.850271415942299 6.2265822503225e-19
9.852967116306157 6.426313743528154e-19
9.855663554395928 6.626015698366881e-19
9.858360730413501 6.825613577943578e-19
9.86105864456082 7.025191552186096e-19
9.863757297039893 7.224725056138845e-19
9.866456688052777 7.424154438730226e-19
9.869156817801581 7.623578759784961e-19
9.871857686488475 7.82294404535156e-19
9.874559294315684 8.022205163520823e-19
9.877261641485486 8.221475697253123e-19
9.87996472820021 8.422054216597826e-19
9.882668554662251 8.624244810247207e-19
9.885373121074055 8.826794467654612e-19
9.88807842763812 1.2081240530226914e-18
9.890784474557002 1.875864028243669e-18
9.893491262033312 2.5808089502008377e-18
9.896198790269715 3.289579368354473e-18
9.898907059468932 4.0022642995657716e-18
9.901616069833748 4.7151989077931656e-18
9.90432582156699 5.427759394484321e-18
9.907036314871545 6.139978988976261e-18
9.909747549950364 6.852077942658504e-18
9.91245952700644 7.562092109786353e-18
9.915172246242829 8.270336472073985e-18
9.917885707862641 8.980497703948756e-18
9.92059991206905 9.69883213192457e-18
9.923314859065272 1.0423618946703883e-17
9.92603054905458 1.1142468919374068e-17
9.928746982240316 1.1840443046840198e-17
9.931464158825866 1.2523670808851785e-17
9.934182079014668 1.3213097348893342e-17
9.936900743010234 1.3919228540537323e-17
9.939620151016111 1.463605715459187e-17
9.942340303235909 1.535283222917856e-17
9.945061199873305 1.6069228759888823e-17
9.947782841132014 1.678549635537648e-17
9.950505227215814 1.7124881254197274e-17
9.953228358328541 1.6714202689708234e-17
9.95595223467409 1.593033410973995e-17
9.958676856456405 1.5146608827815382e-17
9.961402223879485 1.436329850118909e-17
9.964128337147388 1.3580045425925823e-17
9.96685519646423 1.2796975754940908e-17
9.969582802034182 1.2014321218673101e-17
9.972311154061462 1.1231684175446203e-17
9.97504025275036 1.0456335771878578e-17
9.977770098305207 9.691601553820689e-18
9.980500690930398 8.929981603953086e-18
9.98323203083038 8.162231333958375e-18
9.985964118209663 7.386393364627714e-18
9.988696953272806 6.60838737202647e-18
9.99143053622442 5.830674896872371e-18
9.994164867269184 5.053376285850338e-18
9.996899946611828 4.27598521972438e-18
9.999635774457133 3.498921671370521e-18
10.00237235100994 2.722272164739512e-18
10.00510967647515 1.9454965486027014e-18
10.007847751057714 1.3459948210079746e-18
10.010586574962636 9.405817876582387e-19
10.013326148394984 5.518240974658595e-19
10.016066471559888 3.5265414685106725e-19
10.018807544662517 3.5042927625621107e-19
10.021549367908104 3.555092131470883e-19
10.024291941501943 3.605864352378785e-19
10.027035265649378 3.6566098184118615e-19
10.029779340555809 3.7074585425544194e-19
10.0325241664267 3.7599700434581555e-19
10.035269743467563 3.81405540545276e-19
10.038016071883964 3.867988825392024e-19
10.040763151881535 3.920204675425428e-19
10.043510983665964 3.970869228977521e-19
10.046259567442984 4.0215079857179935e-19
10.04900890341839 4.0718687768026017e-19
10.051758991798039 4.1219911882208306e-19
10.05450983278784 4.1723993542867923e-19
10.057261426593751 4.224716626299446e-19
10.060013773421801 4.278671488952871e-19
10.062766873478065 4.3323328697797634e-19
10.065520726968675 4.384280724950194e-19
10.068275334099827 4.434822833053317e-19
10.071030695077765 4.469760539771191e-19
10.073786810108789 4.430612298893235e-19
10.076543679399261 4.3329760686181412e-19
10.079301303155603 4.235737174089218e-19
10.082059681584282 4.140232719576856e-19
10.084818814891825 4.046039124119942e-19
10.087578703284827 3.951389330505778e-19
10.090339346969923 3.855109942037039e-19
10.093100746153814 3.757630933166331e-19
10.095862901043255 3.6601485462798324e-19
10.09862581184506 3.562718845230762e-19
10.101389478766098 3.4653185456048465e-19
10.104153902013287 3.3684473564260944e-19
10.10691908179362 3.273306602878589e-19
10.109685018314131 3.179340992770976e-19
10.112451711781913 3.0848111633455666e-19
10.11521916240412 2.9886558769103373e-19
10.117987370387961 2.891413192602854e-19
10.120756335940701 2.7941720342990017e-19
10.12352605926966 2.6969836278492147e-19
10.126296540582217 2.599819849512053e-19
10.129067780085814 2.502658845780217e-19
10.131839777987938 2.4055506158380775e-19
10.134612534496135 2.3084658089425477e-19
10.137386049818016 2.2107443644332744e-19
10.140160324161245 2.1114034311628842e-19
10.142935357733538 2.0110526345752497e-19
10.14571115074267 1.9107066905312834e-19
10.14848770339648 1.8104153853381357e-19
10.151265015902855 1.7101464186412647e-19
10.154043088469738 1.6098829944331233e-19
10.15682192130514 1.5096742316587768e-19
10.159601514617119 1.409487162419018e-19
10.162381868613789 1.3093061243818312e-19
10.165162983503329 1.2091797703248793e-19
10.167944859493973 1.1090746660539517e-19
10.170727496794004 1.009044319313235e-19
10.173510895611772 9.092353613744766e-20
10.176295056155677 8.095456997686591e-20
10.17907997863418 7.097939100470487e-20
10.181865663255797 6.099301213609297e-20
10.184652110229106 5.0998914934291836e-20
10.187439319762733 4.100544639688908e-20
10.190227292065366 3.101745299940406e-20
10.193016027345754 2.1031572514966425e-20
10.195805525812698 8.790160834643845e-20
10.198595787675053 3.443100413394908e-19
10.201386813141742 7.134500928888063e-19
10.204178602421738 1.0825766273353476e-18
10.206971155724066 1.4515170476929084e-18
10.209764473257817 1.82038584181138e-18
10.212558555232143 2.1892371753972784e-18
10.215353401856238 2.5578856805894864e-18
10.218149013339364 2.9264497098589878e-18
10.22094538989084 3.295626935073541e-18
10.223742531720042 3.666259846875718e-18
10.226540439036398 4.037836511736155e-18
10.229339112049399 4.408799881823607e-18
10.232138550968592 4.777901207380441e-18
10.23493875600358 5.145854962100306e-18
10.23773972736402 5.513803834791919e-18
10.240541465259636 5.88154963211536e-18
10.243343969900202 6.249197877553162e-18
10.246147241495553 6.6168469458899585e-18
10.248951280255575 6.984292856811542e-18
10.25175608639022 7.351635345243e-18
10.254561660109493 7.676872519505247e-18
10.257368001623458 7.864699876850862e-18
10.260175111142232 7.957285656576724e-18
10.262982988875999 8.010627127886357e-18
10.26579163503499 7.9251735053147e-18
10.268601049829496 7.740156451284741e-18
10.27141123346987 7.555551078563632e-18
10.274222186166526 7.372698654964111e-18
10.277033908129923 7.191137345725441e-18
10.279846399570584 7.009185803186611e-18
10.282659660699094 6.825686136165815e-18
10.28547369172609 6.640978466840108e-18
10.288288492862266 6.456250241956622e-18
10.29110406431838 6.271624716807645e-18
10.293920406305244 6.0870719265480444e-18
10.29673751903372 5.902759435032287e-18
10.299555402714741 5.720195867775872e-18
10.302374057559295 5.539090898535741e-18
10.305193483778414 5.357749584833216e-18
10.308013681583207 5.174864418663052e-18
10.31083465118483 4.990621759418808e-18
10.313656392794499 4.80648294656563e-18
10.316478906623486 4.6240903688260986e-18
10.319302192883125 4.44329023644629e-18
10.322126251784802 4.2624472776298565e-18
10.324951083539965 4.081705345143522e-18
10.327776688360121 3.901057813928798e-18
10.330603066456833 3.720360845333655e-18
