#xsec (eV,cm2) for O3 -> O2 + O
3.1000290654125155 9.884168365913361e-24
3.1008774429979375 9.906679288974369e-24
3.1017260527568364 9.861803460202771e-24
3.102574894752751 9.589329887999514e-24
3.103423969049237 9.489598689403202e-24
3.1042732757098674 9.618327872711244e-24
3.105122814798232 9.584662443226452e-24
3.1059725863779404 9.350858593714138e-24
3.1068225905126168 9.22297461918874e-24
3.1076728272659047 9.169532699911213e-24
3.1085232967014633 9.044406607228536e-24
3.1093739988829707 8.900234373333157e-24
3.1102249338741217 8.832147834533612e-24
3.1110761017386297 8.812191519363185e-24
3.1119275025402233 8.810323512448261e-24
3.1127791363426507 8.8563572930022e-24
3.113631003209677 8.892548713194738e-24
3.114483103205083 8.968609782898995e-24
3.1153354363926695 9.0126657452108e-24
3.116188002836253 8.962344409026439e-24
3.1170408025996696 8.948616717346134e-24
3.1178938357467696 8.97815865347531e-24
3.1187471023414233 9.035194697999626e-24
3.119600602447518 9.073889192941198e-24
3.1204543361289576 9.159615164718032e-24
3.1213083034496645 9.228135665552922e-24
3.122162504473578 9.237833748160272e-24
3.123016939264656 9.291445826130591e-24
3.123871607886872 9.364808884336261e-24
3.1247265104042174 9.443792077497903e-24
3.125581646880703 9.442347725500077e-24
3.1264370173803555 9.515209617661685e-24
3.1272926219672197 9.652128699740277e-24
3.128148460705357 9.684430109413392e-24
3.129004533658848 9.687730725473894e-24
3.129860840891788 9.729083711009731e-24
3.130717382468294 9.791861277264853e-24
3.131574158452497 9.838297686017192e-24
3.1324311689085467 9.835298868987948e-24
3.133288413900611 9.89026219524977e-24
3.134145893492875 9.854997378796383e-24
3.1350036077495402 9.722775216292136e-24
3.1358615567348274 9.72875249470393e-24
3.1367197405129734 9.737038969918028e-24
3.1375781591482346 9.689046038617252e-24
3.1384368127048834 9.581072607107915e-24
3.13929570124721 9.492606349399871e-24
3.140154824839522 9.433826976768046e-24
3.1410141835461456 9.322648078848549e-24
3.141873777431423 9.184981900609722e-24
3.1427336065597165 9.04403532437012e-24
3.1435936709954033 8.86593566503432e-24
3.1444539708028802 8.734369411884612e-24
3.14531450604656 8.674001853121807e-24
3.1461752767908746 8.486648289810519e-24
3.1470362831002725 8.305839217675998e-24
3.1478975250392205 8.189213655866817e-24
3.148759002672203 8.017103717790042e-24
3.1496207160637213 7.88720204976506e-24
3.1504826652782953 7.802178116754707e-24
3.151344850380462 7.691997011251903e-24
3.1522072714347757 7.477578945801602e-24
3.1530699285058095 7.308239123793998e-24
3.1539328216581537 7.174204389360837e-24
3.154795950956416 7.010450019914082e-24
3.155659316465221 6.898530419851906e-24
3.1565229182492125 6.811990082927559e-24
3.157386756373052 6.709859098946599e-24
3.158250830901417 6.511956606556652e-24
3.1591151418990044 6.427155372587786e-24
3.159979689430528 6.48681452467861e-24
3.1608444735607195 6.4814847438223515e-24
3.1617094943543282 6.4384339626173356e-24
3.1625747518761216 6.395346833105319e-24
3.1634402461908837 6.364774224216981e-24
3.164305977363418 6.329721792034148e-24
3.1651719454585443 6.313023981301425e-24
3.1660381505411004 6.237397086024203e-24
3.1669045926759427 6.167396567144841e-24
3.1677712719279443 6.2418507208855e-24
3.1686381883619976 6.199785849083118e-24
3.16950534204301 6.107027456173171e-24
3.170372733035909 6.0967519508657235e-24
3.171240361405639 6.100533385317884e-24
3.1721082272171626 6.127212416843256e-24
3.1729763305354606 6.164405550390711e-24
3.1738446714255293 6.187268388086095e-24
3.1747132499523856 6.144401523036171e-24
3.1755820661810628 6.167897325248987e-24
3.176451120176612 6.24597710523287e-24
3.1773204120041023 6.211115107605437e-24
3.1781899417286206 6.135319224318932e-24
3.179059709415272 6.18863389354349e-24
3.1799297151291785 6.27202372834858e-24
3.1807999589354807 6.265396281252231e-24
3.181670440899337 6.2582782187960024e-24
3.182541161085923 6.25905470231094e-24
3.1834121195604332 6.296669369767367e-24
3.184283316388078 6.3165564396748845e-24
3.185154751634088 6.302378741503175e-24
3.1860264253637105 6.312812971991561e-24
3.1868983376422104 6.3488552928635684e-24
3.1877704885348708 6.361805803203897e-24
3.188642878106993 6.324472093295764e-24
3.1895155064238967 6.280219121835041e-24
3.190388373550917 6.185474314940928e-24
3.1912614795534084 6.06499093612865e-24
3.192134824496745 6.025767438504342e-24
3.1930084084463153 5.9901898179107584e-24
3.193882231467529 5.904329084959206e-24
3.194756293625812 5.803010235803169e-24
3.195630594986608 5.61281175548078e-24
3.196505135615379 5.4864351540099064e-24
3.1973799155776055 5.458060223591974e-24
3.1982549349387845 5.366120100872204e-24
3.1991301937644323 5.253162745981841e-24
3.200005692120082 5.2410829477950075e-24
3.200881430071286 5.204818065571999e-24
3.2017574076836133 5.067181158870655e-24
3.2026336250226515 4.981741847160166e-24
3.203510082154006 4.955745856205568e-24
3.2043867791433005 4.918023748258797e-24
3.2052637160561757 4.907512034344252e-24
3.206140892958292 4.895747472249108e-24
3.207018309915326 4.817349435743995e-24
3.2078959669929725 4.698421224415057e-24
3.208773864256945 4.6732186965749326e-24
3.209652001772975 4.674120574715624e-24
3.210530379606812 4.6836260975186004e-24
3.211408997824223 4.669776166757538e-24
3.2122878564909927 4.6308130784920276e-24
3.2131669556729245 4.621188714302939e-24
3.21404629543584 4.632209504883363e-24
3.2149258758455783 4.650241922132034e-24
3.215805696967996 4.624912393370745e-24
3.2166857588689695 4.65090375354418e-24
3.2175660616143915 4.667182651462722e-24
3.218446605270173 4.736291965995778e-24
3.2193273899022437 4.8574663077095286e-24
3.220208415576551 4.93372964138524e-24
3.221089682359061 4.9781544501003546e-24
3.2219711903157555 4.997781801891587e-24
3.2228529395126375 5.035352592709532e-24
3.223734930015726 5.0800336035878345e-24
3.22461716189106 5.0600319217428166e-24
3.2254996352046934 5.097355730377171e-24
3.2263823500227007 5.220248586536824e-24
3.2272653064111747 5.348246914775545e-24
3.2281485044362244 5.355159629303863e-24
3.229031944163978 5.286041386762781e-24
3.229915625660582 5.316147930732768e-24
3.2307995489922003 5.315263025522473e-24
3.2316837142250163 5.30170267676163e-24
3.2325681214252295 5.35448221406976e-24
3.233452770659059 5.3951121647115816e-24
3.2343376619927415 5.433599583014947e-24
3.2352227954925317 5.470358226924563e-24
3.2361081712247026 5.410168451439154e-24
3.236993789255546 5.25452983750449e-24
3.2378796496513704 5.1250756064985255e-24
3.238765752478504 5.057058432684892e-24
3.2396520978032917 4.9714988848547884e-24
3.2405386856920977 4.857227321289e-24
3.2414255162113035 4.694593875953354e-24
3.2423125894273097 4.6705534694696086e-24
3.2431999054065344 4.711492118656729e-24
3.2440874642154136 4.6339846817657274e-24
3.2449752659204023 4.659983778138572e-24
3.2458633105879735 4.646456440772257e-24
3.246751598284618 4.610968097152594e-24
3.2476401290768444 4.684943189690422e-24
3.2485289030311812 4.750737559827778e-24
3.2494179202141735 4.77389306953052e-24
3.250307180692385 4.869136711400851e-24
3.251196684532397 4.972584512191354e-24
3.2520864318008114 4.969196984969406e-24
3.2529764225642452 4.982659593953551e-24
3.2538666568893353 5.049105552314756e-24
3.2547571348427384 5.143190895623903e-24
3.2556478564911253 5.215242753779649e-24
3.256538821901189 5.204729470456634e-24
3.257430031139638 5.19852701672338e-24
3.2583214842732007 5.4187331666471624e-24
3.2592131813686245 5.6481887129013975e-24
3.2601051224926723 5.704945868907178e-24
3.2609973077121266 5.7386695632082386e-24
3.2618897370937896 5.89406008838104e-24
3.2627824107044807 6.112333629762811e-24
3.2636753286110363 6.319569919362668e-24
3.264568490880313 6.592270115503968e-24
3.265461897579185 6.700912125224129e-24
3.2663555487745444 6.691418438463802e-24
3.2672494445333022 6.693973777697132e-24
3.2681435849223877 6.5040967052756215e-24
3.269037970008748 6.142655447245106e-24
3.269932599859349 5.925981070999866e-24
3.2708274745411745 5.99483541305697e-24
3.271722594121227 6.13032299700419e-24
3.272617958666527 6.145139517046717e-24
3.273513568244114 6.057599286705215e-24
3.274409422921045 5.8169327013445164e-24
3.2753055227643957 5.2206949081432734e-24
3.2762018678412614 4.600301276444552e-24
3.2770984582187532 4.4419981549936885e-24
3.2779952939640022 4.494747346925507e-24
3.278892375144158 4.417765439204033e-24
3.2797897018263877 4.261923861047457e-24
3.280687274077878 4.160738437584613e-24
3.2815850919658325 4.1940841859060875e-24
3.282483155557474 4.170889973329085e-24
3.283381464920044 4.137237123530453e-24
3.2842800201208022 4.199095161928206e-24
3.285178821227026 4.317973582588532e-24
3.286077868306012 4.352985824890032e-24
3.286977161425076 4.235302113958135e-24
3.287876700651549 4.410375292558264e-24
3.288776486052784 4.671348330162569e-24
3.2896765176961518 4.833674334099939e-24
3.2905767956490393 4.875740729108516e-24
3.2914773199788545 4.964805347121175e-24
3.2923780907530222 5.3007505664948765e-24
3.2932791080389867 5.3713811485177034e-24
3.2941803719042095 5.4392535648701384e-24
3.2950818824161727 5.7957658421800354e-24
3.2959836396423743 6.021194400206587e-24
3.2968856436503327 6.052906497512854e-24
3.297787894507584 6.221867416028007e-24
3.298690392281683 6.4804077405376826e-24
3.299593137040202 6.7340590874719e-24
3.300496128850733 6.954095674179895e-24
3.3013993677808866 7.190323208727107e-24
3.302302853898291 7.597911087808184e-24
3.3032065872705934 7.957635390423774e-24
3.3041105679654605 8.28369458523926e-24
3.305014796050575 8.711089009120009e-24
3.3059192715936403 9.149218993226296e-24
3.306823994662377 9.506084878434288e-24
3.3077289653245256 1.001095179763715e-23
3.3086341836478446 1.0641402778534924e-23
3.3095396497001097 1.105130124366141e-23
3.3104453635491176 1.1242286334745965e-23
3.311351325262681 1.1432917631482263e-23
3.3122575349086336 1.1598475577858083e-23
3.3131639925548253 1.1651198648560743e-23
3.314070698269127 1.16488153453252e-23
3.3149776521194263 1.1537182601220043e-23
3.315884854173629 1.1580618749290196e-23
3.3167923044996623 1.1393952274832047e-23
3.317700003165469 1.0904493277612491e-23
3.318607950239012 1.0674612955969494e-23
3.319516145788273 1.060746116197862e-23
3.3204245898812506 1.0376368052167221e-23
3.321333282585963 9.485179073224922e-24
3.3222422239704485 8.271487071312902e-24
3.323151414102762 7.237597827181673e-24
3.324060853050978 6.764175515619706e-24
3.3249705408831893 6.409617077483329e-24
3.325880477667507 6.0189332001867734e-24
3.3267906634720616 5.9309494047452846e-24
3.3277010983650017 6.0462129001695506e-24
3.328611782414495 6.232872602511577e-24
3.329522715688727 6.534652172672054e-24
3.3304338982559027 6.939248264121373e-24
3.3313453301842464 7.145679187791892e-24
3.3322570115419996 7.440672660394607e-24
3.333168942397422 7.60412753705297e-24
3.334081122818794 7.776592914599098e-24
3.3349935528744137 8.261837182971128e-24
3.335906232632598 8.684061485259297e-24
3.3368191621616825 8.987031951771902e-24
3.337732341530021 9.661869331422607e-24
3.3386457708059862 1.0409892332232452e-23
3.33955945005797 1.1029016591794546e-23
3.3404733793543833 1.1647879541507827e-23
3.341387558763655 1.2122331186501515e-23
3.3423019883542318 1.2498203733688987e-23
3.3432166681945814 1.269704710053935e-23
3.3441315983531883 1.2558252880794447e-23
3.345046778898557 1.2190095652542354e-23
3.3459622098992106 1.2157294461101355e-23
3.3468778914236896 1.2695728556899837e-23
3.3477938235405555 1.3334209158556106e-23
3.3487100063183863 1.3747840099105756e-23
3.34962643982578 1.394807647547008e-23
3.350543124131353 1.3564914107901447e-23
3.351460059303741 1.2547557647259365e-23
3.352377245411598 1.1642261138217628e-23
3.3532946825235967 1.1497956130493582e-23
3.3542123707084297 1.1972734145278223e-23
3.3551303100348067 1.2502185700884982e-23
3.356048500571457 1.2803855821344156e-23
3.356966942387129 1.3139838230730013e-23
3.3578856355505895 1.361921569474604e-23
3.3588045801306246 1.3904063617065984e-23
3.359723776196038 1.4233239714419624e-23
3.3606432238156536 1.4674774946522528e-23
3.361562923058314 1.505586588215651e-23
3.36248287399288 1.5699731542266864e-23
3.3634030766882312 1.619742872988215e-23
3.364323531213267 1.5934683408236544e-23
3.3652442376369045 1.5302111768528942e-23
3.3661651960280805 1.4424944028822123e-23
3.3670864064557504 1.3517701776547482e-23
3.3680078689888875 1.288444910190234e-23
3.3689295836964863 1.2575886006351503e-23
3.3698515506475584 1.246573285061416e-23
3.3707737699111346 1.2321996796133148e-23
3.371696241556264 1.2643591109884368e-23
3.3726189656520154 1.3212235613037399e-23
3.3735419422674773 1.363361983644905e-23
3.3744651714717557 1.3950997842826964e-23
3.3753886533339754 1.4865218939700417e-23
3.3763123879232815 1.572352432883466e-23
3.377236375308837 1.6709862214300844e-23
3.378160615559824 1.839511115413094e-23
3.3790851087454428 1.9765309880421552e-23
3.3800098549349147 2.0938486573667198e-23
3.380934854197478 2.2284373024836585e-23
3.3818601066023906 2.4147572131770405e-23
3.38278561221893 2.574125874152579e-23
3.3837113711163913 2.711195237478279e-23
3.3846373833640895 2.882088986661684e-23
3.385563649031358 2.999416227723301e-23
3.38649016818755 3.1292660891229036e-23
3.387416940902037 3.3536025734998046e-23
3.3883439672442104 3.565641123990492e-23
3.389271247283479 3.800685437613503e-23
3.3901987810892713 4.018235708749231e-23
3.391126568731036 4.093092957497713e-23
3.3920546102782394 4.0492987935084306e-23
3.392982905800366 3.9105012437629295e-23
3.3939114553669225 3.76001280403055e-23
3.3948402590474314 3.6693478018595335e-23
3.3957693169114354 3.722200106880836e-23
3.396698629028497 3.923179860654091e-23
3.3976281954681964 4.170051064047702e-23
3.3985580163001345 4.3658318289737163e-23
3.3994880915939287 4.3363643427359926e-23
3.400418421419218 3.8338014269443807e-23
3.401349005845659 3.0252864496444595e-23
3.4022798449429272 2.4447546668656868e-23
3.4032109387807195 2.1757673342636494e-23
3.4041422874287486 2.063578539450371e-23
3.405073890956749 2.0470144733990883e-23
3.406005749434472 2.0708150984015532e-23
3.4069378629316898 2.1111594345526e-23
3.4078702315181926 2.097661869977591e-23
3.40880285526379 2.1085514373259526e-23
3.4097357342383114 2.2318848053149255e-23
3.4106688685116042 2.3054990216554633e-23
3.4116022581535352 2.344650064681226e-23
3.412535903233991 2.4691983137315664e-23
3.413469803822876 2.6037587992589997e-23
3.414403959990116 2.684054031367617e-23
3.415338371805653 2.7274804644191164e-23
3.416273039339451 2.736976167338585e-23
3.4172079626614913 2.7223138080558876e-23
3.4181431418417745 2.696502727091658e-23
3.419078576950321 2.7670884701575144e-23
3.4200142680571703 2.9688660293397504e-23
3.4209502152323807 3.184373461829323e-23
3.4218864185460296 3.3041080908401065e-23
3.4228228780682137 3.2286072829377135e-23
3.4237595938690495 3.108572656192791e-23
3.424696566018672 3.1450623782356506e-23
3.4256337945872355 3.285843190279162e-23
3.426571279644913 3.41216679441016e-23
3.4275090212618986 3.5528276566338156e-23
3.4284470195084027 3.7891199895642334e-23
3.4293852744546576 4.0939319638932826e-23
3.4303237861709133 4.3311074329984557e-23
3.4312625547274394 4.504929229369733e-23
3.4322015801945245 4.802180819294968e-23
3.4331408626424778 5.1307902634693315e-23
3.434080402141626 5.346007523808335e-23
3.4350201987623152 5.510394810521187e-23
3.4359602525749118 5.593992964188676e-23
3.4369005636498002 5.72432682375197e-23
3.437841132057386 6.04477513008081e-23
3.438781957868092 6.463325141061348e-23
3.4397230411523614 6.937898249515682e-23
3.440664381980656 7.410999906429884e-23
3.441605980423457 7.748177194315381e-23
3.442547836551266 7.822762589545663e-23
3.443489950434603 7.457004367321319e-23
3.4444323221440065 7.090873742096228e-23
3.4453749517500363 7.174269079214017e-23
3.446317839323269 7.335974942445649e-23
3.447260984934303 7.577414702763185e-23
3.448204388653754 8.023959075482857e-23
3.4491480505522585 8.231745379852602e-23
3.4500919707004725 8.025989717038739e-23
3.4510361491690684 7.39196882196891e-23
3.4519805860287422 6.710271582708864e-23
3.4529252813502067 6.411912622334227e-23
3.4538702352041937 6.37967027401452e-23
3.4548154476614554 6.402972648963402e-23
3.4557609187927643 6.39235434241669e-23
3.45670664866891 6.425867175521311e-23
3.457652637360703 6.586246911375452e-23
3.458598884938972 6.863393753511343e-23
3.459545391474567 7.378869226734542e-23
3.4604921570383556 7.945489658004574e-23
3.461439181701226 8.31806745357615e-23
3.4623864655340837 8.57608941183776e-23
3.4633340086078572 8.763412222038684e-23
3.4642818109934908 9.082312407647431e-23
3.4652298727619506 9.541464990902902e-23
3.4661781939842204 1.0103323414905568e-22
3.4671267747313053 1.0711071796551393e-22
3.4680756150742287 1.113643572691739e-22
3.469024715084033 1.1081795910213933e-22
3.4699740748317813 1.0849319899778825e-22
3.4709236943885546 1.0989459767178226e-22
3.471873573825455 1.1459959049268846e-22
3.472823713213603 1.2105254905932816e-22
3.4737741126241386 1.2756884001435433e-22
3.474724772128222 1.3122128377593235e-22
3.475675691797032 1.2943615303262892e-22
3.476626871701767 1.1621520695839688e-22
3.4775783119136463 9.51199272861671e-23
3.478530012503906 8.030560601042789e-23
3.4794819735438045 7.539032737762966e-23
3.480434195104618 7.610868450266558e-23
3.4813866772576425 7.926690404477928e-23
3.4823394200741937 8.253341353623989e-23
3.483292423625606 8.478369982572042e-23
3.484245687983236 8.553928862831812e-23
3.485199213218456 8.406477951447702e-23
3.4861529994026617 8.350287658091729e-23
3.4871070466072642 8.725980103395455e-23
3.4880613549036976 9.216418242493625e-23
3.489015924363414 9.555418898084406e-23
3.4899707550578856 9.871939999714698e-23
3.490925847058604 1.0121287754284788e-22
3.4918812004370796 1.0180624010225352e-22
3.492836815264843 1.0045135666220978e-22
3.4937926916134447 9.733860269338544e-23
3.494748829554455 9.432936363440672e-23
3.495705229159463 9.277035257350836e-23
3.4966618905000773 9.27465513652376e-23
3.4976188136479265 9.482955423423592e-23
3.498575998674659 9.866526476698071e-23
3.4995334456519425 1.0142115131948434e-22
3.5004911546514643 1.0288925907989702e-22
3.5014491257449314 1.0657028108579382e-22
3.502407359004071 1.1306811376924537e-22
3.503365854500629 1.2111184358162594e-22
3.5043246123063705 1.2975271585735874e-22
3.5052836324930814 1.3998000093337786e-22
3.506242915132568 1.5141473212670129e-22
3.5072024602966536 1.629915395067288e-22
3.5081622680571836 1.7397085008891568e-22
3.5091223384860224 1.807818836477852e-22
3.510082671655053 1.8370275333764848e-22
3.511043267636179 1.890247414185858e-22
3.512004126501324 1.9981206000904873e-22
3.5129652483224305 2.1360477274619955e-22
3.5139266331714616 2.288078605378968e-22
3.5148882811203985 2.4454240781433204e-22
3.5158501922412437 2.5782231004531534e-22
3.516812366606019 2.63227755351197e-22
3.517774804286766 2.5656879433304025e-22
3.5187375053555447 2.433609332689005e-22
3.5197004698844365 2.3806624933383227e-22
3.5206636979455426 2.460540463903326e-22
3.521627189610982 2.595551485828466e-22
3.5225909449528956 2.757109849633015e-22
3.5235549640434423 2.929536853605907e-22
3.524519246954802 3.150719971299897e-22
3.5254837937591743 3.392836624729949e-22
3.5264486045287775 3.5653859000522213e-22
3.527413679335851 3.6907642138151344e-22
3.528379018252652 3.678980055742514e-22
3.52934462135146 3.3812783479947356e-22
3.5303104887045733 2.8158232233205806e-22
3.531276620384309 2.3464992120271816e-22
3.5322430164630054 2.1412024618892656e-22
3.533209677013019 2.0846513532569753e-22
3.5341766021067276 2.1218254926379714e-22
3.5351437918165276 2.1817597635050277e-22
3.536111246214837 2.2657722821676564e-22
3.537078965374092 2.3785652964530533e-22
3.5380469493667484 2.5040570068342143e-22
3.539015198265284 2.616217353986892e-22
3.539983712142194 2.7039173706100744e-22
3.540952491069994 2.7364831254660753e-22
3.5419215351212205 2.7298064791591747e-22
3.542890844368429 2.803304707880235e-22
3.5438604188841953 2.949900595881445e-22
3.5448302587411145 3.1157060082565433e-22
3.545800364011802 3.2961706117122177e-22
3.5467707347688924 3.42908217609275e-22
3.5477413710850416 3.407182853532487e-22
3.548712273032925 3.0947888392818964e-22
3.549683440685236 2.61722603919663e-22
3.5506548741146897 2.343565180371497e-22
3.551626573394021 2.3020316316830353e-22
3.552598538595984 2.360155581419672e-22
3.553570769793354 2.4830690449222904e-22
3.554543267058924 2.5848103004045255e-22
3.55551603046551 2.639123325409797e-22
3.5564890600859447 2.6098675148180715e-22
3.5574623559930827 2.526885903908266e-22
3.558435918259798 2.4850808109105715e-22
3.5594097469589845 2.5234064849220497e-22
3.5603838421635565 2.639185828542851e-22
3.5613582039464475 2.7964134035863845e-22
3.562332832380612 2.957416766744263e-22
3.563307727539023 3.1157494107096066e-22
3.5642828894946743 3.312458703294742e-22
3.56525831832058 3.5679349703070855e-22
3.5662340140897744 3.846139054128206e-22
3.5672099768753105 4.1453192947256233e-22
3.568186206750262 4.454905542978055e-22
3.5691627037877227 4.725618720276465e-22
3.5701394680608067 4.923023012791646e-22
3.571116499642647 4.990082313269251e-22
3.5720937986063994 4.748182599926692e-22
3.5730713650252346 4.297895252481194e-22
3.5740491989723484 4.0413101543790266e-22
3.5750273005209543 4.060350519922284e-22
3.5760056697442857 4.2186754650349405e-22
3.5769843067155973 4.434181812211956e-22
3.577963211508162 4.671095011173313e-22
3.578942384195275 4.886375718731033e-22
3.579921824850249 5.01268816195855e-22
3.5809015335464194 5.081265354660565e-22
3.5818815103571398 5.225211782252442e-22
3.5828617553557844 5.501007526673847e-22
3.583842268615748 5.882615961885921e-22
3.584823050210444 6.286749521765994e-22
3.5858041002133083 6.605938596092611e-22
3.586785418697795 6.747850792803857e-22
3.5877670057373785 6.546370158587327e-22
3.588748861405554 6.085911447322499e-22
3.5897309857758355 5.769197213346519e-22
3.59071337892176 5.734171311659956e-22
3.5916960409168803 5.820914548942895e-22
3.5926789718347742 6.021008435671021e-22
3.5936621717490356 6.376308656055069e-22
3.5946456407332796 6.749458398067548e-22
3.595629378861144 7.074998054424215e-22
3.596613386206283 7.420637024491814e-22
3.5975976628423725 7.8874780788342885e-22
3.59858220884311 8.526914650999537e-22
3.5995670242822113 9.293316926607401e-22
3.600552109233412 1.0145589713751395e-21
3.6015374637704705 1.1015146547445308e-21
3.602523087967163 1.1842087672942517e-21
3.6035089818972863 1.2530007563473201e-21
3.604495145634658 1.2816925708790501e-21
3.6054815792531154 1.2371356090753301e-21
3.6064682828265164 1.0766687775351922e-21
3.6074552564287385 9.141562375937559e-22
3.6084425001336804 8.542256119281937e-22
3.609430014015261 8.375705795986986e-22
3.6104177981474175 8.382765234165412e-22
3.61140585260411 8.566750632353069e-22
3.6123941774593167 8.851583568104113e-22
3.613382772787037 9.011699553877778e-22
3.614371638661291 8.935867157612992e-22
3.615360775156118 8.73394051258295e-22
3.6163501823455793 8.41795479905622e-22
3.617339860303753 7.796411947080056e-22
3.6183298091047416 6.997036956077712e-22
3.6193200288226652 6.528301121104918e-22
3.6203105195316656 6.487958519043629e-22
3.621301281305903 6.625091862093894e-22
3.6222923142195604 6.887036338462179e-22
3.62328361834684 7.205676334876709e-22
3.6242751937619637 7.402273062622085e-22
3.625267040539174 7.251424760081572e-22
3.6262591587527346 6.8483878427519e-22
3.627251548476928 6.579702920939895e-22
3.6282442097860583 6.558474125144053e-22
3.629237142754449 6.699912739824411e-22
3.630230347456446 6.939878853348075e-22
3.631223823966412 7.263376467096606e-22
3.6322175723587327 7.688525424170282e-22
3.633211592707815 8.2158866703152025e-22
3.6342058850880825 8.800434203754366e-22
3.6352004495739827 9.48376384891735e-22
3.636195286239981 1.0268682651973586e-21
3.637190395160565 1.118246853209998e-21
3.638185776410242 1.2208349739989762e-21
3.6391814300635397 1.336302204606993e-21
3.6401773561950064 1.4696840315748309e-21
3.6411735548792095 1.6087635142533249e-21
3.6421700261907386 1.7485021821756672e-21
3.643166770204203 1.8793986276052508e-21
3.6441637869942323 1.9755760161725912e-21
3.645161076635476 2.000170071731314e-21
3.6461586392026053 1.913634889620592e-21
3.647156474770312 1.7198010404481797e-21
3.648154583413306 1.5247815715514171e-21
3.64915296520632 1.4463380034963581e-21
3.650151620224106 1.4595022408501493e-21
3.6511505485414366 1.491968004155827e-21
3.652149750233106 1.51e-21
3.6531492253739266 1.4745928558384863e-21
3.6541489740387334 1.3695062154082828e-21
3.6551489963023807 1.2515352226879469e-21
3.6561492922397436 1.1949700572061601e-21
3.657149861925719 1.197307550644268e-21
3.658150705435221 1.2218297266273936e-21
3.659151822843187 1.247388786322911e-21
3.6601532142245747 1.2664121232673117e-21
3.6611548796543616 1.2768937070155358e-21
3.662156819207545 1.2846357970185735e-21
3.663159032959145 1.3125327335615687e-21
3.6641615209842 1.382508000236392e-21
3.6651642833577696 1.4803225383507376e-21
3.6661673201549343 1.6008249795359534e-21
3.6671706314507952 1.7482093889176324e-21
3.668174217320473 1.9126525092361448e-21
3.6691780778391108 2.0834036916705447e-21
3.6701822130818704 2.266730327686591e-21
3.671186623123935 2.4720387257067137e-21
3.6721913080405084 2.6893717522715183e-21
3.673196267906815 2.9077767451024674e-21
3.6742015027980988 3.1153604824147155e-21
3.6752070127896257 3.3116853965876603e-21
3.676212797956682 3.4612653958342834e-21
3.677218858374574 3.479033724392875e-21
3.67822519411863 3.222431384550405e-21
3.6792318052641964 2.8033083474723806e-21
3.6802386918866423 2.523447733424209e-21
3.6812458540613564 2.3877361986669472e-21
3.6822532918637494 2.339479837581093e-21
3.6832610053692507 2.3808982800604727e-21
3.6842689946533116 2.441462467557543e-21
3.6852772597914036 2.4474352241507908e-21
3.68628580085902 2.3505563613340577e-21
3.6872946179316726 2.1623216780012957e-21
3.6883037110848953 1.9496239634500417e-21
3.6893130803942427 1.752699119626055e-21
3.6903227259352898 1.6247314729546854e-21
3.691332647783632 1.6005521664294444e-21
3.692342846014886 1.6325200756379913e-21
3.6933533207046887 1.678260824190093e-21
3.694364071928697 1.7167540724554823e-21
3.6953750997625914 1.7361418302920014e-21
3.6963864042820695 1.748679673538539e-21
3.6973979855628514 1.7810467553393164e-21
3.698409843680677 1.8492454138908253e-21
3.6994219787113094 1.961630208487307e-21
3.7004343907305293 2.1095433368418508e-21
3.70144707981414 2.2694670761540817e-21
3.7024600460379657 2.4589086368131545e-21
3.7034732894778495 2.6738146763680736e-21
3.704486810209657 2.870795939033166e-21
3.705500608309274 3.062258762001923e-21
3.706514683852607 3.2330520311118516e-21
3.7075290369155836 3.410838477168767e-21
3.708543667574152 3.6612073665369576e-21
3.70955857590428 3.973881582338682e-21
3.710573761981959 4.326794828983224e-21
3.7115892258831984 4.693375690754818e-21
3.7126049676840305 5.0366247683252114e-21
3.713620987460506 5.2945458669525674e-21
3.714637285288699 5.361597300924929e-21
3.7156538612447023 5.2444403914707616e-21
3.7166707154046312 4.835478489826214e-21
3.7176878478446214 4.1605619267956615e-21
3.7187052586408287 3.650740775716169e-21
3.71972294786943 3.458761552754359e-21
3.7207409156066236 3.419349813528565e-21
3.7217591619286274 3.3691481253475572e-21
3.722777686911682 3.2340933615316583e-21
3.723796490632048 3.0657755257020065e-21
3.7248155731660058 2.924353030258007e-21
3.7258349345898587 2.790536922496525e-21
3.72685457497993 2.7146859254602036e-21
3.7278744944125624 2.754897334450466e-21
3.728894692964121 2.845149859786995e-21
3.729915170710993 2.950435434876064e-21
3.730935927729584 3.0957660916170544e-21
3.731956964096322 3.2687372737245112e-21
3.7329782798876554 3.468985123383993e-21
3.7339998751800536 3.72892610307377e-21
3.7350217500500067 4.0311300591178295e-21
3.736043904574027 4.356721217905037e-21
3.7370663388286465 4.709185945391699e-21
3.7380890528904174 5.077189163368689e-21
3.7391120468359147 5.418062006855526e-21
3.740135320741733 5.7829302272213295e-21
3.7411588746844897 6.238803569240614e-21
3.74218270874082 6.73540925437051e-21
3.743206822987383 7.219904669333517e-21
3.7442312175008583 7.599346991704531e-21
3.745255892357944 7.665562094516689e-21
3.7462808476353624 7.215186356826084e-21
3.747306083409855 6.405841778037861e-21
3.7483315997581856 5.934376664514524e-21
3.749357396757137 6.0145006542059934e-21
3.750383474483515 6.287702370452163e-21
3.751409833014146 6.572611940686553e-21
3.7524364724258756 6.7088100682408675e-21
3.7534633927955725 6.5002101631185505e-21
3.754490594200126 5.84936330247499e-21
3.7555180767164464 5.0337907412056265e-21
3.756545840421465 4.499285591297942e-21
3.7575738853921337 4.321460805399008e-21
3.7586022117054254 4.352102180562098e-21
3.7596308194383345 4.469429090510669e-21
3.7606597086678772 4.56897354404558e-21
3.7616888794710897 4.622823536092002e-21
3.7627183319250292 4.655163111194933e-21
3.7637480661067757 4.732608911411017e-21
3.7647780820934273 4.901806705904088e-21
3.7658083799621056 5.1506047908498155e-21
3.7668389597899523 5.4277936302620625e-21
3.767869821654131 5.7197894254317104e-21
3.7689009656318264 6.039273176016565e-21
3.769932391800242 6.377269309331816e-21
3.770964100236606 6.822115964108578e-21
3.7719960910181647 7.366318218513636e-21
3.7730283642221876 7.948021249162463e-21
3.774060919925965 8.535590430587104e-21
3.775093758206807 9.087985651903875e-21
3.776126879142047 9.66844724053665e-21
3.777160282809037 1.0301479500631105e-20
3.7781939692851516 1.0970843451717973e-20
3.7792279386477876 1.1564071444728867e-20
3.7802621909743612 1.190643928932482e-20
3.7812967263423105 1.1602946903617909e-20
3.782331544829095 1.0538699881870962e-20
3.783366646512195 9.255578416896997e-21
3.784402031469112 8.391959356036026e-21
3.7854376997773684 8.168277674770397e-21
3.78647365151451 8.321925830845111e-21
3.7875098867581 8.577257209200448e-21
3.788546405585726 8.764927183733782e-21
3.789583208074996 8.728815109095003e-21
3.7906202943035394 8.32577051428502e-21
3.791657664349005 7.687655403890103e-21
3.7926953182890655 7.236467570828914e-21
3.793733256201413 7.123079599050628e-21
3.794771478163762 7.21188957684097e-21
3.7958099842538466 7.417638329825885e-21
3.7968487745494253 7.705298247191429e-21
3.797887849128274 8.051075564667287e-21
3.7989272080681933 8.390557773572705e-21
3.799966851447003 8.742947012541818e-21
3.8010067793425453 9.170453388872567e-21
3.8020469918326825 9.637338683093589e-21
3.803087488995299 1.0165005473277172e-20
3.8041282709083015 1.0769008701675958e-20
3.805169337649615 1.1414995368654578e-20
3.80621068929719 1.2121752944734488e-20
3.807252325928994 1.2862877357639155e-20
3.80829424762302 1.345461292402481e-20
3.809336454457279 1.358906558879666e-20
3.810378946509805 1.3277424426865094e-20
3.8114217238586523 1.322252165573774e-20
3.8124647865818986 1.3746709077233013e-20
3.8135081347576407 1.4531540254273344e-20
3.814551768463998 1.5382087125032087e-20
3.8155956877791115 1.6085995361936206e-20
3.816639892781142 1.621791423513255e-20
3.817684383548273 1.5194924211284583e-20
3.8187291601587106 1.3259529243235742e-20
3.8197742226906786 1.1930921885113554e-20
3.820819571222425 1.1632240731577825e-20
3.8218652058322204 1.166680890472852e-20
3.8229111265983535 1.179458467551138e-20
3.823957333599137 1.1811369749291644e-20
3.825003826912903 1.1584694972402318e-20
3.826050606618007 1.115782395977802e-20
3.8270976727928243 1.0767010204326583e-20
3.8281450255157528 1.0709199078509781e-20
3.8291926648652113 1.0930171790895583e-20
3.83024059091964 1.1271454915294997e-20
3.8312888037575017 1.1766385643154286e-20
3.8323373034572787 1.238879233289215e-20
3.833386090097477 1.307920771141292e-20
3.834435163756621 1.3787122948856355e-20
3.83548452451326 1.4522726426871087e-20
3.8365341724459627 1.5394296617013027e-20
3.8375841076333206 1.641460279491088e-20
3.838634330153945 1.751719201020783e-20
3.8396848400864703 1.8699726806228928e-20
3.8407356375095523 1.98679332455173e-20
3.8417867225018667 2.0760457768233203e-20
3.8428380951421124 2.090100491271474e-20
3.84388975550901 2.0102103018745864e-20
3.8449417036813 1.9246164219358004e-20
3.845993939737745 1.9306404942311475e-20
3.847046463757131 2.005874975184291e-20
3.8480992758182637 2.0901408339664797e-20
3.8491523759999704 2.140157244866403e-20
3.8502057643811005 2.1010602267031835e-20
3.8512594410405256 1.9558520429690793e-20
3.852313406057137 1.7695243537159738e-20
3.853367659509849 1.6438035968029256e-20
3.854422201477597 1.6050609858329183e-20
3.855477032039339 1.6151789764922644e-20
3.8565321512740534 1.6415731301136633e-20
3.8575875592607405 1.6573840801014692e-20
3.858643256078423 1.6570787617102583e-20
3.8596992418061444 1.6543948695007878e-20
3.8607555165229694 1.6624455696294546e-20
3.861812080307985 1.6889484810074187e-20
3.862868933240301 1.743756806963092e-20
3.8639260753990454 1.8237773186381103e-20
3.8649835068633727 1.9115661758487015e-20
3.866041227712455 2.002989081312486e-20
3.867099238025488 2.0863775909309478e-20
3.868157537881688 2.1504064063671767e-20
3.8692161273602945 2.2154829717681183e-20
3.8702750065405667 2.3084256129295502e-20
3.8713341755017874 2.4296640360444603e-20
3.8723936343232603 2.5561885793968375e-20
3.8734533830843105 2.6616627041936103e-20
3.8745134218642847 2.6908939490593334e-20
3.875573750742552 2.616221339265451e-20
3.876634369798503 2.5256525158845313e-20
3.8776952791115504 2.5135791932719183e-20
3.8787564787611277 2.5693394864480276e-20
3.87981796882669 2.6315582886641368e-20
3.8808797493877156 2.643641225096996e-20
3.8819418205237035 2.5574785478236706e-20
3.883004182314174 2.406516480740582e-20
3.8840668348386718 2.2771478696374523e-20
3.8851297781767586 2.212612295834072e-20
3.8861930124080226 2.2152554938805992e-20
3.8872565376120716 2.2582729250036878e-20
3.8883203538685347 2.3156317638855064e-20
3.889384461257064 2.37186429430882e-20
3.890448859857333 2.4158006002215755e-20
3.891513549749037 2.4510037376599588e-20
3.8925785310118926 2.4975202141500072e-20
3.893643803725639 2.5682612129416108e-20
3.8947093679700364 2.6610797906256498e-20
3.895775223824868 2.7688441057026735e-20
3.8968413713699377 2.879384733311542e-20
3.897907810685072 2.9550787623559275e-20
3.8989745418501194 2.9905215893823935e-20
3.9000415649449476 3.047705327806059e-20
3.9011088800494504 3.1515786369448055e-20
3.902176487243541 3.262606247524541e-20
3.9032443866071542 3.3266574082372144e-20
3.904312578220248 3.3027157262552933e-20
3.9053810621628013 3.197575448809956e-20
3.906449838514816 3.125431622242244e-20
3.907518907356314 3.1433221132214476e-20
3.908588268767341 3.194729784648665e-20
3.9096579228279627 3.2394271514239727e-20
3.9107278696182686 3.2447885573094415e-20
3.91179810921837 3.2008263607858206e-20
3.912868641708398 3.128028509435393e-20
3.9139394671685084 3.0846978534618754e-20
3.9150105856788766 3.109236950458584e-20
3.9160819973197016 3.175394965544261e-20
3.917153702171204 3.254465662408058e-20
3.9182257003136254 3.330976602772832e-20
3.91929799182723 3.394610180441338e-20
3.9203705767923043 3.455743805483056e-20
3.921443455289156 3.5098437280270245e-20
3.9225166273981165 3.5619891496766177e-20
3.9235900931995364 3.645143855170918e-20
3.924663852773791 3.760399274351728e-20
3.9257379062012756 3.887584532380745e-20
3.9268122535624084 4.0137292956739354e-20
3.92788689493763 4.1248924233290546e-20
3.9289618304074025 4.1997770993649783e-20
3.93003706005221 4.1946158645492225e-20
3.931112583952558 4.09419368292158e-20
3.9321884021889755 3.977164817605815e-20
3.9332645148420124 3.9099185719736783e-20
3.9343409219922414 3.892499741966361e-20
3.935417623720256 3.916494672348509e-20
3.9364946201066733 3.9659733927183215e-20
3.937571911232132 4.01169657219694e-20
3.938649497177292 4.033637157695779e-20
3.9397273780228357 4.0426509193345534e-20
3.9408055538494686 4.065173651259109e-20
3.9418840247379174 4.119639572870955e-20
3.942962790768931 4.207375692669491e-20
3.944041852023279 4.3197664764490534e-20
3.9451212085817557 4.445168373882562e-20
3.946200860525176 4.5698549442715373e-20
3.9472808079343777 4.6866197940005873e-20
3.9483610508902194 4.799046244641136e-20
3.949441589473583 4.902028527889033e-20
3.9505224237653733 4.993495182325086e-20
3.951603553846514 5.09032549282939e-20
3.9526849797979544 5.181434950407124e-20
3.9537667017006646 5.2457888293455886e-20
3.9548487196356357 5.2721816442459855e-20
3.9559310336838838 5.2541905817920436e-20
3.9570136439264445 5.1968796424154364e-20
3.9580965504443775 5.1168882833214896e-20
3.9591797533187627 5.05996668516461e-20
3.9602632526307033 5.057230638380516e-20
3.9613470484613256 5.087220303067239e-20
3.962431140891776 5.1143225819624594e-20
3.963515530003226 5.132856591201306e-20
3.9646002158768656 5.1563709423941076e-20
3.96568519859391 5.192713344846271e-20
3.9667704782355955 5.2354827224948305e-20
3.967856054883181 5.278240949824058e-20
3.968941928617948 5.333692156762012e-20
3.9700280995211976 5.391423817518432e-20
3.971114567674257 5.43365856581289e-20
3.9722013331584725 5.467268232738395e-20
3.9732883960552154 5.500385028065112e-20
3.974375756445877 5.548347652223543e-20
3.9754634144118723 5.60809430496198e-20
3.976551370034638 5.676062444517451e-20
3.9776396233956324 5.752541464664463e-20
3.978728174576337 5.823995901816281e-20
3.9798170236582564 5.884995950303628e-20
3.980906170722915 5.930289507243274e-20
3.9819956158518623 5.94037787285391e-20
3.983085359126668 5.899028173401543e-20
3.984175400628926 5.819056276043112e-20
3.9852657404402505 5.739150496436907e-20
3.9863563786422795 5.680278059155e-20
3.9874473153166727 5.628999621255234e-20
3.9885385505451123 5.573396263615792e-20
3.9896300844093036 5.530138485280926e-20
3.990721916990972 5.477819517476761e-20
3.991814048371868 5.40503946160928e-20
3.992906478633763 5.3543248377708306e-20
3.993999207858451 5.336281030208395e-20
3.995092236127748 5.32699909198005e-20
3.9961855635234937 5.284929041015959e-20
3.997279190127549 5.190873105452204e-20
3.9983731160217975 5.076258611414855e-20
3.999467341288145 4.98307843629289e-20
4.000561866008519 4.9111790423122685e-20
4.001656690264873 4.841436144048756e-20
4.002751814139179 4.7674726999530694e-20
4.003847237713432 4.6908150517602356e-20
4.00494296106965 4.6099436201657625e-20
4.006038984289876 4.5599396061128296e-20
4.00713530745617 4.538794035831898e-20
4.008231930650618 4.501410120461051e-20
4.009328853955331 4.44325413055866e-20
4.010426077452437 4.3651260794596064e-20
4.011523601224089 4.2705122295620016e-20
4.012621425352462 4.164804482628971e-20
4.013719549919755 4.051449267728612e-20
4.014817975008189 3.9312095620613383e-20
4.0159167007000045 3.802189509651381e-20
4.017015727077469 3.665487479917916e-20
4.01811505422287 3.5337094515079696e-20
4.019214682218517 3.4208060344240227e-20
4.020314611146745 3.330918555046342e-20
4.021414841089907 3.247686197574123e-20
4.022515372130382 3.152847753139399e-20
4.023616204350572 3.0486393545923855e-20
4.024717337832898 2.9447013287157976e-20
4.025818772659807 2.84355923262848e-20
4.026920508913768 2.7424490088803237e-20
4.028022546677269 2.6479666425083707e-20
4.029124886032827 2.5644385725398595e-20
4.030227527062975 2.492118545626057e-20
4.031330469850273 2.434142974211503e-20
4.0324337144773015 2.3837868847540535e-20
4.033537261026664 2.337651528718146e-20
4.034641109580988 2.2991457548185744e-20
4.035745260222923 2.2675989694766e-20
4.036849713035139 2.2428720570039102e-20
4.03795446810033 2.2238335712318856e-20
4.039059525501214 2.2071318102429656e-20
4.0401648853205305 2.1904122211674733e-20
4.041270547641041 2.1736206907539745e-20
4.04237651254553 2.156833807980862e-20
4.043482780116806 2.1442207155554848e-20
4.044589350437699 2.14e-20
4.045696223591062 2.1395281721258827e-20
4.046803399659768 2.134864626030905e-20
4.047910878726718 2.1264825594696835e-20
4.049018660874831 2.1150597421692438e-20
4.050126746187051 2.106145045234862e-20
4.051235134746346 2.0646741291706644e-20
4.052343826635703 1.918652089545373e-20
4.053452821938133 1.8207885637876564e-20
4.054562120736671 1.833552251250274e-20
4.055671723114376 1.8421285143924554e-20
4.056781629154324 1.850492260439984e-20
4.0578918389396215 1.860370984497688e-20
4.0590023525533905 1.875123154303006e-20
4.0601131700787825 1.8967122334720755e-20
4.061224291598965 1.9217762780987586e-20
4.062335717197131 1.9500591640451927e-20
4.063447446956501 1.9825102051630502e-20
4.064559480960311 2.0159018165887446e-20
4.065671819291824 2.0492850100278862e-20
4.066784462034322 2.0826595766227583e-20
4.067897409271116 2.120111366583207e-20
4.069010661085534 2.158464980129509e-20
4.070124217560931 2.1902982721433424e-20
4.071238078780682 2.2186350876113816e-20
4.072352244828184 2.248631406779601e-20
4.07346671578686 2.2770305931536912e-20
4.074581491740155 2.30201253429544e-20
4.075696572771534 2.3269866994990318e-20
4.076811958964488 2.351954584275836e-20
4.077927650402531 2.3737843834470596e-20
4.079043647169199 2.3872905102977626e-20
4.080159949348047 2.3956067897767957e-20
4.08127655702266 2.4039204263354624e-20
4.082393470276641 2.4186180100026244e-20
4.083510689193618 2.439274222494052e-20
4.084628213857239 2.4591949237077912e-20
4.085746044351179 2.4814566022059324e-20
4.086864180759132 2.5063644181187162e-20
4.0879826231648195 2.5312643103497772e-20
4.0891013716519815 2.5561566703788005e-20
4.090220426304382 2.5855375575748948e-20
4.0913397872058095 2.621810958079091e-20
4.092459454440074 2.6588056616804644e-20
4.093579428091009 2.701326299950914e-20
4.09469970824247 2.74721917926232e-20
4.095820294978338 2.785989752744117e-20
4.096941188382514 2.8223987274379565e-20
4.098062388538924 2.861763663777249e-20
4.099183895531516 2.902767591403253e-20
4.100305709444259 2.9396226382727646e-20
4.10142783036115 2.9727131728353307e-20
4.102550258366206 3.0030028014826463e-20
4.103672993543464 3.0291505625904676e-20
4.104796035976991 3.053949116769483e-20
4.1059193857508705 3.078552131596574e-20
4.107043042949212 3.099017547646272e-20
4.1081670076561485 3.1189838295278e-20
4.109291279955835 3.1404974120648683e-20
4.1104158599324485 3.1619646766060125e-20
4.111540747670191 3.190127808945564e-20
4.112665943253287 3.223130178279776e-20
4.113791446765984 3.260198855007162e-20
4.114917258292552 3.3013792817857904e-20
4.1160433779172845 3.3449159414958316e-20
4.117169805724497 3.392562463070774e-20
4.11829654179853 3.442557033544672e-20
4.119423586223746 3.496655886031189e-20
4.1205509390845325 3.5505023860079714e-20
4.1216786004652946 3.6002165265480513e-20
4.122806570450466 3.64554859048397e-20
4.123934849124504 3.6837785117075995e-20
4.125063436571884 3.72143229039844e-20
4.126192332877109 3.7538283839266757e-20
4.127321538124701 3.7854302448037175e-20
4.128451052399209 3.8252429326652276e-20
4.129580875785203 3.864571883158136e-20
4.130711008367278 3.900393877824304e-20
4.13184145023005 3.937958392384191e-20
4.132972201458161 3.971101191501546e-20
4.134103262136271 3.999080991167019e-20
4.13523463234907 4.0308539784946316e-20
4.136366312181265 4.0661837147072527e-20
4.137498301717589 4.1100641208414566e-20
4.138630601042798 4.1637132964898454e-20
4.139763210241673 4.2246400796408837e-20
4.140896129399016 4.28964736857147e-20
4.14202935859965 4.3551810601084853e-20
4.143162897928427 4.4198577426025117e-20
4.144296747470216 4.480424621835385e-20
4.145430907309915 4.541745435647134e-20
4.146565377532442 4.600905816469876e-20
4.147700158222737 4.649730321532208e-20
4.148835249465766 4.692505697694894e-20
4.149970651346518 4.733004938270129e-20
4.151106363950003 4.76940601682107e-20
4.152242387361258 4.802091510609754e-20
4.153378721665339 4.8374059470431386e-20
4.154515366947328 4.8785164471955875e-20
4.155652323292328 4.925948078845207e-20
4.15678959078547 4.979810143978802e-20
4.157927169511902 5.032969307265592e-20
4.159065059556802 5.0820322419023077e-20
4.160203261005364 5.13308651801701e-20
4.161341773942812 5.188205188345495e-20
4.162480598454389 5.245267954953796e-20
4.163619734625362 5.3023136450825066e-20
4.164759182541024 5.3627588820312686e-20
4.165898942286689 5.429750331633341e-20
4.167039013947694 5.499891015272464e-20
4.168179397609401 5.568156326115606e-20
4.169320093357193 5.637962350945071e-20
4.170461101276478 5.711184319190045e-20
4.171602421452691 5.781552306630424e-20
4.1727440539712815 5.851632023798716e-20
4.173885998917729 5.92859025975833e-20
4.175028256377537 6.009814542089291e-20
4.176170826436229 6.082889629860468e-20
4.1773137091793515 6.141573039538734e-20
4.178456904692479 6.187708127420482e-20
4.1796004130612046 6.223886914908989e-20
4.180744234371147 6.256674500176535e-20
4.181888368707949 6.293508688168676e-20
4.183032816157276 6.340932549857732e-20
4.184177576804815 6.403917311879079e-20
4.185322650736278 6.483371284519159e-20
4.186468038037404 6.575607677470058e-20
4.187613738793949 6.67284157594078e-20
4.188759753091698 6.762657679630832e-20
4.189906081016455 6.838865180491802e-20
4.1910527226540495 6.906245686158809e-20
4.1921996780903354 6.971832387003162e-20
4.1933469474111895 7.04144809285821e-20
4.194494530702512 7.11425120566682e-20
4.195642428050226 7.192966783047382e-20
4.1967906395402785 7.281757934743267e-20
4.1979391652586395 7.377769254141479e-20
4.199088005291305 7.479829323245486e-20
4.20023715972429 7.584846734435014e-20
4.201386628643637 7.686664235268751e-20
4.202536412135411 7.782216854505811e-20
4.203686510285701 7.871601659923e-20
4.204836923180617 7.955096551998236e-20
4.205987650906296 8.035769484789927e-20
4.207138693548896 8.113079627038658e-20
4.2082900511946 8.186337611051611e-20
4.209441723929614 8.258882971447104e-20
4.210593711840168 8.331410787829176e-20
4.211746015012515 8.403917735027991e-20
4.212898633532933 8.476401212176819e-20
4.21405156748772 8.543854357774059e-20
4.215204816963205 8.603241433291018e-20
4.21635838204573 8.660127302498343e-20
4.217512262821669 8.721019609697282e-20
4.218666459377417 8.788957138613873e-20
4.219820971799393 8.871356651217695e-20
4.22097580017404 8.973506959095109e-20
4.222130944587823 9.0886340929142e-20
4.223286405127231 9.204481815499471e-20
4.224442181878779 9.324294162511781e-20
4.225598274929004 9.449003083027598e-20
4.226754684364465 9.569981969983371e-20
4.227911410271748 9.689342996754309e-20
4.229068452737459 9.805009956361601e-20
4.230225811848232 9.913607343710996e-20
4.231383487690723 1.0037083080733667e-19
4.232541480351608 1.0171165646385143e-19
4.233699789917592 1.0274282247234398e-19
4.234858416475403 1.035440702846553e-19
4.23601736011179 1.0434505797254019e-19
4.237176620913526 1.0514580450212819e-19
4.23833619896741 1.0577306487733008e-19
4.239496094360264 1.06073427652449e-19
4.240656307178934 1.0654687483907029e-19
4.241816837510287 1.0734676787758303e-19
4.242977685441218 1.0841951766819887e-19
4.244138851058642 1.0971897764305713e-19
4.245300334449501 1.1074514797469664e-19
4.246462135700758 1.1154420652649784e-19
4.247624254899403 1.1271417136383024e-19
4.248786692132445 1.1401272968741266e-19
4.249949447486922 1.1510946495818947e-19
4.251112521049894 1.164762167402364e-19
4.252275912908442 1.1807214571764834e-19
4.253439623149674 1.1966755546207853e-19
4.254603651860723 1.212624906754068e-19
4.255767999128743 1.2285704579609716e-19
4.25693266504091 1.2445122117198185e-19
4.25809764968443 1.260449627986115e-19
4.2592629531465285 1.2727952067649175e-19
4.260428575514455 1.283722790036836e-19
4.261594516875484 1.2966846876577304e-19
4.262760777316914 1.3076046983615612e-19
4.263927356926066 1.3200687952545053e-19
4.265094255790288 1.3324959018303513e-19
4.2662614739969476 1.343401761965692e-19
4.267429011633439 1.3563528044958945e-19
4.268596868787181 1.3668427096095997e-19
4.269765045545613 1.3747895561554528e-19
4.270933541996204 1.3827338117758089e-19
4.272102358226439 1.3929991425255102e-19
4.273271494323833 1.4059393529811994e-19
4.274440950375925 1.4165544449028496e-19
4.2756107264702745 1.424490366760639e-19
4.276780822694466 1.4324236994752254e-19
4.277951239136112 1.4425150478180952e-19
4.279121975882842 1.4565687540257931e-19
4.280293033022315 1.47242381161662e-19
4.2814644106422115 1.4882738142914252e-19
4.2826361088302365 1.5041186422804552e-19
4.283808127674121 1.5199596098432928e-19
4.284980467261614 1.5357968415518998e-19
4.286153127680497 1.5516301839832956e-19
4.2873261090185695 1.5636156380698034e-19
4.288499411363656 1.5744387941075925e-19
4.289673034803606 1.5891009399545114e-19
4.290846979426293 1.6049166471102306e-19
4.292021245319615 1.6207281619475834e-19
4.2931958325714925 1.6365345081336918e-19
4.294370741269871 1.6497771457911115e-19
4.295545971502721 1.6605750848375458e-19
4.296721523358035 1.6734721996560052e-19
4.29789739692383 1.6848590124145695e-19
4.299073592288149 1.6960996726369813e-19
4.300250109539057 1.7112827510478668e-19
4.301426948764647 1.7270592465496786e-19
4.302604110053028 1.742832045954081e-19
4.3037815934923405 1.75859993197191e-19
4.304959399170748 1.7774233996981553e-19
4.3061375271764355 1.800182163807664e-19
4.3073159775976135 1.8238148129622125e-19
4.3084947505225175 1.8474416787052035e-19
4.309673846039405 1.8710608063383076e-19
4.31085326423656 1.8946724571348048e-19
4.312033005202291 1.9182785931519782e-19
4.313213069024926 1.941879219807351e-19
4.314393455792823 1.9654733922330704e-19
4.315574165594361 1.9855846594996013e-19
4.316755198517944 1.9993550034559806e-19
4.317936554651999 2.0100711136429306e-19
4.31911823408498 2.0229273390217592e-19
4.3203002369053625 2.0344479421956025e-19
4.321482563201647 2.0454113364645266e-19
4.322665213062358 2.0602968894019684e-19
4.323848186576046 2.0769512950181633e-19
4.3250314838312836 2.097524151601504e-19
4.326215104916667 2.1171751523855103e-19
4.32739904992082 2.1355465025616493e-19
4.328583318932388 2.1561991015654575e-19
4.329767912040042 2.1747095879063513e-19
4.330952829332475 2.194804564033166e-19
4.332138070898408 2.2149595408627185e-19
4.333323636826581 2.2311935252296236e-19
4.334509527205764 2.2468496367231904e-19
4.33569574212475 2.2624202595945353e-19
4.336882281672352 2.2740747938778084e-19
4.3380691459374106 2.28189595443354e-19
4.339256335008792 2.2897152497544926e-19
4.340443848975385 2.2982532550980506e-19
4.341631687926102 2.3106963263405664e-19
4.342819851949882 2.3263220367032496e-19
4.344008341135686 2.344381326418202e-19
4.3451971555724995 2.3676830549678816e-19
4.346386295349335 2.396349038540267e-19
4.347575760555225 2.427567244531757e-19
4.348765551279232 2.455728056117291e-19
4.349955667610438 2.4799814362929954e-19
4.35114610963795 2.502530754597803e-19
4.352336877450904 2.521176567890589e-19
4.353527971138453 2.5404029680768427e-19
4.354719390789782 2.560985566670961e-19
4.355911136494093 2.577925554573048e-19
4.35710320834062 2.5935010004558755e-19
4.358295606418614 2.6090717704554666e-19
4.359488330817356 2.624637413158682e-19
4.360681381626151 2.6421937736565927e-19
4.361874758934322 2.663635638940774e-19
4.363068462831226 2.68696690277674e-19
4.364262493406238 2.7139488131228966e-19
4.3654568507487586 2.747353089367967e-19
4.366651534948213 2.784863160675316e-19
4.367846546094054 2.8237060227866943e-19
4.369041884275754 2.8625371818557203e-19
4.3702375495828125 2.9013555398475032e-19
4.3714335421047545 2.9382073446521305e-19
4.372629861931127 2.9694985777696395e-19
4.3738265091515025 2.9911012731388757e-19
4.375023483855477 3.003020549587275e-19
4.376220786132675 3.0085914855846725e-19
4.377418416072741 3.01e-19
4.378616373765345 3.010217052661952e-19
4.379814659300184 3.0143068899901496e-19
4.381013272766977 3.022051425620923e-19
4.382212214255468 3.0316265080544346e-19
4.383411483855426 3.0457722788746725e-19
4.3846110816566455 3.0658211556967154e-19
4.385811007748943 3.089029906708012e-19
4.3870112622221615 3.1145371678964276e-19
4.388211845166169 3.143904856494811e-19
4.389412756670858 3.17475531879529e-19
4.390613996826142 3.1978693535163184e-19
4.391815565721965 3.2133201812500216e-19
4.393017463448292 3.2271449056699877e-19
4.394219690095112 3.2375886969731326e-19
4.395422245752441 3.249650626389596e-19
4.3966251305103174 3.265084894473246e-19
4.397828344458807 3.2825722860466474e-19
4.399031887687999 3.3048259294862283e-19
4.400235760288004 3.3327288487426472e-19
4.401439962348961 3.363564273912459e-19
4.402644493961034 3.3968653278025047e-19
4.403849355214412 3.435338480996276e-19
4.4050545461993025 3.478853495030528e-19
4.406260067005947 3.5210292934596694e-19
4.407465917724606 3.559519456221644e-19
4.408672098445562 3.5962764754238474e-19
4.409878609259131 3.628607409044567e-19
4.411085450255646 3.654960468853482e-19
4.4122926215254665 3.671508921107203e-19
4.41350012315898 3.682468012274594e-19
4.414707955246595 3.696100241943782e-19
4.415916117878746 3.711468313613756e-19
4.417124611145893 3.7304591078801667e-19
4.41833343513852 3.753284234702351e-19
4.419542589947136 3.777621568469611e-19
4.420752075662273 3.805933757474218e-19
4.421961892374491 3.840605066006668e-19
4.423172040174373 3.878958466927604e-19
4.424382519152528 3.918950082799083e-19
4.425593329399586 3.962766300340358e-19
4.426804471006207 4.0087560467362114e-19
4.428015944063073 4.0484448442511374e-19
4.42922774866089 4.0765166155955034e-19
4.43043988489039 4.0963259361157017e-19
4.431652352842331 4.116131074202108e-19
4.432865152607496 4.1321560132171065e-19
4.434078284276689 4.1428680292052274e-19
4.435291747940742 4.1565740864026624e-19
4.436505543690511 4.1718709163506553e-19
4.437719671616877 4.1871626696671375e-19
4.438934131810749 4.2049725446441124e-19
4.4401489243630525 4.2279429418195333e-19
4.441364049364749 4.2561891895665767e-19
4.442579506906814 4.2907207559453035e-19
4.443795297080257 4.326098027057701e-19
4.4450114199761055 4.359264420329544e-19
4.446227875685416 4.394790789585572e-19
4.447444664299271 4.428693885863915e-19
4.448661785908772 4.456144638485031e-19
4.44987924060505 4.47977542676402e-19
4.4510970284792615 4.50332463370972e-19
4.452315149622587 4.53067765859674e-19
4.453533604126228 4.557853670181601e-19
4.454752392081419 4.581213230670114e-19
4.455971513579412 4.60405744920347e-19
4.457190968711487 4.62689604129716e-19
4.458410757568949 4.6532504226619015e-19
4.459630880243128 4.685728370393109e-19
4.460851336825379 4.722283424872694e-19
4.462072127407081 4.7603065101623715e-19
4.463293252079641 4.802048751718313e-19
4.464514710934488 4.84504678996039e-19
4.465736504063075 4.884304701146188e-19
4.466958631556884 4.922031158837872e-19
4.468181093507419 4.952153196468461e-19
4.469403890006211 4.974927148076585e-19
4.4706270211448125 4.9961826883042775e-19
4.471850487014806 5.01363971698205e-19
4.473074287707797 5.028810925575244e-19
4.474298423315413 5.046866860958011e-19
4.475522893929311 5.068709235679353e-19
4.476747699641173 5.091447893032816e-19
4.4779728405427015 5.114179993092771e-19
4.479198316725627 5.136904520936925e-19
4.480424128281708 5.161453277410411e-19
4.481650275302724 5.190397673224523e-19
4.482876757880479 5.22507352130687e-19
4.484103576106808 5.262906567853252e-19
4.485330730073564 5.300729177642193e-19
4.486558219872629 5.337053837893141e-19
4.487786045595909 5.365808850139908e-19
4.489014207335336 5.385180733422216e-19
4.490242705182867 5.400768396268988e-19
4.491471539230483 5.415877532387714e-19
4.492700709570194 5.430982872294326e-19
4.493930216294029 5.449491145755687e-19
4.4951600594940455 5.476131481539805e-19
4.496390239262329 5.511633010694959e-19
4.497620755690984 5.554081183100129e-19
4.498851608872146 5.595836571212794e-19
4.500082798897971 5.636074218746098e-19
4.501314325860644 5.678764141390535e-19
4.502546189852374 5.719179673180036e-19
4.503778390965396 5.756848190684915e-19
4.505010929291966 5.794504853196756e-19
4.50624380492437 5.831055857727114e-19
4.507477017954917 5.863834734053855e-19
4.5087105684759425 5.893936670372361e-19
4.509944456579808 5.9192605855853525e-19
4.511178682358898 5.934768372045068e-19
4.512413245905623 5.94e-19
4.51364814731242 5.94e-19
4.514883386671748 5.937581208202529e-19
4.516118964076096 5.933756208445423e-19
4.517354879617975 5.936105356550017e-19
4.518591133389923 5.950982518806149e-19
4.519827725484502 5.978236918445626e-19
4.5210646559943 6.014319046366558e-19
4.52230192501193 6.056776110206388e-19
4.523539532630032 6.105471061431948e-19
4.524777478941267 6.157900016061985e-19
4.526015764038329 6.209190827509681e-19
4.527254388013928 6.256723001570523e-19
4.528493350960806 6.301678815101332e-19
4.52973265297173 6.346619880829704e-19
4.530972294139488 6.39155141162733e-19
4.532212274556899 6.436473029311137e-19
4.533452594316804 6.481379614975066e-19
4.534693253512068 6.526271564115899e-19
4.535934252235586 6.568888535657568e-19
4.537175590580274 6.604017607019375e-19
4.5384172686390745 6.630313556451794e-19
4.53965928650496 6.650517871316723e-19
4.540901644270922 6.667902473202231e-19
4.54214434202998 6.687516452408013e-19
4.543387379875181 6.71330188380176e-19
4.5446307578995935 6.745155351210677e-19
4.545874476196315 6.780975143174828e-19
4.547118534858464 6.818286730465273e-19
4.548362933979192 6.852162654573943e-19
4.5496076736516695 6.882298825382945e-19
4.550852753969094 6.912122732760076e-19
4.55209817502469 6.941939226830237e-19
4.5533439369117055 6.978407259389368e-19
4.554590039723415 7.024370181696206e-19
4.5558364835531195 7.07327870351701e-19
4.557083268494143 7.116398199290007e-19
4.558330394639839 7.150393322010887e-19
4.559577862083581 7.176772886888134e-19
4.560825670918774 7.194546461954297e-19
4.562073821238846 7.205041882720702e-19
4.563322313137248 7.212477133483358e-19
4.5645711467074594 7.219910346713671e-19
4.5658203220429865 7.22839946894229e-19
4.567069839237359 7.244314718015637e-19
4.56831969838413 7.266595923124266e-19
4.569569899576884 7.290539304222093e-19
4.570820442909227 7.317810079863566e-19
4.57207132847479 7.34340624186443e-19
4.573322556367232 7.368461187948285e-19
4.574574126680239 7.395712400509646e-19
4.575826039507517 7.420374538096916e-19
4.577078294942803 7.446533777387787e-19
4.5783308930798565 7.478801157877847e-19
4.579583834012467 7.514765904878027e-19
4.5808371178344425 7.551835386308927e-19
4.582090744639623 7.592594210962624e-19
4.583344714521871 7.639444018475254e-19
4.584599027575075 7.689984638015953e-19
4.585853683893152 7.741780042803171e-19
4.587108683570042 7.793558045467606e-19
4.588364026699709 7.847547910640161e-19
4.5896197133761465 7.904298732319321e-19
4.590875743693372 7.958808553776805e-19
4.592132117745429 8.010529385140663e-19
4.593388835626386 8.058222682138092e-19
4.594645897430338 8.0964266486353085e-19
4.595903303251406 8.120174480830371e-19
4.597161053183736 8.122620747273672e-19
4.598419147321501 8.106772334587415e-19
4.599677585758897 8.081106984608134e-19
4.60093636859015 8.051607599277273e-19
4.602195495909508 8.02494618689024e-19
4.6034549678112455 8.006515844495664e-19
4.604714784389666 8.000591216753415e-19
4.605974945739094 8.012230092007432e-19
4.607235451953883 8.03688400153741e-19
4.608496303128412 8.067698261754365e-19
4.609757499357084 8.106986883973873e-19
4.61101904073433 8.14753735762642e-19
4.612280927354607 8.184395636015625e-19
4.613543159312396 8.220213399536773e-19
4.614805736702204 8.252346419917945e-19
4.6160686596185645 8.288359393029363e-19
4.617331928156037 8.335669889444684e-19
4.618595542409208 8.39105489496429e-19
4.619859502472688 8.449812548489393e-19
4.621123808441114 8.505555763050267e-19
4.62238846040915 8.559277878836764e-19
4.623653458471484 8.615649367301206e-19
4.62491880272283 8.670340877630966e-19
4.626184493257929 8.721679502602396e-19
4.627450530171548 8.770339373169174e-19
4.62871691355848 8.81165876478048e-19
4.629983643513544 8.8446390992618e-19
4.631250720131584 8.869295757010566e-19
4.632518143507469 8.88267625475999e-19
4.633785913736097 8.878733301469923e-19
4.63505403091239 8.857479708537297e-19
4.636322495131296 8.826947990879859e-19
4.637591306487789 8.793304671551042e-19
4.6388604650768706 8.76529121471044e-19
4.640129970993567 8.752160600844399e-19
4.64139982433293 8.757950091185233e-19
4.6426700251900375 8.78490236577504e-19
4.643940573659995 8.833124247155718e-19
4.64521146983793 8.894104408657265e-19
4.646482713819002 8.958722301449176e-19
4.647754305698393 9.024429612630818e-19
4.649026245571311 9.083120309770893e-19
4.65029853353299 9.132349729818132e-19
4.651571169678691 9.176036271048552e-19
4.652844154103702 9.210917289278953e-19
4.654117486903335 9.240078185874753e-19
4.655391168172927 9.26923093031401e-19
4.656665198007845 9.299093484605425e-19
4.6579395765034795 9.336013996285757e-19
4.659214303755247 9.38202936898669e-19
4.660489379858593 9.429409387991393e-19
4.661764804908984 9.470602111027147e-19
4.663040579001917 9.50698423866547e-19
4.664316702232913 9.53689316661984e-19
4.665593174697522 9.55588706961986e-19
4.6668699964913145 9.57042860164985e-19
4.6681471677098925 9.581907166308085e-19
4.669424688448882 9.584676368324095e-19
4.670702558803936 9.576295392510297e-19
4.671980778870732 9.565723583573208e-19
4.673259348744976 9.55846338441679e-19
4.674538268522397 9.553628912624055e-19
4.675817538298754 9.556052146632614e-19
4.677097158169829 9.580639566269947e-19
4.678377128231434 9.629630400276171e-19
4.679657448579404 9.691722057603051e-19
4.680938119309598 9.765644490183035e-19
4.6822191405179066 9.839427689967653e-19
4.683500512300245 9.90277422944487e-19
4.684782234752554 9.956513702157636e-19
4.686064307970799 9.988066758736368e-19
4.687346732050973 9.997652977652005e-19
4.688629507089098 1e-18
4.689912633181218 1e-18
4.691196110423406 1e-18
4.6924799389117595 1e-18
4.693764118742404 9.998424884921413e-19
4.69504865001149 9.986011238862808e-19
4.696333532815196 9.964337461779073e-19
4.697618767249724 9.942669057873267e-19
4.6989043534113035 9.92100489305295e-19
4.700190291396193 9.90292768703616e-19
4.701476581300675 9.890653201052317e-19
4.702763223221056 9.883607222092064e-19
4.704050217253673 9.885195605901987e-19
4.705337563494888 9.898417705354595e-19
4.70662526204109 9.922065421348497e-19
4.7079133129886905 9.953687891561104e-19
4.709201716434132 9.982084104219993e-19
4.710490472473882 1.00206036107569e-18
4.711779581204436 1.0084320416507023e-18
4.71306904272231 1.0156316097315455e-18
4.7143588571240524 1.022828739807577e-18
4.715649024506238 1.0300237251326074e-18
4.716939544965463 1.037217340677989e-18
4.718230418598354 1.0444088292268264e-18
4.7195216455015645 1.0515978819777932e-18
4.720813225771772 1.0575959558970156e-18
4.722105159505681 1.06e-18
4.723397446800026 1.06e-18
4.724690087751561 1.06e-18
4.725983082457073 1.0594474960715796e-18
4.727276431013374 1.0553067710527842e-18
4.728570133517299 1.0508592749812047e-18
4.729864190065713 1.05e-18
4.731158600755506 1.05e-18
4.732453365683597 1.05e-18
4.733748484946927 1.05e-18
4.735043958642468 1.05e-18
4.736339786867216 1.05e-18
4.737635969718193 1.05e-18
4.73893250729245 1.05e-18
4.740229399687063 1.05e-18
4.7415266469991355 1.0535472214205756e-18
4.742824249325796 1.0585472214205755e-18
4.744122206764201 1.060699490489118e-18
4.745420519411532 1.0649735589129266e-18
4.746719187365 1.0721215120904728e-18
4.748018210721839 1.079267596602898e-18
4.749317589579313 1.0864123443529071e-18
4.75061732403471 1.0935546681712931e-18
4.751917414185346 1.0985624767546194e-18
4.753217860128562 1.1007010571257728e-18
4.75451866196173 1.1049698509244035e-18
4.755819819782243 1.1092687937986308e-18
4.7571213336875235 1.1085987922616536e-18
4.7584232037750205 1.1036323929181285e-18
4.759725430142209 1.100033600656475e-18
4.761028012886593 1.0979073461975251e-18
4.7623309521057005 1.0922525515001533e-18
4.7636342478970874 1.0851295282835045e-18
4.764937900358333 1.0807843229808762e-18
4.766241909587052 1.0786655321969971e-18
4.767546275680876 1.073772732743947e-18
4.768850998737467 1.07010720054695e-18
4.770156078854516 1.07e-18
4.771461516129739 1.07e-18
4.772767310660878 1.07e-18
4.774073462545703 1.0726677431528334e-18
4.775379971882009 1.0788877692637633e-18
4.776686838767619 1.0859915108623452e-18
4.777994063300383 1.0930928394720778e-18
4.779301645578178 1.100173404425582e-18
4.780609585698906 1.1072212199648434e-18
4.781917883760499 1.1142854476109126e-18
4.783226539860912 1.1213787318927068e-18
4.784535554098129 1.1284704423916231e-18
4.785844926570162 1.1355605209383379e-18
4.787154657375046 1.1426481902352206e-18
4.788464746610845 1.148095657146788e-18
4.789775194375653 1.15e-18
4.791086000767585 1.15e-18
4.792397165884786 1.15e-18
4.793708689825428 1.1492015732247563e-18
4.795020572687711 1.1448655002516415e-18
4.7963328145698565 1.140663927026885e-18
4.797645415570118 1.1385917806212234e-18
4.798958375786777 1.133648484840311e-18
4.800271695318138 1.1265800573789881e-18
4.801585374262531 1.1215233531599006e-18
4.80289941271832 1.12e-18
4.804213810783889 1.12e-18
4.805528568557652 1.12e-18
4.80684368613805 1.12e-18
4.80815916362355 1.12e-18
4.809475001112647 1.12e-18
4.8107911987038605 1.12e-18
4.812107756495742 1.12e-18
4.813424674586864 1.12e-18
4.814741953075829 1.1222839581149286e-18
4.816059592061267 1.1272839581149286e-18
4.817377591641835 1.13e-18
4.818695951916214 1.13e-18
4.820014672983117 1.13e-18
4.8213337549412785 1.13e-18
4.822653197889464 1.13e-18
4.823973001926465 1.1280811606625755e-18
4.8252931671510995 1.1230811606625755e-18
4.826613693662214 1.12e-18
4.827934581558679 1.12e-18
4.829255830939394 1.12e-18
4.830577441903286 1.12e-18
4.831899414549311 1.12e-18
4.833221748976447 1.1215066078379117e-18
4.8345444452837025 1.1265066078379117e-18
4.835867503570112 1.13e-18
4.837190923934738 1.1320297330707836e-18
4.838514706476669 1.1370297330707835e-18
4.839838851295021 1.14e-18
4.841163358488938 1.142544266058015e-18
4.842488228157592 1.147544266058015e-18
4.8438134604001775 1.15e-18
4.84513905531592 1.153050211906789e-18
4.846465013004074 1.158050211906789e-18
4.847791333563915 1.16e-18
4.849118017094752 1.16e-18
4.850445063695917 1.1620446920781455e-18
4.851772473466771 1.1670446920781455e-18
4.853100246506702 1.17e-18
4.854428382915124 1.17e-18
4.855756882791479 1.168975974713836e-18
4.857085746235239 1.1644593966485802e-18
4.858414973345899 1.1604834219347444e-18
4.859744564222981 1.1585017189642165e-18
4.8610745189660385 1.1535134920371298e-18
4.862404837674649 1.1465353726135888e-18
4.863735520448419 1.1415235995406755e-18
4.865066567386981 1.1395490395252208e-18
4.866397978589993 1.1356125247912074e-18
4.867729754157146 1.1310634852659867e-18
4.869061894188151 1.13e-18
4.870394398782754 1.13e-18
4.871727268040719 1.1328697159972297e-18
4.873060502061847 1.1378697159972296e-18
4.8743941009459615 1.14e-18
4.875728064792911 1.1433097678210525e-18
4.877062393702577 1.1483097678210525e-18
4.878397087774863 1.15e-18
4.879732147109703 1.15e-18
4.881067571807058 1.15e-18
4.882403361966915 1.15e-18
4.883739517689291 1.15e-18
4.885076039074226 1.15e-18
4.886412926221793 1.15e-18
4.887750179232087 1.15e-18
4.889087798205233 1.15e-18
4.890425783241385 1.1484834058961128e-18
4.891764134440721 1.1434987542990637e-18
4.893102851903448 1.1400153484029507e-18
4.894441935729801 1.14e-18
4.895781386020042 1.1396182330239435e-18
4.89712120287446 1.1357728241345136e-18
4.898461386393372 1.13115459111057e-18
4.89980193667712 1.13e-18
4.901142853826079 1.13e-18
4.902484137940648 1.13e-18
4.903825789121251 1.13e-18
4.905167807468343 1.13e-18
4.906510193082406 1.13e-18
4.90785294606395 1.13e-18
4.909196066513511 1.13e-18
4.910539554531652 1.1333817793270211e-18
4.911883410218966 1.138381779327021e-18
4.913227633676071 1.14e-18
4.914572225003614 1.14e-18
4.91591718430227 1.1421898288490622e-18
4.917262511672739 1.1471898288490622e-18
4.918608207215753 1.15e-18
4.919954271032067 1.15e-18
4.921300703222466 1.15e-18
4.922647503887763 1.15e-18
4.923994673128795 1.15e-18
4.925342211046431 1.1486822229515158e-18
4.9266901177415665 1.1439210865891068e-18
4.9280383933151235 1.1370359724636483e-18
4.92938703786805 1.130153018630412e-18
4.930736051501327 1.123355909804355e-18
4.932085434315959 1.12e-18
4.933435186412977 1.118038052407526e-18
4.934785307893444 1.113038052407526e-18
4.936135798858446 1.11e-18
4.937486659409101 1.11e-18
4.938837889646552 1.1092937976964433e-18
4.940189489671971 1.1051539818139728e-18
4.9415414595865546 1.1008601841175294e-18
4.942893799491532 1.1e-18
4.944246509488156 1.1e-18
4.945599589677709 1.1e-18
4.946953040161501 1.1e-18
4.948306861040871 1.1e-18
4.9496610524171825 1.1031489342361052e-18
4.951015614391829 1.1081489342361051e-18
4.952370547066231 1.11e-18
4.9537258505418365 1.11e-18
4.955081524920124 1.11e-18
4.956437570302596 1.11e-18
4.957793986790783 1.11e-18
4.959150774486247 1.11e-18
4.960507933490575 1.11e-18
4.961865463905381 1.11e-18
4.963223365832309 1.11e-18
4.964581639373029 1.1092147565933828e-18
4.965940284629241 1.1050136663723517e-18
4.967299301702669 1.100798909778969e-18
4.9686586906950705 1.1e-18
4.970018451708227 1.1e-18
4.971378584843947 1.1e-18
4.972739090204069 1.1e-18
4.974099967890458 1.1e-18
4.975461218005011 1.1e-18
4.976822840649644 1.1e-18
4.978184835926311 1.1e-18
4.979547203936988 1.1e-18
4.980909944783679 1.0982863624838852e-18
4.98227305856842 1.0932863624838852e-18
4.98363654539327 1.09e-18
4.985000405360317 1.08807522202012e-18
4.98636463857168 1.082748231904258e-18
4.987729245129503 1.075945350082213e-18
4.989094225135959 1.071272340198075e-18
4.990459578693249 1.069473083013858e-18
4.9918253059036015 1.0655481783043702e-18
4.993191406869274 1.0610750952905123e-18
4.994557881692549 1.06e-18
4.995924730475741 1.06e-18
4.997291953321191 1.06e-18
4.998659550331267 1.060901694109646e-18
5.000027521608365 1.06519600515454e-18
5.001395867254912 1.0692943110448938e-18
5.002764587373359 1.0689234433874247e-18
5.004133682066187 1.0644569586616253e-18
5.005503151435905 1.0605335152742005e-18
5.00687299558505 1.06e-18
5.008243214616188 1.06e-18
5.0096138086319115 1.06e-18
5.010984777734841 1.0585987396755623e-18
5.012356122027626 1.0538129357294647e-18
5.013727841612942 1.0502141960539026e-18
5.015099936593498 1.0484488860572125e-18
5.016472407072026 1.043515924158911e-18
5.017845253151288 1.0400670381016985e-18
5.019218474934071 1.0383073562797781e-18
5.020592072523195 1.033307356279778e-18
5.021966046021509 1.03e-18
5.023340395531882 1.03e-18
5.02471512115722 1.03e-18
5.026090223000452 1.03e-18
5.027465701164536 1.03e-18
5.028841555752459 1.03e-18
5.030217786867238 1.03e-18
5.031594394611914 1.03e-18
5.03297137908956 1.03e-18
5.034348740403273 1.03e-18
5.035726478656185 1.03e-18
5.037104593951448 1.03e-18
5.038483086392249 1.03e-18
5.039861956081799 1.0277243445606177e-18
5.04124120312334 1.0227243445606177e-18
5.042620827620139 1.02e-18
5.044000829675496 1.02e-18
5.045381209392735 1.02e-18
5.046761966875209 1.02e-18
5.048143102226302 1.0175991845828099e-18
5.049524615549424 1.01259918458281e-18
5.050906506948012 1.01e-18
5.052288776525534 1.0075240181075037e-18
5.053671424385486 1.0022741901119272e-18
5.055054450631392 9.984936522315277e-19
5.056437855366803 9.949548864200936e-19
5.057821638695299 9.895835840105384e-19
5.059205800720489 9.84397311543053e-19
5.060590341546011 9.799642203586708e-19
5.0619752612755295 9.761532579638274e-19
5.063360560012738 9.73423283037522e-19
5.064746237861359 9.714135389331943e-19
5.066132294925143 9.696043885525886e-19
5.067518731307869 9.684651751422047e-19
5.068905547113344 9.680652138159493e-19
5.070292742445405 9.678960231066595e-19
5.071680317407914 9.674575712928729e-19
5.073068272104765 9.667887532284121e-19
5.0744566066398775 9.662272050421989e-19
5.075845321117203 9.66e-19
5.077234415640719 9.657246383835662e-19
5.078623890314432 9.651152550974888e-19
5.080013745242375 9.644473043630906e-19
5.081403980528612 9.635024764710218e-19
5.082794596277236 9.621132304536148e-19
5.084185592592366 9.603339158656612e-19
5.085576969578151 9.58054364059261e-19
5.086968727338768 9.5544188693692e-19
5.088360865978424 9.527744649871889e-19
5.089753385601352 9.498298271211722e-19
5.091146286311814 9.466640482209166e-19
5.092539568214105 9.437769435746515e-19
5.0939332314125405 9.411126222623614e-19
5.09532727601147 9.383386948315725e-19
5.096721702115271 9.352324810639892e-19
5.098116509828351 9.319048137960015e-19
5.099511699255142 9.286865725802214e-19
5.100907270500107 9.258015833958935e-19
5.102303223667737 9.228681275316452e-19
5.1036995588625516 9.197088959044568e-19
5.105096276189101 9.168237337656485e-19
5.10649337575196 9.141659722085707e-19
5.107890857655736 9.116113562046134e-19
5.109288722005061 9.09389322871328e-19
5.110686968904602 9.073976402641741e-19
5.112085598459048 9.054064765856711e-19
5.113484610773119 9.034157510724687e-19
5.114884005951565 9.014257063294601e-19
5.116283784099162 8.994361685701272e-19
5.117683945320717 8.974470807951912e-19
5.119084489721066 8.954586732153468e-19
5.120485417405073 8.934707586302472e-19
5.121886728477628 8.914833078902582e-19
5.123288423043654 8.897459826698027e-19
5.124690501208098 8.884206349664679e-19
5.126092963075943 8.875081427305426e-19
5.127495808752193 8.866042459174563e-19
5.128899038341883 8.852968013360558e-19
5.13030265195008 8.835704375164303e-19
5.131706649681878 8.811187178674314e-19
5.133111031642397 8.78006459274839e-19
5.134515797936789 8.747022194415491e-19
5.135920948670234 8.713991093968934e-19
5.137326483947939 8.680966935729317e-19
5.138732403875144 8.647951773674969e-19
5.140138708557112 8.614947899742481e-19
5.14154539809914 8.582405268319326e-19
5.1429524726065505 8.553170100661194e-19
5.144359932184698 8.526788773019662e-19
5.145767776938962 8.500412324714544e-19
5.147176006974754 8.47404374402263e-19
5.148584622397513 8.445747404350925e-19
5.149993623312705 8.414392339241196e-19
5.151403009825828 8.38498229212446e-19
5.152812782042409 8.360459879608757e-19
5.154222940068 8.339233069081901e-19
5.155633484008188 8.3194892658799955e-19
5.157044413968581 8.303124065540246e-19
5.158455730054824 8.293339322185035e-19
5.159867432372585 8.286763489458073e-19
5.161279521027564 8.280189883478223e-19
5.162691996125487 8.273617236201486e-19
5.164104857772114 8.263928078796548e-19
5.16551810607323 8.249554388160393e-19
5.166931741134648 8.231733985144946e-19
5.168345763062213 8.2090714051353e-19
5.169760171961799 8.181884519541658e-19
5.171174967939304 8.151107921212794e-19
5.172590151100663 8.1155017041829305e-19
5.174005721551834 8.076626088523206e-19
5.175421679398804 8.037287935464443e-19
5.176838024747593 7.997963228637698e-19
5.178254757704247 7.959566049778513e-19
5.179671878374842 7.924452643943805e-19
5.181089386865482 7.889243200996436e-19
5.182507283282301 7.851507538333061e-19
5.183925567731462 7.816245941109016e-19
5.185344240319157 7.785812171982682e-19
5.186763301151607 7.759225972435848e-19
5.188182750335061 7.737001894496036e-19
5.1896025879758 7.719563072411578e-19
5.191022814180131 7.704989595191308e-19
5.192443429054391 7.688344396807179e-19
5.193864432704947 7.670588865259768e-19
5.195285825238194 7.655994689112127e-19
5.196707606760556 7.639565178331793e-19
5.1981297773784885 7.618349839617264e-19
5.199552337198474 7.593874554296991e-19
5.200975286327024 7.570937320735498e-19
5.202398624870678 7.549850536892745e-19
5.20382235293601 7.52560978575976e-19
5.205246470629617 7.49953606700081e-19
5.206670978058127 7.472274926299677e-19
5.208095875328199 7.441761473078195e-19
5.20952116254652 7.411904629150942e-19
5.2109468398198056 7.385312048612578e-19
5.212372907254802 7.359272672274812e-19
5.213799364958284 7.333242191535318e-19
5.215226213037054 7.307217971919667e-19
5.2166534515979475 7.281200206833221e-19
5.218081080747824 7.255191329003748e-19
5.219509100593577 7.229664522099655e-19
5.220937511242127 7.2073937911561e-19
5.222366312800423 7.185929869483778e-19
5.223795505375446 7.161442840561552e-19
5.225225089074204 7.138935366677238e-19
5.226655064003733 7.117748552170258e-19
5.228085430271104 7.093319587259183e-19
5.2295161879834104 7.064165805764817e-19
5.230947337247778 7.033221528413686e-19
5.232378878171363 7.005482025992041e-19
5.233810810861351 6.97662410386765e-19
5.235243135424954 6.946867234485721e-19
5.236675851969415 6.923281179752875e-19
5.238108960602008 6.901204541949605e-19
5.239542461430034 6.877659199709144e-19
5.2409763545608214 6.859999083317836e-19
5.2424106401017365 6.844700906235809e-19
5.243845318160165 6.826170527782848e-19
5.245280388843528 6.806763808744874e-19
5.246715852259274 6.785307873409612e-19
5.2481517085148806 6.760623006230061e-19
5.249587957717855 6.734768912612771e-19
5.251024599975735 6.708923643946786e-19
5.252461635396086 6.683082248972472e-19
5.2538990640865055 6.650833940960253e-19
5.255336886154618 6.613574445513086e-19
5.256775101708078 6.579507466490842e-19
5.25821371085457 6.5443552006412425e-19
5.259652713701808 6.507100951227971e-19
5.2610921103575325 6.472741423742495e-19
5.26253190092952 6.443065544236624e-19
5.263972085525571 6.416620559130272e-19
5.265412664253516 6.390843683408792e-19
5.266853637221217 6.367301405622517e-19
5.268295004536567 6.346984701564897e-19
5.2697367663074814 6.327668157423733e-19
5.271178922641914 6.310240819084456e-19
5.272621473647842 6.296134528423942e-19
5.274064419433275 6.286583663754726e-19
5.275507760106251 6.278620852086218e-19
5.276951495774838 6.267444139081112e-19
5.278395626547134 6.25162826796684e-19
5.279840152531265 6.23143090618176e-19
5.281285073835388 6.207771487315347e-19
5.282730390567691 6.182080476179011e-19
5.284176102836389 6.156396129312731e-19
5.285622210749725 6.130717797411418e-19
5.287068714415978 6.1028251573516245e-19
5.288515613943449 6.072160976192985e-19
5.289962909440476 6.043727144160992e-19
5.291410601015421 6.016236034264253e-19
5.292858688776678 5.985495369050569e-19
5.294307172832671 5.95019919455155e-19
5.295756053291852 5.913214079296735e-19
5.297205330262704 5.879437406276782e-19
5.298655003853739 5.850278329145623e-19
5.3001050741735005 5.825388511382779e-19
5.3015555413305595 5.804045969844795e-19
5.303006405433518 5.784851469422895e-19
5.304457666591007 5.765661609572991e-19
5.305909324911686 5.746476609678609e-19
5.307361380504248 5.729346442656247e-19
5.308813833477412 5.715659465210831e-19
5.310266683939927 5.7063181047435575e-19
5.311719932000576 5.699930628034694e-19
5.313173577768168 5.693544139956488e-19
5.3146276213515415 5.678112622020767e-19
5.316082062859565 5.650696722289753e-19
5.31753690240114 5.616378374563694e-19
5.318992140085195 5.585861627218225e-19
5.320447776020686 5.562597731274852e-19
5.321903810316604 5.531585804895721e-19
5.323360243081967 5.504083157858071e-19
5.324817074425822 5.492852167289038e-19
5.3262743044572485 5.49e-19
5.327731933285355 5.486595682245298e-19
5.329189961019276 5.476824458694164e-19
5.330648387768182 5.485565264144681e-19
5.33210721364127 5.512833850046974e-19
5.333566438747766 5.531355908941967e-19
5.3350260631969295 5.512773644488482e-19
5.336486087098045 5.448954346619713e-19
5.337946510560433 5.349701642491107e-19
5.339407333693437 5.227248903363971e-19
5.340868556606435 5.107049776322437e-19
5.342330179408835 5.042576859847806e-19
5.343792202210073 5.052523763276749e-19
5.345254625119615 5.106906392515165e-19
5.346717448246959 5.135642216946573e-19
5.348180671701631 5.113604558211483e-19
5.349644295593188 5.088233251018989e-19
5.351108320031216 5.062870579575629e-19
5.352572745125331 5.03751414419286e-19
5.354037570985181 5.012164110805216e-19
5.355502797720442 4.988803492611377e-19
5.356968425440822 4.968466608284165e-19
5.358434454256056 4.9461570472119265e-19
5.359900884275911 4.922314687201392e-19
5.361367715610182 4.901640565669249e-19
5.3628349483686995 4.87985524635612e-19
5.364302582661318 4.855880130555609e-19
5.365770618597924 4.834713636935285e-19
5.367239056288437 4.815748920325598e-19
5.3687078958428 4.79678838977786e-19
5.370177137370993 4.777833143755865e-19
5.371646780983022 4.758884343913626e-19
5.373116826788927 4.739938568427062e-19
5.374587274898772 4.720999236470185e-19
5.376058125422656 4.700832809138097e-19
5.377529378470706 4.677515036679799e-19
5.379001034153081 4.6548249414992445e-19
5.380473092579968 4.634600157275634e-19
5.381945553861586 4.611840398719987e-19
5.3834184181081834 4.588626969826261e-19
5.384891685430038 4.56842148462555e-19
5.386365355937457 4.546227441208893e-19
5.387839429740781 4.521038576209063e-19
5.389313906950379 4.495853764537323e-19
5.390788787676652 4.473415958793661e-19
5.3922640720300254 4.454131296633958e-19
5.393739760120962 4.435258566796334e-19
5.39521585205995 4.416392249309202e-19
5.396692347957511 4.397212969265593e-19
5.398169247924194 4.374897260988808e-19
5.39964655207058 4.351363642625016e-19
5.401124260507281 4.330975085484252e-19
5.402602373344937 4.312134083422161e-19
5.404080890694219 4.292279061139147e-19
5.40555981266583 4.2692896731194387e-19
5.407039139370502 4.2464842620245814e-19
5.408518870918996 4.226389641852135e-19
5.4099990074221065 4.2040072450032326e-19
5.411479548990654 4.180629424856974e-19
5.4129604957354935 4.16038986688009e-19
5.41444184776751 4.1386221114529794e-19
5.415923605197614 4.1148281942209637e-19
5.417405768136753 4.09400566322668e-19
5.4188883366959 4.0752216216889474e-19
5.420371310986059 4.0564419388911388e-19
5.421854691118269 4.037667341920957e-19
5.423338477203593 4.0171517842220764e-19
5.424822669353127 3.9935119505816157e-19
5.426307267678 3.9715004970929884e-19
5.427792272289366 3.952622427675293e-19
5.429277683298416 3.9338730842193126e-19
5.430763500816365 3.9151301012107743e-19
5.432249724954463 3.896391504113402e-19
5.433736355823987 3.877657959419158e-19
5.435223393536248 3.858930767798297e-19
5.436710838202584 3.8402066611800957e-19
5.438198689934367 3.8214889048079085e-19
5.439686948842997 3.80277712362197e-19
5.441175615039905 3.7840688022462473e-19
5.442664688636551 3.765366823705033e-19
5.444154169744429 3.7466691142228896e-19
5.445644058475063 3.7279765675713143e-19
5.447134354940002 3.7092903563184126e-19
5.448625059250833 3.6906072412831767e-19
5.45011617151917 3.6690295614779854e-19
5.451607691856656 3.6453585505867347e-19
5.453099620374967 3.624592093865456e-19
5.45459195718581 3.605931064900751e-19
5.456084702400922 3.587274043488283e-19
5.457577856132066 3.568622439816287e-19
5.459071418491044 3.5499771537107955e-19
5.460565389589682 3.5313349750228537e-19
5.46205976953984 3.5126991110071733e-19
5.463554558453406 3.4940686699747894e-19
5.465049756442301 3.4754422277261218e-19
5.466545363618476 3.456822092613996e-19
5.468041380093911 3.438205558258903e-19
5.46953780598062 3.419594841669242e-19
5.471034641390643 3.4009904246558338e-19
5.472531886436055 3.3823891262445394e-19
5.474029541228959 3.363794124481535e-19
5.47552760588149 3.3452040514016013e-19
5.477026080505815 3.326618464530622e-19
5.4785249652141275 3.3099140445606195e-19
5.480024260118656 3.2963086629101115e-19
5.481523965331656 3.2808638988163186e-19
5.483024080965416 3.2623294258680324e-19
5.484524607132258 3.2437689508233805e-19
5.486025543944528 3.2252147542440573e-19
5.487526891514609 3.20666484573323e-19
5.489028649954909 3.1881200569961644e-19
5.490530819377872 3.1695815390633806e-19
5.492033399895971 3.151046157767149e-19
5.493536391621708 3.1325170442928647e-19
5.495039794667617 3.1139934060574793e-19
5.496543609146266 3.0954736966259047e-19
5.498047835170247 3.0769602473169913e-19
5.499552472852189 3.058587018758818e-19
5.50105752230475 3.043363890717544e-19
5.502562983640615 3.029879341560321e-19
5.504068856972507 3.013253821874512e-19
5.505575142413173 2.994765453714264e-19
5.507081840075395 2.9767749042680513e-19
5.508588950071985 2.961868386619639e-19
5.5100964725157855 2.94790230383609e-19
5.511604407519671 2.9308602746694717e-19
5.513112755196543 2.912396937877607e-19
5.5146215156593374 2.894820699705086e-19
5.516130689021024 2.8803234453808984e-19
5.517640275394596 2.865994144463836e-19
5.5191502748930805 2.848593182795051e-19
5.52066068762954 2.8301548585499934e-19
5.522171513717064 2.812971571391927e-19
5.523682753268771 2.7988625477334776e-19
5.525194406397813 2.784191017760687e-19
5.526706473217375 2.766912138945419e-19
5.5282189538406685 2.7520263045951225e-19
5.529731848380939 2.7381598344964585e-19
5.531245156951461 2.721228391980423e-19
5.532758879665543 2.705558291378649e-19
5.534273016636523 2.692165854045557e-19
5.535787567977768 2.6760498609801206e-19
5.537302533802679 2.6576677055672567e-19
5.538817914224685 2.6392887295823125e-19
5.54033370935725 2.623960553481431e-19
5.541849919313866 2.610593923926918e-19
5.543366544208056 2.5941859204651946e-19
5.544883584153375 2.5758287089449876e-19
5.54640103926341 2.5577589355064615e-19
5.547918909651779 2.5427517376790364e-19
5.549437195432128 2.5319213426472656e-19
5.550955896718138 2.524149161300503e-19
5.5524750136235195 2.5230546757447146e-19
5.553994546262015 2.5280707948212084e-19
5.555514494747392 2.5341784343415273e-19
5.557034859193459 2.540284016935445e-19
5.558555639714051 2.5463885337534116e-19
5.560076836423033 2.5524909947013756e-19
5.561598449434302 2.5577706999298404e-19
5.563120478861787 2.56e-19
5.564642924819448 2.561918238516513e-19
5.566165787421275 2.566884496225122e-19
5.5676890667812895 2.5729786623728044e-19
5.569212763013546 2.578012404664196e-19
5.570736876232129 2.58e-19
5.572261406551153 2.5821474004054838e-19
5.573786354084767 2.5871474004054834e-19
5.575311718947146 2.59e-19
5.5768375012525 2.591275036644254e-19
5.578363701115073 2.595591074766501e-19
5.579890318649134 2.5993160381222465e-19
5.581417353968987 2.6003953233980014e-19
5.582944807188965 2.603828670848732e-19
5.584472678423436 2.6084333474507305e-19
5.586000967786795 2.61e-19
5.587529675393471 2.612543315336665e-19
5.589058801357925 2.617543315336665e-19
5.5905883457946475 2.62e-19
5.592118308818158 2.62e-19
5.593648690543013 2.62e-19
5.595179491083798 2.62e-19
5.5967107105551275 2.62e-19
5.598242349071651 2.62e-19
5.599774406748045 2.62e-19
5.6013068836990225 2.62e-19
5.602839780039323 2.62e-19
5.604373095883722 2.62e-19
5.605906831347024 2.62e-19
5.607440986544065 2.62e-19
5.60897556158971 2.62e-19
5.610510556598861 2.62e-19
5.612045971686448 2.621004331294041e-19
5.6135818069674315 2.625030433249175e-19
5.615118062556806 2.629026101955134e-19
5.616654738569596 2.63e-19
5.618191835120857 2.63e-19
5.6197293523256775 2.63e-19
5.621267290299178 2.63e-19
5.622805649156506 2.627860878271959e-19
5.6243444290128455 2.6228608782719587e-19
5.625883629983413 2.62e-19
5.62742325218345 2.62e-19
5.6289632957282345 2.62e-19
5.630503760733076 2.617789233213788e-19
5.632044647313313 2.6127892332137885e-19
5.6335859555843175 2.61e-19
5.635127685661493 2.608756000678746e-19
5.636669837660274 2.604502480150053e-19
5.638212411696126 2.600746479471307e-19
5.639755407884549 2.6e-19
5.641298826341071 2.6e-19
5.642842667181252 2.5987173163098087e-19
5.644386930520687 2.5944292058398624e-19
5.645931616474998 2.5907118895300537e-19
5.647476725159844 2.5897036641308457e-19
5.649022256690911 2.5864049080896323e-19
5.650568211183916 2.5817012439587867e-19
5.652114588754614 2.58e-19
5.653661389518787 2.577697813943266e-19
5.655208613592246 2.5726978139432663e-19
5.65675626109084 2.57e-19
5.658304332130447 2.5687015889421436e-19
5.659852826826976 2.5644059568291496e-19
5.6614017452963665 2.558412788056058e-19
5.662951087654594 2.552708420169052e-19
5.664500854017661 2.55e-19
5.666051044501604 2.5487244899105448e-19
5.667601659222493 2.544455870047547e-19
5.669152698296426 2.540731380137002e-19
5.670704161839536 2.5397502379195037e-19
5.672256049967986 2.536540001201949e-19
5.6738083627979705 2.5317897632824457e-19
5.675361100445718 2.53e-19
5.676914263027486 2.5278410799178806e-19
5.678467850659565 2.5226944297468456e-19
5.680021863458281 2.516720754190753e-19
5.681576301539984 2.510749071556955e-19
5.683131165021061 2.5047784913431967e-19
5.684686454017933 2.5008968241480303e-19
5.686242168647047 2.4999294037421577e-19
5.687798309024885 2.496876987844978e-19
5.689354875267961 2.4909134820664193e-19
5.690911867492821 2.484951080945642e-19
5.692469285816042 2.4789906674918263e-19
5.6940271303542325 2.473031359542057e-19
5.695585401224037 2.470025875032274e-19
5.697144098542125 2.4690705145599714e-19
5.698703222425203 2.4651644477829053e-19
5.700262772990008 2.4592122015273275e-19
5.70182275035331 2.453261063010897e-19
5.703383154631908 2.4473119068675994e-19
5.704943985942635 2.4413646000643937e-19
5.706505244402358 2.4354185336850584e-19
5.708066930127972 2.4294744467466213e-19
5.709629043236406 2.423531469780271e-19
5.711191583844622 2.41759047105599e-19
5.712754552069611 2.411651190957825e-19
5.714317948028398 2.4057132800914275e-19
5.715881771838043 2.399777344521089e-19
5.717446023615633 2.3938425211536e-19
5.719010703478286 2.387909671875886e-19
5.72057581154316 2.381978391398706e-19
5.722141347927437 2.3760486280493385e-19
5.723707312748335 2.37012083582992e-19
5.725273706123103 2.364194158041928e-19
5.726840528169022 2.3582694501701057e-19
5.7284077790034065 2.352346142109538e-19
5.729975458743601 2.3464245182130123e-19
5.731543567506984 2.3405048612589825e-19
5.7331121054109655 2.3345863209627273e-19
5.734681072572986 2.3265257695298765e-19
5.736250469110519 2.315610406560925e-19
5.7378202951410735 2.3068408908423294e-19
5.739390550782186 2.3009293609995675e-19
5.740961236151427 2.295018950038718e-19
5.742532351366399 2.289110500582702e-19
5.744103896544738 2.2832031708515937e-19
5.74567587180411 2.277297801393876e-19
5.747248277262215 2.2713942748472945e-19
5.748821113036783 2.2654919849967017e-19
5.750394379245579 2.259591652413083e-19
5.751968076006399 2.2536924417757015e-19
5.753542203437071 2.2477951871662915e-19
5.755116761655455 2.24189954220087e-19
5.756691750779444 2.2360053651663675e-19
5.7582671709269615 2.2301131411394437e-19
5.759843022215968 2.2242220412777985e-19
5.76141930476445 2.218332893177148e-19
5.76299601869043 2.21244510206091e-19
5.764573164111962 2.20655902947909e-19
5.7661507411471336 2.199541389890446e-19
5.767728749914061 2.189583816301311e-19
5.7693071905308955 2.179836282033914e-19
5.7708860631158245 2.1730309353723036e-19
5.77246536778706 2.1671529588103048e-19
5.77404510466285 2.1612768843286944e-19
5.7756252738614755 2.1554019807871112e-19
5.7772058755012505 2.147825486653063e-19
5.778786909700519 2.1373143789305845e-19
5.780368376577657 2.1281480236404537e-19
5.781950276251079 2.121919015315428e-19
5.783532608839222 2.1160521971788702e-19
5.785115374460564 2.1101873178724108e-19
5.786698573233611 2.1043235702146043e-19
5.788282205276903 2.0984617601147658e-19
5.789866270709011 2.0926012362434284e-19
5.7914507696485416 2.0867424949153454e-19
5.793035702214131 2.0808856880635425e-19
5.794621068524448 2.0750300150695624e-19
5.796206868698192 2.0673012161577692e-19
5.7977931028541025 2.056647340343448e-19
5.799379771110945 2.0476717262713855e-19
5.800966873587516 2.041624068096657e-19
5.8025544104026485 2.0357764610755275e-19
5.804142381675209 2.0299307828674926e-19
5.805730787524093 2.0240862415628284e-19
5.807319628068228 2.0159051361885703e-19
5.80890890342658 2.0050639030899418e-19
5.810498613718142 1.9965628448726873e-19
5.812088759061938 1.9907252194707198e-19
5.813679339577032 1.984888733175913e-19
5.815270355382515 1.9790541699909564e-19
5.816861806597512 1.9732207467511923e-19
5.818453693341178 1.9673892453206536e-19
5.820046015732707 1.9615595212447946e-19
5.82163877389132 1.9557310811032455e-19
5.823231967936271 1.9499045596364751e-19
5.82482559798685 1.9440791803156549e-19
5.826419664162376 1.9382557183612276e-19
5.828014166582204 1.932433623944981e-19
5.829609105365718 1.9266132210290836e-19
5.831204480632339 1.9197375260113826e-19
5.832800292501516 1.9099547759535788e-19
5.834396541092733 1.9001965508204384e-19
5.83599322652551 1.8933476702525834e-19
5.837590348919393 1.8875352955635008e-19
5.839187908393964 1.8817246232776723e-19
5.84078590506884 1.8759153048670087e-19
5.842384339063668 1.8687101206130917e-19
5.843983210498127 1.8586032645009932e-19
5.84558251949193 1.8491966832260385e-19
5.847182266164825 1.842694167270117e-19
5.848782450636589 1.8368928657078232e-19
5.850383073027033 1.831093468050536e-19
5.8519841334560025 1.8252952199621016e-19
5.853585632043375 1.819515708590892e-19
5.855187568909058 1.8137660485841884e-19
5.856789944172995 1.8080059202575246e-19
5.858392757955161 1.8022185898119683e-19
5.859996010375565 1.7964283545340743e-19
5.861599701554248 1.789513010099463e-19
5.863203831611284 1.7797056651766196e-19
5.864808400666781 1.7700473843274505e-19
5.8664134088408755 1.763283409992454e-19
5.868018856253743 1.7575011707237062e-19
5.869624743025588 1.7517206397600411e-19
5.8712310692766465 1.7459414487192553e-19
5.872837835127192 1.7401641497706524e-19
5.87444504069753 1.7343880064386043e-19
5.876052686107997 1.7286137538429254e-19
5.8776607714789595 1.722840679463895e-19
5.879269296930822 1.7170694726962687e-19
5.880878262584025 1.7113001534285536e-19
5.8824876685590315 1.7055319919611765e-19
5.884097514976346 1.6997657166299906e-19
5.885707801956503 1.6940005999321672e-19
5.887318529620071 1.6859155982794793e-19
5.888929698087649 1.6751537185262427e-19
5.890541307479872 1.6667152991893228e-19
5.892153357917406 1.6609569916413094e-19
5.8937658495209515 1.6551998449071878e-19
5.895378782411241 1.6494445783120759e-19
5.896992156709041 1.6436904733630662e-19
5.898605972535149 1.637938247175835e-19
5.900220230010399 1.632187511014709e-19
5.901834929255655 1.626438324687404e-19
5.903450070391816 1.6206910138458015e-19
5.905065653539811 1.6149448668275342e-19
5.906681678820607 1.6092005939097572e-19
5.9082981463552 1.6034574856466918e-19
5.90991505626462 1.5977162500961197e-19
5.911532408669931 1.5919766061767087e-19
5.913150203692232 1.5862384074337638e-19
5.914768441452651 1.5805020781073102e-19
5.91638712207235 1.5747669156094816e-19
5.918006245672527 1.5690336211321267e-19
5.919625812374411 1.563301494313927e-19
5.921245822299264 1.557571234117385e-19
5.922866275568383 1.5518426307713836e-19
5.924487172303095 1.5461154042844125e-19
5.926108512624766 1.5403900411031043e-19
5.927730296654787 1.5346658477514944e-19
5.92935252451459 1.5289435162986855e-19
5.930975196325633 1.5232223555052592e-19
5.932598312209414 1.5175030552009573e-19
5.934221872287463 1.5117854404409877e-19
5.935845876681336 1.5060691707022205e-19
5.937470325512633 1.5016058779776086e-19
5.939095218902979 1.5e-19
5.940720556974038 1.4980374961150345e-19
5.942346339847504 1.4932199239649218e-19
5.943972567645103 1.4875115679111168e-19
5.945599240488598 1.481804889429536e-19
5.947226358499784 1.476099560751044e-19
5.948853921800488 1.4716238113827375e-19
5.950481930512571 1.47e-19
5.95211038475793 1.468071819277265e-19
5.95373928465849 1.4632940530349842e-19
5.955368630336213 1.4575966254092014e-19
5.956998421913096 1.4519008305769015e-19
5.958628659511167 1.4462064270898186e-19
5.960259343252485 1.4405138683246348e-19
5.961890473259145 1.434822488366659e-19
5.963522049653278 1.4309886082064236e-19
5.965154072557045 1.43e-19
5.96678654209264 1.427457828282724e-19
5.968419458382291 1.4220731153128737e-19
5.970052821548264 1.4163896209665909e-19
5.971686631712851 1.4107079650633247e-19
5.973320888998382 1.405027490951021e-19
5.97495559352722 1.4010938598241374e-19
5.97659074542176 1.4e-19
5.9782263448044315 1.397579375042839e-19
5.979862391797699 1.3923215936512437e-19
5.98149888652406 1.3866489922126224e-19
5.98313582910604 1.3809782228957184e-19
5.984773219666206 1.3753086383490878e-19
5.986411058327155 1.3696408844624188e-19
5.988049345211517 1.363974316171245e-19
5.989688080441956 1.360570620766413e-19
5.991327264141171 1.3599071578747808e-19
5.992966896431892 1.3569843892363747e-19
5.994606977436884 1.3513244900467947e-19
5.996247507278946 1.3456657786022834e-19
5.997888486080912 1.3414185199170824e-19
5.999529913965644 1.34e-19
6.001171791056044 1.3379364957447584e-19
6.002814117475046 1.3330466306842504e-19
6.004456893345614 1.3273957656274428e-19
6.006100118790749 1.3222856306879508e-19
6.007743793933486 1.32e-19
6.009387918896893 1.318814945500957e-19
6.01103249380407 1.3148078756142508e-19
6.012677518778152 1.3109929301132937e-19
6.014322993942309 1.31e-19
6.015968919419743 1.3075318943451814e-19
6.017615295333689 1.3025318943451815e-19
6.019262121807419 1.3e-19
6.0209093989642355 1.2990773397433255e-19
6.022557126927476 1.2953382092602552e-19
6.024205305820509 1.29126086951693e-19
6.025853935766745 1.29e-19
6.027503016889618 1.287815944374674e-19
6.029152549312602 1.2828178099961077e-19
6.0308025331592034 1.2800018656214335e-19
6.032452968552962 1.2793774759434965e-19
6.034103855617452 1.2759440371506148e-19
6.0357551944762795 1.2715665612071183e-19
6.037406985253089 1.27e-19
6.039059228071554 1.27e-19
6.040711923055381 1.27e-19
6.042365070328318 1.2675223147240273e-19
6.04401867001414 1.2625223147240271e-19
6.045672722236656 1.26e-19
6.047327227119712 1.26e-19
6.048982184787187 1.26e-19
6.050637595362993 1.2585470781230497e-19
6.052293458971075 1.2542912379687942e-19
6.053949775735416 1.2507441598457442e-19
6.055606545780028 1.25e-19
6.05726376922896 1.25e-19
6.058921446206295 1.2495408236498674e-19
6.0605795768361475 1.246283105992748e-19
6.062238161242668 1.2417422823428804e-19
6.0638971995500395 1.24e-19
6.065556691882483 1.24e-19
6.067216638364247 1.24e-19
6.068877039119618 1.24e-19
6.070537894272919 1.2399644645020846e-19
6.0721992039485 1.2371359769864285e-19
6.073860968270752 1.2321715124843437e-19
6.075523187364096 1.23e-19
6.077185861352989 1.23e-19
6.0788489903619185 1.23e-19
6.08051257451541 1.23e-19
6.0821766139380244 1.23e-19
6.083841108754351 1.23e-19
6.085506059089018 1.23e-19
6.087171465066685 1.23e-19
6.0888373268120475 1.2307221480830456e-19
6.090503644449833 1.2342292260587786e-19
6.092170418104806 1.2385070779757328e-19
6.093837647901763 1.24e-19
6.095505333965537 1.2381421308782707e-19
6.09717347642099 1.2335017577300085e-19
6.098842075393025 1.2303596268517379e-19
6.100511131006574 1.23e-19
6.102180643386605 1.23e-19
6.103850612658119 1.23e-19
6.105521038946156 1.23e-19
6.107191922375785 1.23e-19
6.108863263072109 1.23e-19
6.1105350611602685 1.23e-19
6.1122073167654385 1.23e-19
6.113880030012823 1.2324190315044663e-19
6.115553201027666 1.2374190315044662e-19
6.117226829935245 1.24e-19
6.118900916860868 1.24e-19
6.12057546192988 1.24e-19
6.12225046526766 1.24e-19
6.123925926999624 1.24e-19
6.125601847251216 1.24e-19
6.12727822614792 1.24e-19
6.128955063815253 1.24e-19
6.130632360378763 1.2401227900735574e-19
6.132310115964035 1.2430111892813113e-19
6.133988330696692 1.2478883992077538e-19
6.135667004702386 1.25e-19
6.137346138106804 1.25e-19
6.1390257310356695 1.25e-19
6.140705783614741 1.25e-19
6.142386295969806 1.25e-19
6.144067268226692 1.2522302841305978e-19
6.1457487005112625 1.257221280795827e-19
6.147430592949409 1.2599909966652295e-19
6.149112945667059 1.26e-19
6.15079575879018 1.26e-19
6.152479032444767 1.26e-19
6.154162766756855 1.26e-19
6.155846961852509 1.26e-19
6.157531617857832 1.26e-19
6.159216734898959 1.26e-19
6.160902313102062 1.26e-19
6.162588352593344 1.26e-19
6.164274853499046 1.260302216790825e-19
6.165961815945443 1.2633550400998678e-19
6.167649240058842 1.268052823309043e-19
6.169337125965587 1.27e-19
6.171025473792056 1.2713015895977153e-19
6.172714283664661 1.2753513225333994e-19
6.1744035557098496 1.280846570823356e-19
6.176093290054103 1.2863405863086222e-19
6.177783486823939 1.2895437484209505e-19
6.179474146145906 1.290034770786694e-19
6.181165268146592 1.2928132332097243e-19
6.182856852952616 1.298300846032249e-19
6.184548900690632 1.303787223960496e-19
6.186241411487331 1.3082648403512778e-19
6.187934385469437 1.31e-19
6.189627822763708 1.31e-19
6.191321723496937 1.31e-19
6.193016087795955 1.3119674997355907e-19
6.1947109157876215 1.3166737466803894e-19
6.1964062075988355 1.3197062469447986e-19
6.19810196335653 1.3201806288805023e-19
6.199798183187674 1.3230967792852867e-19
6.201494867219266 1.3285679185761118e-19
6.203192015578342 1.334037818464392e-19
6.204889628391978 1.3383860502930648e-19
6.206587705787276 1.34e-19
6.208286247891378 1.341585202610958e-19
6.2099852548314605 1.3459022061182074e-19
6.211684726734734 1.351364503008627e-19
6.2133846637284424 1.3568255580766208e-19
6.215085065939867 1.3597780585752435e-19
6.216785933496325 1.360235930372702e-19
6.2184872665251625 1.3631991873752234e-19
6.2201890651537655 1.3686538936473422e-19
6.221891329509555 1.3741073560197356e-19
6.223594059719986 1.378416719374915e-19
6.225297255912542 1.38e-19
6.227000918214755 1.3815912232773738e-19
6.228705046754181 1.3859060390700097e-19
6.23040964165841 1.391351921211738e-19
6.2321147030550765 1.3967965570388603e-19
6.233820231071842 1.4022394995907026e-19
6.235526225836407 1.407680992776185e-19
6.237232687476503 1.4131209966372003e-19
6.2389396161199 1.4185593110954624e-19
6.240647011894401 1.4239963771680824e-19
6.242354874927845 1.4305063931899593e-19
6.244063205348105 1.4397317694746194e-19
6.245772003283093 1.4490895750409947e-19
6.2474812688607475 1.4557295211630272e-19
6.24919100220905 1.4611590301142864e-19
6.2509012034560145 1.4665872882701256e-19
6.252611872729689 1.4720138638792997e-19
6.254323010158156 1.4774383589024693e-19
6.256034615869536 1.4828343959967645e-19
6.2577466899919845 1.4882071333236395e-19
6.259459232653687 1.4936054442029152e-19
6.261172243982868 1.4990244747527822e-19
6.2628857241077895 1.504442251639637e-19
6.264599673156743 1.509858353371119e-19
6.266314091258058 1.5152732006380506e-19
6.2680289785401 1.520686374483625e-19
6.269744335131268 1.5260982930633933e-19
6.271460161159997 1.5336150237986413e-19
6.273176456754756 1.5438350615754787e-19
6.274893222044052 1.5521358986207304e-19
6.276610457156423 1.5577306959542822e-19
6.278328162220444 1.5631350917712652e-19
6.280046337364729 1.568537821590499e-19
6.28176498271792 1.5739392932857334e-19
6.283484098408701 1.5793391007325718e-19
6.2852036845657855 1.5847376492556502e-19
6.286923741317928 1.5901345352828721e-19
6.288644268793911 1.5955301615868308e-19
6.290365267122558 1.6009241271506359e-19
6.292086736432728 1.606316832191952e-19
6.293808676853313 1.6117078782520078e-19
6.295531088513238 1.6170976629905892e-19
6.297253971541469 1.6224857905099876e-19
6.2989773260670034 1.6278723682642913e-19
6.300701152218872 1.633257578209585e-19
6.302425450126147 1.6386411349218391e-19
6.304150219917933 1.644023428263038e-19
6.305875461723367 1.6494040701423609e-19
6.307601175671625 1.654783447852922e-19
6.309327361891917 1.6615860170886182e-19
6.311054020513489 1.6710752778656488e-19
6.312781151665622 1.6800252517998916e-19
6.314508755477631 1.6862860034632731e-19
6.31623683207887 1.693829466331525e-19
6.317965381598723 1.7040570868234747e-19
6.319694404166615 1.7147950715212252e-19
6.321423899912003 1.725305583667302e-19
6.323153868964381 1.7331311141384842e-19
6.3248843114532765 1.73908447811061e-19
6.326615227508254 1.7477174595335064e-19
6.328346617258916 1.7574900726639987e-19
6.330078480834894 1.7645805303439155e-19
6.3318108183658595 1.7712482449091054e-19
6.333543629981521 1.7805930357434714e-19
6.335276915811619 1.7896396737763412e-19
6.337010675985928 1.7960066943589822e-19
6.338744910634263 1.8033771430466474e-19
6.340479619886473 1.8134221236428368e-19
6.342214803872439 1.821754411096639e-19
6.343950462722082 1.8274095792390234e-19
6.345686596565358 1.8327565936688584e-19
6.347423205532256 1.8384894016758373e-19
6.349160289752801 1.846892188407749e-19
6.350897849357055 1.8568472554970998e-19
6.3526358844751165 1.8641297954344292e-19
6.354374395237118 1.8705388835657404e-19
6.356113381773226 1.8796153988217375e-19
6.357852844213646 1.888882592868359e-19
6.359592782688617 1.8954798081906005e-19
6.361333197328415 1.9025535917563507e-19
6.363074088263351 1.9122922476761751e-19
6.364815455623771 1.9229540500441307e-19
6.366557299540056 1.9336132968497345e-19
6.368299620142626 1.9442693110276142e-19
6.370042417561934 1.9549226396873004e-19
6.371785691928469 1.9655728677605298e-19
6.373529443372754 1.9762198714338865e-19
6.375273672025354 1.986864315494979e-19
6.377018378016864 1.9967990010065083e-19
6.378763561477912 2.0040721004931416e-19
6.380509222539171 2.0093898230522705e-19
6.382255361331344 2.0147062642236656e-19
6.38400197798517 2.020021098727203e-19
6.385749072631422 2.0253346510526303e-19
6.387496645400915 2.0306465985607769e-19
6.389244696424493 2.0359572631007428e-19
6.390993225833038 2.043226428655813e-19
6.392742233757472 2.0531482049916525e-19
6.394491720328746 2.0637605584161705e-19
6.396241685677852 2.074370342745761e-19
6.397992129935815 2.0849769285835873e-19
6.399743053233697 2.095580487843595e-19
6.401494455702595 2.1061813082437483e-19
6.403246337473645 2.1167789384866014e-19
6.404998698678014 2.1273739956052746e-19
6.40675153944691 2.1379658663062246e-19
6.408504859911572 2.14855516230679e-19
6.410258660203277 2.1591412756358044e-19
6.412012940453339 2.1697248126888335e-19
6.413767700793108 2.1803051708230855e-19
6.4155229413539665 2.190882951106333e-19
6.4172786622673375 2.201457556230198e-19
6.419034863664679 2.2120295819286553e-19
6.420791545677481 2.220628050003646e-19
6.422548708437273 2.226582354769789e-19
6.424306352075622 2.2363677857576255e-19
6.426064476724128 2.2514325075060484e-19
6.427823082514426 2.2647379277046e-19
6.429582169578191 2.275400121033344e-19
6.4313417380471325 2.2859517361039365e-19
6.4331017880529915 2.2965001957750324e-19
6.434862319727554 2.307046068865559e-19
6.436623333202634 2.3183038227433677e-19
6.438384828610086 2.332193385539583e-19
6.440146806081799 2.3460318135332946e-19
6.441909265749699 2.3546001525279845e-19
6.443672207745745 2.3611149295236e-19
6.445435632201938 2.3702602174384213e-19
6.44719953925031 2.380785737817921e-19
6.4489639290229315 2.3913086653391067e-19
6.450728801651907 2.4018284565183076e-19
6.45249415726938 2.4123456532712995e-19
6.454259996007529 2.42285971751385e-19
6.456026317998568 2.433371185762902e-19
6.457793123374747 2.4438795253397347e-19
6.459560412268354 2.454385267356435e-19
6.461328184811713 2.464887884545845e-19
6.463096441137179 2.475387569884118e-19
6.464865181377151 2.4858844669716914e-19
6.4666344056640614 2.4963782477947995e-19
6.468404114130378 2.506869427073503e-19
6.4701743069086 2.5173574939517364e-19
6.471944984131274 2.5278429577218473e-19
6.473716145930975 2.538325312962255e-19
6.475487792440315 2.5488050635314376e-19
6.477259923791944 2.5592593236540343e-19
6.479032540118549 2.5696591070668176e-19
6.480805641552848 2.580052456015196e-19
6.482579228227603 2.5904950129173333e-19
6.4843533002756075 2.602508230586394e-19
6.4861278578296915 2.6171342935028666e-19
6.487902901022724 2.631045832328343e-19
6.489678429987608 2.642339305629859e-19
6.491454444857283 2.6527931327990657e-19
6.493230945764726 2.663244347489844e-19
6.495007932842948 2.673692477073083e-19
6.496785406225001 2.684137992618654e-19
6.498563366043969 2.694580426974777e-19
6.500341812432975 2.704960007182272e-19
6.5021207455251755 2.7127284305412325e-19
6.503900165453769 2.7182222119493466e-19
6.505680072351982 2.726321581093781e-19
6.507460466353086 2.7367495635471986e-19
6.509241347590384 2.7471749264493363e-19
6.511022716197218 2.757597224740955e-19
6.512804572306963 2.768016901925705e-19
6.514586916053034 2.779343913992591e-19
6.516369747568882 2.793271268471604e-19
6.518153066987994 2.807771810091701e-19
6.519936874443891 2.8196667624218645e-19
6.521721170070135 2.830072022630509e-19
6.523505954000321 2.8404746570695213e-19
6.525291226368083 2.852392529806482e-19
6.5270769873070895 2.866906801640648e-19
6.528863236951048 2.8824976719859674e-19
6.5306499754337 2.898084599019024e-19
6.532437202888826 2.913666964848876e-19
6.534224919450242 2.929245385039062e-19
6.536013125251799 2.94481925001405e-19
6.5378018204273864 2.9603891670229546e-19
6.539591005110932 2.975954534814984e-19
6.541380679436396 2.991515952315526e-19
6.543170843537778 3.004598091799416e-19
6.544961497549116 3.015083690389473e-19
6.546752641604481 3.0254492800474995e-19
6.54854427583798 3.035563454516667e-19
6.550336400383761 3.0430858910085017e-19
6.552129015376008 3.0486912025871905e-19
6.553922120948939 3.056882975690792e-19
6.555715717236808 3.067234241138306e-19
6.557509804373911 3.0775828660395786e-19
6.5593043824945765 3.088703777749956e-19
6.5610994517331696 3.1024071870739535e-19
6.562895012224095 3.117917143805609e-19
6.564691064101791 3.1334231350815764e-19
6.5664876075007355 3.1489246267302964e-19
6.568284642555442 3.1644221506067026e-19
6.570082169400459 3.179915180945613e-19
6.5718801881703754 3.1954042411966143e-19
6.573678698999815 3.20945050217313e-19
6.575477702023438 3.220912942947654e-19
6.577277197375942 3.231230355670604e-19
6.579077185192062 3.241545118582903e-19
6.580877665606568 3.250103990105159e-19
6.58267863875427 3.256083013057058e-19
6.584480104770014 3.26314206968307e-19
6.586282063788677 3.272775670633905e-19
6.588084515945183 3.2810199486235976e-19
6.589887461374487 3.2866870286250993e-19
6.59169090021158 3.2940381660648374e-19
6.593494832591492 3.303961191086235e-19
6.595299258649291 3.316598788853427e-19
6.597104178520081 3.331805615920971e-19
6.598909592339 3.347231092988547e-19
6.600715500241228 3.362713031912111e-19
6.60252190236198 3.3807592504912884e-19
6.604328798836505 3.401309409662149e-19
6.606136189800093 3.4218542460412965e-19
6.607944075388071 3.4420602646065554e-19
6.6097524557358 3.45969509540096e-19
6.611561330978679 3.474626036987552e-19
6.613370701252147 3.4869884521998467e-19
6.615180566691677 3.496652730949439e-19
6.616990927432779 3.503751147023982e-19
6.618801783611002 3.5095977728034315e-19
6.620613135361932 3.5180049277235005e-19
6.6224249828211885 3.5274081522039913e-19
6.624237326124432 3.534248179243559e-19
6.626050165407361 3.539368905175205e-19
6.627863500805707 3.544488295807514e-19
6.629677332455239 3.5517711832255065e-19
6.631491660491768 3.5641684485984077e-19
6.63330648505114 3.5795138441542053e-19
6.635121806269233 3.594855229219233e-19
6.636937624281969 3.610192239637008e-19
6.638753939225305 3.62552523726929e-19
6.640570751235234 3.640853866552365e-19
6.642388060447786 3.656178480756279e-19
6.644205866999031 3.673024974987734e-19
6.646024171025075 3.6924199569484027e-19
6.647842972662058 3.707945190434231e-19
6.649662272046163 3.7158115687296362e-19
6.651482069313605 3.722644110498425e-19
6.6533023646006395 3.7320251361780825e-19
6.655123158043558 3.74039214608509e-19
6.65694444977869 3.7462079900158314e-19
6.658766239942403 3.7532289328293293e-19
6.660588528671099 3.76279567443673e-19
6.662411316101219 3.770963135379852e-19
6.664234602369243 3.776582112412852e-19
6.666058387611686 3.7858885012117603e-19
6.667882671965099 3.800282454970085e-19
6.669707455566078 3.8177396046092416e-19
6.671532738551246 3.8377358307274142e-19
6.673358521057269 3.855793787975735e-19
6.67518480322085 3.8713045996844277e-19
6.677011585178731 3.8865496403844965e-19
6.678838867067688 3.9017906431299285e-19
6.680666649024534 3.9194678134922646e-19
6.682494931186126 3.939680015531826e-19
6.68432371368935 3.9549513316952183e-19
6.686152996671135 3.965195947809785e-19
6.687982780268445 3.9779325820396384e-19
6.689813064618283 3.99314834833149e-19
6.691643849857689 4.0083600686572394e-19
6.6934751361237375 4.023567517553015e-19
6.695306923553547 4.0387709182064872e-19
6.6971392122842675 4.05397005389739e-19
6.69897200245309 4.069165139070939e-19
6.700805294197241 4.084681280851665e-19
6.702639087653987 4.1027236528773756e-19
6.704473382960627 4.122967015414076e-19
6.706308180254505 4.1432049711987653e-19
6.708143479672998 4.163437266322677e-19
6.709979281353519 4.18366415166578e-19
6.71181558543352 4.203885385028919e-19
6.713652392050497 4.224101205584019e-19
6.715489701341974 4.244836119406637e-19
6.7173275134455155 4.2679654277438906e-19
6.719165828498728 4.2924399014298913e-19
6.721004646639251 4.314509036465391e-19
6.7228439680047645 4.334098211859183e-19
6.724683792732982 4.351159831175159e-19
6.7265241209616615 4.366292612137456e-19
6.728364952828593 4.381421324423263e-19
6.730206288471605 4.395861163408627e-19
6.7320481280285644 4.407777510461983e-19
6.7338904716373795 4.418578413141784e-19
6.735733319435989 4.431894663608092e-19
6.737576671562376 4.44624323085984e-19
6.739420528154557 4.458071017877696e-19
6.741264889350589 4.468930127414274e-19
6.743109755288565 4.48230186399047e-19
6.744955126106618 4.49657019269549e-19
6.746801001942915 4.508320455884159e-19
6.7486473829356655 4.519226773822904e-19
6.750494269223111 4.532642995044443e-19
6.752341660943539 4.546842106876826e-19
6.754189558235268 4.558525870926667e-19
6.756037961236655 4.569468410519744e-19
6.757886870086098 4.582918126632096e-19
6.759736284922033 4.59797659010558e-19
6.761586205882926 4.613030964564264e-19
6.7634366331072915 4.627146891383558e-19
6.765287566733679 4.638751552669617e-19
6.767139006900673 4.649727850360544e-19
6.768990953746894 4.663207228794884e-19
6.770843407411007 4.677281442134558e-19
6.7726963680317125 4.688847115201589e-19
6.774549835747745 4.699832219321239e-19
6.776403810697882 4.713317669918112e-19
6.778258293020938 4.727361150648441e-19
6.780113282855762 4.738898819371836e-19
6.781968780341244 4.749881784658841e-19
6.7838247856163125 4.7633623591615035e-19
6.785681298819933 4.777386076348453e-19
6.787538320091109 4.78890671279606e-19
6.789395849568882 4.799876605989444e-19
6.791253887392331 4.813341368144857e-19
6.793112433700577 4.827356278984895e-19
6.79497148863277 4.838870843351799e-19
6.796831052328109 4.849816743256701e-19
6.798691124925824 4.863254768881207e-19
6.8005517065651855 4.877271818635894e-19
6.802412797385501 4.888791259179042e-19
6.804274397526118 4.898764546175454e-19
6.806136507126421 4.908735089185146e-19
6.80799912632583 4.919624548473566e-19
6.809862255263811 4.933002013021289e-19
6.811725894079856 4.947042767244565e-19
6.813590042913507 4.958590023757777e-19
6.815454701904339 4.96854695637209e-19
6.817319871191965 4.978501140524031e-19
6.8191855509160355 4.989309655043725e-19
6.821051741216241 5.0026020476564035e-19
6.822918442232311 5.016691065391835e-19
6.82478565410401 5.028290703639713e-19
6.8266533769711435 5.039031662071562e-19
6.828521610973555 5.052253743432257e-19
6.830390356251125 5.066388560466921e-19
6.832259612943773 5.078036747224043e-19
6.834129381191456 5.088699289694438e-19
6.835999661134172 5.101840196957545e-19
6.837870452911952 5.116031697892543e-19
6.839741756664871 5.127739320738776e-19
6.841613572533043 5.137658200682292e-19
6.8434859006566136 5.147574321749647e-19
6.845358741175769 5.158098905297053e-19
6.847232094230738 5.171097710867936e-19
6.849105959961786 5.185394619289587e-19
6.850980338509213 5.197211783483435e-19
6.852855230013361 5.207114401774193e-19
6.8547306346146115 5.217014256738509e-19
6.856606552453382 5.226911460757515e-19
6.858482983670125 5.23680589996835e-19
6.860359928405342 5.246697692869136e-19
6.862237386799563 5.256586719480917e-19
6.8641153589933595 5.266473104425406e-19
6.865993845127341 5.276356721600904e-19
6.867872845342159 5.286237701759435e-19
6.869752359778499 5.296115912669852e-19
6.871632388577085 5.30599149122114e-19
6.873512931878685 5.315864299046083e-19
6.875393989824101 5.325734479177312e-19
6.877275562554173 5.335601887104811e-19
6.879157650209781 5.345466672011548e-19
6.881040252931845 5.355328683238069e-19
6.88292337086132 5.36518807612435e-19
6.884807004139201 5.37504469385478e-19
6.886691152906527 5.384898601452246e-19
6.888575817304366 5.394749828899962e-19
6.890460997473831 5.404598278957212e-19
6.892346693556071 5.414444119344023e-19
6.8942329056922755 5.42428718086611e-19
6.896119634023672 5.43638914301064e-19
6.898006878691527 5.450947970460609e-19
6.899894639837144 5.463521540836644e-19
6.9017829176018655 5.473632683758535e-19
6.903671712127074 5.483462382378325e-19
6.90556102355419 5.493289297715916e-19
6.907450852024676 5.503113622246915e-19
6.909341197680025 5.512935162024993e-19
6.911232060661777 5.520838583732324e-19
6.913123441111506 5.526285141607611e-19
6.915015339170827 5.533014259761544e-19
6.916907754981393 5.542194667833122e-19
6.918800688684895 5.552002889717542e-19
6.920694140423065 5.561808322442276e-19
6.922588110337671 5.569983316875497e-19
6.924482598570521 5.575705626811676e-19
6.926377605263464 5.582130996504315e-19
6.928273130558383 5.591003467974129e-19
6.930169174597202 5.600795616821002e-19
6.932065737521889 5.610584972109529e-19
6.933962819474442 5.619055678498125e-19
6.935860420596903 5.625077886330805e-19
6.937758541031353 5.63117542778178e-19
6.939657180919911 5.63971587627962e-19
6.941556340404733 5.64949198192923e-19
6.943456019628016 5.659265289629973e-19
6.945356218731998 5.668055802674487e-19
6.947256937858953 5.674402009698167e-19
6.949158177151192 5.680147688119366e-19
6.951059936751069 5.688332072279565e-19
6.952962216800975 5.698092164804253e-19
6.954865017443341 5.707849454997799e-19
6.956768338820634 5.716983824522562e-19
6.958672181075366 5.723678087143223e-19
6.960576544350082 5.729047913087709e-19
6.962481428787367 5.736852236898192e-19
6.964386834529849 5.746596346603191e-19
6.966292761720192 5.756337649603073e-19
6.968199210501099 5.76583988020769e-19
6.970106181015311 5.772906209594212e-19
6.972013673405611 5.777874192729859e-19
6.973921687814819 5.785224279967207e-19
6.9758302243857955 5.794855992047844e-19
6.977739283261439 5.804531567167924e-19
6.9796488645846875 5.814252468239012e-19
6.981558968498515 5.821764830125198e-19
6.983469595145942 5.826844864928377e-19
6.985380744670023 5.833767269391868e-19
6.987292417213849 5.843116372899758e-19
6.989204612920557 5.852825796670836e-19
6.991117331933319 5.862532404244374e-19
6.993030574395346 5.870464713389642e-19
6.994944340449889 5.875968915392213e-19
6.99685863024024 5.882439552213784e-19
6.998773443909728 5.891332659431242e-19
7.000688781601722 5.901026188546131e-19
7.0026046434596285 5.910716897113631e-19
7.004521029626895 5.919093026585853e-19
7.006437940247008 5.925045275388974e-19
7.008355375463495 5.93104033377297e-19
7.010273335419919 5.939453627388085e-19
7.012191820259887 5.949131293101145e-19
7.01411083012704 5.958806133925514e-19
7.01603036516506 5.967649910147567e-19
7.0179504255176735 5.974074038694642e-19
7.019871011328639 5.979569754963856e-19
7.021792122741756 5.987479464796067e-19
7.02371375990087 5.997141298598805e-19
7.025635922949856 6.006800303180173e-19
7.027558612032633 6.0161355055750675e-19
7.029481827293163 6.023055299796765e-19
7.031405568875442 6.028027957749016e-19
7.033329836923507 6.035410361105791e-19
7.035254631581433 6.045056326647564e-19
7.037179952993338 6.054699526724113e-19
7.0391058013033785 6.064339892479852e-19
7.041032176655747 6.076176572026807e-19
7.04295907919468 6.090419402086311e-19
7.044886509064451 6.102853343032121e-19
7.046814466409372 6.112875460505365e-19
7.0487429513737965 6.124331683118246e-19
7.0506719641021185 6.138191215448703e-19
7.052601504738767 6.150984597571704e-19
7.054531573428214 6.161368991265779e-19
7.056462170314973 6.172434270544024e-19
7.058393295543593 6.185900015875083e-19
7.060324949258663 6.200317546732075e-19
7.062257131604813 6.214730813171769e-19
7.064189842726715 6.228083068356898e-19
7.066123082769074 6.239030593072919e-19
7.068056851876641 6.249489826962381e-19
7.069991150194202 6.26234525603531e-19
7.071925977866587 6.276083213244962e-19
7.073861335038661 6.287419282215885e-19
7.075797221855332 6.297461420115187e-19
7.077733638461547 6.309896902376057e-19
7.07967058500229 6.32403104079829e-19
7.08160806162259 6.335766136079998e-19
7.083546068467511 6.345380742453403e-19
7.085484605682158 6.357385839510608e-19
7.087423673411676 6.371747857754477e-19
7.089363271801252 6.383892446919872e-19
7.091303400996108 6.393640185145757e-19
7.093244061141508 6.405204473306154e-19
7.095185252382757 6.419157049038898e-19
7.0971269748652 6.431721585106237e-19
7.099069228734219 6.441892121836168e-19
7.101012014135238 6.45144871990547e-19
7.102955331213718 6.461002459953787e-19
7.104899180115165 6.47055385358663e-19
7.10684356098512 6.480102387774202e-19
7.108788473969165 6.489648580676812e-19
7.110733919212924 6.499191912710892e-19
7.112679896862058 6.508732908598575e-19
7.11462640706227 6.518271042195457e-19
7.116573449959301 6.528450509574424e-19
7.118521025698934 6.541009675516441e-19
7.120469134426989 6.554896623774513e-19
7.12241777628933 6.566398144625264e-19
7.124366951431858 6.575923571850565e-19
7.126316660000512 6.585446132524427e-19
7.128266902141276 6.594966220749123e-19
7.130217678000172 6.604483597941777e-19
7.13216898772326 6.613998106379969e-19
7.134120831456641 6.623510303853159e-19
7.136073209346456 6.633019631154365e-19
7.138026121538889 6.642526652678953e-19
7.139979568180159 6.652030802615056e-19
7.141933549416526 6.661532651971013e-19
7.143888065394297 6.67103162832305e-19
7.145843116259808 6.680528309299526e-19
7.147798702159441 6.690022115857639e-19
7.149754823239618 6.699513632252893e-19
7.151711479646805 6.709002272816426e-19
7.153668671527496 6.718488628437911e-19
7.155626399028238 6.727972106815325e-19
7.157584662295612 6.73690482552996e-19
7.15954346147624 6.743465812744314e-19
7.161502796716782 6.747917332794618e-19
7.163462668163943 6.75e-19
7.165423075964464 6.75e-19
7.1673840202651276 6.75e-19
7.1693455012127565 6.75e-19
7.1713075189542135 6.747880643140068e-19
7.173270073636403 6.743396108551405e-19
7.175233165406268 6.740515465411337e-19
7.17719679441079 6.74e-19
7.1791609607969935 6.74e-19
7.181125664711944 6.74e-19
7.183090906302743 6.738701762573404e-19
7.185056685716539 6.735042677146223e-19
7.187023003100514 6.731340914572819e-19
7.188989858601892 6.73e-19
7.190957252367941 6.73e-19
7.192925184545965 6.73e-19
7.194893655283311 6.73e-19
7.196862664727362 6.73e-19
7.19883221302555 6.729832499059668e-19
7.200802300325339 6.727309932917179e-19
7.202772926774235 6.722599158007769e-19
7.204744092519788 6.720121724150257e-19
7.2067157977095855 6.72e-19
7.208688042491254 6.72e-19
7.210660827012463 6.72e-19
7.212634151420925 6.718356695260282e-19
7.2146080158643855 6.714362026453034e-19
7.216582420490637 6.711005331192753e-19
7.218557365447509 6.71e-19
7.220532850882872 6.71e-19
7.222508876944639 6.71e-19
7.224485443780762 6.709258930703631e-19
7.226462551539233 6.706170849266702e-19
7.228440200368083 6.701911918563072e-19
7.230418390415387 6.7e-19
7.23239712182926 6.7e-19
7.234376394757856 6.7e-19
7.236356209349367 6.7e-19
7.238336565752034 6.697841432691642e-19
7.2403174641141295 6.693339570333759e-19
7.24229890458397 6.690498137642117e-19
7.244280887309913 6.69e-19
7.24626341244036 6.69e-19
7.248246480123747 6.69e-19
7.250230090508551 6.69e-19
7.252214243743296 6.69e-19
7.25419893997654 6.690833663795819e-19
7.2561841793568815 6.694004773022127e-19
7.258169962032968 6.698679707693234e-19
7.260156288153478 6.703353185066374e-19
7.262143157867137 6.708025588430031e-19
7.264130571322706 6.712696533802978e-19
7.266118528668993 6.717366232971918e-19
7.268107030054841 6.722034648376397e-19
7.2700960756291355 6.726701604698791e-19
7.272085665540805 6.731367492171255e-19
7.274075799938817 6.736031919869827e-19
7.276066478972178 6.740695281451479e-19
7.278057702789938 6.745357182567981e-19
7.280049471541188 6.750018020304777e-19
7.282041785375057 6.754677396885726e-19
7.284034644440716 6.759335712828365e-19
7.286028048887379 6.763992566925028e-19
7.2880219988643 6.768648363128988e-19
7.290016494520771 6.773302696797399e-19
7.292011536006125 6.777955975322908e-19
7.294007123469743 6.7826077906238665e-19
7.296003257061038 6.7872583087730645e-19
7.2979999369294655 6.791907607772135e-19
7.299997163224528 6.796555442457585e-19
7.301994936095765 6.801202227225133e-19
7.3039932556927525 6.805847546990988e-19
7.305992122165115 6.81049181960214e-19
7.307991535662514 6.815134626524111e-19
7.309991496334652 6.819776389058799e-19
7.311992004331271 6.824416685217375e-19
7.3139930598021605 6.829055939760323e-19
7.315994662897143 6.833693727240803e-19
7.317996813766087 6.838330475881534e-19
7.3199995125589 6.842965756774013e-19
7.322002759425532 6.84759995282958e-19
7.324006554515972 6.852232729228963e-19
7.326010897980249 6.856864036793021e-19
7.32801578996844 6.861494310799031e-19
7.330021230630656 6.866123115284892e-19
7.332027220117048 6.870750889002061e-19
7.334033758577817 6.875377192514837e-19
7.336040846163198 6.880002468052537e-19
7.3380484830234645 6.884626272702165e-19
7.340056669308939 6.889249052174585e-19
7.342065405169982 6.893870360075848e-19
7.344074690756993 6.898490645602023e-19
7.346084526220412 6.903109458874525e-19
7.348094911710728 6.907727252578329e-19
7.350105847378462 6.912343573346531e-19
7.352117333374178 6.916958442397028e-19
7.354129369848486 6.92157227279023e-19
7.356141956952035 6.926184629163201e-19
7.35815509483551 6.930795971315565e-19
7.360168783649646 6.935405838766743e-19
7.362183023545212 6.940014694817285e-19
7.364197814673023 6.944622075486279e-19
7.366213157183932 6.949994194357566e-19
7.368229051228836 6.9576666872203395e-19
7.370245496958672 6.9665048307250985e-19
7.372262494524417 6.973039647436517e-19
7.374280044077089 6.977641023598806e-19
7.376298145767755 6.984510900390759e-19
7.3783167997475125 6.993678824385822e-19
7.380336006167505 7.004741133070209e-19
7.38235576517892 7.0180985312762335e-19
7.384376076932982 7.031883468344345e-19
7.38639694158096 7.045663967874724e-19
7.388418359274161 7.058386600596224e-19
7.390440330163939 7.068809706259556e-19
7.392462854401684 7.078634689616391e-19
7.394485932138828 7.090750318864625e-19
7.396509563526847 7.104513010932354e-19
7.39853374871726 7.118271259374624e-19
7.4005584878616215 7.13202589570599e-19
7.402583781111531 7.14577674020451e-19
7.404609628618632 7.159523137835279e-19
7.406636030534602 7.17157721498066e-19
7.408662987011169 7.181337055458308e-19
7.410690498200096 7.191762481763131e-19
7.412718564253192 7.204473244928704e-19
7.414747185322302 7.218201917059538e-19
7.416776361559319 7.2319261362547515e-19
7.418806093116174 7.245647430800185e-19
7.420836380144839 7.259364270390985e-19
7.422867222797327 7.27307815570063e-19
7.424898621225699 7.284514420958414e-19
7.42693057558205 7.293661753825813e-19
7.428963086018517 7.304637055464944e-19
7.430996152687285 7.317892371095447e-19
7.433029775740578 7.331587111702987e-19
7.435063955330656 7.345277390088936e-19
7.437098691609826 7.358964777694915e-19
7.439133984730439 7.372647701067053e-19
7.441169834844882 7.3857997844063975e-19
7.443206242105585 7.396668878271659e-19
7.445243206665023 7.405869537906291e-19
7.447280728675711 7.41734425251777e-19
7.449318808290204 7.431008324841799e-19
7.4513574456611 7.44466922337071e-19
7.453396640941039 7.458325650416562e-19
7.455436394282703 7.471979220780288e-19
7.4574767058388165 7.48562831765547e-19
7.459517575762144 7.499274566603559e-19
7.461559004205491 7.512916340059478e-19
7.463600991321708 7.525992831318209e-19
7.465643537263684 7.536793154106339e-19
7.467686642184355 7.545987223570066e-19
7.469730306236691 7.557448504516544e-19
7.471774529573711 7.571071555227526e-19
7.473819312348473 7.584691399084078e-19
7.475864654714077 7.598306760222232e-19
7.477910556823662 7.611919307815228e-19
7.479957018830415 7.625527370693081e-19
7.482004040887562 7.639132628849107e-19
7.484051623148369 7.6527334002951015e-19
7.486099765766145 7.66633137585576e-19
7.488148468894245 7.679924862713397e-19
7.49019773268606 7.693463604547266e-19
7.492247557295023 7.704734514442224e-19
7.494297942874615 7.713789118227547e-19
7.496348889578357 7.724683355732337e-19
7.498400397559807 7.737837059972134e-19
7.500452466972569 7.754139741127105e-19
7.50250509797029 7.774959854467926e-19
7.504558290706656 7.7975672165372985e-19
7.506612045335398 7.820167082128565e-19
7.508666362010288 7.842762360624772e-19
7.51072124088514 7.865350139335996e-19
7.512776682113808 7.887932876902572e-19
7.514832685850191 7.910508580294228e-19
7.51688925224823 7.933076778543836e-19
7.518946381461907 7.955640418201783e-19
7.521004073645244 7.978196549416201e-19
7.523062328952311 7.999545954505701e-19
7.525121147537216 8.0186337701963e-19
7.527180529554107 8.037375499691928e-19
7.529240475157181 8.058363791807789e-19
7.531300984500672 8.080891310033715e-19
7.533362057738856 8.103411309930845e-19
7.535423695026053 8.125925099996838e-19
7.537485896516627 8.148433079469109e-19
7.539548662364982 8.170933535265485e-19
7.541611992725562 8.193429506029164e-19
7.543675887752857 8.215917949830541e-19
7.5457403476014 8.238401923627453e-19
7.547805372425761 8.260878367178871e-19
7.549870962380557 8.283327636544066e-19
7.5519371176204455 8.305658133148067e-19
7.554003838300128 8.327895338535796e-19
7.556071124574346 8.35023179547289e-19
7.558138976597885 8.372671846395237e-19
7.5602073945255714 8.395112391156424e-19
7.562276378512275 8.417545393786989e-19
7.564345928712909 8.439973985718383e-19
7.566416045282427 8.462395032248087e-19
7.5684867283758255 8.484811683223097e-19
7.570557978148143 8.507220785528535e-19
7.572629794754464 8.529625507446283e-19
7.574702178349911 8.552022677429872e-19
7.576775129089649 8.57441280020798e-19
7.578848647128887 8.598596720432346e-19
7.580922732622881 8.625010890549487e-19
7.582997385726921 8.65058556106501e-19
7.585072606596343 8.67391486390259e-19
7.587148395386529 8.69627630859255e-19
7.5892247522529 8.718630189504792e-19
7.591301677350918 8.740979749740276e-19
7.59337917083609 8.763321742945633e-19
7.595457232863966 8.785657487711335e-19
7.597535863590138 8.807987605244583e-19
7.599615063170239 8.83031015042687e-19
7.601694831759947 8.852628404348689e-19
7.603775169514982 8.874939082672865e-19
7.605856076591104 8.897245485069877e-19
7.6079375531441205 8.91954430862586e-19
7.610019599329878 8.941838871610668e-19
7.612102215304264 8.964125852514378e-19
7.614185401223214 8.986407083814227e-19
7.616269157242703 9.008682234207595e-19
7.618353483518749 9.030949797207269e-19
7.6204383802074105 9.054647320143097e-19
7.622523847464796 9.080562644817482e-19
7.624609885447048 9.109917964096837e-19
7.6266964943103535 9.145935791529615e-19
7.628783674210948 9.1859673090836e-19
7.630871425305106 9.225985151881793e-19
7.63295974774914 9.26599300075275e-19
7.635048641699415 9.305989630719754e-19
7.637138107312332 9.345972576383364e-19
7.639228144744337 9.387388597719978e-19
7.641318754151918 9.431010849717065e-19
7.643409935691604 9.47452453825395e-19
7.645501689519975 9.51580461013194e-19
7.647594015793641 9.55605469368619e-19
7.649686914669266 9.59850795214528e-19
7.65178038630355 9.642851550773158e-19
7.653874430853241 9.685216007486731e-19
7.655969048475125 9.725349269710078e-19
7.658064239326036 9.766624232527196e-19
7.660160003562847 9.810099914049219e-19
7.6622563413424745 9.853558235845042e-19
7.664353252821877 9.894788399182303e-19
7.666450738158064 9.933614041656327e-19
7.668548797508075 9.963580413390525e-19
7.670647431029 9.985697294847565e-19
7.672746638877973 1.001723847869996e-18
7.674846421212168 1.0059824351750267e-18
7.676946778188803 1.0104023505286856e-18
7.679047709965138 1.0148207387938407e-18
7.681149216698481 1.0192383206776983e-18
7.683251298546176 1.02365437483446e-18
7.685353955665611 1.028069625757712e-18
7.687457188214223 1.0324833483159605e-18
7.689560996349488 1.036895714210595e-18
7.691665380228924 1.0413071076855256e-18
7.693770340010094 1.0457169717397931e-18
7.695875875850604 1.0501260386519098e-18
7.697981987908102 1.0545335755066553e-18
7.700088676340279 1.0589403183817703e-18
7.702195941304874 1.0633455305635064e-18
7.704303782959662 1.0677499223808204e-18
7.706412201462465 1.072152812421382e-18
7.708521196971148 1.0765541707141636e-18
7.710630769643619 1.0809547411507144e-18
7.712740919637829 1.0853537792046856e-18
7.71485164711177 1.0897520325797251e-18
7.716962952223485 1.094148752938086e-18
7.71907483513105 1.0985446917994657e-18
7.721187295992587 1.1029390970107495e-18
7.723300334966269 1.1073324308954367e-18
7.725413952210305 1.1117245235135443e-18
7.727528147882947 1.1161150814289684e-18
7.729642922142493 1.1205048640131411e-18
7.731758275147285 1.1248931112624497e-18
7.733874207055704 1.1292805863772987e-18
7.735990718026178 1.1336665255258026e-18
7.73810780821718 1.1380516957413086e-18
7.740225477787222 1.1424353293596943e-18
7.742343726894861 1.1468175786745672e-18
7.744462555698698 1.1511989093388884e-18
7.746581964357378 1.1555787023553287e-18
7.748701953029586 1.161031170722152e-18
7.750822521874056 1.1686704493226095e-18
7.752943671049561 1.1774239143344117e-18
7.755065400714919 1.1861743015337249e-18
7.75718771102899 1.1949227368709292e-18
7.759310602150681 1.2016586544630542e-18
7.76143407423894 1.2062056240356988e-18
7.763558127452756 1.2119567111086993e-18
7.765682761951164 1.219890585123264e-18
7.7678079778932485 1.228627212993244e-18
7.769933775438128 1.2373607584429433e-18
7.772060154744965 1.2460928102919926e-18
7.774187115972975 1.2548217784684628e-18
7.776314659281409 1.2635479502540624e-18
7.778442784829561 1.2722723463878913e-18
7.780571492776774 1.2809936567540074e-18
7.782700783282431 1.2897134860866423e-18
7.78483065650596 1.2984302284017856e-18
7.78696111260683 1.3067696827041068e-18
7.7890921517445575 1.3129288378517166e-18
7.791223774078701 1.3172838554615935e-18
7.793355979768861 1.3235445018171904e-18
7.795488768974684 1.331979864535542e-18
7.797622141855859 1.3406829342637777e-18
7.79975609857212 1.3493829123879574e-18
7.801890639283241 1.3580814351455559e-18
7.804025764149046 1.366776865054744e-18
7.806161473329398 1.3754707317694863e-18
7.808297766984204 1.3841616187624974e-18
7.810434645273417 1.3928494108174338e-18
7.812572108357032 1.401535760204015e-18
7.814710156395088 1.410219013410722e-18
7.816848789547667 1.418900830511561e-18
7.8189880079749 1.4275795501921986e-18
7.821127811836954 1.4361078676038603e-18
7.823268201294042 1.442465515913321e-18
7.825409176506428 1.4468012499933754e-18
7.827550737634411 1.4527874618104062e-18
7.829692884838336 1.4609387365195362e-18
7.831835618278594 1.4696038876645757e-18
7.833978938115619 1.4782659368284714e-18
7.836122844509891 1.4869265758458224e-18
7.838267337621929 1.4955841116472082e-18
7.840412417612298 1.5042393384767426e-18
7.842558084641611 1.512892366294193e-18
7.844704338870518 1.5215422888127347e-18
7.846851180459719 1.5301908140358495e-18
7.848998609569954 1.5388362327278453e-18
7.851146626362009 1.5474802607572748e-18
7.853295230996714 1.5561211810248484e-18
7.8554444236349426 1.5647601347755032e-18
7.857594204437612 1.5733965620318418e-18
7.859744573565683 1.5820298794462377e-18
7.86189553118016 1.5894176189201038e-18
7.8640470774420965 1.5946453238574468e-18
7.866199212512585 1.5995169815706389e-18
7.868351936552759 1.6065424504536373e-18
7.8705052497238075 1.6151650994347252e-18
7.8726591521869524 1.62378496672543e-18
7.874813644103462 1.6324017196422571e-18
7.876968725634654 1.6409907427111042e-18
7.879124396941888 1.6495339925433816e-18
7.881280658186563 1.6586577553769477e-18
7.883437509530127 1.6699722607247443e-18
7.885594951134071 1.6828815654096044e-18
7.887752983159933 1.6937472597742712e-18
7.889911605769287 1.7024579901037803e-18
7.89207081912376 1.7110568989631905e-18
7.89423062338502 1.7196526877130911e-18
7.896391018714778 1.728247144910225e-18
7.89855200527479 1.7368384807795735e-18
7.9007135832268585 1.7454283159262957e-18
7.902875752732825 1.7560918513721747e-18
7.905038513954581 1.7688984543108603e-18
7.907201867054059 1.780404254044769e-18
7.90936581219324 1.7897607382721018e-18
7.911530349534141 1.7983387486519082e-18
7.9136954792388305 1.806913633202963e-18
7.915861201469422 1.8154870688590963e-18
7.918027516388068 1.8261426888900158e-18
7.920194424156966 1.8389372692331964e-18
7.9223619249383646 1.8504181280056467e-18
7.92453001889455 1.859753769460331e-18
7.926698706187853 1.8683153748524047e-18
7.928867986980652 1.8768738499262162e-18
7.931037861435372 1.8854308546375727e-18
7.933208329714474 1.8939849132752815e-18
7.9353793919804705 1.9025358395294257e-18
7.9375510483959175 1.9124252822796054e-18
7.939723299123413 1.9244480023116833e-18
7.941896144325602 1.936653449938203e-18
7.944069584165172 1.9467193518959225e-18
7.946243618804857 1.9552598942687986e-18
7.948418248407434 1.9637976012405558e-18
7.950593473135726 1.972332171353823e-18
7.952769293152597 1.9821482522497847e-18
7.9549457086209605 1.9940934853365396e-18
7.957122719703772 2.006339638512936e-18
7.959300326564032 2.0164503621746637e-18
7.961478529364786 2.0249744108763794e-18
7.963657328269122 2.0334958088187334e-18
7.965836723440173 2.0420140654393475e-18
7.968016715041123 2.0505310839841383e-18
7.970197303235192 2.059044960008688e-18
7.972378488185647 2.0680110863501138e-18
7.974560270055804 2.0791006589248314e-18
7.976742649009019 2.091861944564113e-18
7.978925625208694 2.102787004995799e-18
7.981109198818277 2.111581747724964e-18
7.98329337000126 2.120082516108066e-18
7.985478138921177 2.128580137523782e-18
7.987663505741612 2.1374077750095427e-18
7.98984947062619 2.1483547158143354e-18
7.992036033738582 2.161091167227071e-18
7.994223195242503 2.1721263980260057e-18
7.996410955301714 2.18103544628683e-18
7.998599314080021 2.190460421740506e-18
8.000788271741271 2.202002127309039e-18
8.00297782844936 2.2147224571609926e-18
8.005167984368232 2.2274380581266982e-18
8.007358739661868 2.24014962859384e-18
8.009550094494296 2.2528587237878318e-18
8.011742049029593 2.2655630870210137e-18
8.013934603431878 2.2782656851105616e-18
8.016127757865313 2.2909635494612345e-18
8.018321512494106 2.3036610890806452e-18
8.020515867482517 2.318468044381105e-18
8.022710822994842 2.3353835682445413e-18
8.024906379195423 2.3509528797626415e-18
8.027102536248652 2.364402722926186e-18
8.02929929431896 2.377081142819637e-18
8.031496653570827 2.389754822357429e-18
8.033694614168779 2.4024259767044845e-18
8.035893176277384 2.415093190441951e-18
8.038092340061253 2.427755660756988e-18
8.040292105685047 2.4404164174525635e-18
8.04249247331347 2.4530724289586474e-18
8.044693443111273 2.465726737388172e-18
8.046895015243248 2.478376298863513e-18
8.049097189874235 2.491022445867251e-18
8.05129996716912 2.5036655661074528e-18
8.05350334729283 2.516303936331623e-18
8.055707330410339 2.529816978047995e-18
8.05791191668667 2.545430080255116e-18
8.060117106286889 2.5621839905830972e-18
8.062322899376102 2.5768283351096593e-18
8.064529296119469 2.5894494283997725e-18
8.066736296682187 2.602068522592387e-18
8.068943901229503 2.6146828601938162e-18
8.071152109926704 2.627295546754748e-18
8.073360922939134 2.6399034749709626e-18
8.075570340432172 2.6525089897699268e-18
8.07778036257124 2.665110517488538e-18
8.079990989521814 2.677707283808604e-18
8.082202221449412 2.6903024199347956e-18
8.084414058519595 2.7028927929132522e-18
8.086626500897971 2.7157775804797745e-18
8.088839548750194 2.7307540465755345e-18
8.091053202241962 2.7475278888798115e-18
8.093267461539018 2.762713024434175e-18
8.095482326807154 2.77579637489294e-18
8.097697798212202 2.7883676214675074e-18
8.099913875920045 2.8009340983565488e-18
8.102130560096604 2.8134988450603113e-18
8.104347850907857 2.8260589626737466e-18
8.106565748519813 2.838614307556011e-18
8.108784253098534 2.851168074891708e-18
8.11100336481013 2.863717067758403e-18
8.113223083820758 2.8762644938319384e-18
8.115443410296606 2.888807143701036e-18
8.117664344403924 2.901346678240092e-18
8.119885886309003 2.9138829941472678e-18
8.122108036178172 2.9264145308095327e-18
8.124330794177812 2.939812632971982e-18
8.126554160474354 2.9552929757744625e-18
8.128778135234263 2.9719485397715925e-18
8.131002718624059 2.9865122994485826e-18
8.133227910810302 2.9990265758770123e-18
8.135453711959602 3.0115391598589823e-18
8.137680122238613 3.024046958101375e-18
8.139907141814032 3.037020962515573e-18
8.142134770852604 3.0520729864936238e-18
8.144363009521118 3.0687377226998658e-18
8.146591857986413 3.0836824010666737e-18
8.148821316415368 3.096538911913689e-18
8.151051384974917 3.1090278342924325e-18
8.153282063832023 3.1215119644561835e-18
8.155513353153712 3.1340340654453683e-18
8.157745253107045 3.1486299573127253e-18
8.159977763859132 3.1652609111585944e-18
8.162210885577128 3.1806144627073754e-18
8.16444461842824 3.1938840636460683e-18
8.16667896257971 3.206349395286662e-18
8.168913918198832 3.218809928256239e-18
8.171149485452947 3.231267363270458e-18
8.17338566450944 3.2453793735384186e-18
8.175622455535738 3.261561504776894e-18
8.177859858699318 3.2773518212907664e-18
8.180097874167704 3.291062411737334e-18
8.182336502108466 3.3035040431259874e-18
8.184575742689212 3.3159410503313043e-18
8.186815596077604 3.3283732511141377e-18
8.189056062441352 3.3408040349283134e-18
8.191297141948205 3.35323001061685e-18
8.193538834765956 3.36596576330596e-18
8.195781141062453 3.3807657869759967e-18
8.198024061005583 3.397320698394874e-18
8.200267594763284 3.4123539880378956e-18
8.202511742503535 3.425312817792316e-18
8.204756504394364 3.437720174071268e-18
8.207001880603844 3.4501227158132223e-18
8.209247871300093 3.4625230398940736e-18
8.211494476651279 3.476771847841269e-18
8.213741696825608 3.493081235829269e-18
8.21598953199134 3.508618952304437e-18
8.218237982316783 3.52208645195065e-18
8.22048704797028 3.534470453398857e-18
8.222736729120225 3.546849633918602e-18
8.224987025935064 3.559224432176842e-18
8.227237938583286 3.572894486641361e-18
8.229489467233421 3.588620857746254e-18
8.231741612054048 3.604678221323181e-18
8.233994373213797 3.6186084038420925e-18
8.236247750881336 3.630844840453372e-18
8.238501745225385 3.6431244483193985e-18
8.24075635641471 3.655460377091678e-18
8.243011584618118 3.6684742659435145e-18
8.245267430004468 3.683540173166718e-18
8.247523892742663 3.699997214033951e-18
8.249780973001652 3.71461510092874e-18
8.25203867095043 3.7271707429790576e-18
8.254296986758039 3.7404482519218405e-18
8.256555920593566 3.755775114704045e-18
8.258815472626146 3.7721569244373266e-18
8.261075643024963 3.786479708730928e-18
8.263336431959235 3.798796853451513e-18
8.265597839598247 3.811112520024729e-18
8.267859866111309 3.823423346968455e-18
8.27012251166779 3.8360475751506224e-18
8.272385776437101 3.850716873376083e-18
8.274649660588704 3.867118408072989e-18
8.276914164292098 3.882052492642271e-18
8.27917928771684 3.894931260590718e-18
8.281445031032526 3.907785475296958e-18
8.283711394408797 3.922682086310114e-18
8.285978378015347 3.939062265412322e-18
8.288245982021913 3.953735046191213e-18
8.290514206598278 3.966355175515117e-18
8.292783051914268 3.9794254195840744e-18
8.295052518139764 3.9945353824039666e-18
8.297322605444688 4.0108941752834955e-18
8.299593313999008 4.025319674412616e-18
8.30186464397274 4.037695191089991e-18
8.304136595535947 4.050967524150252e-18
8.306409168858739 4.0662768945904315e-18
8.308682364111268 4.0825158672539346e-18
8.310956181463741 4.096708090430916e-18
8.313230621086403 4.108951407393994e-18
8.31550568314955 4.122411905986419e-18
8.317781367823521 4.1379067567773486e-18
8.320057675278711 4.153923766689729e-18
8.322334605685551 4.167896703047792e-18
8.32461215921452 4.1801239252382665e-18
8.326890336036154 4.193758682938758e-18
8.32916913632102 4.209425103850598e-18
8.331448560239744 4.225234119636131e-18
8.333728607962993 4.239001741622324e-18
8.336009279661484 4.251212846168713e-18
8.338290575505978 4.265007973711295e-18
8.340572495667281 4.2808320716770206e-18
8.342855040316252 4.2964470451563456e-18
8.34513820962379 4.310023308409467e-18
8.347422003760848 4.3222182724682315e-18
8.349706422898414 4.334409496992079e-18
8.35199146720754 4.346595847830679e-18
8.35427713685931 4.359593271299214e-18
8.356563432024856 4.374615341870777e-18
8.358850352875368 4.39085374287851e-18
8.361137899582072 4.405186506237412e-18
8.363426072316248 4.417484313485051e-18
8.365714871249214 4.4306088103667604e-18
8.368004296552346 4.4457552524511624e-18
8.37029434839706 4.461961831823765e-18
8.372585026954814 4.476136704564105e-18
8.374876332397129 4.488289554841799e-18
8.377168264895555 4.501527298790997e-18
8.379460824621699 4.516784282258683e-18
8.381754011747216 4.532844168423198e-18
8.384047826443801 4.546875044486515e-18
8.386342268883201 4.5590116767665526e-18
8.38863733923721 4.572348859151909e-18
8.39093303767767 4.587702571592636e-18
8.393229364376463 4.603874808441018e-18
8.395526319505525 4.620040524402079e-18
8.397823903236837 4.636201046495956e-18
8.400122115742427 4.651054489029822e-18
8.402420957194373 4.6638826963122644e-18
8.40472042776479 4.676337161315906e-18
8.407020527625855 4.69080380978939e-18
8.40932125694978 4.706942647359937e-18
8.411622615908833 4.721685398748936e-18
8.413924604675321 4.734405621270158e-18
8.416227223421604 4.746926440620183e-18
8.418530472320082 4.761456724922852e-18
8.420834351543213 4.777573847765293e-18
8.423138861263496 4.792219738753976e-18
8.425444001653474 4.804845811043551e-18
8.427749772885743 4.817419240977712e-18
8.430056175132947 4.831999413586124e-18
8.432363208567772 4.848094791535055e-18
8.434670873362949 4.862657635073981e-18
8.436979169691266 4.8752033738626426e-18
8.439288097725555 4.8878156888968865e-18
8.441597657638688 4.90243202057072e-18
8.443907849603594 4.918505623500319e-18
8.446218673793243 4.932999214620658e-18
8.448530130380657 4.945478418714818e-18
8.450842219538899 4.958115911770063e-18
8.453154941441085 4.972754691679093e-18
8.455468296260376 4.988806489503511e-18
8.457782284169982 5.003244605191066e-18
8.460096905343159 5.0156710553468406e-18
8.46241215995321 5.0283200378763104e-18
8.464728048173487 5.0429675737276325e-18
8.467044570177388 5.058997536401131e-18
8.46936172613836 5.073393935470191e-18
8.471679516229894 5.0857813942672196e-18
8.473997940625535 5.098428196384016e-18
8.47631699949887 5.113070814549723e-18
8.478636693023534 5.129078912067064e-18
8.480957021373209 5.1450824373949406e-18
8.483277984721628 5.1610793956646275e-18
8.485599583242571 5.1764411944864174e-18
8.487921817109862 5.1897984222491634e-18
8.490244686497373 5.2017880740466415e-18
8.49256819157903 5.2137743143294396e-18
8.494892332528801 5.225755624829445e-18
8.497217109520701 5.237115151152147e-18
8.499542522728792 5.246474484475858e-18
8.50186857232719 5.254456623152089e-18
8.504195258490052 5.262436536769487e-18
8.506522581391586 5.270413160878411e-18
8.508850541206044 5.278389271541604e-18
8.511179138107734 5.28636209165559e-18
8.513508372271001 5.2943332528686295e-18
8.515838243870245 5.302302275942548e-18
8.51816875307991 5.310268006527609e-18
8.520499900074492 5.318233239529212e-18
8.522831685028532 5.3261951790047386e-18
8.525164108116616 5.33415534783427e-18
8.527497169513383 5.342113503182812e-18
8.529830869393516 5.350068363068345e-18
8.532165207931747 5.3580227412853345e-18
8.53450018530286 5.365973823005651e-18
8.536835801681677 5.3739229845522945e-18
8.539172057243077 5.381870295117656e-18
8.541508952161983 5.389814307252158e-18
8.543846486613369 5.397757853685793e-18
8.54618466077225 5.405698100658434e-18
8.548523474813695 5.41363624004388e-18
8.55086292891282 5.4215727288927564e-18
8.553203023244787 5.429505916349206e-18
8.555543757984804 5.43743865412535e-18
8.557885133308137 5.445368089482528e-18
8.560227149390089 5.453295191849684e-18
8.562569806406014 5.462516501933617e-18
8.564913104531318 5.4737149022247006e-18
8.567257043941447 5.485341234834169e-18
8.569601624811906 5.49498386751827e-18
8.571946847318236 5.502899918031396e-18
8.574292711636033 5.5108148331469425e-18
8.576639217940944 5.518726440966033e-18
8.578986366408659 5.526637631305132e-18
8.581334157214915 5.534545513328425e-18
8.5836825905355 5.542450497173285e-18
8.586031666546248 5.550354660522716e-18
8.588381385423045 5.558255513633276e-18
8.590731747341822 5.566155965443839e-18
8.593082752478558 5.574053105999812e-18
8.595434401009282 5.581947008383804e-18
8.59778669311007 5.58984044353521e-18
8.600139628957045 5.597730565511794e-18
8.60249320872638 5.605620000944932e-18
8.604847432594294 5.6135064236679816e-18
8.60720230073706 5.621389531297135e-18
8.609557813330992 5.629272261944858e-18
8.611913970552457 5.637151676488276e-18
8.614270772577868 5.6450300067933146e-18
8.616628219583689 5.652905735444301e-18
8.618986311746426 5.660778146074763e-18
8.621345049242638 5.669277445731269e-18
8.623704432248939 5.6796815073473855e-18
8.626064460941976 5.691365401938166e-18
8.628425135498453 5.70309069833766e-18
8.630786456095128 5.714869399767839e-18
8.633148422908796 5.726661534334108e-18
8.63551103611631 5.738448685997124e-18
8.637874295894562 5.750232635597998e-18
8.640238202420502 5.763331495802553e-18
8.64260275587112 5.778387968619073e-18
8.644967956423459 5.793846957599148e-18
8.647333804254615 5.807338360930471e-18
8.64970029954172 5.81910558661395e-18
8.652067442461965 5.830871317181183e-18
8.654435233192586 5.842632057619252e-18
8.65680367191087 5.854392331092143e-18
8.659172758794146 5.866147612942424e-18
8.6615424940198 5.877898092699353e-18
8.66391287776526 5.88964792692228e-18
8.666283910208005 5.901392766665712e-18
8.66865559152556 5.91313647182269e-18
8.671027921895504 5.9248758734312684e-18
8.673400901495464 5.9366102777053e-18
8.675774530503109 5.948344252182319e-18
8.678148809096163 5.96007322783955e-18
8.680523737452393 5.971800151824106e-18
8.682899315749623 5.983523709890806e-18
8.68527554416572 5.995242266287087e-18
8.687652422878598 6.006960417809521e-18
8.690029952066224 6.018673566181941e-18
8.69240813190661 6.030383687067039e-18
8.69478696257782 6.042091438484892e-18
8.697166444257967 6.053794183906564e-18
8.699546577125208 6.065496549459202e-18
8.701927361357754 6.077193907541707e-18
8.704308797133862 6.088887203434772e-18
8.706690884631836 6.1005791852905776e-18
8.709073624030033 6.112266156834567e-18
8.71145701550686 6.1239526308093475e-18
8.713841059240766 6.135634235790925e-18
8.716225755410253 6.147310827620872e-18
8.718611104193869 6.158987077195712e-18
8.720997105770222 6.170658312153344e-18
8.723383760317954 6.182327926055718e-18
8.72577106801576 6.193993815319919e-18
8.728159029042391 6.205654687131624e-18
8.730547643576639 6.217315241901487e-18
8.73293691179735 6.2289707777589604e-18
8.735326833883413 6.240623509780426e-18
8.737717410013776 6.2522737209060074e-18
8.740108640367422 6.263918910288481e-18
8.742500525123397 6.275794901951125e-18
8.744893064460786 6.28960490981827e-18
8.74728625855873 6.30511934764133e-18
8.749680107596415 6.321680432338462e-18
8.752074611753073 6.34017271038403e-18
8.754469771207996 6.359554309208362e-18
8.75686558614051 6.37892806070537e-18
8.759262056730002 6.398293430789749e-18
8.761659183155905 6.4169244199193735e-18
8.764056965597698 6.433611953221923e-18
8.766455404234911 6.449094647528261e-18
8.768854499247126 6.4661114534029566e-18
8.771254250813971 6.485055472327872e-18
8.773654659115124 6.503988092551329e-18
8.776055724330309 6.520980076170611e-18
8.778457446639305 6.536440156807585e-18
8.780859826221935 6.553100652897951e-18
8.783262863258074 6.57168552785185e-18
8.785666557927648 6.590933027117992e-18
8.788070910410628 6.608242712628387e-18
8.790475920887037 6.623680150727746e-18
8.792881589536947 6.6399712135334786e-18
8.795287916540476 6.658183817424581e-18
8.797694902077797 6.677469088285263e-18
8.800102546329128 6.69674800152304e-18
8.80251084947474 6.716018507394021e-18
8.80491981169495 6.734796397322159e-18
8.807329433170121 6.751640449992016e-18
8.809739714080676 6.7670459778273295e-18
8.812150654607079 6.783716906464164e-18
8.814562254929843 6.802305375129002e-18
8.816974515229536 6.8214325844077664e-18
8.819387435686771 6.838628788701896e-18
8.821801016482212 6.854011598933196e-18
8.82421525779657 6.870278960596551e-18
8.826630159810612 6.888461015168477e-18
8.829045722705146 6.907677944983466e-18
8.831461946661037 6.925239477568269e-18
8.833878831859195 6.940872313369632e-18
8.83629637848058 6.956723061804388e-18
8.8387145867062 6.974485652457933e-18
8.84113345671712 6.993674127582569e-18
8.843552988694444 7.01161414289347e-18
8.845973182819336 7.027628301675632e-18
8.848394039272996 7.043049413524622e-18
8.85081555823669 7.060379513338538e-18
8.853237739891725 7.079539497983547e-18
8.855660584419454 7.098698809983433e-18
8.858084092001283 7.11784968188553e-18
8.860508262818673 7.13699802749265e-18
8.86293309705313 7.156140378110918e-18
8.865358594886207 7.175274283989625e-18
8.867784756499507 7.194408132807262e-18
8.870211582074694 7.21353353455869e-18
8.872639071793465 7.232653332213748e-18
8.875067225837576 7.252902845335271e-18
8.877496044388835 7.275054457770161e-18
8.879925527629094 7.297984207064485e-18
8.882355675740254 7.319041058161507e-18
8.884786488904272 7.338178379059293e-18
8.887217967303151 7.357951386046936e-18
8.889650111118943 7.37962362526738e-18
8.892082920533749 7.402519048203899e-18
8.894516395729728 7.424004561899328e-18
8.89695053688908 7.443573399382828e-18
8.899385344194055 7.46285697974008e-18
8.901820817826957 7.484036921713684e-18
8.90425695797014 7.506897975635583e-18
8.906693764806006 7.528825210119729e-18
8.909131238517006 7.548838625952846e-18
8.911569379285641 7.567877775152757e-18
8.914008187294465 7.58855251953345e-18
8.91644766272608 7.611121269570821e-18
8.918887805763138 7.633503260025264e-18
8.92132861658834 7.653974292956905e-18
8.923770095384441 7.672984744184078e-18
8.926212242334238 7.693141414455198e-18
8.928655057620585 7.71518921192667e-18
8.931098541426387 7.737987637639812e-18
8.933542693934593 7.758929303262589e-18
8.935987515328208 7.777962353868531e-18
8.93843300579028 7.797588097486336e-18
8.940879165503912 7.819102086330794e-18
8.94332599465226 7.841866006079979e-18
8.945773493418528 7.863291296688725e-18
8.948221661985961 7.882810841309334e-18
8.950670500537868 7.901892829846827e-18
8.9531200092576 7.922860178126617e-18
8.955570188328561 7.945589549552877e-18
8.958021037934206 7.98445229754702e-18
8.960472558258035 8.06115831421715e-18
8.962924749483605 8.159590799765844e-18
8.965377611794516 8.2594785156975e-18
8.967831145374427 8.361213498405752e-18
8.970285350407043 8.46309026523641e-18
8.972740227076113 8.563031306194729e-18
8.975195775565444 8.661313787127947e-18
8.977651996058896 8.760524672889172e-18
8.980108888740371 8.861579903524295e-18
8.98256645379383 8.963578475675717e-18
8.985024691403268 9.063940389557023e-18
8.987483601752754 9.162368899676178e-18
8.989943185026391 9.26089048808144e-18
8.992403441408335 9.361253496045838e-18
8.994864371082794 9.463095988324975e-18
8.997325974234029 9.564925809692901e-18
8.999788251046345 9.666709608327719e-18
9.002251201704105 9.768487913538617e-18
9.004714826391716 9.870227887756762e-18
9.00717912529364 9.97192181465359e-18
9.009644098594384 1.007497720013851e-17
9.012109746478513 1.0183631416161463e-17
9.014576069130639 1.0296544660849743e-17
9.017043066735422 1.039846207787347e-17
9.019510739477575 1.0481523909909122e-17
9.021979087541862 1.0556751725157472e-17
9.024448111113097 1.0666713589151258e-17
9.02691781037614 1.0814226198256845e-17
9.029388185515913 1.0959592563600788e-17
9.03185923671738 1.1086115234527156e-17
9.034330964165553 1.119878285809542e-17
9.036803368045502 1.1311431907445322e-17
9.039276448542346 1.1424029684905927e-17
9.041750205841247 1.1536625584144802e-17
9.044224640127428 1.1649175350406399e-17
9.04669975158616 1.1761673817608227e-17
9.049175540402764 1.1874024976055368e-17
9.051652006762602 1.1985767950119447e-17
9.054129150851104 1.2097075515845466e-17
9.056606972853743 1.2208686509547659e-17
9.05908547295604 1.2320802367747373e-17
9.061564651343566 1.2433150261910496e-17
9.06404450820195 1.2562384146144843e-17
9.066525043716865 1.271027675291875e-17
9.069006258074037 1.2855603996891172e-17
9.071488151459246 1.2982169772860492e-17
9.073970724058318 1.3094342893959482e-17
9.076453976057131 1.3206500878987612e-17
9.078937907641617 1.3318607457738174e-17
9.081422518997755 1.3430708450364932e-17
9.083907810311574 1.3526306243416232e-17
9.08639378176916 1.3603183692648332e-17
9.088880433556648 1.367785840464099e-17
9.09136776586022 1.3752498819159998e-17
9.093855778866107 1.3827116075074941e-17
9.096344472760602 1.3901725102400366e-17
9.098833847730042 1.3976299814276402e-17
9.101323903960807 1.4050868850228534e-17
9.103814641639346 1.4125412249880465e-17
9.106306060952143 1.419992131612284e-17
9.10879816208574 1.4274433487254766e-17
9.111290945226735 1.4348911316430865e-17
9.113784410561763 1.4423363389988726e-17
9.116278558277521 1.4497810065970528e-17
9.118773388560758 1.4572222382072585e-17
9.121268901598267 1.4646626101589763e-17
9.123765097576896 1.4721007340012185e-17
9.126261976683548 1.4795354200646736e-17
9.128759539105168 1.4869704445575225e-17
9.131257785028762 1.4944020304233862e-17
9.133756714641375 1.501830683870624e-17
9.136256328130116 1.5092591779743278e-17
9.138756625682142 1.5166842316638962e-17
9.141257607484652 1.5241080363232667e-17
9.143759273724909 1.531530005856887e-17
9.146261624590217 1.5389485331908064e-17
9.14876466026794 1.546348088808961e-17
9.151268380945488 1.5518914389192916e-17
9.153772786810322 1.555597470893214e-17
9.156277878049956 1.5593036622713586e-17
9.158783654851954 1.563008131237862e-17
9.161290117403933 1.56671173213809e-17
9.16379726589356 1.5704146709117457e-17
9.166305100508556 1.574115886383625e-17
9.16881362143669 1.5778170537643408e-17
9.171322828865783 1.5815167428835118e-17
9.173832722983708 1.585214707811579e-17
9.176343303978392 1.58929383943926e-17
9.178854572037807 1.595218634538674e-17
9.181366527349983 1.6026091979968063e-17
9.183879170102998 1.609075769519239e-17
9.186392500484985 1.6136927218968796e-17
9.188906518684119 1.6173855634424853e-17
9.191421224888641 1.6210772477837e-17
9.193936619286832 1.624767205743163e-17
9.196452702067027 1.6284573800145468e-17
9.198969473417616 1.6321458274909233e-17
9.20148693352704 1.6358327723491587e-17
9.204005082583787 1.6388382484965622e-17
9.206523920776398 1.64e-17
9.209043448293475 1.64e-17
9.211563665323656 1.638792826566327e-17
9.21408457205564 1.6357448806372388e-17
9.216606168678176 1.632062831886574e-17
9.21912845538007 1.6266539172023616e-17
9.221651432350166 1.6194071851565393e-17
9.224175099777373 1.6124566251450193e-17
9.226699457850648 1.607347341797622e-17
9.229224506758994 1.6036712049411524e-17
9.231750246691474 1.5990744267105128e-17
9.234276677837197 1.5926427900499458e-17
9.236803800385326 1.5852954281526376e-17
9.239331614525076 1.5779503213789596e-17
9.241860120445713 1.5706086778398296e-17
9.244389318336555 1.5633677567651874e-17
9.24691920838697 1.5579639278779048e-17
9.249449790786384 1.5542961697897696e-17
9.251981065724266 1.5500255964445784e-17
9.254513033390147 1.543924358955513e-17
9.257045693973597 1.536593767839496e-17
9.259579047664248 1.5303642218595825e-17
9.262113094651784 1.525969308171413e-17
9.264647835125935 1.5223064775729024e-17
9.267183269276485 1.5186450265590113e-17
9.269719397293272 1.5149853102007545e-17
9.272256219366188 1.5115776894959415e-17
9.274793735685169 1.51e-17
9.277331946440206 1.51e-17
9.27987085182135 1.51e-17
9.282410452018695 1.51e-17
9.284950747222389 1.51e-17
9.28749173762263 1.51e-17
9.290033423409678 1.51e-17
9.292575804773833 1.51e-17
9.295118881905449 1.51e-17
9.297662654994943 1.51e-17
9.30020712423277 1.51e-17
9.302752289809444 1.51e-17
9.305298151915533 1.51e-17
9.307844710741652 1.51e-17
9.31039196647847 1.51e-17
9.312939919316715 1.51e-17
9.315488569447155 1.51e-17
9.318037917060614 1.51e-17
9.320587962347979 1.51e-17
9.323138705500174 1.51e-17
9.325690146708185 1.51e-17
9.328242286163045 1.51e-17
9.330795124055847 1.51e-17
9.333348660577723 1.51e-17
9.335902895919869 1.5091746301346595e-17
9.338457830273532 1.5065332223472427e-17
9.341013463830006 1.50290064951231e-17
9.343569796780638 1.5005420572997267e-17
9.346126829316836 1.5e-17
9.348684561630048 1.5e-17
9.35124299391178 1.498283669634288e-17
9.353802126353596 1.494753794195689e-17
9.356361959147105 1.4914701245614004e-17
9.358922492483968 1.49e-17
9.361483726555903 1.49e-17
9.364045661554677 1.4892208890244095e-17
9.366608297672112 1.486631226138764e-17
9.369171635100084 1.4830096268292147e-17
9.371735674030516 1.4805992897148603e-17
9.374300414655387 1.48e-17
9.37686585716673 1.48e-17
9.379432001756625 1.478362666353227e-17
9.38199884861721 1.4749172826048705e-17
9.384566397940674 1.4715546162516434e-17
9.38713464991926 1.47e-17
9.389703604745257 1.47e-17
9.392273262611017 1.4706729164850854e-17
9.394843623708937 1.473150882465774e-17
9.397414688231468 1.4767614754405853e-17
9.399986456371115 1.4792835094598967e-17
9.402558928320438 1.48e-17
9.405132104272042 1.48e-17
9.407705984418591 1.4814984859113436e-17
9.410280568952803 1.4847995105736827e-17
9.412855858067445 1.4883010246623392e-17
9.41543185195534 1.49e-17
9.418008550809354 1.49e-17
9.420585954822421 1.4905069726282385e-17
9.423164064187517 1.49281347598616e-17
9.425742879097676 1.496413029918822e-17
9.42832239974598 1.500012190469957e-17
9.43090262632557 1.5036095993185756e-17
9.433483559029632 1.5072066344481875e-17
9.436065198051415 1.5095026990386688e-17
9.438647543584212 1.51e-17
9.44123059582137 1.51e-17
9.443814354956293 1.511689907465776e-17
9.446398821182441 1.5151755643778592e-17
9.448983994693316 1.5179227200952024e-17
9.451569875682479 1.5152861350382008e-17
9.454156464343546 1.5081091704650625e-17
9.456743760870186 1.500268354163427e-17
9.459331765456113 1.490638315139583e-17
9.461920478295106 1.4798804513668498e-17
9.464509899580989 1.4691244195646926e-17
9.467100029507638 1.458373654213576e-17
9.469690868268987 1.4476233807051576e-17
9.47228241605902 1.436876659124931e-17
9.474874673071778 1.4261352065436427e-17
9.477467639501352 1.4153925304732606e-17
9.480061315541883 1.4028700689090268e-17
9.482655701387571 1.3885639450984212e-17
9.485250797232668 1.3746155805374284e-17
9.487846603271475 1.3624614224102373e-17
9.49044311969835 1.3517368976776935e-17
9.493040346707705 1.341012770016768e-17
9.495638284494003 1.3302939175380119e-17
9.498236933251757 1.3195770096582497e-17
9.500836293175539 1.3077798942717101e-17
9.503436364459974 1.2942034201569097e-17
9.506037147299736 1.2799243749970453e-17
9.508638641889556 1.2670856607333065e-17
9.511240848424219 1.256037351564376e-17
9.513843767098555 1.2453304326046559e-17
9.516447398107458 1.2310655863521742e-17
9.519051741645871 1.21324710537045e-17
9.521656797908792 1.1954436855512273e-17
9.524262567091263 1.1777372750912155e-17
9.526869049388395 1.1601079630348802e-17
9.529476244995344 1.1424470502740095e-17
9.532084154107313 1.1247068578935592e-17
9.53469277691957 1.106914140329866e-17
9.537302113627433 1.089124073369541e-17
9.539912164426273 1.0713428212250207e-17
9.542522929511506 1.0535628664145487e-17
9.545134409078617 1.0357881346370348e-17
9.547746603323134 1.0180222218720695e-17
9.550359512440636 1.0002550417022137e-17
9.552973136626768 9.824956274917031e-18
9.555587476077221 9.647450364856655e-18
9.558202530987732 9.46992097193342e-18
9.560818301554107 9.29247982877447e-18
9.563434787972197 9.115112415971978e-18
9.566051990437902 8.937735802893207e-18
9.568669909147186 8.760447481389752e-18
9.57128854429606 8.583208136182398e-18
9.573907896080591 8.417549257569322e-18
9.576527964696897 8.276770882150833e-18
9.579148750341155 8.149250847650416e-18
9.58177025320959 8.041111797221226e-18
9.584392473498482 7.963119345697786e-18
9.58701541140417 7.895865861052123e-18
9.589639067123038 7.827190155665e-18
9.59226344085153 7.75677974628153e-18
9.594888532786143 7.686037973809513e-18
9.597514343123427 7.615331062813538e-18
9.600140872059981 7.544659535149926e-18
9.602768119792469 7.474262068348712e-18
9.605396086517597 7.405665239416115e-18
9.608024772432131 7.338576652072922e-18
9.610654177732894 7.270906441992857e-18
9.613284302616751 7.201505908102277e-18
9.615915147280637 7.130937839630226e-18
9.618546711921526 7.061249897208605e-18
9.621178996736456 6.993360050153243e-18
9.623812001922515 6.926369352298597e-18
9.626445727676844 6.8582345640899214e-18
9.62908017419664 6.788372061606984e-18
9.63171534167915 6.71790712919935e-18
9.634351230321684 6.6474678068957695e-18
9.636987840321598 6.577063941154835e-18
9.6396251718763 6.5066506476053445e-18
9.64226322518326 6.458662829528846e-18
9.644902000440002 6.433574878356038e-18
9.647541497844092 6.408710832600924e-18
9.650181717593163 6.382102179272385e-18
9.652822659884897 6.353985924054312e-18
9.655464324917034 6.326380179528683e-18
9.658106712887355 6.300544365099078e-18
9.660749823993712 6.275960759936844e-18
9.663393658434005 6.250599693619904e-18
9.666038216406186 6.223496620387325e-18
9.668683498108255 6.195421796926121e-18
9.671329503738285 6.168394674931492e-18
9.673976233494386 6.143134904706868e-18
9.676623687574725 6.1185875852824265e-18
9.679271866177531 6.09274658780581e-18
9.68192076950108 6.065166188748168e-18
9.684570397743704 6.037132872337203e-18
9.68722075110379 6.010667071044735e-18
9.689871829779783 5.985966038461351e-18
9.692523633970175 5.961398494618081e-18
9.695176163873514 5.935094634373038e-18
9.697829419688409 5.9071105585520584e-18
9.700483401613516 5.880644929111702e-18
9.703138109847545 5.862930857575042e-18
9.705793544589268 5.85244463424396e-18
9.708449706037506 5.8425055443875976e-18
9.711106594391131 5.8343179576706624e-18
9.713764209849078 5.8273323502083165e-18
9.716422552610329 5.819561178717153e-18
9.719081622873924 5.810048709080699e-18
9.721741420838958 5.799578117056267e-18
9.724401946704578 5.790129994656411e-18
9.727063200669988 5.7824307730816396e-18
9.729725182934446 5.77545559586289e-18
9.732387893697261 5.767231776793353e-18
9.735051333157802 5.757269272379772e-18
9.73771550151549 5.74681433977088e-18
9.740380398969798 5.736363510660985e-18
9.743046025720258 5.725918031526221e-18
9.745712381966456 5.7154709391551465e-18
9.748379467908027 5.7067271156870555e-18
9.751047283744668 5.699728280773529e-18
9.753715829676128 5.692591762876791e-18
9.756385105902213 5.683720962209474e-18
9.759055112622775 5.6732924253052664e-18
9.761725850037731 5.665998445283352e-18
9.764397318347047 5.6726021571721845e-18
9.767069517750745 5.6899699534848635e-18
9.769742448448898 5.70793980182764e-18
9.772416110641645 5.727635950967889e-18
9.77509050452917 5.748461574311645e-18
9.777765630311709 5.768477355328966e-18
9.780441488189563 5.7867484958853235e-18
9.783118078363085 5.804090060154373e-18
9.785795401032676 5.8214283965634114e-18
9.788473456398794 5.8387577945326005e-18
9.791152244661962 5.8560862253004956e-18
9.793831766022748 5.874616667449964e-18
9.79651202068177 5.894869458798881e-18
9.799193008839719 5.915647801547383e-18
9.801874730697325 5.935018650076616e-18
9.804557186455373 5.9526487866620755e-18
9.807240376314713 5.969950915506237e-18
9.809924300476245 5.988833924264041e-18
9.81260895914092 6.009436642031136e-18
9.815294352509753 6.030136510715314e-18
9.817980480783806 6.049098767841752e-18
9.820667344164196 6.0663698217221604e-18
9.823354942852099 6.085696743892829e-18
9.82604327704875 6.120544664250239e-18
9.828732346955432 6.16886668862701e-18
9.831422152773479 6.217598455629156e-18
9.834112694704293 6.2680293651789716e-18
9.836803972949323 6.319763363824831e-18
9.83949598771007 6.370919011909879e-18
9.842188739188096 6.42032485812621e-18
9.844882227585021 6.468572932090957e-18
9.847576453102516 6.516817568734305e-18
9.850271415942299 6.565037094905431e-18
9.852967116306157 6.613248144989554e-18
9.855663554395928 6.662364463773572e-18
9.858360730413501 6.7131759253302354e-18
9.86105864456082 6.7647909186688176e-18
9.863757297039893 6.8153215152054686e-18
9.866456688052777 6.8641062438314336e-18
9.869156817801581 6.912243148913612e-18
9.871857686488475 6.96159497239747e-18
9.874559294315684 7.012639266427799e-18
9.877261641485486 7.064174749289602e-18
9.87996472820021 7.114310073530533e-18
9.882668554662251 7.162702158363745e-18
9.885373121074055 7.210764788934993e-18
9.88807842763812 7.269509758338125e-18
9.890784474557002 7.340234280258477e-18
9.893491262033312 7.412272447465778e-18
9.896198790269715 7.484274217832805e-18
9.898907059468932 7.556238222552314e-18
9.901616069833748 7.628116961079039e-18
9.90432582156699 7.698246095623491e-18
9.907036314871545 7.766728748940025e-18
9.909747549950364 7.835459326869354e-18
9.91245952700644 7.905864416934848e-18
9.915172246242829 7.977715294268374e-18
9.917885707862641 8.049573424071306e-18
9.92059991206905 8.121393748917056e-18
9.923314859065272 8.193188669248971e-18
9.92603054905458 8.264986505312403e-18
9.928746982240316 8.336746519918221e-18
9.931464158825866 8.408485434929437e-18
9.934182079014668 8.480223063458812e-18
9.936900743010234 8.551922854053732e-18
9.939620151016111 8.623605715459187e-18
9.942340303235909 8.695283222917856e-18
9.945061199873305 8.766922875988883e-18
9.947782841132014 8.838549635537647e-18
9.950505227215814 8.938426346067914e-18
9.953228358328541 9.094491542416327e-18
9.95595223467409 9.278530252495837e-18
9.958676856456405 9.46350298942943e-18
9.961402223879485 9.650080793193913e-18
9.964128337147388 9.837380441626435e-18
9.96685519646423 1.0019262169492476e-17
9.969582802034182 1.0192538865505847e-17
9.972311154061462 1.0362677353163869e-17
9.97504025275036 1.0544545265883068e-17
9.977770098305207 1.0743321012369459e-17
9.980500690930398 1.0947326356083995e-17
9.98323203083038 1.1138498659905484e-17
9.985964118209663 1.1312577867985215e-17
9.988696953272806 1.1482448172046622e-17
9.99143053622442 1.1665965772746239e-17
9.994164867269184 1.1866364291916942e-17
9.996899946611828 1.2070047540683568e-17
9.999635774457133 1.2259029405656075e-17
10.00237235100994 1.2430944942196613e-17
10.00510967647515 1.2600546605108582e-17
10.007847751057714 1.2816503742910148e-17
10.010586574962636 1.3083203635460688e-17
10.013326148394984 1.335435110900376e-17
10.016066471559888 1.365795954021236e-17
10.018807544662517 1.3995285083747404e-17
10.021549367908104 1.4333947543139217e-17
10.024291941501943 1.4672429015858568e-17
10.027035265649378 1.5010732122745743e-17
10.029779340555809 1.5349112979048695e-17
10.0325241664267 1.568731277161347e-17
10.035269743467563 1.602534628407975e-17
10.038016071883964 1.6365071251964022e-17
10.040763151881535 1.6721500953119802e-17
10.043510983665964 1.709304101250182e-17
10.046259567442984 1.7462121561983738e-17
10.04900890341839 1.7812458512017346e-17
10.051758991798039 1.81466079214722e-17
10.05450983278784 1.8481049260684347e-17
10.057261426593751 1.881697891437154e-17
10.060013773421801 1.9154196805955442e-17
10.062766873478065 1.949145817119856e-17
10.065520726968675 1.982853816633463e-17
10.068275334099827 2.0165485553688776e-17
10.071030695077765 2.047763404425692e-17
10.073786810108789 2.0671780380455275e-17
10.076543679399261 2.077278337729158e-17
10.079301303155603 2.086974479476959e-17
10.082059681584282 2.094983377173082e-17
10.084818814891825 2.1017114911342902e-17
10.087578703284827 2.1088909639340147e-17
10.090339346969923 2.1177472473754788e-17
10.093100746153814 2.1278312827758967e-17
10.095862901043255 2.137915667626224e-17
10.09862581184506 2.1479946022175076e-17
10.101389478766098 2.1580704952822574e-17
10.104153902013287 2.1676158876845952e-17
10.10691908179362 2.1754780997943864e-17
10.109685018314131 2.1821899290877876e-17
10.112451711781913 2.189466053147608e-17
10.11521916240412 2.1984149092851374e-17
10.117987370387961 2.2084744973169462e-17
10.120756335940701 2.21853392748631e-17
10.12352605926966 2.2285879005673225e-17
10.126296540582217 2.238639325912546e-17
10.129067780085814 2.2474520634693743e-17
10.131839777987938 2.2529120477297213e-17
10.134612534496135 2.2562597996916363e-17
10.137386049818016 2.259607419596959e-17
10.140160324161245 2.2629532189612374e-17
10.142935357733538 2.2662982455141585e-17
10.14571115074267 2.2689854938078363e-17
10.14848770339648 2.27e-17
10.151265015902855 2.27e-17
10.154043088469738 2.2706706514545458e-17
10.15682192130514 2.2730108589447072e-17
10.159601514617119 2.276350427919366e-17
10.162381868613789 2.279010220429204e-17
10.165162983503329 2.28e-17
10.167944859493973 2.28e-17
10.170727496794004 2.2806843917616656e-17
10.173510895611772 2.2830356066429938e-17
10.176295056155677 2.2863697090378376e-17
10.17907997863418 2.289018494156509e-17
10.181865663255797 2.29e-17
10.184652110229106 2.29e-17
10.187439319762733 2.290681714977992e-17
10.190227292065366 2.2930275156668654e-17
10.193016027345754 2.2963561424950112e-17
10.195805525812698 2.2983361131930663e-17
10.198595787675053 2.296988827449865e-17
10.201386813141742 2.2936629417705305e-17
10.204178602421738 2.28967458945496e-17
10.206971155724066 2.284026719861389e-17
10.209764473257817 2.277380435282678e-17
10.212558555232143 2.2713814422384062e-17
10.215353401856238 2.2670460749496442e-17
10.218149013339364 2.2637256782895587e-17
10.22094538989084 2.2597781895070512e-17
10.223742531720042 2.2541739313057908e-17
10.226540439036398 2.2475386337189972e-17
10.229339112049399 2.2415068893807115e-17
10.232138550968592 2.237136025158735e-17
10.23493875600358 2.233821126467565e-17
10.23773972736402 2.2299308183383135e-17
10.240541465259636 2.2243864931150386e-17
10.243343969900202 2.2177622004044474e-17
10.246147241495553 2.2116813466578106e-17
10.248951280255575 2.207258622911608e-17
10.25175608639022 2.203949231123937e-17
10.254561660109493 2.1996250122488384e-17
10.257368001623458 2.191996441765979e-17
10.260175111142232 2.1820765367953508e-17
10.262982988875999 2.1712217642750196e-17
10.26579163503499 2.157069062974527e-17
10.268601049829496 2.1405496831504234e-17
10.27141123346987 2.1240292902040745e-17
10.274222186166526 2.107518059542192e-17
10.277033908129923 2.09101248597504e-17
10.279846399570584 2.07450550537457e-17
10.282659660699094 2.0580076907290904e-17
10.28547369172609 2.0415159345392953e-17
10.288288492862266 2.0250223430318413e-17
10.29110406431838 2.0085379211435398e-17
10.293920406305244 1.9920599934417896e-17
10.29673751903372 1.9755797677086052e-17
10.299555402714741 1.9591087152523522e-17
10.302374057559295 1.9426446271396127e-17
10.305193483778414 1.92617774379596e-17
10.308013681583207 1.9097200373806298e-17
10.31083465118483 1.893269799948108e-17
10.313656392794499 1.876534018578093e-17
10.316478906623486 1.856520592396049e-17
10.319302192883125 1.8335096664568008e-17
10.322126251784802 1.8104207149083147e-17
10.324951083539965 1.7857025956572396e-17
10.327776688360121 1.7594265911169162e-17
10.330603066456833 1.7331433956848953e-17
