#xsec (eV,cm2) for OH -> O + H
3.1000290654125155 0.0
3.1008774429979375 0.0
3.1017260527568364 0.0
3.102574894752751 0.0
3.103423969049237 0.0
3.1042732757098674 0.0
3.105122814798232 0.0
3.1059725863779404 0.0
3.1068225905126168 0.0
3.1076728272659047 0.0
3.1085232967014633 0.0
3.1093739988829707 0.0
3.1102249338741217 0.0
3.1110761017386297 0.0
3.1119275025402233 0.0
3.1127791363426507 0.0
3.113631003209677 0.0
3.114483103205083 0.0
3.1153354363926695 0.0
3.116188002836253 0.0
3.1170408025996696 0.0
3.1178938357467696 0.0
3.1187471023414233 0.0
3.119600602447518 0.0
3.1204543361289576 0.0
3.1213083034496645 0.0
3.122162504473578 0.0
3.123016939264656 0.0
3.123871607886872 0.0
3.1247265104042174 0.0
3.125581646880703 0.0
3.1264370173803555 0.0
3.1272926219672197 0.0
3.128148460705357 0.0
3.129004533658848 0.0
3.129860840891788 0.0
3.130717382468294 0.0
3.131574158452497 0.0
3.1324311689085467 0.0
3.133288413900611 0.0
3.134145893492875 0.0
3.1350036077495402 0.0
3.1358615567348274 0.0
3.1367197405129734 0.0
3.1375781591482346 0.0
3.1384368127048834 0.0
3.13929570124721 0.0
3.140154824839522 0.0
3.1410141835461456 0.0
3.141873777431423 0.0
3.1427336065597165 0.0
3.1435936709954033 0.0
3.1444539708028802 0.0
3.14531450604656 0.0
3.1461752767908746 0.0
3.1470362831002725 0.0
3.1478975250392205 0.0
3.148759002672203 0.0
3.1496207160637213 0.0
3.1504826652782953 0.0
3.151344850380462 0.0
3.1522072714347757 0.0
3.1530699285058095 0.0
3.1539328216581537 0.0
3.154795950956416 0.0
3.155659316465221 0.0
3.1565229182492125 0.0
3.157386756373052 0.0
3.158250830901417 0.0
3.1591151418990044 0.0
3.159979689430528 0.0
3.1608444735607195 0.0
3.1617094943543282 0.0
3.1625747518761216 0.0
3.1634402461908837 0.0
3.164305977363418 0.0
3.1651719454585443 0.0
3.1660381505411004 0.0
3.1669045926759427 0.0
3.1677712719279443 0.0
3.1686381883619976 0.0
3.16950534204301 0.0
3.170372733035909 0.0
3.171240361405639 0.0
3.1721082272171626 0.0
3.1729763305354606 0.0
3.1738446714255293 0.0
3.1747132499523856 0.0
3.1755820661810628 0.0
3.176451120176612 0.0
3.1773204120041023 0.0
3.1781899417286206 0.0
3.179059709415272 0.0
3.1799297151291785 0.0
3.1807999589354807 0.0
3.181670440899337 0.0
3.182541161085923 0.0
3.1834121195604332 0.0
3.184283316388078 0.0
3.185154751634088 0.0
3.1860264253637105 0.0
3.1868983376422104 0.0
3.1877704885348708 0.0
3.188642878106993 0.0
3.1895155064238967 0.0
3.190388373550917 0.0
3.1912614795534084 0.0
3.192134824496745 0.0
3.1930084084463153 0.0
3.193882231467529 0.0
3.194756293625812 0.0
3.195630594986608 0.0
3.196505135615379 0.0
3.1973799155776055 0.0
3.1982549349387845 0.0
3.1991301937644323 0.0
3.200005692120082 0.0
3.200881430071286 0.0
3.2017574076836133 0.0
3.2026336250226515 0.0
3.203510082154006 0.0
3.2043867791433005 0.0
3.2052637160561757 0.0
3.206140892958292 0.0
3.207018309915326 0.0
3.2078959669929725 0.0
3.208773864256945 0.0
3.209652001772975 0.0
3.210530379606812 0.0
3.211408997824223 0.0
3.2122878564909927 0.0
3.2131669556729245 0.0
3.21404629543584 0.0
3.2149258758455783 0.0
3.215805696967996 0.0
3.2166857588689695 0.0
3.2175660616143915 0.0
3.218446605270173 0.0
3.2193273899022437 0.0
3.220208415576551 0.0
3.221089682359061 0.0
3.2219711903157555 0.0
3.2228529395126375 0.0
3.223734930015726 0.0
3.22461716189106 0.0
3.2254996352046934 0.0
3.2263823500227007 0.0
3.2272653064111747 0.0
3.2281485044362244 0.0
3.229031944163978 0.0
3.229915625660582 0.0
3.2307995489922003 0.0
3.2316837142250163 0.0
3.2325681214252295 0.0
3.233452770659059 0.0
3.2343376619927415 0.0
3.2352227954925317 0.0
3.2361081712247026 0.0
3.236993789255546 0.0
3.2378796496513704 0.0
3.238765752478504 0.0
3.2396520978032917 0.0
3.2405386856920977 0.0
3.2414255162113035 0.0
3.2423125894273097 0.0
3.2431999054065344 0.0
3.2440874642154136 0.0
3.2449752659204023 0.0
3.2458633105879735 0.0
3.246751598284618 0.0
3.2476401290768444 0.0
3.2485289030311812 0.0
3.2494179202141735 0.0
3.250307180692385 0.0
3.251196684532397 0.0
3.2520864318008114 0.0
3.2529764225642452 0.0
3.2538666568893353 0.0
3.2547571348427384 0.0
3.2556478564911253 0.0
3.256538821901189 0.0
3.257430031139638 0.0
3.2583214842732007 0.0
3.2592131813686245 0.0
3.2601051224926723 0.0
3.2609973077121266 0.0
3.2618897370937896 0.0
3.2627824107044807 0.0
3.2636753286110363 0.0
3.264568490880313 0.0
3.265461897579185 0.0
3.2663555487745444 0.0
3.2672494445333022 0.0
3.2681435849223877 0.0
3.269037970008748 0.0
3.269932599859349 0.0
3.2708274745411745 0.0
3.271722594121227 0.0
3.272617958666527 0.0
3.273513568244114 0.0
3.274409422921045 0.0
3.2753055227643957 0.0
3.2762018678412614 0.0
3.2770984582187532 0.0
3.2779952939640022 0.0
3.278892375144158 0.0
3.2797897018263877 0.0
3.280687274077878 0.0
3.2815850919658325 0.0
3.282483155557474 0.0
3.283381464920044 0.0
3.2842800201208022 0.0
3.285178821227026 0.0
3.286077868306012 0.0
3.286977161425076 0.0
3.287876700651549 0.0
3.288776486052784 0.0
3.2896765176961518 0.0
3.2905767956490393 0.0
3.2914773199788545 0.0
3.2923780907530222 0.0
3.2932791080389867 0.0
3.2941803719042095 0.0
3.2950818824161727 0.0
3.2959836396423743 0.0
3.2968856436503327 0.0
3.297787894507584 0.0
3.298690392281683 0.0
3.299593137040202 0.0
3.300496128850733 0.0
3.3013993677808866 0.0
3.302302853898291 0.0
3.3032065872705934 0.0
3.3041105679654605 0.0
3.305014796050575 0.0
3.3059192715936403 0.0
3.306823994662377 0.0
3.3077289653245256 0.0
3.3086341836478446 0.0
3.3095396497001097 0.0
3.3104453635491176 0.0
3.311351325262681 0.0
3.3122575349086336 0.0
3.3131639925548253 0.0
3.314070698269127 0.0
3.3149776521194263 0.0
3.315884854173629 0.0
3.3167923044996623 0.0
3.317700003165469 0.0
3.318607950239012 0.0
3.319516145788273 0.0
3.3204245898812506 0.0
3.321333282585963 0.0
3.3222422239704485 0.0
3.323151414102762 0.0
3.324060853050978 0.0
3.3249705408831893 0.0
3.325880477667507 0.0
3.3267906634720616 0.0
3.3277010983650017 0.0
3.328611782414495 0.0
3.329522715688727 0.0
3.3304338982559027 0.0
3.3313453301842464 0.0
3.3322570115419996 0.0
3.333168942397422 0.0
3.334081122818794 0.0
3.3349935528744137 0.0
3.335906232632598 0.0
3.3368191621616825 0.0
3.337732341530021 0.0
3.3386457708059862 0.0
3.33955945005797 0.0
3.3404733793543833 0.0
3.341387558763655 0.0
3.3423019883542318 0.0
3.3432166681945814 0.0
3.3441315983531883 0.0
3.345046778898557 0.0
3.3459622098992106 0.0
3.3468778914236896 0.0
3.3477938235405555 0.0
3.3487100063183863 0.0
3.34962643982578 0.0
3.350543124131353 0.0
3.351460059303741 0.0
3.352377245411598 0.0
3.3532946825235967 0.0
3.3542123707084297 0.0
3.3551303100348067 0.0
3.356048500571457 0.0
3.356966942387129 0.0
3.3578856355505895 0.0
3.3588045801306246 0.0
3.359723776196038 0.0
3.3606432238156536 0.0
3.361562923058314 0.0
3.36248287399288 0.0
3.3634030766882312 0.0
3.364323531213267 0.0
3.3652442376369045 0.0
3.3661651960280805 0.0
3.3670864064557504 0.0
3.3680078689888875 0.0
3.3689295836964863 0.0
3.3698515506475584 0.0
3.3707737699111346 0.0
3.371696241556264 0.0
3.3726189656520154 0.0
3.3735419422674773 0.0
3.3744651714717557 0.0
3.3753886533339754 0.0
3.3763123879232815 0.0
3.377236375308837 0.0
3.378160615559824 0.0
3.3790851087454428 0.0
3.3800098549349147 0.0
3.380934854197478 0.0
3.3818601066023906 0.0
3.38278561221893 0.0
3.3837113711163913 0.0
3.3846373833640895 0.0
3.385563649031358 0.0
3.38649016818755 0.0
3.387416940902037 0.0
3.3883439672442104 0.0
3.389271247283479 0.0
3.3901987810892713 0.0
3.391126568731036 0.0
3.3920546102782394 0.0
3.392982905800366 0.0
3.3939114553669225 0.0
3.3948402590474314 0.0
3.3957693169114354 0.0
3.396698629028497 0.0
3.3976281954681964 0.0
3.3985580163001345 0.0
3.3994880915939287 0.0
3.400418421419218 0.0
3.401349005845659 0.0
3.4022798449429272 0.0
3.4032109387807195 0.0
3.4041422874287486 0.0
3.405073890956749 0.0
3.406005749434472 0.0
3.4069378629316898 0.0
3.4078702315181926 0.0
3.40880285526379 0.0
3.4097357342383114 0.0
3.4106688685116042 0.0
3.4116022581535352 0.0
3.412535903233991 0.0
3.413469803822876 0.0
3.414403959990116 0.0
3.415338371805653 0.0
3.416273039339451 0.0
3.4172079626614913 0.0
3.4181431418417745 0.0
3.419078576950321 0.0
3.4200142680571703 0.0
3.4209502152323807 0.0
3.4218864185460296 0.0
3.4228228780682137 0.0
3.4237595938690495 0.0
3.424696566018672 0.0
3.4256337945872355 0.0
3.426571279644913 0.0
3.4275090212618986 0.0
3.4284470195084027 0.0
3.4293852744546576 0.0
3.4303237861709133 0.0
3.4312625547274394 0.0
3.4322015801945245 0.0
3.4331408626424778 0.0
3.434080402141626 0.0
3.4350201987623152 0.0
3.4359602525749118 0.0
3.4369005636498002 0.0
3.437841132057386 0.0
3.438781957868092 0.0
3.4397230411523614 0.0
3.440664381980656 0.0
3.441605980423457 0.0
3.442547836551266 0.0
3.443489950434603 0.0
3.4444323221440065 0.0
3.4453749517500363 0.0
3.446317839323269 0.0
3.447260984934303 0.0
3.448204388653754 0.0
3.4491480505522585 0.0
3.4500919707004725 0.0
3.4510361491690684 0.0
3.4519805860287422 0.0
3.4529252813502067 0.0
3.4538702352041937 0.0
3.4548154476614554 0.0
3.4557609187927643 0.0
3.45670664866891 0.0
3.457652637360703 0.0
3.458598884938972 0.0
3.459545391474567 0.0
3.4604921570383556 0.0
3.461439181701226 0.0
3.4623864655340837 0.0
3.4633340086078572 0.0
3.4642818109934908 0.0
3.4652298727619506 0.0
3.4661781939842204 0.0
3.4671267747313053 0.0
3.4680756150742287 0.0
3.469024715084033 0.0
3.4699740748317813 0.0
3.4709236943885546 0.0
3.471873573825455 0.0
3.472823713213603 0.0
3.4737741126241386 0.0
3.474724772128222 0.0
3.475675691797032 0.0
3.476626871701767 0.0
3.4775783119136463 0.0
3.478530012503906 0.0
3.4794819735438045 0.0
3.480434195104618 0.0
3.4813866772576425 0.0
3.4823394200741937 0.0
3.483292423625606 0.0
3.484245687983236 0.0
3.485199213218456 0.0
3.4861529994026617 0.0
3.4871070466072642 0.0
3.4880613549036976 0.0
3.489015924363414 0.0
3.4899707550578856 0.0
3.490925847058604 0.0
3.4918812004370796 0.0
3.492836815264843 0.0
3.4937926916134447 0.0
3.494748829554455 0.0
3.495705229159463 0.0
3.4966618905000773 0.0
3.4976188136479265 0.0
3.498575998674659 0.0
3.4995334456519425 0.0
3.5004911546514643 0.0
3.5014491257449314 0.0
3.502407359004071 0.0
3.503365854500629 0.0
3.5043246123063705 0.0
3.5052836324930814 0.0
3.506242915132568 0.0
3.5072024602966536 0.0
3.5081622680571836 0.0
3.5091223384860224 0.0
3.510082671655053 0.0
3.511043267636179 0.0
3.512004126501324 0.0
3.5129652483224305 0.0
3.5139266331714616 0.0
3.5148882811203985 0.0
3.5158501922412437 0.0
3.516812366606019 0.0
3.517774804286766 0.0
3.5187375053555447 0.0
3.5197004698844365 0.0
3.5206636979455426 0.0
3.521627189610982 0.0
3.5225909449528956 0.0
3.5235549640434423 0.0
3.524519246954802 0.0
3.5254837937591743 0.0
3.5264486045287775 0.0
3.527413679335851 0.0
3.528379018252652 0.0
3.52934462135146 0.0
3.5303104887045733 0.0
3.531276620384309 0.0
3.5322430164630054 0.0
3.533209677013019 0.0
3.5341766021067276 0.0
3.5351437918165276 0.0
3.536111246214837 0.0
3.537078965374092 0.0
3.5380469493667484 0.0
3.539015198265284 0.0
3.539983712142194 0.0
3.540952491069994 0.0
3.5419215351212205 0.0
3.542890844368429 0.0
3.5438604188841953 0.0
3.5448302587411145 0.0
3.545800364011802 0.0
3.5467707347688924 0.0
3.5477413710850416 0.0
3.548712273032925 0.0
3.549683440685236 0.0
3.5506548741146897 0.0
3.551626573394021 0.0
3.552598538595984 0.0
3.553570769793354 0.0
3.554543267058924 0.0
3.55551603046551 0.0
3.5564890600859447 0.0
3.5574623559930827 0.0
3.558435918259798 0.0
3.5594097469589845 0.0
3.5603838421635565 0.0
3.5613582039464475 0.0
3.562332832380612 0.0
3.563307727539023 0.0
3.5642828894946743 0.0
3.56525831832058 0.0
3.5662340140897744 0.0
3.5672099768753105 0.0
3.568186206750262 0.0
3.5691627037877227 0.0
3.5701394680608067 0.0
3.571116499642647 0.0
3.5720937986063994 0.0
3.5730713650252346 0.0
3.5740491989723484 0.0
3.5750273005209543 0.0
3.5760056697442857 0.0
3.5769843067155973 0.0
3.577963211508162 0.0
3.578942384195275 0.0
3.579921824850249 0.0
3.5809015335464194 0.0
3.5818815103571398 0.0
3.5828617553557844 0.0
3.583842268615748 0.0
3.584823050210444 0.0
3.5858041002133083 0.0
3.586785418697795 0.0
3.5877670057373785 0.0
3.588748861405554 0.0
3.5897309857758355 0.0
3.59071337892176 0.0
3.5916960409168803 0.0
3.5926789718347742 0.0
3.5936621717490356 0.0
3.5946456407332796 0.0
3.595629378861144 0.0
3.596613386206283 0.0
3.5975976628423725 0.0
3.59858220884311 0.0
3.5995670242822113 0.0
3.600552109233412 0.0
3.6015374637704705 0.0
3.602523087967163 0.0
3.6035089818972863 0.0
3.604495145634658 0.0
3.6054815792531154 0.0
3.6064682828265164 0.0
3.6074552564287385 0.0
3.6084425001336804 0.0
3.609430014015261 0.0
3.6104177981474175 0.0
3.61140585260411 0.0
3.6123941774593167 0.0
3.613382772787037 0.0
3.614371638661291 0.0
3.615360775156118 0.0
3.6163501823455793 0.0
3.617339860303753 0.0
3.6183298091047416 0.0
3.6193200288226652 0.0
3.6203105195316656 0.0
3.621301281305903 0.0
3.6222923142195604 0.0
3.62328361834684 0.0
3.6242751937619637 0.0
3.625267040539174 0.0
3.6262591587527346 0.0
3.627251548476928 0.0
3.6282442097860583 0.0
3.629237142754449 0.0
3.630230347456446 0.0
3.631223823966412 0.0
3.6322175723587327 0.0
3.633211592707815 0.0
3.6342058850880825 0.0
3.6352004495739827 0.0
3.636195286239981 0.0
3.637190395160565 0.0
3.638185776410242 0.0
3.6391814300635397 0.0
3.6401773561950064 0.0
3.6411735548792095 0.0
3.6421700261907386 0.0
3.643166770204203 0.0
3.6441637869942323 0.0
3.645161076635476 0.0
3.6461586392026053 0.0
3.647156474770312 0.0
3.648154583413306 0.0
3.64915296520632 0.0
3.650151620224106 0.0
3.6511505485414366 0.0
3.652149750233106 0.0
3.6531492253739266 0.0
3.6541489740387334 0.0
3.6551489963023807 0.0
3.6561492922397436 0.0
3.657149861925719 0.0
3.658150705435221 0.0
3.659151822843187 0.0
3.6601532142245747 0.0
3.6611548796543616 0.0
3.662156819207545 0.0
3.663159032959145 0.0
3.6641615209842 0.0
3.6651642833577696 0.0
3.6661673201549343 0.0
3.6671706314507952 0.0
3.668174217320473 0.0
3.6691780778391108 0.0
3.6701822130818704 0.0
3.671186623123935 0.0
3.6721913080405084 0.0
3.673196267906815 0.0
3.6742015027980988 0.0
3.6752070127896257 0.0
3.676212797956682 0.0
3.677218858374574 0.0
3.67822519411863 0.0
3.6792318052641964 0.0
3.6802386918866423 0.0
3.6812458540613564 0.0
3.6822532918637494 0.0
3.6832610053692507 0.0
3.6842689946533116 0.0
3.6852772597914036 0.0
3.68628580085902 0.0
3.6872946179316726 0.0
3.6883037110848953 0.0
3.6893130803942427 0.0
3.6903227259352898 0.0
3.691332647783632 0.0
3.692342846014886 0.0
3.6933533207046887 0.0
3.694364071928697 0.0
3.6953750997625914 0.0
3.6963864042820695 0.0
3.6973979855628514 0.0
3.698409843680677 0.0
3.6994219787113094 0.0
3.7004343907305293 0.0
3.70144707981414 0.0
3.7024600460379657 0.0
3.7034732894778495 0.0
3.704486810209657 0.0
3.705500608309274 0.0
3.706514683852607 0.0
3.7075290369155836 0.0
3.708543667574152 0.0
3.70955857590428 0.0
3.710573761981959 0.0
3.7115892258831984 0.0
3.7126049676840305 0.0
3.713620987460506 0.0
3.714637285288699 0.0
3.7156538612447023 0.0
3.7166707154046312 0.0
3.7176878478446214 0.0
3.7187052586408287 0.0
3.71972294786943 0.0
3.7207409156066236 0.0
3.7217591619286274 0.0
3.722777686911682 0.0
3.723796490632048 0.0
3.7248155731660058 0.0
3.7258349345898587 0.0
3.72685457497993 0.0
3.7278744944125624 0.0
3.728894692964121 0.0
3.729915170710993 0.0
3.730935927729584 0.0
3.731956964096322 0.0
3.7329782798876554 0.0
3.7339998751800536 0.0
3.7350217500500067 0.0
3.736043904574027 0.0
3.7370663388286465 0.0
3.7380890528904174 0.0
3.7391120468359147 0.0
3.740135320741733 0.0
3.7411588746844897 0.0
3.74218270874082 0.0
3.743206822987383 0.0
3.7442312175008583 0.0
3.745255892357944 0.0
3.7462808476353624 0.0
3.747306083409855 0.0
3.7483315997581856 0.0
3.749357396757137 0.0
3.750383474483515 0.0
3.751409833014146 0.0
3.7524364724258756 0.0
3.7534633927955725 0.0
3.754490594200126 0.0
3.7555180767164464 0.0
3.756545840421465 0.0
3.7575738853921337 0.0
3.7586022117054254 0.0
3.7596308194383345 0.0
3.7606597086678772 0.0
3.7616888794710897 0.0
3.7627183319250292 0.0
3.7637480661067757 0.0
3.7647780820934273 0.0
3.7658083799621056 0.0
3.7668389597899523 0.0
3.767869821654131 0.0
3.7689009656318264 0.0
3.769932391800242 0.0
3.770964100236606 0.0
3.7719960910181647 0.0
3.7730283642221876 0.0
3.774060919925965 0.0
3.775093758206807 0.0
3.776126879142047 0.0
3.777160282809037 0.0
3.7781939692851516 0.0
3.7792279386477876 0.0
3.7802621909743612 0.0
3.7812967263423105 0.0
3.782331544829095 0.0
3.783366646512195 0.0
3.784402031469112 0.0
3.7854376997773684 0.0
3.78647365151451 0.0
3.7875098867581 0.0
3.788546405585726 0.0
3.789583208074996 0.0
3.7906202943035394 0.0
3.791657664349005 0.0
3.7926953182890655 0.0
3.793733256201413 0.0
3.794771478163762 0.0
3.7958099842538466 0.0
3.7968487745494253 0.0
3.797887849128274 0.0
3.7989272080681933 0.0
3.799966851447003 0.0
3.8010067793425453 0.0
3.8020469918326825 0.0
3.803087488995299 0.0
3.8041282709083015 0.0
3.805169337649615 0.0
3.80621068929719 0.0
3.807252325928994 0.0
3.80829424762302 0.0
3.809336454457279 0.0
3.810378946509805 0.0
3.8114217238586523 0.0
3.8124647865818986 0.0
3.8135081347576407 0.0
3.814551768463998 0.0
3.8155956877791115 0.0
3.816639892781142 0.0
3.817684383548273 0.0
3.8187291601587106 0.0
3.8197742226906786 0.0
3.820819571222425 0.0
3.8218652058322204 0.0
3.8229111265983535 0.0
3.823957333599137 0.0
3.825003826912903 0.0
3.826050606618007 0.0
3.8270976727928243 0.0
3.8281450255157528 0.0
3.8291926648652113 0.0
3.83024059091964 0.0
3.8312888037575017 0.0
3.8323373034572787 0.0
3.833386090097477 0.0
3.834435163756621 0.0
3.83548452451326 0.0
3.8365341724459627 0.0
3.8375841076333206 0.0
3.838634330153945 0.0
3.8396848400864703 0.0
3.8407356375095523 0.0
3.8417867225018667 0.0
3.8428380951421124 0.0
3.84388975550901 0.0
3.8449417036813 0.0
3.845993939737745 0.0
3.847046463757131 0.0
3.8480992758182637 0.0
3.8491523759999704 0.0
3.8502057643811005 0.0
3.8512594410405256 0.0
3.852313406057137 0.0
3.853367659509849 0.0
3.854422201477597 0.0
3.855477032039339 0.0
3.8565321512740534 0.0
3.8575875592607405 0.0
3.858643256078423 0.0
3.8596992418061444 0.0
3.8607555165229694 0.0
3.861812080307985 0.0
3.862868933240301 0.0
3.8639260753990454 0.0
3.8649835068633727 0.0
3.866041227712455 0.0
3.867099238025488 0.0
3.868157537881688 0.0
3.8692161273602945 0.0
3.8702750065405667 0.0
3.8713341755017874 0.0
3.8723936343232603 0.0
3.8734533830843105 0.0
3.8745134218642847 0.0
3.875573750742552 0.0
3.876634369798503 0.0
3.8776952791115504 0.0
3.8787564787611277 0.0
3.87981796882669 0.0
3.8808797493877156 0.0
3.8819418205237035 0.0
3.883004182314174 0.0
3.8840668348386718 0.0
3.8851297781767586 0.0
3.8861930124080226 0.0
3.8872565376120716 0.0
3.8883203538685347 0.0
3.889384461257064 0.0
3.890448859857333 0.0
3.891513549749037 0.0
3.8925785310118926 0.0
3.893643803725639 0.0
3.8947093679700364 0.0
3.895775223824868 0.0
3.8968413713699377 0.0
3.897907810685072 0.0
3.8989745418501194 0.0
3.9000415649449476 0.0
3.9011088800494504 0.0
3.902176487243541 0.0
3.9032443866071542 0.0
3.904312578220248 0.0
3.9053810621628013 0.0
3.906449838514816 0.0
3.907518907356314 0.0
3.908588268767341 0.0
3.9096579228279627 0.0
3.9107278696182686 0.0
3.91179810921837 0.0
3.912868641708398 0.0
3.9139394671685084 0.0
3.9150105856788766 0.0
3.9160819973197016 0.0
3.917153702171204 0.0
3.9182257003136254 0.0
3.91929799182723 0.0
3.9203705767923043 0.0
3.921443455289156 0.0
3.9225166273981165 0.0
3.9235900931995364 0.0
3.924663852773791 0.0
3.9257379062012756 0.0
3.9268122535624084 0.0
3.92788689493763 0.0
3.9289618304074025 0.0
3.93003706005221 0.0
3.931112583952558 0.0
3.9321884021889755 0.0
3.9332645148420124 0.0
3.9343409219922414 0.0
3.935417623720256 0.0
3.9364946201066733 0.0
3.937571911232132 0.0
3.938649497177292 0.0
3.9397273780228357 0.0
3.9408055538494686 0.0
3.9418840247379174 0.0
3.942962790768931 0.0
3.944041852023279 0.0
3.9451212085817557 0.0
3.946200860525176 0.0
3.9472808079343777 0.0
3.9483610508902194 0.0
3.949441589473583 0.0
3.9505224237653733 0.0
3.951603553846514 0.0
3.9526849797979544 0.0
3.9537667017006646 0.0
3.9548487196356357 0.0
3.9559310336838838 0.0
3.9570136439264445 0.0
3.9580965504443775 0.0
3.9591797533187627 0.0
3.9602632526307033 0.0
3.9613470484613256 0.0
3.962431140891776 0.0
3.963515530003226 0.0
3.9646002158768656 0.0
3.96568519859391 0.0
3.9667704782355955 0.0
3.967856054883181 0.0
3.968941928617948 0.0
3.9700280995211976 0.0
3.971114567674257 0.0
3.9722013331584725 0.0
3.9732883960552154 0.0
3.974375756445877 0.0
3.9754634144118723 0.0
3.976551370034638 0.0
3.9776396233956324 0.0
3.978728174576337 0.0
3.9798170236582564 0.0
3.980906170722915 0.0
3.9819956158518623 0.0
3.983085359126668 0.0
3.984175400628926 0.0
3.9852657404402505 0.0
3.9863563786422795 0.0
3.9874473153166727 0.0
3.9885385505451123 0.0
3.9896300844093036 0.0
3.990721916990972 0.0
3.991814048371868 0.0
3.992906478633763 0.0
3.993999207858451 0.0
3.995092236127748 0.0
3.9961855635234937 0.0
3.997279190127549 0.0
3.9983731160217975 0.0
3.999467341288145 0.0
4.000561866008519 0.0
4.001656690264873 0.0
4.002751814139179 0.0
4.003847237713432 0.0
4.00494296106965 0.0
4.006038984289876 0.0
4.00713530745617 0.0
4.008231930650618 0.0
4.009328853955331 0.0
4.010426077452437 0.0
4.011523601224089 0.0
4.012621425352462 0.0
4.013719549919755 0.0
4.014817975008189 0.0
4.0159167007000045 0.0
4.017015727077469 0.0
4.01811505422287 0.0
4.019214682218517 0.0
4.020314611146745 0.0
4.021414841089907 0.0
4.022515372130382 0.0
4.023616204350572 0.0
4.024717337832898 0.0
4.025818772659807 0.0
4.026920508913768 0.0
4.028022546677269 0.0
4.029124886032827 0.0
4.030227527062975 0.0
4.031330469850273 0.0
4.0324337144773015 0.0
4.033537261026664 0.0
4.034641109580988 0.0
4.035745260222923 0.0
4.036849713035139 0.0
4.03795446810033 0.0
4.039059525501214 0.0
4.0401648853205305 0.0
4.041270547641041 0.0
4.04237651254553 0.0
4.043482780116806 0.0
4.044589350437699 0.0
4.045696223591062 0.0
4.046803399659768 0.0
4.047910878726718 0.0
4.049018660874831 0.0
4.050126746187051 0.0
4.051235134746346 0.0
4.052343826635703 0.0
4.053452821938133 0.0
4.054562120736671 0.0
4.055671723114376 0.0
4.056781629154324 0.0
4.0578918389396215 0.0
4.0590023525533905 0.0
4.0601131700787825 0.0
4.061224291598965 0.0
4.062335717197131 0.0
4.063447446956501 0.0
4.064559480960311 0.0
4.065671819291824 0.0
4.066784462034322 0.0
4.067897409271116 0.0
4.069010661085534 0.0
4.070124217560931 0.0
4.071238078780682 0.0
4.072352244828184 0.0
4.07346671578686 0.0
4.074581491740155 0.0
4.075696572771534 0.0
4.076811958964488 0.0
4.077927650402531 0.0
4.079043647169199 0.0
4.080159949348047 0.0
4.08127655702266 0.0
4.082393470276641 0.0
4.083510689193618 0.0
4.084628213857239 0.0
4.085746044351179 0.0
4.086864180759132 0.0
4.0879826231648195 0.0
4.0891013716519815 0.0
4.090220426304382 0.0
4.0913397872058095 0.0
4.092459454440074 0.0
4.093579428091009 0.0
4.09469970824247 0.0
4.095820294978338 0.0
4.096941188382514 0.0
4.098062388538924 0.0
4.099183895531516 0.0
4.100305709444259 0.0
4.10142783036115 0.0
4.102550258366206 0.0
4.103672993543464 0.0
4.104796035976991 0.0
4.1059193857508705 0.0
4.107043042949212 0.0
4.1081670076561485 0.0
4.109291279955835 0.0
4.1104158599324485 0.0
4.111540747670191 0.0
4.112665943253287 0.0
4.113791446765984 0.0
4.114917258292552 0.0
4.1160433779172845 0.0
4.117169805724497 0.0
4.11829654179853 0.0
4.119423586223746 0.0
4.1205509390845325 0.0
4.1216786004652946 0.0
4.122806570450466 0.0
4.123934849124504 0.0
4.125063436571884 0.0
4.126192332877109 0.0
4.127321538124701 0.0
4.128451052399209 0.0
4.129580875785203 0.0
4.130711008367278 0.0
4.13184145023005 0.0
4.132972201458161 0.0
4.134103262136271 0.0
4.13523463234907 0.0
4.136366312181265 0.0
4.137498301717589 0.0
4.138630601042798 0.0
4.139763210241673 0.0
4.140896129399016 0.0
4.14202935859965 0.0
4.143162897928427 0.0
4.144296747470216 0.0
4.145430907309915 0.0
4.146565377532442 0.0
4.147700158222737 0.0
4.148835249465766 0.0
4.149970651346518 0.0
4.151106363950003 0.0
4.152242387361258 0.0
4.153378721665339 0.0
4.154515366947328 0.0
4.155652323292328 0.0
4.15678959078547 0.0
4.157927169511902 0.0
4.159065059556802 0.0
4.160203261005364 0.0
4.161341773942812 0.0
4.162480598454389 0.0
4.163619734625362 0.0
4.164759182541024 0.0
4.165898942286689 0.0
4.167039013947694 0.0
4.168179397609401 0.0
4.169320093357193 0.0
4.170461101276478 0.0
4.171602421452691 0.0
4.1727440539712815 0.0
4.173885998917729 0.0
4.175028256377537 0.0
4.176170826436229 0.0
4.1773137091793515 0.0
4.178456904692479 0.0
4.1796004130612046 0.0
4.180744234371147 0.0
4.181888368707949 0.0
4.183032816157276 0.0
4.184177576804815 0.0
4.185322650736278 0.0
4.186468038037404 0.0
4.187613738793949 0.0
4.188759753091698 0.0
4.189906081016455 0.0
4.1910527226540495 0.0
4.1921996780903354 0.0
4.1933469474111895 0.0
4.194494530702512 0.0
4.195642428050226 0.0
4.1967906395402785 0.0
4.1979391652586395 0.0
4.199088005291305 0.0
4.20023715972429 0.0
4.201386628643637 0.0
4.202536412135411 0.0
4.203686510285701 0.0
4.204836923180617 0.0
4.205987650906296 0.0
4.207138693548896 0.0
4.2082900511946 0.0
4.209441723929614 0.0
4.210593711840168 0.0
4.211746015012515 0.0
4.212898633532933 0.0
4.21405156748772 0.0
4.215204816963205 0.0
4.21635838204573 0.0
4.217512262821669 0.0
4.218666459377417 0.0
4.219820971799393 0.0
4.22097580017404 0.0
4.222130944587823 0.0
4.223286405127231 0.0
4.224442181878779 0.0
4.225598274929004 0.0
4.226754684364465 0.0
4.227911410271748 0.0
4.229068452737459 0.0
4.230225811848232 0.0
4.231383487690723 0.0
4.232541480351608 0.0
4.233699789917592 0.0
4.234858416475403 0.0
4.23601736011179 0.0
4.237176620913526 0.0
4.23833619896741 0.0
4.239496094360264 0.0
4.240656307178934 0.0
4.241816837510287 0.0
4.242977685441218 0.0
4.244138851058642 0.0
4.245300334449501 0.0
4.246462135700758 0.0
4.247624254899403 0.0
4.248786692132445 0.0
4.249949447486922 0.0
4.251112521049894 0.0
4.252275912908442 0.0
4.253439623149674 0.0
4.254603651860723 0.0
4.255767999128743 0.0
4.25693266504091 0.0
4.25809764968443 0.0
4.2592629531465285 0.0
4.260428575514455 0.0
4.261594516875484 0.0
4.262760777316914 0.0
4.263927356926066 0.0
4.265094255790288 0.0
4.2662614739969476 0.0
4.267429011633439 0.0
4.268596868787181 0.0
4.269765045545613 0.0
4.270933541996204 0.0
4.272102358226439 0.0
4.273271494323833 0.0
4.274440950375925 0.0
4.2756107264702745 0.0
4.276780822694466 0.0
4.277951239136112 0.0
4.279121975882842 0.0
4.280293033022315 0.0
4.2814644106422115 0.0
4.2826361088302365 0.0
4.283808127674121 0.0
4.284980467261614 0.0
4.286153127680497 0.0
4.2873261090185695 0.0
4.288499411363656 0.0
4.289673034803606 0.0
4.290846979426293 0.0
4.292021245319615 0.0
4.2931958325714925 0.0
4.294370741269871 0.0
4.295545971502721 0.0
4.296721523358035 0.0
4.29789739692383 0.0
4.299073592288149 0.0
4.300250109539057 0.0
4.301426948764647 0.0
4.302604110053028 0.0
4.3037815934923405 0.0
4.304959399170748 0.0
4.3061375271764355 0.0
4.3073159775976135 0.0
4.3084947505225175 0.0
4.309673846039405 0.0
4.31085326423656 0.0
4.312033005202291 0.0
4.313213069024926 0.0
4.314393455792823 0.0
4.315574165594361 0.0
4.316755198517944 0.0
4.317936554651999 0.0
4.31911823408498 0.0
4.3203002369053625 0.0
4.321482563201647 0.0
4.322665213062358 0.0
4.323848186576046 0.0
4.3250314838312836 0.0
4.326215104916667 0.0
4.32739904992082 0.0
4.328583318932388 0.0
4.329767912040042 0.0
4.330952829332475 0.0
4.332138070898408 0.0
4.333323636826581 0.0
4.334509527205764 0.0
4.33569574212475 0.0
4.336882281672352 0.0
4.3380691459374106 0.0
4.339256335008792 0.0
4.340443848975385 0.0
4.341631687926102 0.0
4.342819851949882 0.0
4.344008341135686 0.0
4.3451971555724995 0.0
4.346386295349335 0.0
4.347575760555225 0.0
4.348765551279232 0.0
4.349955667610438 0.0
4.35114610963795 0.0
4.352336877450904 0.0
4.353527971138453 0.0
4.354719390789782 0.0
4.355911136494093 0.0
4.35710320834062 0.0
4.358295606418614 0.0
4.359488330817356 0.0
4.360681381626151 0.0
4.361874758934322 0.0
4.363068462831226 0.0
4.364262493406238 0.0
4.3654568507487586 0.0
4.366651534948213 0.0
4.367846546094054 0.0
4.369041884275754 0.0
4.3702375495828125 0.0
4.3714335421047545 0.0
4.372629861931127 0.0
4.3738265091515025 0.0
4.375023483855477 0.0
4.376220786132675 0.0
4.377418416072741 0.0
4.378616373765345 0.0
4.379814659300184 0.0
4.381013272766977 0.0
4.382212214255468 0.0
4.383411483855426 0.0
4.3846110816566455 0.0
4.385811007748943 0.0
4.3870112622221615 0.0
4.388211845166169 0.0
4.389412756670858 0.0
4.390613996826142 0.0
4.391815565721965 0.0
4.393017463448292 0.0
4.394219690095112 0.0
4.395422245752441 0.0
4.3966251305103174 0.0
4.397828344458807 0.0
4.399031887687999 0.0
4.400235760288004 0.0
4.401439962348961 0.0
4.402644493961034 0.0
4.403849355214412 0.0
4.4050545461993025 0.0
4.406260067005947 0.0
4.407465917724606 0.0
4.408672098445562 0.0
4.409878609259131 0.0
4.411085450255646 0.0
4.4122926215254665 0.0
4.41350012315898 0.0
4.414707955246595 0.0
4.415916117878746 0.0
4.417124611145893 0.0
4.41833343513852 0.0
4.419542589947136 0.0
4.420752075662273 0.0
4.421961892374491 0.0
4.423172040174373 0.0
4.424382519152528 0.0
4.425593329399586 0.0
4.426804471006207 0.0
4.428015944063073 0.0
4.42922774866089 0.0
4.43043988489039 0.0
4.431652352842331 0.0
4.432865152607496 0.0
4.434078284276689 0.0
4.435291747940742 0.0
4.436505543690511 0.0
4.437719671616877 0.0
4.438934131810749 0.0
4.4401489243630525 0.0
4.441364049364749 0.0
4.442579506906814 0.0
4.443795297080257 0.0
4.4450114199761055 0.0
4.446227875685416 0.0
4.447444664299271 0.0
4.448661785908772 0.0
4.44987924060505 0.0
4.4510970284792615 0.0
4.452315149622587 0.0
4.453533604126228 0.0
4.454752392081419 0.0
4.455971513579412 0.0
4.457190968711487 0.0
4.458410757568949 0.0
4.459630880243128 0.0
4.460851336825379 0.0
4.462072127407081 0.0
4.463293252079641 0.0
4.464514710934488 0.0
4.465736504063075 0.0
4.466958631556884 0.0
4.468181093507419 0.0
4.469403890006211 0.0
4.4706270211448125 0.0
4.471850487014806 0.0
4.473074287707797 0.0
4.474298423315413 0.0
4.475522893929311 0.0
4.476747699641173 0.0
4.4779728405427015 0.0
4.479198316725627 0.0
4.480424128281708 0.0
4.481650275302724 0.0
4.482876757880479 0.0
4.484103576106808 0.0
4.485330730073564 0.0
4.486558219872629 0.0
4.487786045595909 0.0
4.489014207335336 0.0
4.490242705182867 0.0
4.491471539230483 0.0
4.492700709570194 0.0
4.493930216294029 0.0
4.4951600594940455 0.0
4.496390239262329 0.0
4.497620755690984 0.0
4.498851608872146 0.0
4.500082798897971 0.0
4.501314325860644 0.0
4.502546189852374 0.0
4.503778390965396 0.0
4.505010929291966 0.0
4.50624380492437 0.0
4.507477017954917 0.0
4.5087105684759425 0.0
4.509944456579808 0.0
4.511178682358898 0.0
4.512413245905623 0.0
4.51364814731242 0.0
4.514883386671748 0.0
4.516118964076096 0.0
4.517354879617975 0.0
4.518591133389923 0.0
4.519827725484502 0.0
4.5210646559943 0.0
4.52230192501193 0.0
4.523539532630032 0.0
4.524777478941267 0.0
4.526015764038329 0.0
4.527254388013928 0.0
4.528493350960806 0.0
4.52973265297173 0.0
4.530972294139488 0.0
4.532212274556899 0.0
4.533452594316804 0.0
4.534693253512068 0.0
4.535934252235586 0.0
4.537175590580274 0.0
4.5384172686390745 0.0
4.53965928650496 0.0
4.540901644270922 0.0
4.54214434202998 0.0
4.543387379875181 0.0
4.5446307578995935 0.0
4.545874476196315 0.0
4.547118534858464 0.0
4.548362933979192 0.0
4.5496076736516695 0.0
4.550852753969094 0.0
4.55209817502469 0.0
4.5533439369117055 0.0
4.554590039723415 0.0
4.5558364835531195 0.0
4.557083268494143 0.0
4.558330394639839 0.0
4.559577862083581 0.0
4.560825670918774 0.0
4.562073821238846 0.0
4.563322313137248 0.0
4.5645711467074594 0.0
4.5658203220429865 0.0
4.567069839237359 0.0
4.56831969838413 0.0
4.569569899576884 0.0
4.570820442909227 0.0
4.57207132847479 0.0
4.573322556367232 0.0
4.574574126680239 0.0
4.575826039507517 0.0
4.577078294942803 0.0
4.5783308930798565 0.0
4.579583834012467 0.0
4.5808371178344425 0.0
4.582090744639623 0.0
4.583344714521871 0.0
4.584599027575075 0.0
4.585853683893152 0.0
4.587108683570042 0.0
4.588364026699709 0.0
4.5896197133761465 0.0
4.590875743693372 0.0
4.592132117745429 0.0
4.593388835626386 0.0
4.594645897430338 0.0
4.595903303251406 0.0
4.597161053183736 0.0
4.598419147321501 0.0
4.599677585758897 0.0
4.60093636859015 0.0
4.602195495909508 0.0
4.6034549678112455 0.0
4.604714784389666 0.0
4.605974945739094 0.0
4.607235451953883 0.0
4.608496303128412 0.0
4.609757499357084 0.0
4.61101904073433 0.0
4.612280927354607 0.0
4.613543159312396 0.0
4.614805736702204 0.0
4.6160686596185645 0.0
4.617331928156037 0.0
4.618595542409208 0.0
4.619859502472688 0.0
4.621123808441114 0.0
4.62238846040915 0.0
4.623653458471484 0.0
4.62491880272283 0.0
4.626184493257929 0.0
4.627450530171548 0.0
4.62871691355848 0.0
4.629983643513544 0.0
4.631250720131584 0.0
4.632518143507469 0.0
4.633785913736097 0.0
4.63505403091239 0.0
4.636322495131296 0.0
4.637591306487789 0.0
4.6388604650768706 0.0
4.640129970993567 0.0
4.64139982433293 0.0
4.6426700251900375 0.0
4.643940573659995 0.0
4.64521146983793 0.0
4.646482713819002 0.0
4.647754305698393 0.0
4.649026245571311 0.0
4.65029853353299 0.0
4.651571169678691 0.0
4.652844154103702 0.0
4.654117486903335 0.0
4.655391168172927 0.0
4.656665198007845 0.0
4.6579395765034795 0.0
4.659214303755247 0.0
4.660489379858593 0.0
4.661764804908984 0.0
4.663040579001917 0.0
4.664316702232913 0.0
4.665593174697522 0.0
4.6668699964913145 0.0
4.6681471677098925 0.0
4.669424688448882 0.0
4.670702558803936 0.0
4.671980778870732 0.0
4.673259348744976 0.0
4.674538268522397 0.0
4.675817538298754 0.0
4.677097158169829 0.0
4.678377128231434 0.0
4.679657448579404 0.0
4.680938119309598 0.0
4.6822191405179066 0.0
4.683500512300245 0.0
4.684782234752554 0.0
4.686064307970799 0.0
4.687346732050973 0.0
4.688629507089098 0.0
4.689912633181218 0.0
4.691196110423406 0.0
4.6924799389117595 0.0
4.693764118742404 0.0
4.69504865001149 0.0
4.696333532815196 0.0
4.697618767249724 0.0
4.6989043534113035 0.0
4.700190291396193 0.0
4.701476581300675 0.0
4.702763223221056 0.0
4.704050217253673 0.0
4.705337563494888 0.0
4.70662526204109 0.0
4.7079133129886905 0.0
4.709201716434132 0.0
4.710490472473882 0.0
4.711779581204436 0.0
4.71306904272231 0.0
4.7143588571240524 0.0
4.715649024506238 0.0
4.716939544965463 0.0
4.718230418598354 0.0
4.7195216455015645 0.0
4.720813225771772 0.0
4.722105159505681 0.0
4.723397446800026 0.0
4.724690087751561 0.0
4.725983082457073 0.0
4.727276431013374 0.0
4.728570133517299 0.0
4.729864190065713 0.0
4.731158600755506 0.0
4.732453365683597 0.0
4.733748484946927 0.0
4.735043958642468 0.0
4.736339786867216 0.0
4.737635969718193 0.0
4.73893250729245 0.0
4.740229399687063 0.0
4.7415266469991355 0.0
4.742824249325796 0.0
4.744122206764201 0.0
4.745420519411532 0.0
4.746719187365 0.0
4.748018210721839 0.0
4.749317589579313 0.0
4.75061732403471 0.0
4.751917414185346 0.0
4.753217860128562 0.0
4.75451866196173 0.0
4.755819819782243 0.0
4.7571213336875235 0.0
4.7584232037750205 0.0
4.759725430142209 0.0
4.761028012886593 0.0
4.7623309521057005 0.0
4.7636342478970874 0.0
4.764937900358333 0.0
4.766241909587052 0.0
4.767546275680876 0.0
4.768850998737467 0.0
4.770156078854516 0.0
4.771461516129739 0.0
4.772767310660878 0.0
4.774073462545703 0.0
4.775379971882009 0.0
4.776686838767619 0.0
4.777994063300383 0.0
4.779301645578178 0.0
4.780609585698906 0.0
4.781917883760499 0.0
4.783226539860912 0.0
4.784535554098129 0.0
4.785844926570162 0.0
4.787154657375046 0.0
4.788464746610845 0.0
4.789775194375653 0.0
4.791086000767585 0.0
4.792397165884786 0.0
4.793708689825428 0.0
4.795020572687711 0.0
4.7963328145698565 0.0
4.797645415570118 0.0
4.798958375786777 0.0
4.800271695318138 0.0
4.801585374262531 0.0
4.80289941271832 0.0
4.804213810783889 0.0
4.805528568557652 0.0
4.80684368613805 0.0
4.80815916362355 0.0
4.809475001112647 0.0
4.8107911987038605 0.0
4.812107756495742 0.0
4.813424674586864 0.0
4.814741953075829 0.0
4.816059592061267 0.0
4.817377591641835 0.0
4.818695951916214 0.0
4.820014672983117 0.0
4.8213337549412785 0.0
4.822653197889464 0.0
4.823973001926465 0.0
4.8252931671510995 0.0
4.826613693662214 0.0
4.827934581558679 0.0
4.829255830939394 0.0
4.830577441903286 0.0
4.831899414549311 0.0
4.833221748976447 0.0
4.8345444452837025 0.0
4.835867503570112 0.0
4.837190923934738 0.0
4.838514706476669 0.0
4.839838851295021 0.0
4.841163358488938 0.0
4.842488228157592 0.0
4.8438134604001775 0.0
4.84513905531592 0.0
4.846465013004074 0.0
4.847791333563915 0.0
4.849118017094752 0.0
4.850445063695917 0.0
4.851772473466771 0.0
4.853100246506702 0.0
4.854428382915124 0.0
4.855756882791479 0.0
4.857085746235239 0.0
4.858414973345899 0.0
4.859744564222981 0.0
4.8610745189660385 0.0
4.862404837674649 0.0
4.863735520448419 0.0
4.865066567386981 0.0
4.866397978589993 0.0
4.867729754157146 0.0
4.869061894188151 0.0
4.870394398782754 0.0
4.871727268040719 0.0
4.873060502061847 0.0
4.8743941009459615 0.0
4.875728064792911 0.0
4.877062393702577 0.0
4.878397087774863 0.0
4.879732147109703 0.0
4.881067571807058 0.0
4.882403361966915 0.0
4.883739517689291 0.0
4.885076039074226 0.0
4.886412926221793 0.0
4.887750179232087 0.0
4.889087798205233 0.0
4.890425783241385 0.0
4.891764134440721 0.0
4.893102851903448 0.0
4.894441935729801 0.0
4.895781386020042 0.0
4.89712120287446 0.0
4.898461386393372 0.0
4.89980193667712 0.0
4.901142853826079 0.0
4.902484137940648 0.0
4.903825789121251 0.0
4.905167807468343 0.0
4.906510193082406 0.0
4.90785294606395 0.0
4.909196066513511 0.0
4.910539554531652 0.0
4.911883410218966 0.0
4.913227633676071 0.0
4.914572225003614 0.0
4.91591718430227 0.0
4.917262511672739 0.0
4.918608207215753 0.0
4.919954271032067 0.0
4.921300703222466 0.0
4.922647503887763 0.0
4.923994673128795 0.0
4.925342211046431 0.0
4.9266901177415665 0.0
4.9280383933151235 0.0
4.92938703786805 0.0
4.930736051501327 0.0
4.932085434315959 0.0
4.933435186412977 0.0
4.934785307893444 0.0
4.936135798858446 0.0
4.937486659409101 0.0
4.938837889646552 0.0
4.940189489671971 0.0
4.9415414595865546 0.0
4.942893799491532 0.0
4.944246509488156 0.0
4.945599589677709 0.0
4.946953040161501 0.0
4.948306861040871 0.0
4.9496610524171825 0.0
4.951015614391829 0.0
4.952370547066231 0.0
4.9537258505418365 0.0
4.955081524920124 0.0
4.956437570302596 0.0
4.957793986790783 0.0
4.959150774486247 0.0
4.960507933490575 0.0
4.961865463905381 0.0
4.963223365832309 0.0
4.964581639373029 0.0
4.965940284629241 0.0
4.967299301702669 0.0
4.9686586906950705 0.0
4.970018451708227 0.0
4.971378584843947 0.0
4.972739090204069 0.0
4.974099967890458 0.0
4.975461218005011 0.0
4.976822840649644 0.0
4.978184835926311 0.0
4.979547203936988 0.0
4.980909944783679 0.0
4.98227305856842 0.0
4.98363654539327 0.0
4.985000405360317 0.0
4.98636463857168 0.0
4.987729245129503 0.0
4.989094225135959 0.0
4.990459578693249 0.0
4.9918253059036015 0.0
4.993191406869274 0.0
4.994557881692549 0.0
4.995924730475741 0.0
4.997291953321191 0.0
4.998659550331267 0.0
5.000027521608365 0.0
5.001395867254912 0.0
5.002764587373359 0.0
5.004133682066187 0.0
5.005503151435905 0.0
5.00687299558505 0.0
5.008243214616188 0.0
5.0096138086319115 0.0
5.010984777734841 0.0
5.012356122027626 0.0
5.013727841612942 0.0
5.015099936593498 0.0
5.016472407072026 0.0
5.017845253151288 0.0
5.019218474934071 0.0
5.020592072523195 0.0
5.021966046021509 0.0
5.023340395531882 0.0
5.02471512115722 0.0
5.026090223000452 0.0
5.027465701164536 0.0
5.028841555752459 0.0
5.030217786867238 0.0
5.031594394611914 0.0
5.03297137908956 0.0
5.034348740403273 0.0
5.035726478656185 0.0
5.037104593951448 0.0
5.038483086392249 0.0
5.039861956081799 0.0
5.04124120312334 0.0
5.042620827620139 0.0
5.044000829675496 0.0
5.045381209392735 0.0
5.046761966875209 0.0
5.048143102226302 0.0
5.049524615549424 0.0
5.050906506948012 0.0
5.052288776525534 0.0
5.053671424385486 0.0
5.055054450631392 0.0
5.056437855366803 0.0
5.057821638695299 0.0
5.059205800720489 0.0
5.060590341546011 0.0
5.0619752612755295 0.0
5.063360560012738 0.0
5.064746237861359 0.0
5.066132294925143 0.0
5.067518731307869 0.0
5.068905547113344 0.0
5.070292742445405 0.0
5.071680317407914 0.0
5.073068272104765 0.0
5.0744566066398775 0.0
5.075845321117203 0.0
5.077234415640719 0.0
5.078623890314432 0.0
5.080013745242375 0.0
5.081403980528612 0.0
5.082794596277236 0.0
5.084185592592366 0.0
5.085576969578151 0.0
5.086968727338768 0.0
5.088360865978424 0.0
5.089753385601352 0.0
5.091146286311814 0.0
5.092539568214105 0.0
5.0939332314125405 0.0
5.09532727601147 0.0
5.096721702115271 0.0
5.098116509828351 0.0
5.099511699255142 0.0
5.100907270500107 0.0
5.102303223667737 0.0
5.1036995588625516 0.0
5.105096276189101 0.0
5.10649337575196 0.0
5.107890857655736 0.0
5.109288722005061 0.0
5.110686968904602 0.0
5.112085598459048 0.0
5.113484610773119 0.0
5.114884005951565 0.0
5.116283784099162 0.0
5.117683945320717 0.0
5.119084489721066 0.0
5.120485417405073 0.0
5.121886728477628 0.0
5.123288423043654 0.0
5.124690501208098 0.0
5.126092963075943 0.0
5.127495808752193 0.0
5.128899038341883 0.0
5.13030265195008 0.0
5.131706649681878 0.0
5.133111031642397 0.0
5.134515797936789 0.0
5.135920948670234 0.0
5.137326483947939 0.0
5.138732403875144 0.0
5.140138708557112 0.0
5.14154539809914 0.0
5.1429524726065505 0.0
5.144359932184698 0.0
5.145767776938962 0.0
5.147176006974754 0.0
5.148584622397513 0.0
5.149993623312705 0.0
5.151403009825828 0.0
5.152812782042409 0.0
5.154222940068 0.0
5.155633484008188 0.0
5.157044413968581 0.0
5.158455730054824 0.0
5.159867432372585 0.0
5.161279521027564 0.0
5.162691996125487 0.0
5.164104857772114 0.0
5.16551810607323 0.0
5.166931741134648 0.0
5.168345763062213 0.0
5.169760171961799 0.0
5.171174967939304 0.0
5.172590151100663 0.0
5.174005721551834 0.0
5.175421679398804 0.0
5.176838024747593 0.0
5.178254757704247 0.0
5.179671878374842 0.0
5.181089386865482 0.0
5.182507283282301 0.0
5.183925567731462 0.0
5.185344240319157 0.0
5.186763301151607 0.0
5.188182750335061 0.0
5.1896025879758 0.0
5.191022814180131 0.0
5.192443429054391 0.0
5.193864432704947 0.0
5.195285825238194 0.0
5.196707606760556 0.0
5.1981297773784885 0.0
5.199552337198474 0.0
5.200975286327024 0.0
5.202398624870678 0.0
5.20382235293601 0.0
5.205246470629617 0.0
5.206670978058127 0.0
5.208095875328199 0.0
5.20952116254652 0.0
5.2109468398198056 0.0
5.212372907254802 0.0
5.213799364958284 0.0
5.215226213037054 0.0
5.2166534515979475 0.0
5.218081080747824 0.0
5.219509100593577 0.0
5.220937511242127 0.0
5.222366312800423 0.0
5.223795505375446 0.0
5.225225089074204 0.0
5.226655064003733 0.0
5.228085430271104 0.0
5.2295161879834104 0.0
5.230947337247778 0.0
5.232378878171363 0.0
5.233810810861351 0.0
5.235243135424954 0.0
5.236675851969415 0.0
5.238108960602008 0.0
5.239542461430034 0.0
5.2409763545608214 0.0
5.2424106401017365 0.0
5.243845318160165 0.0
5.245280388843528 0.0
5.246715852259274 0.0
5.2481517085148806 0.0
5.249587957717855 0.0
5.251024599975735 0.0
5.252461635396086 0.0
5.2538990640865055 0.0
5.255336886154618 0.0
5.256775101708078 0.0
5.25821371085457 0.0
5.259652713701808 0.0
5.2610921103575325 0.0
5.26253190092952 0.0
5.263972085525571 0.0
5.265412664253516 0.0
5.266853637221217 0.0
5.268295004536567 0.0
5.2697367663074814 0.0
5.271178922641914 0.0
5.272621473647842 0.0
5.274064419433275 0.0
5.275507760106251 0.0
5.276951495774838 0.0
5.278395626547134 0.0
5.279840152531265 0.0
5.281285073835388 0.0
5.282730390567691 0.0
5.284176102836389 0.0
5.285622210749725 0.0
5.287068714415978 0.0
5.288515613943449 0.0
5.289962909440476 0.0
5.291410601015421 0.0
5.292858688776678 0.0
5.294307172832671 0.0
5.295756053291852 0.0
5.297205330262704 0.0
5.298655003853739 0.0
5.3001050741735005 0.0
5.3015555413305595 0.0
5.303006405433518 0.0
5.304457666591007 0.0
5.305909324911686 0.0
5.307361380504248 0.0
5.308813833477412 0.0
5.310266683939927 0.0
5.311719932000576 0.0
5.313173577768168 0.0
5.3146276213515415 0.0
5.316082062859565 0.0
5.31753690240114 0.0
5.318992140085195 0.0
5.320447776020686 0.0
5.321903810316604 0.0
5.323360243081967 0.0
5.324817074425822 0.0
5.3262743044572485 0.0
5.327731933285355 0.0
5.329189961019276 0.0
5.330648387768182 0.0
5.33210721364127 0.0
5.333566438747766 0.0
5.3350260631969295 0.0
5.336486087098045 0.0
5.337946510560433 0.0
5.339407333693437 0.0
5.340868556606435 0.0
5.342330179408835 0.0
5.343792202210073 0.0
5.345254625119615 0.0
5.346717448246959 0.0
5.348180671701631 0.0
5.349644295593188 0.0
5.351108320031216 0.0
5.352572745125331 0.0
5.354037570985181 0.0
5.355502797720442 0.0
5.356968425440822 0.0
5.358434454256056 0.0
5.359900884275911 0.0
5.361367715610182 0.0
5.3628349483686995 0.0
5.364302582661318 0.0
5.365770618597924 0.0
5.367239056288437 0.0
5.3687078958428 0.0
5.370177137370993 0.0
5.371646780983022 0.0
5.373116826788927 0.0
5.374587274898772 0.0
5.376058125422656 0.0
5.377529378470706 0.0
5.379001034153081 0.0
5.380473092579968 0.0
5.381945553861586 0.0
5.3834184181081834 0.0
5.384891685430038 0.0
5.386365355937457 0.0
5.387839429740781 0.0
5.389313906950379 0.0
5.390788787676652 0.0
5.3922640720300254 0.0
5.393739760120962 0.0
5.39521585205995 0.0
5.396692347957511 0.0
5.398169247924194 0.0
5.39964655207058 0.0
5.401124260507281 0.0
5.402602373344937 0.0
5.404080890694219 0.0
5.40555981266583 0.0
5.407039139370502 0.0
5.408518870918996 0.0
5.4099990074221065 0.0
5.411479548990654 0.0
5.4129604957354935 0.0
5.41444184776751 0.0
5.415923605197614 0.0
5.417405768136753 0.0
5.4188883366959 0.0
5.420371310986059 0.0
5.421854691118269 0.0
5.423338477203593 0.0
5.424822669353127 0.0
5.426307267678 0.0
5.427792272289366 0.0
5.429277683298416 0.0
5.430763500816365 0.0
5.432249724954463 0.0
5.433736355823987 0.0
5.435223393536248 0.0
5.436710838202584 0.0
5.438198689934367 0.0
5.439686948842997 0.0
5.441175615039905 0.0
5.442664688636551 0.0
5.444154169744429 0.0
5.445644058475063 0.0
5.447134354940002 0.0
5.448625059250833 0.0
5.45011617151917 0.0
5.451607691856656 0.0
5.453099620374967 0.0
5.45459195718581 0.0
5.456084702400922 0.0
5.457577856132066 0.0
5.459071418491044 0.0
5.460565389589682 0.0
5.46205976953984 0.0
5.463554558453406 0.0
5.465049756442301 0.0
5.466545363618476 0.0
5.468041380093911 0.0
5.46953780598062 0.0
5.471034641390643 0.0
5.472531886436055 0.0
5.474029541228959 0.0
5.47552760588149 0.0
5.477026080505815 0.0
5.4785249652141275 0.0
5.480024260118656 0.0
5.481523965331656 0.0
5.483024080965416 0.0
5.484524607132258 0.0
5.486025543944528 0.0
5.487526891514609 0.0
5.489028649954909 0.0
5.490530819377872 0.0
5.492033399895971 0.0
5.493536391621708 0.0
5.495039794667617 0.0
5.496543609146266 0.0
5.498047835170247 0.0
5.499552472852189 0.0
5.50105752230475 0.0
5.502562983640615 0.0
5.504068856972507 0.0
5.505575142413173 0.0
5.507081840075395 0.0
5.508588950071985 0.0
5.5100964725157855 0.0
5.511604407519671 0.0
5.513112755196543 0.0
5.5146215156593374 0.0
5.516130689021024 0.0
5.517640275394596 0.0
5.5191502748930805 0.0
5.52066068762954 0.0
5.522171513717064 0.0
5.523682753268771 0.0
5.525194406397813 0.0
5.526706473217375 0.0
5.5282189538406685 0.0
5.529731848380939 0.0
5.531245156951461 0.0
5.532758879665543 0.0
5.534273016636523 0.0
5.535787567977768 0.0
5.537302533802679 0.0
5.538817914224685 0.0
5.54033370935725 0.0
5.541849919313866 0.0
5.543366544208056 0.0
5.544883584153375 0.0
5.54640103926341 0.0
5.547918909651779 0.0
5.549437195432128 0.0
5.550955896718138 0.0
5.5524750136235195 0.0
5.553994546262015 0.0
5.555514494747392 0.0
5.557034859193459 0.0
5.558555639714051 0.0
5.560076836423033 0.0
5.561598449434302 0.0
5.563120478861787 0.0
5.564642924819448 0.0
5.566165787421275 0.0
5.5676890667812895 0.0
5.569212763013546 0.0
5.570736876232129 0.0
5.572261406551153 0.0
5.573786354084767 0.0
5.575311718947146 0.0
5.5768375012525 0.0
5.578363701115073 0.0
5.579890318649134 0.0
5.581417353968987 0.0
5.582944807188965 0.0
5.584472678423436 0.0
5.586000967786795 0.0
5.587529675393471 0.0
5.589058801357925 0.0
5.5905883457946475 0.0
5.592118308818158 0.0
5.593648690543013 0.0
5.595179491083798 0.0
5.5967107105551275 0.0
5.598242349071651 0.0
5.599774406748045 0.0
5.6013068836990225 0.0
5.602839780039323 0.0
5.604373095883722 0.0
5.605906831347024 0.0
5.607440986544065 0.0
5.60897556158971 0.0
5.610510556598861 0.0
5.612045971686448 0.0
5.6135818069674315 0.0
5.615118062556806 0.0
5.616654738569596 0.0
5.618191835120857 0.0
5.6197293523256775 0.0
5.621267290299178 0.0
5.622805649156506 0.0
5.6243444290128455 0.0
5.625883629983413 0.0
5.62742325218345 0.0
5.6289632957282345 0.0
5.630503760733076 2.1886591183496517e-24
5.632044647313313 7.140666896406844e-24
5.6335859555843175 9.93111104750719e-24
5.635127685661493 1.0074867214471582e-23
5.636669837660274 1.0435299107845702e-23
5.638212411696126 1.0943097831124347e-23
5.639755407884549 1.1477862044545022e-23
5.641298826341071 1.2019185370440674e-23
5.642842667181252 1.2560327526313116e-23
5.644386930520687 1.3101371474412396e-23
5.645931616474998 1.364223435484795e-23
5.647476725159844 1.4182974640776658e-23
5.649022256690911 1.472355827193307e-23
5.650568211183916 1.5263961090309414e-23
5.652114588754614 1.5804265498580282e-23
5.653661389518787 1.634438919708612e-23
5.655208613592246 1.6884389588486405e-23
5.65675626109084 1.7424234193978146e-23
5.658304332130447 1.7963898345804872e-23
5.659852826826976 1.850346388537653e-23
5.6614017452963665 1.9042849074954756e-23
5.662951087654594 1.9582111930622394e-23
5.664500854017661 2.0121218185511556e-23
5.666051044501604 2.0660144347725437e-23
5.667601659222493 2.1198971695720787e-23
5.669152698296426 2.1737619055373676e-23
5.670704161839536 2.2275921854948557e-23
5.672256049967986 2.2811399891824613e-23
5.6738083627979705 2.3345314701902707e-23
5.675361100445718 2.3881793691973967e-23
5.676914263027486 2.4419703102041944e-23
5.678467850659565 2.495750132278393e-23
5.680021863458281 2.549513212283219e-23
5.681576301539984 2.6032583559874062e-23
5.683131165021061 2.656993577911233e-23
5.684686454017933 2.7107108741003197e-23
5.686242168647047 2.7644176577531727e-23
5.687798309024885 2.818107109395199e-23
5.689354875267961 2.871778661402227e-23
5.690911867492821 2.925440271489224e-23
5.692469285816042 2.9790839925735633e-23
5.6940271303542325 3.0327177641214836e-23
5.695585401224037 3.08633365732244e-23
5.697144098542125 3.139002416133136e-23
5.698703222425203 3.1886844177367565e-23
5.700262772990008 3.238184119476984e-23
5.70182275035331 3.290650432901927e-23
5.703383154631908 3.344192838191609e-23
5.704943985942635 3.3977185994204573e-23
5.706505244402358 3.451233196834472e-23
5.708066930127972 3.5047299792804055e-23
5.709629043236406 3.5582167719775597e-23
5.711191583844622 3.611685760496089e-23
5.712754552069611 3.665139281379576e-23
5.714317948028398 3.7185804791771555e-23
5.715881771838043 3.772003899310201e-23
5.717446023615633 3.8254173096175993e-23
5.719010703478286 3.8788129531170245e-23
5.72057581154316 3.932194477411647e-23
5.722141347927437 3.9855623475559546e-23
5.723707312748335 4.038912477530722e-23
5.725273706123103 4.092252577622644e-23
5.726840528169022 4.145574948469048e-23
5.7284077790034065 4.1988847210141614e-23
5.729975458743601 4.2521793360828927e-23
5.731543567506984 4.3054562486691583e-23
5.7331121054109655 4.3587231113354544e-23
5.734681072572986 4.4119722825108434e-23
5.736250469110519 4.465210549231415e-23
5.7378202951410735 4.5184319824190384e-23
5.739390550782186 4.5716357510038907e-23
5.740961236151427 4.6248294496515346e-23
5.742532351366399 4.678005494755683e-23
5.744103896544738 4.7311714623356563e-23
5.74567587180411 4.7843197874551157e-23
5.747248277262215 4.8374515263743524e-23
5.748821113036783 4.8905721350296865e-23
5.750394379245579 4.943675128282254e-23
5.751968076006399 4.996768024018683e-23
5.753542203437071 5.049843315503378e-23
5.755116761655455 5.102904120192175e-23
5.756691750779444 5.155951713502693e-23
5.7582671709269615 5.2089817297450047e-23
5.759843022215968 5.26200162849981e-23
5.76141930476445 5.31500396140567e-23
5.76299601869043 5.367994081451808e-23
5.764573164111962 5.420968734688191e-23
5.7661507411471336 5.473925849385359e-23
5.767728749914061 5.526872826644101e-23
5.7693071905308955 5.579802276651304e-23
5.7708860631158245 5.632721581649271e-23
5.77246536778706 5.685623370707257e-23
5.77404510466285 5.738508041041748e-23
5.7756252738614755 5.791382172916e-23
5.7772058755012505 5.844238816331253e-23
5.778786909700519 5.89708529481237e-23
5.780368376577657 5.949914296214726e-23
5.781950276251079 6.00272886216115e-23
5.783532608839222 6.05553022539017e-23
5.785115374460564 6.108314139148304e-23
5.786698573233611 6.161087868068562e-23
5.788282205276903 6.213844158967106e-23
5.789866270709011 6.266588873809144e-23
5.7914507696485416 6.319317545761891e-23
5.793035702214131 6.372028807428116e-23
5.794621068524448 6.424729864373938e-23
5.796206868698192 6.477413522551469e-23
5.7977931028541025 6.530086968454483e-23
5.799379771110945 6.582743027131654e-23
5.800966873587516 6.635383387130088e-23
5.8025544104026485 6.688011850320253e-23
5.804142381675209 6.740622954192564e-23
5.805730787524093 6.793223825934543e-23
5.807319628068228 6.845807349970393e-23
5.80890890342658 6.898378447858051e-23
5.810498613718142 6.950934396145816e-23
5.812088759061938 7.003473024763523e-23
5.813679339577032 7.056001401416785e-23
5.815270355382515 7.108512470081393e-23
5.816861806597512 7.16101327923927e-23
5.818453693341178 7.213496792114118e-23
5.820046015732707 7.265964308796849e-23
5.82163877389132 7.318420270070791e-23
5.823231967936271 7.370858963271723e-23
5.82482559798685 7.423287377159103e-23
5.826419664162376 7.475698534748949e-23
5.828014166582204 7.528097384495172e-23
5.829609105365718 7.580481010738249e-23
5.831204480632339 7.632847409022759e-23
5.832800292501516 7.685203508208894e-23
5.834396541092733 7.737542391281957e-23
5.83599322652551 7.789870967726748e-23
5.837590348919393 7.842182339928493e-23
5.839187908393964 7.894478390500949e-23
5.84078590506884 7.946762256196921e-23
5.842384339063668 7.999028946163877e-23
5.843983210498127 8.051285309745531e-23
5.84558251949193 8.103524509538421e-23
5.847182266164825 8.155752494568947e-23
5.848782450636589 8.207964208629591e-23
5.850383073027033 8.260158787545176e-23
5.8519841334560025 8.312343020341086e-23
5.853585632043375 8.36435862268197e-23
5.855187568909058 8.416105562742304e-23
5.856789944172995 8.46794671768228e-23
5.858392757955161 8.520032691692284e-23
5.859996010375565 8.572144809193331e-23
5.861599701554248 8.624239844630043e-23
5.863203831611284 8.676324506705213e-23
5.864808400666781 8.728392098822526e-23
5.8664134088408755 8.780449310067913e-23
5.868018856253743 8.832489463486644e-23
5.869624743025588 8.884514242159629e-23
5.8712310692766465 8.936526961526703e-23
5.872837835127192 8.988522652064128e-23
5.87444504069753 9.040507942052559e-23
5.876052686107997 9.092476215413671e-23
5.8776607714789595 9.144433884824945e-23
5.879269296930822 9.196374745733582e-23
5.880878262584025 9.248298619143016e-23
5.8824876685590315 9.300212072349412e-23
5.884097514976346 9.352108550330085e-23
5.885707801956503 9.403994600610498e-23
5.887318529620071 9.455863687963729e-23
5.888929698087649 9.507720605742859e-23
5.890541307479872 9.559562307296096e-23
5.892153357917406 9.611387075228214e-23
5.8937658495209515 9.66320139583531e-23
5.895378782411241 9.714998795191315e-23
5.896992156709041 9.766785739732404e-23
5.898605972535149 9.818555775417484e-23
5.900220230010399 9.87031240086762e-23
5.901834929255655 9.922055077813364e-23
5.903450070391816 1.0053442670835197e-22
5.905065653539811 1.0394520920142205e-22
5.906681678820607 1.0880235542517176e-22
5.9082981463552 1.1388826291797728e-22
5.90991505626462 1.1905537491349216e-22
5.911532408669931 1.2422105444096207e-22
5.913150203692232 1.2938543330961246e-22
5.914768441452651 1.3454812970342078e-22
5.91638712207235 1.3970977595146658e-22
5.918006245672527 1.448697409810861e-22
5.919625812374411 1.5002865511746567e-22
5.921245822299264 1.5518588929435358e-22
5.922866275568383 1.6034163230575464e-22
5.924487172303095 1.6549613614402886e-22
5.926108512624766 1.7064896300720629e-22
5.927730296654787 1.758007370236551e-22
5.92935252451459 1.8095083533118316e-22
5.930975196325633 1.8609988004526685e-22
5.932598312209414 1.912472503191384e-22
5.934221872287463 1.9639310360311104e-22
5.935845876681336 2.015377463680015e-22
5.937470325512633 2.0668071769513454e-22
5.939095218902979 2.1182263347840083e-22
5.940720556974038 2.169628790998876e-22
5.942346339847504 2.2210206843157045e-22
5.943972567645103 2.272395888799949e-22
5.945599240488598 2.323755995134176e-22
5.947226358499784 2.3751039532406027e-22
5.948853921800488 2.4264352527202575e-22
5.950481930512571 2.477755969828518e-22
5.95211038475793 2.529060041168237e-22
5.95373928465849 2.5803535226851434e-22
5.955368630336213 2.631630371317188e-22
5.956998421913096 2.6828925248078886e-22
5.958628659511167 2.734142156191631e-22
5.960259343252485 2.7853751850782847e-22
5.961890473259145 2.83659760470007e-22
5.963522049653278 2.887803434781759e-22
5.965154072557045 2.938998648155205e-22
5.96678654209264 2.9901772849711177e-22
5.968419458382291 3.041341962184136e-22
5.970052821548264 3.0924934113006807e-22
5.971686631712851 3.1436283144300787e-22
5.973320888998382 3.1947525814408116e-22
5.97495559352722 3.2441153095274514e-22
5.97659074542176 3.290628805374478e-22
5.9782263448044315 3.338454382044239e-22
5.979862391797699 3.3891056571388067e-22
5.98149888652406 3.440159070086398e-22
5.98313582910604 3.491195993938533e-22
5.984773219666206 3.542222254858211e-22
5.986411058327155 3.59323203983823e-22
5.988049345211517 3.6442311544587937e-22
5.989688080441956 3.6952138063211636e-22
5.991327264141171 3.7461849723458516e-22
5.992966896431892 3.797140496872627e-22
5.994606977436884 3.848079589578848e-22
5.996247507278946 3.89900799257945e-22
5.997888486080912 3.9499199770152365e-22
5.999529913965644 4.000821264326686e-22
6.001171791056044 4.051706146354882e-22
6.002814117475046 4.102580323841747e-22
6.004456893345614 4.1534381093530158e-22
6.006100118790749 4.204280480192292e-22
6.007743793933486 4.255111175104727e-22
6.009387918896893 4.305925509212267e-22
6.01103249380407 4.356729119471743e-22
6.012677518778152 4.407516382308364e-22
6.014322993942309 4.458292913888418e-22
6.015968919419743 4.509053111453777e-22
6.017615295333689 4.559800057540418e-22
6.019262121807419 4.610533195861901e-22
6.0209093989642355 4.661250031524923e-22
6.022557126927476 4.711956116657704e-22
6.024205305820509 4.762645912614891e-22
6.025853935766745 4.8133249506420265e-22
6.027503016889618 4.8639877130027e-22
6.029152549312602 4.91463971003503e-22
6.0308025331592034 4.965275444936236e-22
6.032452968552962 5.015894952037669e-22
6.034103855617452 5.066503665644466e-22
6.0357551944762795 5.117096148711345e-22
6.037406985253089 5.167677847216775e-22
6.039059228071554 5.218243328792755e-22
6.040711923055381 5.268798018417765e-22
6.042365070328318 5.31933650475013e-22
6.04401867001414 5.369861691878603e-22
6.045672722236656 5.42037318924281e-22
6.047327227119712 5.470788695463206e-22
6.048982184787187 5.52094339404401e-22
6.050637595362993 5.571041660321316e-22
6.052293458971075 5.6213788582808535e-22
6.053949775735416 5.67182019947961e-22
6.055606545780028 5.7222507147542535e-22
6.05726376922896 5.772665099956479e-22
6.058921446206295 5.823064610444726e-22
6.0605795768361475 5.873452046065269e-22
6.062238161242668 5.923823383628987e-22
6.0638971995500395 5.974183876110832e-22
6.065556691882483 6.024528284377021e-22
6.067216638364247 6.074861840191671e-22
6.068877039119618 6.125179325658181e-22
6.070537894272919 6.175485637928848e-22
6.0721992039485 6.225776207122145e-22
6.073860968270752 6.276050738171562e-22
6.075523187364096 6.326314397646335e-22
6.077185861352989 6.376562032920978e-22
6.0788489903619185 6.426798789260435e-22
6.08051257451541 6.477019535370136e-22
6.0821766139380244 6.527229395186011e-22
6.083841108754351 6.577423258769248e-22
6.085506059089018 6.627604904311393e-22
6.087171465066685 6.677771892035072e-22
6.0888373268120475 6.727922915969325e-22
6.090503644449833 6.7780630345290055e-22
6.092170418104806 6.828187203372799e-22
6.093837647901763 6.8783004594926755e-22
6.095505333965537 6.9283977799970355e-22
6.09717347642099 6.978484180429923e-22
6.098842075393025 7.028554659374494e-22
6.100511131006574 7.078612417687755e-22
6.102180643386605 7.128656061880985e-22
6.103850612658119 7.17868381726917e-22
6.105521038946156 7.228700633548243e-22
6.107191922375785 7.27870157522634e-22
6.108863263072109 7.328691570457181e-22
6.1105350611602685 7.378665705318045e-22
6.1122073167654385 7.428628886395556e-22
6.113880030012823 7.478576221360988e-22
6.115553201027666 7.52851087804049e-22
6.117226829935245 7.578431420061243e-22
6.118900916860868 7.628336148894483e-22
6.12057546192988 7.678229904950146e-22
6.12225046526766 7.728107862153477e-22
6.123925926999624 7.777974839252729e-22
6.125601847251216 7.827826031861852e-22
6.12727822614792 7.87766623704231e-22
6.128955063815253 7.927490672122025e-22
6.130632360378763 7.977303018887719e-22
6.132310115964035 8.027100703531804e-22
6.133988330696692 8.07688265124204e-22
6.135667004702386 8.126653592573527e-22
6.137346138106804 8.176408811438067e-22
6.1390257310356695 8.226153016609032e-22
6.140705783614741 8.275881513807249e-22
6.142386295969806 8.325598989998973e-22
6.144067268226692 8.375300772739339e-22
6.1457487005112625 8.424991527162442e-22
6.147430592949409 8.474666602682883e-22
6.149112945667059 8.524326098464764e-22
6.15079575879018 8.57397447403231e-22
6.152479032444767 8.623607204158267e-22
6.154162766756855 8.67322888706943e-22
6.155846961852509 8.72283493916572e-22
6.157531617857832 8.772429936746296e-22
6.159216734898959 8.822009318166117e-22
6.160902313102062 8.871577637771337e-22
6.162588352593344 8.921130355897367e-22
6.164274853499046 8.970669298654468e-22
6.165961815945443 9.02019536089881e-22
6.167649240058842 9.069705855369856e-22
6.169337125965587 9.119205269174165e-22
6.171025473792056 9.168689129965133e-22
6.172714283664661 9.218161902800594e-22
6.1744035557098496 9.267619137410203e-22
6.176093290054103 9.317065276777602e-22
6.177783486823939 9.366495892734215e-22
6.179474146145906 9.415915094025908e-22
6.181165268146592 9.46531909888752e-22
6.182856852952616 9.514707614290239e-22
6.184548900690632 9.564085015644465e-22
6.186241411487331 9.613446942433704e-22
6.187934385469437 9.662797747898036e-22
6.189627822763708 9.71213309371883e-22
6.191321723496937 9.761457310940402e-22
6.193016087795955 9.81076608346772e-22
6.1947109157876215 9.860063720123503e-22
6.1964062075988355 9.909345927061954e-22
6.19810196335653 9.971801272759953e-22
6.199798183187674 1.0233935901393516e-21
6.201494867219266 1.0694301150325053e-21
6.203192015578342 1.120378184643921e-21
6.204889628391978 1.1750600941816544e-21
6.206587705787276 1.2297296016252733e-21
6.208286247891378 1.2827968338728896e-21
6.2099852548314605 1.3331198550638674e-21
6.211684726734734 1.3843280265790185e-21
6.2133846637284424 1.4382555807662096e-21
6.215085065939867 1.4928490924742264e-21
6.216785933496325 1.5471918800761082e-21
6.2184872665251625 1.5987926863770103e-21
6.2201890651537655 1.6485756794708996e-21
6.221891329509555 1.7010735601973557e-21
6.223594059719986 1.755591200249692e-21
6.225297255912542 1.8100963932526554e-21
6.227000918214755 1.8629933962484757e-21
6.228705046754181 1.9131543516300876e-21
6.23040964165841 1.9642043963247436e-21
6.2321147030550765 2.0179655703886042e-21
6.233820231071842 2.072394995907025e-21
6.235526225836407 2.1266089829566085e-21
6.237232687476503 2.178088969734802e-21
6.2389396161199 2.2276730591226647e-21
6.240647011894401 2.2799637716808246e-21
6.242354874927845 2.3343175554726942e-21
6.244063205348105 2.388658847373097e-21
6.245772003283093 2.4414761986119933e-21
6.2474812688607475 2.491565690467245e-21
6.24919100220905 2.5423678608315905e-21
6.2509012034560145 2.5958728827012556e-21
6.252611872729689 2.650138638792998e-21
6.254323010158156 2.7043835890246947e-21
6.256034615869536 2.758343959967645e-21
6.2577466899919845 2.81162340241924e-21
6.259459232653687 2.862448997826235e-21
6.261172243982868 2.9120872341420627e-21
6.2628857241077895 2.9644225163963698e-21
6.264599673156743 3.01858353371119e-21
6.266314091258058 3.0727320063805073e-21
6.2680289785401 3.125167507892172e-21
6.269744335131268 3.1748846375705397e-21
6.271460161159997 3.2256833434704608e-21
6.273176456754756 3.279175307877394e-21
6.274893222044052 3.3332485167265495e-21
6.276610457156423 3.387090068313119e-21
6.278328162220444 3.438215825941386e-21
6.280046337364729 3.487460015363426e-21
6.28176498271792 3.539392932857333e-21
6.283484098408701 3.593391007325718e-21
6.2852036845657855 3.6473764925565025e-21
6.286923741317928 3.699929038305726e-21
6.288644268793911 3.749771454281478e-21
6.290365267122558 3.800127424442527e-21
6.292086736432728 3.853168321919521e-21
6.293808676853313 3.907078782520079e-21
6.295531088513238 3.9609766299058925e-21
6.297253971541469 4.012268451433621e-21
6.2989773260670034 4.0611342289766574e-21
6.300701152218872 4.11257578209585e-21
6.302425450126147 4.1664113492183924e-21
6.304150219917933 4.220234282630381e-21
6.305875461723367 4.272993588233997e-21
6.307601175671625 4.323051030676299e-21
6.309327361891917 4.372875424096331e-21
6.311054020513489 4.4253763893282445e-21
6.312781151665622 4.479124540797212e-21
6.314508755477631 4.532860034632732e-21
6.31623683207887 4.5844075075623364e-21
6.317965381598723 4.633256890705636e-21
6.319694404166615 4.684118373808291e-21
6.321423899912003 4.737650317045255e-21
6.323153868964381 4.7913111413848426e-21
6.3248843114532765 4.844366640679789e-21
6.326615227508254 4.894728567900779e-21
6.328346617258916 4.9439328396320126e-21
6.330078480834894 4.995805303439157e-21
6.3318108183658595 5.0493915920432705e-21
6.333543629981521 5.1029651787173574e-21
6.335276915811619 5.1548576066514116e-21
6.337010675985928 5.204060249230839e-21
6.338744910634263 5.254253254899459e-21
6.340479619886473 5.307110618214184e-21
6.342214803872439 5.360609783402665e-21
6.343950462722082 5.414053758735105e-21
6.345686596565358 5.464809343019725e-21
6.347423205532256 5.513305248434103e-21
6.349160289752801 5.5644609420387435e-21
6.350897849357055 5.617885821242796e-21
6.3526358844751165 5.67129795434429e-21
6.354374395237118 5.7236243528021635e-21
6.356113381773226 5.7732692946978184e-21
6.357852844213646 5.822705718019273e-21
6.359592782688617 5.874798081906005e-21
6.361333197328415 5.928136045087794e-21
6.363074088263351 5.981461238380877e-21
6.364815455623771 6.032699361789106e-21
6.366557299540056 6.081259835823806e-21
6.368299620142626 6.131610795144753e-21
6.370042417561934 6.184613198436504e-21
6.371785691928469 6.237864338802649e-21
6.373529443372754 6.290713431009592e-21
6.375273672025354 6.340889419727406e-21
6.377018378016864 6.3894814626009344e-21
6.378763561477912 6.440721004931418e-21
6.380509222539171 6.4938982305227044e-21
6.382255361331344 6.5470626422366575e-21
6.38400197798517 6.598871892378156e-21
6.385749072631422 6.648011859473673e-21
6.387496645400915 6.6974704294490135e-21
6.389244696424493 6.749572631007429e-21
6.390993225833038 6.802663246772672e-21
6.392742233757472 6.855741024958262e-21
6.394491720328746 6.906536511390048e-21
6.396241685677852 6.954666542355924e-21
6.397992129935815 7.00496575223586e-21
6.399743053233697 7.057902439217977e-21
6.401494455702595 7.110906541218741e-21
6.403246337473645 7.163375206999501e-21
6.404998698678014 7.213182980223735e-21
6.40675153944691 7.261661819161991e-21
6.408504859911572 7.31277581153395e-21
6.410258660203277 7.365706378179023e-21
6.412012940453339 7.418624063444168e-21
6.413767700793108 7.470127197599812e-21
6.4155229413539665 7.518973279978496e-21
6.4172786622673375 7.568244962113437e-21
6.419034863664679 7.620147909643276e-21
6.420791545677481 7.672992181168651e-21
6.422548708437273 7.725823547697895e-21
6.424306352075622 7.776387137050811e-21
6.426064476724128 7.824297522518146e-21
6.427823082514426 7.874336257946743e-21
6.429582169578191 7.927000605166718e-21
6.4313417380471325 7.97975868051968e-21
6.4331017880529915 8.032057307231177e-21
6.434862319727554 8.081707309895013e-21
6.436623333202634 8.129864588985082e-21
6.438384828610086 8.180644618465277e-21
6.440146806081799 8.233329546174234e-21
6.441909265749699 8.286001525279845e-21
6.443672207745745 8.337408633382931e-21
6.445435632201938 8.386170978472894e-21
6.44719953925031 8.435047731447944e-21
6.4489639290229315 8.48654332669553e-21
6.450728801651907 8.539142282591537e-21
6.45249415726938 8.591728266356497e-21
6.454259996007529 8.642269748591072e-21
6.456026317998568 8.690170335933058e-21
6.457793123374747 8.7397408727954e-21
6.459560412268354 8.791926336782172e-21
6.461328184811713 8.844439422729225e-21
6.463096441137179 8.89677838183983e-21
6.464865181377151 8.94648010137261e-21
6.4666344056640614 8.994108473068912e-21
6.468404114130378 9.044347135367514e-21
6.4701743069086 9.096787469758684e-21
6.471944984131274 9.149214788609238e-21
6.473716145930975 9.20073499575964e-21
6.475487792440315 9.24962278589147e-21
6.477259923791944 9.297785655556089e-21
6.479032540118549 9.348295535334089e-21
6.480805641552848 9.400262280075981e-21
6.482579228227603 9.452475064586667e-21
6.4843533002756075 9.50325322324536e-21
6.4861278578296915 9.551402880508598e-21
6.487902901022724 9.60024850432259e-21
6.489678429987608 9.651696528149293e-21
6.491454444857283 9.703965663995328e-21
6.493230945764726 9.75622173744922e-21
6.495007932842948 9.806233655154801e-21
6.496785406225001 9.853620966783943e-21
6.498563366043969 9.903061868775171e-21
6.500341812432975 9.965439931582455e-21
6.5021207455251755 1.0476574358504303e-20
6.503900165453769 1.1431023282112165e-20
6.505680072351982 1.2432158109378087e-20
6.507460466353086 1.3470046973387621e-20
6.509241347590384 1.4481618012686945e-20
6.511022716197218 1.5478757223181064e-20
6.512804572306963 1.650169019257053e-20
6.514586916053034 1.7543351845093838e-20
6.516369747568882 1.8584751231440266e-20
6.518153066987994 1.9625844947615208e-20
6.519936874443891 2.0666676242186405e-20
6.521721170070135 2.1707202263050883e-20
6.523505954000321 2.2747465706952127e-20
6.525291226368083 2.3787424274292855e-20
6.5270769873070895 2.4827120109376558e-20
6.528863236951048 2.5866511465731175e-20
6.5306499754337 2.690563993460163e-20
6.532437202888826 2.7925370665372293e-20
6.534224919450242 2.8918874385807257e-20
6.536013125251799 2.9926225708692606e-20
6.5378018204273864 3.095927780153033e-20
6.539591005110932 3.1996968987665626e-20
6.541380679436396 3.3034396821035104e-20
6.543170843537778 3.4071521773852325e-20
6.544961497549116 3.5108369038947294e-20
6.546752641604481 3.614492800474994e-20
6.54854427583798 3.718118497585695e-20
6.550336400383761 3.82171782017003e-20
6.552129015376008 3.9252869835378933e-20
6.553922120948939 4.028829756907921e-20
6.555715717236808 4.131739925249009e-20
6.557509804373911 4.232037227375996e-20
6.5593043824945765 4.3310958840188807e-20
6.5610994517331696 4.432714580493022e-20
6.562895012224095 4.536114292037394e-20
6.564691064101791 4.6394875672105066e-20
6.5664876075007355 4.742830844868641e-20
6.568284642555442 4.846147670711348e-20
6.570082169400459 4.949434539637418e-20
6.5718801881703754 5.0526949413107625e-20
6.573678698999815 5.155925426735148e-20
6.575477702023438 5.25912942947654e-20
6.577277197375942 5.36230355670604e-20
6.579077185192062 5.465451185829031e-20
6.580877665606568 5.566816072327006e-20
6.58267863875427 5.665577248084102e-20
6.584480104770014 5.765391643068804e-20
6.586282063788677 5.867756706339049e-20
6.588084515945183 5.970761911587931e-20
6.589887461374487 6.073740572501988e-20
6.59169090021158 6.176689521547414e-20
6.593494832591492 6.279611910862349e-20
6.595299258649291 6.38250462939385e-20
6.597104178520081 6.485370772806472e-20
6.598909592339 6.588207286590314e-20
6.600715500241228 6.691015917576723e-20
6.60252190236198 6.793796252456443e-20
6.604328798836505 6.896348864242428e-20
6.606136189800093 6.996307668696159e-20
6.607944075388071 7.094200536988319e-20
6.6097524557358 7.194633969339732e-20
6.611561330978679 7.297272568000749e-20
6.613370701252147 7.399884521998463e-20
6.615180566691677 7.502467061241517e-20
6.616990927432779 7.605022940479631e-20
6.618801783611002 7.707549446526996e-20
6.620613135361932 7.810049277235006e-20
6.6224249828211885 7.912519776386443e-20
6.624237326124432 8.014963584871174e-20
6.626050165407361 8.1173781035041e-20
6.627863500805707 8.21976591615028e-20
6.629677332455239 8.321042001124806e-20
6.631491660491768 8.419733507789915e-20
6.63330648505114 8.518118624423332e-20
6.635121806269233 8.619034861461553e-20
6.636937624281969 8.721281597580051e-20
6.638753939225305 8.823501581795268e-20
6.640570751235234 8.925692443682431e-20
6.642388060447786 9.027856538375191e-20
6.644205866999031 9.129991552797569e-20
6.646024171025075 9.232099784742013e-20
6.647842972662058 9.334178978544494e-20
6.649662272046163 9.436231374592718e-20
6.651482069313605 9.536523402934874e-20
6.6533023646006395 9.634238793691781e-20
6.655123158043558 9.73293779886556e-20
6.65694444977869 9.834159800316635e-20
6.658766239942403 9.934146345987662e-20
6.660588528671099 1.0031558907148935e-19
6.662411316101219 1.0130340436610313e-19
6.664234602369243 1.023164224825704e-19
6.666058387611686 1.033344274437457e-19
6.667882671965099 1.0435216366467234e-19
6.669707455566078 1.0536961204680436e-19
6.671532738551246 1.0638679153637071e-19
6.673358521057269 1.0740368361340385e-19
6.67518480322085 1.0842030664562854e-19
6.677011585178731 1.0943664269229977e-19
6.678838867067688 1.1045270954199526e-19
6.680666649024534 1.1146848983382713e-19
6.682494931186126 1.124840007765913e-19
6.68432371368935 1.1349922558990205e-19
6.686152996671135 1.145141691907464e-19
6.687982780268445 1.155288388026426e-19
6.689813064618283 1.1654322322209935e-19
6.691643849857689 1.1755733791048267e-19
6.6934751361237375 1.185711678368677e-19
6.695306923553547 1.1958472788043252e-19
6.6971392122842675 1.2059800359315932e-19
6.69897200245309 1.2161100927139595e-19
6.700805294197241 1.2262373105067403e-19
6.702639087653987 1.2363618264386877e-19
6.704473382960627 1.2464835077070378e-19
6.706308180254505 1.2566024855993826e-19
6.708143479672998 1.2667186331613388e-19
6.709979281353519 1.27683207583289e-19
6.71181558543352 1.2869426925144594e-19
6.713652392050497 1.2970506027920094e-19
6.715489701341974 1.30714475318206e-19
6.7173275134455155 1.317186171097556e-19
6.719165828498728 1.3271967144618152e-19
6.721004646639251 1.3372545182326957e-19
6.7228439680047645 1.3473485583116547e-19
6.724683792732982 1.3574398874501064e-19
6.7265241209616615 1.3675284080916374e-19
6.728364952828593 1.3776142162821758e-19
6.730206288471605 1.387697220352431e-19
6.7320481280285644 1.3977775104619837e-19
6.7338904716373795 1.407855000835171e-19
6.735733319435989 1.417929775738728e-19
6.737576671562376 1.4280017552970893e-19
6.739420528154557 1.438071017877696e-19
6.741264889350589 1.4481374895115523e-19
6.743109755288565 1.458201242660313e-19
6.744955126106618 1.468262209268055e-19
6.746801001942915 1.4783204558841584e-19
6.7486473829356655 1.4883759203722606e-19
6.750494269223111 1.4984286633629626e-19
6.752341660943539 1.5084786286459883e-19
6.754189558235268 1.5185258709266672e-19
6.756037961236655 1.5285703399272813e-19
6.757886870086098 1.5386120844213982e-19
6.759736284922033 1.5486510600703866e-19
6.761586205882926 1.5586873097095099e-19
6.7634366331072915 1.5687207949457605e-19
6.765287566733679 1.578751552669617e-19
6.767139006900673 1.5887795504401798e-19
6.768990953746894 1.598804819196589e-19
6.770843407411007 1.6088273324566285e-19
6.7726963680317125 1.6188471152015897e-19
6.774549835747745 1.628864146914433e-19
6.776403810697882 1.6388784466120745e-19
6.778258293020938 1.6488899997492108e-19
6.780113282855762 1.658898819371837e-19
6.781968780341244 1.6689048969129236e-19
6.7838247856163125 1.6789082394410024e-19
6.785681298819933 1.6889088443738698e-19
6.787538320091109 1.6989067127960604e-19
6.789395849568882 1.7089018481167481e-19
6.791253887392331 1.718894245429904e-19
6.793112433700577 1.7288839141426378e-19
6.79497148863277 1.7388708433517995e-19
6.796831052328109 1.7488550484690255e-19
6.798691124925824 1.7588365125874715e-19
6.8005517065651855 1.7688152571298332e-19
6.802412797385501 1.7787912591790422e-19
6.804274397526118 1.7887645461754532e-19
6.806136507126421 1.7987350891851452e-19
6.80799912632583 1.8087029216727184e-19
6.809862255263811 1.81866800868086e-19
6.811725894079856 1.828630389704983e-19
6.813590042913507 1.838590023757776e-19
6.815454701904339 1.8485469563720893e-19
6.817319871191965 1.8585011405240314e-19
6.8191855509160355 1.8675956005371748e-19
6.821051741216241 1.8742006825521345e-19
6.822918442232311 1.8800037547941157e-19
6.82478565410401 1.8882907036397138e-19
6.8266533769711435 1.8982313094291935e-19
6.828521610973555 1.9081691622881707e-19
6.830390356251125 1.918104331965204e-19
6.832259612943773 1.9280367472240433e-19
6.834129381191456 1.937966483883717e-19
6.835999661134172 1.9478934646383633e-19
6.837870452911952 1.9578177713840837e-19
6.839741756664871 1.9677393207387765e-19
6.841613572533043 1.977658200682292e-19
6.8434859006566136 1.9875743217496474e-19
6.845358741175769 1.9974877780110253e-19
6.847232094230738 2.0073984739119572e-19
6.849105959961786 2.0173065096196371e-19
6.850980338509213 2.027211783483435e-19
6.852855230013361 2.0371144017741926e-19
6.8547306346146115 2.0470142567385094e-19
6.856606552453382 2.0569114607575143e-19
6.858482983670125 2.06680589996835e-19
6.860359928405342 2.0766976928691362e-19
6.862237386799563 2.0865867194809166e-19
6.8641153589933595 2.0964731044254059e-19
6.865993845127341 2.1063567216009038e-19
6.867872845342159 2.1162377017594345e-19
6.869752359778499 2.1261159126698517e-19
6.871632388577085 2.135991491221139e-19
6.873512931878685 2.145864299046083e-19
6.875393989824101 2.1557344791773123e-19
6.877275562554173 2.165601887104811e-19
6.879157650209781 2.1754666720115476e-19
6.881040252931845 2.1853286832380686e-19
6.88292337086132 2.1951880761243506e-19
6.884807004139201 2.205044693854781e-19
6.886691152906527 2.214898601452246e-19
6.888575817304366 2.2247498288999624e-19
6.890460997473831 2.234598278957213e-19
6.892346693556071 2.2444441193440233e-19
6.8942329056922755 2.25428718086611e-19
6.896119634023672 2.264127637422308e-19
6.898006878691527 2.273965313640406e-19
6.899894639837144 2.2838003896047733e-19
6.9017829176018655 2.2936326837585356e-19
6.903671712127074 2.3034623823783256e-19
6.90556102355419 2.313289297715916e-19
6.907450852024676 2.323113622246916e-19
6.909341197680025 2.332935162024993e-19
6.911232060661777 2.342754115731477e-19
6.913123441111506 2.3525702832152226e-19
6.915015339170827 2.3623838693700026e-19
6.916907754981393 2.3721946678331214e-19
6.918800688684895 2.382002889717542e-19
6.920694140423065 2.391808322442276e-19
6.922588110337671 2.401611183346222e-19
6.924482598570521 2.4114112536233504e-19
6.926377605263464 2.421208756845264e-19
6.928273130558383 2.4310034679741287e-19
6.930169174597202 2.440795616821002e-19
6.932065737521889 2.450584972109528e-19
6.933962819474442 2.460371769896961e-19
6.935860420596903 2.4701557726616095e-19
6.937758541031353 2.479937222713749e-19
6.939657180919911 2.4897158762796207e-19
6.941556340404733 2.4994919819292317e-19
6.943456019628016 2.5092652896299733e-19
6.945356218731998 2.519036054218421e-19
6.947256937858953 2.528804019396334e-19
6.949158177151192 2.538569446273599e-19
6.951059936751069 2.5483320722795645e-19
6.952962216800975 2.5580921648042526e-19
6.954865017443341 2.567849454997799e-19
6.956768338820634 2.577604216537149e-19
6.958672181075366 2.5873561742864472e-19
6.960576544350082 2.5971056082163463e-19
6.962481428787367 2.606852236898193e-19
6.964386834529849 2.616596346603191e-19
6.966292761720192 2.6263376496030727e-19
6.968199210501099 2.636076438476378e-19
6.970106181015311 2.6458124191884237e-19
6.972013673405611 2.655543844055383e-19
6.973921687814819 2.6652242799672076e-19
6.9758302243857955 2.674855992047844e-19
6.977739283261439 2.684531567167924e-19
6.9796488645846875 2.6942524682390115e-19
6.981558968498515 2.7039725056943375e-19
6.983469595145942 2.7136897298567537e-19
6.985380744670023 2.723404458751105e-19
6.987292417213849 2.7331163728997583e-19
6.989204612920557 2.7428257966708355e-19
6.991117331933319 2.752532404244374e-19
6.993030574395346 2.762236526338616e-19
6.994944340449889 2.771937830784425e-19
6.99685863024024 2.781636654657023e-19
6.998773443909728 2.791332659431242e-19
7.000688781601722 2.809834125202437e-19
7.0026046434596285 2.8428675884545257e-19
7.004521029626895 2.881620539774036e-19
7.006437940247008 2.9203622031117846e-19
7.008355375463495 2.9602475865879745e-19
7.010273335419919 3.002541323246381e-19
7.012191820259887 3.046090818955151e-19
7.01411083012704 3.0896276026648146e-19
7.01603036516506 3.132324726032743e-19
7.0179504255176735 3.1725923095571407e-19
7.019871011328639 3.211922902399913e-19
7.021792122741756 3.253657591582299e-19
7.02371375990087 3.2966427643202607e-19
7.025635922949856 3.337201212720688e-19
7.027558612032633 3.3761488280183425e-19
7.029481827293163 3.417497698170886e-19
7.031405568875442 3.460781524261819e-19
7.033329836923507 3.501641444423167e-19
7.035254631581433 3.540225306590256e-19
7.037179952993338 3.5811778779396885e-19
7.0391058013033785 3.6245295161593367e-19
7.041032176655747 3.665701501126013e-19
7.04295907919468 3.704451738896828e-19
7.044886509064451 3.7449975461475997e-19
7.046814466409372 3.7879395722741447e-19
7.0487429513737965 3.8294342011798833e-19
7.0506719641021185 3.868509907863207e-19
7.052601504738767 3.908638500268935e-19
7.054531573428214 3.951160460696007e-19
7.056462170314973 3.9944366475580574e-19
7.058393295543593 4.037700047625251e-19
7.060324949258663 4.079698447712773e-19
7.062257131604813 4.119282168458051e-19
7.064189842726715 4.1587653754501237e-19
7.066123082769074 4.2006376688281365e-19
7.068056851876641 4.242985099368306e-19
7.069991150194202 4.282920682760825e-19
7.071925977866587 4.3219606121666707e-19
7.073861335038661 4.363386769971483e-19
7.075797221855332 4.406093760856182e-19
7.077733638461547 4.446391739669486e-19
7.07967058500229 4.484977992231691e-19
7.08160806162259 4.525947612359989e-19
7.083546068467511 4.569024679252819e-19
7.085484605682158 4.609695572028289e-19
7.087423673411676 4.647994287345272e-19
7.089363271801252 4.688496982571502e-19
7.091303400996108 4.731380833155909e-19
7.093244061141508 4.77443241426741e-19
7.095185252382757 4.817471147116695e-19
7.0971269748652 4.8587211017929075e-19
7.099069228734219 4.897568487344672e-19
7.101012014135238 4.937351351893626e-19
7.102955331213718 4.979511069792039e-19
7.104899180115165 5.021160172051662e-19
7.10684356098512 5.060409551096807e-19
7.108788473969165 5.099699588246726e-19
7.110733919212924 5.14136360719901e-19
7.112679896862058 5.183422325210266e-19
7.11462640706227 5.22308416878183e-19
7.116573449959301 5.261871043952095e-19
7.118521025698934 5.303029026549326e-19
7.120469134426989 5.345507813927211e-19
7.12241777628933 5.385592578501057e-19
7.124366951431858 5.423865972316742e-19
7.126316660000512 5.464507596359917e-19
7.128266902141276 5.507347993371053e-19
7.130217678000172 5.547866120793943e-19
7.13216898772326 5.585992425519874e-19
7.134120831456641 5.626107384093285e-19
7.136073209346456 5.668588340194642e-19
7.138026121538889 5.7113699370552845e-19
7.139979568180159 5.754138611767753e-19
7.141933549416526 5.795326329748639e-19
7.143888065394297 5.834126513292201e-19
7.145843116259808 5.873432181807264e-19
7.147798702159441 5.915099521359373e-19
7.149754823239618 5.956746642331231e-19
7.151711479646805 5.996009091265704e-19
7.153668671527496 6.034762394369175e-19
7.155626399028238 6.07587448066896e-19
7.157584662295612 6.11799139470875e-19
7.15954346147624 6.157726501954509e-19
7.161502796716782 6.195917186802526e-19
7.163462668163943 6.236463764200261e-19
7.165423075964464 6.279060846430452e-19
7.1673840202651276 6.319278989949329e-19
7.1693455012127565 6.357139723064564e-19
7.1713075189542135 6.3971105515303895e-19
7.173270073636403 6.439435023037366e-19
7.175233165406268 6.481994785067667e-19
7.17719679441079 6.524541564240799e-19
7.1791609607969935 6.56550368794691e-19
7.181125664711944 6.604090530520831e-19
7.183090906302743 6.643178569884391e-19
7.185056685716539 6.684615905683992e-19
7.187023003100514 6.726086944646227e-19
7.188989858601892 6.765185578426106e-19
7.190957252367941 6.803672337608585e-19
7.192925184545965 6.844505491999949e-19
7.194893655283311 6.886495771250952e-19
7.196862664727362 6.926116524095096e-19
7.19883221302555 6.964996823964998e-19
7.200802300325339 7.020351006242318e-19
7.202772926774235 7.091012629883468e-19
7.204744092519788 7.161654662291418e-19
7.2067157977095855 7.232274976993006e-19
7.208688042491254 7.304817607310522e-19
7.210660827012463 7.379691322740181e-19
7.212634151420925 7.453317738973148e-19
7.2146080158643855 7.524569603204491e-19
7.216582420490637 7.595096676502006e-19
7.218557365447509 7.665602000632584e-19
7.220532850882872 7.737135177315553e-19
7.222508876944639 7.8109950578415145e-19
7.224485443780762 7.885401276210812e-19
7.226462551539233 7.957437260999474e-19
7.228440200368083 8.027849642329709e-19
7.230418390415387 8.098240243105537e-19
7.23239712182926 8.168741295548898e-19
7.234376394757856 8.24156466436188e-19
7.236356209349367 8.316586364309709e-19
7.238336565752034 8.389429682792355e-19
7.2403174641141295 8.459906444993621e-19
7.24229890458397 8.532026235271275e-19
7.244280887309913 8.60646604823847e-19
7.24626341244036 8.679860459745832e-19
7.248246480123747 8.750891202464388e-19
7.250230090508551 8.8209119561039e-19
7.252214243743296 8.89056330206619e-19
7.25419893997654 8.960988457749379e-19
7.2561841793568815 9.034076368354021e-19
7.258169962032968 9.108366724624818e-19
7.260156288153478 9.180297775995608e-19
7.262143157867137 9.250383826450454e-19
7.264130571322706 9.320448007044675e-19
7.266118528668993 9.390493494578764e-19
7.268107030054841 9.462703673022821e-19
7.2700960756291355 9.537225675180656e-19
7.272085665540805 9.610030039890749e-19
7.274075799938817 9.680478798047404e-19
7.276066478972178 9.750429221772193e-19
7.278057702789938 9.820357738519719e-19
7.280049471541188 9.885574167900512e-19
7.282041785375057 9.941451365742984e-19
7.284034644440716 1.0000183992105855e-18
7.286028048887379 1.0079851338500557e-18
7.2880219988643 1.017296726257977e-18
7.290016494520771 1.0266053935947969e-18
7.292011536006125 1.03577052580592e-18
7.294007123469743 1.042607790623867e-18
7.296003257061038 1.0472583087730652e-18
7.2979999369294655 1.0540232725551747e-18
7.299997163224528 1.06311088491517e-18
7.301994936095765 1.070642004899678e-18
7.3039932556927525 1.0758475469909889e-18
7.305992122165115 1.0818985417638786e-18
7.307991535662514 1.090269253048221e-18
7.309991496334652 1.0985042934211703e-18
7.311992004331271 1.1044166852173758e-18
7.3139930598021605 1.1097436789996957e-18
7.315994662897143 1.1173874544816055e-18
7.317996813766087 1.126336463882963e-18
7.3199995125589 1.1329657567740124e-18
7.322002759425532 1.1375999528295788e-18
7.324006554515972 1.1445067745222571e-18
7.326010897980249 1.1537280735860414e-18
7.32801578996844 1.1610843022987574e-18
7.330021230630656 1.1661231152848921e-18
7.332027220117048 1.1722829820185336e-18
7.334033758577817 1.1807543850296735e-18
7.336040846163198 1.1888475675509017e-18
7.3380484830234645 1.1946262727021658e-18
7.340056669308939 1.2000292002011772e-18
7.342065405169982 1.2077407201516957e-18
7.344074690756993 1.2165808576512791e-18
7.346084526220412 1.2231094588745244e-18
7.348094911710728 1.2277454798349018e-18
7.350105847378462 1.2346871466930628e-18
7.352117333374178 1.2439168847940571e-18
7.354129369848486 1.2531445455804605e-18
7.356141956952035 1.2623692583264025e-18
7.35815509483551 1.270041423995605e-18
7.360168783649646 1.2754058387667425e-18
7.362183023545212 1.2811740695033506e-18
7.364197814673023 1.2892441509725584e-18
7.366213157183932 1.2976911483791033e-18
7.368229051228836 1.3038333436101704e-18
7.370245496958672 1.3088068709557155e-18
7.372262494524417 1.3160792948730358e-18
7.374280044077089 1.3252820471976132e-18
7.376298145767755 1.332211970031979e-18
7.3783167997475125 1.3368394121929107e-18
7.380336006167505 1.343304265843562e-18
7.38235576517892 1.3520656875174888e-18
7.384376076932982 1.3597932679232771e-18
7.38639694158096 1.365221322624908e-18
7.388418359274161 1.3708687106256465e-18
7.390440330163939 1.3788097062595554e-18
7.392462854401684 1.387344856951595e-18
7.394485932138828 1.3935834396215416e-18
7.396509563526847 1.3984034839990921e-18
7.39853374871726 1.4055141729164157e-18
7.4005584878616215 1.41468393047066e-18
7.402583781111531 1.4238511601363404e-18
7.404609628618632 1.4330154252235192e-18
7.406636030534602 1.4421777233049747e-18
7.408662987011169 1.451337055458308e-18
7.410690498200096 1.4604944263436556e-18
7.412718564253192 1.4696488299524694e-18
7.414747185322302 1.4788012780396926e-18
7.416776361559319 1.4879507575031674e-18
7.418806093116174 1.4970982872001234e-18
7.420836380144839 1.506242846927323e-18
7.422867222797327 1.5153854371337535e-18
7.424898621225699 1.524525081543633e-18
7.42693057558205 1.5336617538258132e-18
7.428963086018517 1.54279648734721e-18
7.430996152687285 1.5519282473969646e-18
7.433029775740578 1.559652592815077e-18
7.435063955330656 1.5650924633629789e-18
7.437098691609826 1.5706228700872125e-18
7.439133984730439 1.5784318007113685e-18
7.441169834844882 1.587551828239621e-18
7.443206242105585 1.5966688782716594e-18
7.445243206665023 1.6057840127260585e-18
7.447280728675711 1.6148961683451796e-18
7.449318808290204 1.6240055498945322e-18
7.4513574456611 1.6331128155804726e-18
7.453396640941039 1.6422171002777081e-18
7.455436394282703 1.6513194805201927e-18
7.4574767058388165 1.6604188784369806e-18
7.459517575762144 1.6695163777357066e-18
7.461559004205491 1.6786108933729853e-18
7.463600991321708 1.6877035162376495e-18
7.465643537263684 1.69679315410634e-18
7.467686642184355 1.705880905056648e-18
7.469730306236691 1.7149656696776953e-18
7.471774529573711 1.7240477034850172e-18
7.473819312348473 1.7331275993893852e-18
7.475864654714077 1.742204506814821e-18
7.477910556823662 1.751279538543486e-18
7.479957018830415 1.7603515804620536e-18
7.482004040887562 1.769421752566071e-18
7.484051623148369 1.7784889335300672e-18
7.486099765766145 1.7875542505705063e-18
7.488148468894245 1.7966165751422643e-18
7.49019773268606 1.8056770416903074e-18
7.492247557295023 1.8147345144422237e-18
7.494297942874615 1.8237891182275475e-18
7.496348889578357 1.8328417437421298e-18
7.498400397559807 1.8418913733147566e-18
7.500452466972569 1.8509391561845786e-18
7.50250509797029 1.8599839417871707e-18
7.504558290706656 1.8690268866149195e-18
7.506612045335398 1.878066832851426e-18
7.508666362010288 1.887104944249909e-18
7.51072124088514 1.896140055734398e-18
7.512776682113808 1.9051731507610285e-18
7.514832685850191 1.914203432117691e-18
7.51688925224823 1.923230711417534e-18
7.518946381461907 1.9322561672807133e-18
7.521004073645244 1.9412786197664803e-18
7.523062328952311 1.950299254780673e-18
7.525121147537216 1.95931688509815e-18
7.527180529554107 1.9683327039180088e-18
7.529240475157181 1.9773455167231155e-18
7.531300984500672 1.986140928512389e-18
7.533362057738856 1.992682261986169e-18
7.535423695026053 1.9971850199993677e-18
7.537485896516627 2.003654878273349e-18
7.539548662364982 2.012373414106194e-18
7.541611992725562 2.0213718024116657e-18
7.543675887752857 2.0303671799322163e-18
7.5457403476014 2.039360769450981e-18
7.547805372425761 2.0483513468715484e-18
7.549870962380557 2.057331054617626e-18
7.5519371176204455 2.066263253259227e-18
7.554003838300128 2.0751581354143184e-18
7.556071124574346 2.084092718189156e-18
7.558138976597885 2.093068738558095e-18
7.5602073945255714 2.10204495646257e-18
7.562276378512275 2.1110181575147954e-18
7.564345928712909 2.1199895942873532e-18
7.566416045282427 2.128958012899235e-18
7.5684867283758255 2.1379246732892387e-18
7.570557978148143 2.146888314211414e-18
7.572629794754464 2.155850202978513e-18
7.574702178349911 2.1648090709719487e-18
7.576775129089649 2.173765120083192e-18
7.578848647128887 2.1827192199191276e-18
7.580922732622881 2.191670296849829e-18
7.582997385726921 2.2006196333098488e-18
7.585072606596343 2.2095659455610354e-18
7.587148395386529 2.21851052343702e-18
7.5892247522529 2.2274520758019173e-18
7.591301677350918 2.2363918998961103e-18
7.59337917083609 2.2453286971782537e-18
7.595457232863966 2.254262995084534e-18
7.597535863590138 2.263195042097833e-18
7.599615063170239 2.2721240601707487e-18
7.601694831759947 2.2796728787089615e-18
7.603775169514982 2.2849878165345733e-18
7.605856076591104 2.2902888605238927e-18
7.6079375531441205 2.2978177234503435e-18
7.610019599329878 2.306436872537388e-18
7.612102215304264 2.3128251705028752e-18
7.614185401223214 2.3172814167628452e-18
7.616269157242703 2.323717971316189e-18
7.618353483518749 2.3323799188829074e-18
7.6204383802074105 2.3398510608184304e-18
7.622523847464796 2.345093774136247e-18
7.624609885447048 2.3504285753821685e-18
7.6266964943103535 2.3579857314510252e-18
7.628783674210948 2.3665491817805206e-18
7.630871425305106 2.3728872390979773e-18
7.63295974774914 2.3773325556391947e-18
7.635048641699415 2.3837754922695595e-18
7.637138107312332 2.392438350307414e-18
7.639228144744337 2.401321781247931e-18
7.641318754151918 2.410202169943413e-18
7.643409935691604 2.418200951243698e-18
7.645501689519975 2.4239782900146595e-18
7.647594015793641 2.428732263132602e-18
7.649686914669266 2.4357015904290562e-18
7.65178038630355 2.444570310154632e-18
7.653874430853241 2.4514696178773626e-18
7.655969048475125 2.4561499188566755e-18
7.658064239326036 2.461978495040083e-18
7.660160003562847 2.4700199828098436e-18
7.6622563413424745 2.478050660472318e-18
7.664353252821877 2.4838653776869227e-18
7.666450738158064 2.488543841440775e-18
7.668548797508075 2.4954321653562093e-18
7.670647431029 2.5042789179390256e-18
7.672746638877973 2.5112374351506442e-18
7.674846421212168 2.5159824351750266e-18
7.676946778188803 2.5217082513254578e-18
7.679047709965138 2.5296414775876815e-18
7.681149216698481 2.537753158674767e-18
7.683251298546176 2.5436543748344597e-18
7.685353955665611 2.5482083593615933e-18
7.687457188214223 2.5549666966319207e-18
7.689560996349488 2.56379142842119e-18
7.691665380228924 2.570858207184042e-18
7.693770340010094 2.5757169717397933e-18
7.695875875850604 2.5812911137510363e-18
7.697981987908102 2.5890671510133104e-18
7.700088676340279 2.5973088187892996e-18
7.702195941304874 2.6033455305635067e-18
7.704303782959662 2.6077499223808203e-18
7.706412201462465 2.6143294150512086e-18
7.708521196971148 2.623108341428327e-18
7.710630769643619 2.630332309235051e-18
7.712740919637829 2.6353537792046854e-18
7.71485164711177 2.640727459021142e-18
7.716962952223485 2.648297505876172e-18
7.71907483513105 2.656718018296135e-18
7.721187295992587 2.6629390970107496e-18
7.723300334966269 2.6673324308954365e-18
7.725413952210305 2.673684347839604e-18
7.727528147882947 2.6822301628579367e-18
7.729642922142493 2.689660121116049e-18
7.731758275147285 2.6948931112624495e-18
7.733874207055704 2.7000176684023805e-18
7.735990718026178 2.7073330510516056e-18
7.73810780821718 2.7159811392420295e-18
7.740225477787222 2.7224353293596944e-18
7.742343726894861 2.726817578674567e-18
7.744462555698698 2.7328933171223156e-18
7.746581964357378 2.7411574047106575e-18
7.748701953029586 2.7488420272189274e-18
7.750822521874056 2.754335224661305e-18
7.752943671049561 2.759162127748232e-18
7.755065400714919 2.7661743015337247e-18
7.75718771102899 2.7749227368709292e-18
7.759310602150681 2.7816586544630542e-18
7.76143407423894 2.786205624035699e-18
7.763558127452756 2.791956711108699e-18
7.765682761951164 2.799890585123264e-18
7.7678079778932485 2.807878416539855e-18
7.769933775438128 2.8136803792214713e-18
7.772060154744965 2.8181612275239093e-18
7.774187115972975 2.8248217784684628e-18
7.776314659281409 2.8335479502540624e-18
7.778442784829561 2.840614081464659e-18
7.780571492776774 2.8454968283770037e-18
7.782700783282431 2.850874922632871e-18
7.78483065650596 2.8584302284017854e-18
7.78696111260683 2.866769682704107e-18
7.7890921517445575 2.872928837851717e-18
7.791223774078701 2.8772838554615933e-18
7.793355979768861 2.8835445018171903e-18
7.795488768974684 2.891979864535542e-18
7.797622141855859 2.8981661938096492e-18
7.79975609857212 2.9e-18
7.801890639283241 2.9006076316058636e-18
7.804025764149046 2.903388432527372e-18
7.806161473329398 2.907735365884743e-18
7.808297766984204 2.9120808093812487e-18
7.810434645273417 2.9164247054087167e-18
7.812572108357032 2.919298460990703e-18
7.814710156395088 2.92e-18
7.816848789547667 2.9208103276617244e-18
7.8189880079749 2.923789775096099e-18
7.821127811836954 2.9279794474343747e-18
7.823268201294042 2.93e-18
7.825409176506428 2.93e-18
7.827550737634411 2.9316513774976207e-18
7.829692884838336 2.935469368259768e-18
7.831835618278594 2.9388179907621474e-18
7.833978938115619 2.94e-18
7.836122844509891 2.940314272578816e-18
7.838267337621929 2.9427920558236044e-18
7.840412417612298 2.9471196692383714e-18
7.842558084641611 2.9496418859935835e-18
7.844704338870518 2.95e-18
7.846851180459719 2.951128559765071e-18
7.848998609569954 2.954418116363923e-18
7.851146626362009 2.958289556598852e-18
7.853295230996714 2.96e-18
7.8554444236349426 2.96e-18
7.857594204437612 2.961928230360808e-18
7.859744573565683 2.966014939723119e-18
7.86189553118016 2.969086709362311e-18
7.8640470774420965 2.97e-18
7.866199212512585 2.970557928954337e-18
7.868351936552759 2.9732712252268186e-18
7.8705052497238075 2.9775825497173626e-18
7.8726591521869524 2.979869253444881e-18
7.874813644103462 2.98e-18
7.876968725634654 2.9813177414522575e-18
7.879124396941888 2.9847669962716905e-18
7.881280658186563 2.9884492548194333e-18
7.883437509530127 2.99e-18
7.885594951134071 2.99e-18
7.887752983159933 2.992039354675665e-18
7.889911605769287 2.99622899505189e-18
7.89207081912376 2.999189640376225e-18
7.89423062338502 3e-18
7.896391018714778 3.000636037703937e-18
7.89855200527479 3.0034192403897867e-18
7.9007135832268585 3.007714157963148e-18
7.902875752732825 3.009930955277298e-18
7.905038513954581 3.01e-18
7.907201867054059 3.01e-18
7.90936581219324 3.01e-18
7.911530349534141 3.009343124534353e-18
7.9136954792388305 3.0065431833985186e-18
7.915861201469422 3.002256465570452e-18
7.918027516388068 3.000056406706286e-18
7.920194424156966 3e-18
7.9223619249383646 3e-18
7.92453001889455 3e-18
7.926698706187853 3e-18
7.928867986980652 3e-18
7.931037861435372 3e-18
7.933208329714474 3e-18
7.9353793919804705 3e-18
7.9375510483959175 2.998660205051003e-18
7.939723299123413 2.9951839992294387e-18
7.941896144325602 2.9915237941784357e-18
7.944069584165172 2.99e-18
7.946243618804857 2.99e-18
7.948418248407434 2.99e-18
7.950593473135726 2.99e-18
7.952769293152597 2.99e-18
7.9549457086209605 2.99e-18
7.957122719703772 2.9894527697667366e-18
7.959300326564032 2.9867748189126682e-18
7.961478529364786 2.98251279456181e-18
7.963657328269122 2.980190745415879e-18
7.965836723440173 2.98e-18
7.968016715041123 2.98e-18
7.970197303235192 2.98e-18
7.972378488185647 2.98e-18
7.974560270055804 2.98e-18
7.976742649009019 2.98e-18
7.978925625208694 2.98e-18
7.981109198818277 2.98e-18
7.98329337000126 2.9789169783985446e-18
7.985478138921177 2.975709931238109e-18
7.987663505741612 2.9717929528395645e-18
7.98984947062619 2.97e-18
7.992036033738582 2.97e-18
7.994223195242503 2.97e-18
7.996410955301714 2.97e-18
7.998599314080021 2.9690595862072416e-18
8.000788271741271 2.965999290896987e-18
8.00297782844936 2.961759180946336e-18
8.005167984368232 2.9575206472911007e-18
8.007358739661868 2.9532834571353868e-18
8.009550094494296 2.9490470920707227e-18
8.011742049029593 2.944812304326329e-18
8.013934603431878 2.940578104963146e-18
8.016127757865313 2.936345483512922e-18
8.018321512494106 2.932112017006548e-18
8.020515867482517 2.9257659778094474e-18
8.022710822994842 2.917308215877729e-18
8.024906379195423 2.910195499468643e-18
8.027102536248652 2.905199092357938e-18
8.02929929431896 2.900972952393454e-18
8.031496653570827 2.896748392547524e-18
8.033694614168779 2.8925246744318385e-18
8.035893176277384 2.888302269852683e-18
8.038092340061253 2.8840814464143374e-18
8.040292105685047 2.8798611941824792e-18
8.04249247331347 2.8756425236804507e-18
8.044693443111273 2.8714244208706094e-18
8.046895015243248 2.867207900378829e-18
8.049097189874235 2.86299251804425e-18
8.05129996716912 2.8587781446308493e-18
8.05350334729283 2.8545653545561257e-18
8.055707330410339 2.849476771385114e-18
8.05791191668667 2.8422849598724418e-18
8.060117106286889 2.833951225695336e-18
8.062322899376102 2.8277238882967803e-18
8.064529296119469 2.823516857200076e-18
8.066736296682187 2.8193104924692044e-18
8.068943901229503 2.815105713268728e-18
8.071152109926704 2.810901484415084e-18
8.073360922939134 2.8066988416763462e-18
8.075570340432172 2.802497003410025e-18
8.07778036257124 2.7982964941704875e-18
8.079990989521814 2.794097572063799e-18
8.082202221449412 2.7898991933550685e-18
8.084414058519595 2.7857024023622494e-18
8.086626500897971 2.7815061512101074e-18
8.088839548750194 2.777311488356116e-18
8.091053202241962 2.7731180277800472e-18
8.093267461539018 2.768925490083997e-18
8.095482326807154 2.7647345417023534e-18
8.097697798212202 2.7597686954228054e-18
8.099913875920045 2.752710601095634e-18
8.102130560096604 2.744334103293126e-18
8.104347850907857 2.738016666119472e-18
8.106565748519813 2.733795230814663e-18
8.108784253098534 2.729610641702764e-18
8.11100336481013 2.7254276440805323e-18
8.113223083820758 2.7212451687226876e-18
8.115443410296606 2.717064285432988e-18
8.117664344403924 2.712884440586636e-18
8.119885886309003 2.7087056686175776e-18
8.122108036178172 2.7045284897301555e-18
8.124330794177812 2.700351826063966e-18
8.126554160474354 2.6961767560563842e-18
8.128778135234263 2.6920021976693808e-18
8.131002718624059 2.687829233517139e-18
8.133227910810302 2.6836578080409958e-18
8.135453711959602 2.6794869467136727e-18
8.137680122238613 2.6753176806328754e-18
8.139907141814032 2.670681199296126e-18
8.142134770852604 2.663963506753188e-18
8.144363009521118 2.6556311386500674e-18
8.146591857986413 2.649016597078052e-18
8.148821316415368 2.6444870293621038e-18
8.151051384974917 2.640324055235856e-18
8.153282063832023 2.6361626785146053e-18
8.155513353153712 2.6320017956045653e-18
8.157745253107045 2.6278425106718182e-18
8.159977763859132 2.6236847722103513e-18
8.162210885577128 2.6195275760043857e-18
8.16444461842824 2.615371978784644e-18
8.16667896257971 2.6112168682377792e-18
8.168913918198832 2.60706335724792e-18
8.171149485452947 2.6029108789098474e-18
8.17338566450944 2.5987594510753907e-18
8.175622455535738 2.5946096238057765e-18
8.177859858699318 2.589653201522212e-18
8.180097874167704 2.5826250588417776e-18
8.182336502108466 2.5743306379160085e-18
8.184575742689212 2.5680653649026035e-18
8.186815596077604 2.563875582961954e-18
8.189056062441352 2.5597319883572286e-18
8.191297141948205 2.5555899964610498e-18
8.193538834765956 2.551448473220822e-18
8.195781141062453 2.5473085532560005e-18
8.198024061005583 2.5431698254012815e-18
8.200267594763284 2.5375138593466455e-18
8.202511742503535 2.529791454805123e-18
8.204756504394364 2.5215198839524883e-18
8.207001880603844 2.5132515227911855e-18
8.209247871300093 2.5049846400706177e-18
8.211494476651279 2.4967204052285126e-18
8.213741696825608 2.488459382085365e-18
8.21598953199134 2.4801992673125614e-18
8.218237982316783 2.4719423653662333e-18
8.22048704797028 2.463686364400762e-18
8.222736729120225 2.455433577387599e-18
8.224987025935064 2.4471837118821053e-18
8.227237938583286 2.4389350335263586e-18
8.229489467233421 2.4306895711268734e-18
8.231741612054048 2.4224533041216556e-18
8.233994373213797 2.414261064105271e-18
8.236247750881336 2.406103439697752e-18
8.238501745225385 2.3994645345896003e-18
8.24075635641471 2.3948465409694404e-18
8.243011584618118 2.3900658464755893e-18
8.245267430004468 2.3832299134166413e-18
8.247523892742663 2.3750013929830246e-18
8.249780973001652 2.3667755044019517e-18
8.25203867095043 2.3585528380139618e-18
8.254296986758039 2.3503310286762487e-18
8.256555920593566 2.3421124426479773e-18
8.258815472626146 2.3338947062016473e-18
8.261075643024963 2.325680194179381e-18
8.263336431959235 2.3174687643656575e-18
8.265597839598247 2.3092583199835137e-18
8.267859866111309 2.30105110202103e-18
8.27012251166779 2.2928447189009483e-18
8.272385776437101 2.2846415633119593e-18
8.274649660588704 2.2764407959635055e-18
8.276914164292098 2.2682416963559994e-18
8.27917928771684 2.2600458262728547e-18
8.281445031032526 2.251850776242599e-18
8.283711394408797 2.2436589568449426e-18
8.285978378015347 2.2354688672938387e-18
8.288245982021913 2.227281092163464e-18
8.290514206598278 2.2190965496565886e-18
8.292783051914268 2.2109128123630397e-18
8.295052518139764 2.2027323087980167e-18
8.297322605444688 2.1945529123582522e-18
8.299593313999008 2.1863764412906003e-18
8.30186464397274 2.178203205940006e-18
8.304136595535947 2.1700307609129677e-18
8.306409168858739 2.1618615527047843e-18
8.308682364111268 2.153693127249313e-18
8.310956181463741 2.145527939712723e-18
8.313230621086403 2.1373657284040037e-18
8.31550568314955 2.1292045550558906e-18
8.317781367823521 2.1210466216113258e-18
8.320057675278711 2.112889455956235e-18
8.322334605685551 2.104735531301472e-18
8.32461215921452 2.096584049841156e-18
8.326890336036154 2.0884341274666414e-18
8.32916913632102 2.080287448074701e-18
8.331448560239744 2.0721415214585324e-18
8.333728607962993 2.063998838918451e-18
8.336009279661484 2.0558581025541915e-18
8.338290575505978 2.049306499536009e-18
8.340572495667281 2.044791982080745e-18
8.342855040316252 2.0400701844176557e-18
8.34513820962379 2.033317794393689e-18
8.347422003760848 2.0251878183545124e-18
8.349706422898414 2.0170603353386137e-18
8.35199146720754 2.0089361014462142e-18
8.35427713685931 2.0008125901501963e-18
8.356563432024856 1.9926923290646116e-18
8.358850352875368 1.984573128560745e-18
8.361137899582072 1.976456833692686e-18
8.363426072316248 1.968343791009966e-18
8.365714871249214 1.9602314557577193e-18
8.368004296552346 1.9521223737744193e-18
8.37029434839706 1.944013991523791e-18
8.372585026954814 1.93590886362393e-18
8.374876332397129 1.927806963438801e-18
8.377168264895555 1.9197057829938926e-18
8.379460824621699 1.9116078588706585e-18
8.381754011747216 1.9035106192397576e-18
8.384047826443801 1.8954166370089895e-18
8.386342268883201 1.8873255488222977e-18
8.38863733923721 1.8792355018287298e-18
8.39093303767767 1.871148714203682e-18
8.393229364376463 1.863062595779491e-18
8.395526319505525 1.854979737798961e-18
8.397823903236837 1.846899476752022e-18
8.400122115742427 1.8388205417338305e-18
8.402420957194373 1.8307448691251565e-18
8.40472042776479 1.8226698503745946e-18
8.407020527625855 1.8145980951053047e-18
8.40932125694978 1.8065286763200315e-18
8.411622615908833 1.798460831680999e-18
8.413924604675321 1.7903962524865612e-18
8.416227223421604 1.782332311756082e-18
8.418530472320082 1.7742716375385744e-18
8.420834351543213 1.7662130761173533e-18
8.423138861263496 1.7581563001406268e-18
8.425444001653474 1.7501027926376325e-18
8.427749772885743 1.742049908152937e-18
8.430056175132947 1.734000293206938e-18
8.432363208567772 1.7259526042324724e-18
8.434670873362949 1.717906875080247e-18
8.436979169691266 1.709864417424905e-18
8.439288097725555 1.701822567290546e-18
8.441597657638688 1.6937839897146404e-18
8.443907849603594 1.6857471882498406e-18
8.446218673793243 1.677712483962964e-18
8.448530130380657 1.669681054190121e-18
8.450842219538899 1.6610589800353346e-18
8.453154941441085 1.65043398124068e-18
8.455468296260376 1.6383951328723674e-18
8.457782284169982 1.627968867935964e-18
8.460096905343159 1.6195526297687732e-18
8.46241215995321 1.611532782162566e-18
8.464728048173487 1.6035162131361838e-18
8.467044570177388 1.5955012317994348e-18
8.46936172613836 1.5874885108788948e-18
8.471679516229894 1.5794790704885204e-18
8.473997940625535 1.5714701908161316e-18
8.47631699949887 1.5634645927251384e-18
8.478636693023534 1.555460543966468e-18
8.480957021373209 1.5474587813025301e-18
8.483277984721628 1.5394603021676867e-18
8.485599583242571 1.5314623680457023e-18
8.487921817109862 1.5234677185005575e-18
8.490244686497373 1.515474617302239e-18
8.49256819157903 1.5074837904470402e-18
8.494892332528801 1.4994962501137037e-18
8.497217109520701 1.4915092390358596e-18
8.499542522728792 1.483525515524142e-18
8.50186857232719 1.4755433768479103e-18
8.504195258490052 1.4675634632305136e-18
8.506522581391586 1.4595868391215887e-18
8.508850541206044 1.451610728458396e-18
8.511179138107734 1.4436379083444105e-18
8.513508372271001 1.435666747131371e-18
8.515838243870245 1.427697724057452e-18
8.51816875307991 1.4197319934723917e-18
8.520499900074492 1.4117667604707878e-18
8.522831685028532 1.4038048209952614e-18
8.525164108116616 1.3958446521657298e-18
8.527497169513383 1.3878864968171883e-18
8.529830869393516 1.379931636931655e-18
8.532165207931747 1.371977258714665e-18
8.53450018530286 1.3640261769943484e-18
8.536835801681677 1.3560770154477055e-18
8.539172057243077 1.348129704882343e-18
8.541508952161983 1.3401856927478417e-18
8.543846486613369 1.3322421463142068e-18
8.54618466077225 1.3243018993415663e-18
8.548523474813695 1.31636375995612e-18
8.55086292891282 1.3070423698521745e-18
8.553203023244787 1.2957411254761907e-18
8.555543757984804 1.2841932889551162e-18
8.557885133308137 1.2746319105174712e-18
8.560227149390089 1.266704808150316e-18
8.562569806406014 1.258779117826443e-18
8.564913104531318 1.2508567318501995e-18
8.567257043941447 1.242934779480672e-18
8.569601624811906 1.2350161324817296e-18
8.571946847318236 1.2271000819686042e-18
8.574292711636033 1.2191851668530577e-18
8.576639217940944 1.2112735590339664e-18
8.578986366408659 1.2033623686948682e-18
8.581334157214915 1.1954544866715743e-18
8.5836825905355 1.1875495028267147e-18
8.586031666546248 1.1796453394772844e-18
8.588381385423045 1.1717444863667232e-18
8.590731747341822 1.1638440345561602e-18
8.593082752478558 1.1559468940001875e-18
8.595434401009282 1.1480529916161958e-18
8.59778669311007 1.1401595564647897e-18
8.600139628957045 1.1322694344882064e-18
8.60249320872638 1.1243799990550678e-18
8.604847432594294 1.118355473576406e-18
8.60720230073706 1.1143052343514325e-18
8.609557813330992 1.1095606064593226e-18
8.611913970552457 1.1028483235117242e-18
8.614270772577868 1.0949699932066854e-18
8.616628219583689 1.0870942645556992e-18
8.618986311746426 1.0792218539252372e-18
8.621345049242638 1.0720026740415783e-18
8.623704432248939 1.0667728308842049e-18
8.626064460941976 1.0628781993539448e-18
8.628425135498453 1.0574742258582438e-18
8.630786456095128 1.0500870668214407e-18
8.633148422908796 1.042225643777262e-18
8.63551103611631 1.0343675426685846e-18
8.637874295894562 1.026511576268001e-18
8.640238202420502 1.019974330943215e-18
8.64260275587112 1.0154030078452318e-18
8.644967956423459 1.011235020380265e-18
8.647333804254615 1.0051077593796854e-18
8.64970029954172 9.972629422573666e-19
8.652067442461965 9.89869297208522e-19
8.654435233192586 9.832629026030653e-19
8.65680367191087 9.769862038027662e-19
8.659172758794146 9.705163526659594e-19
8.6615424940198 9.63857747470367e-19
8.66391287776526 9.572915367014622e-19
8.666283910208005 9.509238577782868e-19
8.66865559152556 9.446605483612323e-19
8.671027921895504 9.382204905182684e-19
8.673400901495464 9.3158750930033e-19
8.675774530503109 9.249382570966863e-19
8.678148809096163 9.182918375575887e-19
8.680523737452393 9.116465806330067e-19
8.682899315749623 9.051596144577956e-19
8.68527554416572 8.988707913135538e-19
8.687652422878598 8.925741220549221e-19
8.690029952066224 8.860849791635668e-19
8.69240813190661 8.794492439953444e-19
8.69478696257782 8.72814851525228e-19
8.697166444257967 8.661832957862802e-19
8.699546577125208 8.595519553064521e-19
8.701927361357754 8.529234523930324e-19
8.704308797133862 8.462972513869623e-19
8.706690884631836 8.397788569901756e-19
8.709073624030033 8.334580496882308e-19
8.71145701550686 8.272252635683478e-19
8.713841059240766 8.2080387750580485e-19
8.716225755410253 8.141905310148393e-19
8.718611104193869 8.076543946472931e-19
8.720997105770222 8.013155668515502e-19
8.723383760317954 7.950917727702839e-19
8.72577106801576 7.887062301736545e-19
8.728159029042391 7.8212901062541305e-19
8.730547643576639 7.75521362922491e-19
8.73293691179735 7.689165592699223e-19
8.735326833883413 7.623133444577584e-19
8.737717410013776 7.558465043013635e-19
8.740108640367422 7.495765811794768e-19
8.742500525123397 7.433428597041814e-19
8.744893064460786 7.36917913327235e-19
8.74728625855873 7.303242772524346e-19
8.749680107596415 7.237313538209805e-19
8.752074611753073 7.171412784694297e-19
8.754469771207996 7.105515348691568e-19
8.75686558614051 7.041505562296005e-19
8.759262056730002 6.979461021472802e-19
8.761659183155905 6.916759232027023e-19
8.764056965597698 6.852149198806826e-19
8.766455404234911 6.786347748004893e-19
8.768854499247126 6.720565310558768e-19
8.771254250813971 6.654811394085236e-19
8.773654659115124 6.589465157293996e-19
8.776055724330309 6.526079695317556e-19
8.778457446639305 6.46423937276966e-19
8.780859826221935 6.401206403733293e-19
8.783262863258074 6.336269205303708e-19
8.785666557927648 6.270604561712051e-19
8.788070910410628 6.204968471329359e-19
8.790475920887037 6.139359359407081e-19
8.792881589536947 6.074607155640168e-19
8.795287916540476 6.011811784241342e-19
8.797694902077797 5.950098917487157e-19
8.800102546329128 5.894959579155243e-19
8.80251084947474 5.847555582254351e-19
8.80491981169495 5.801799366939295e-19
8.807329433170121 5.757988762521956e-19
8.809739714080676 5.715623560974843e-19
8.812150654607079 5.673266611989025e-19
8.814562254929843 5.630928174716196e-19
8.816974515229536 5.588590244434119e-19
8.819387435686771 5.546270831069786e-19
8.821801016482212 5.503968102933712e-19
8.82421525779657 5.461667671191577e-19
8.826630159810612 5.419385766629351e-19
8.829045722705146 5.377108521036376e-19
8.831461946661037 5.336494464750421e-19
8.833878831859195 5.29781921657592e-19
8.83629637848058 5.258926254618844e-19
8.8387145867062 5.218131564592546e-19
8.84113345671712 5.17591691931835e-19
8.843552988694444 5.133710268432834e-19
8.845973182819336 5.091522170392012e-19
8.848394039272996 5.04933434152577e-19
8.85081555823669 5.007165070655219e-19
8.853237739891725 4.965013104436199e-19
8.855660584419454 4.922862618036451e-19
8.858084092001283 4.880730699851833e-19
8.860508262818673 4.83860433951617e-19
8.86293309705313 4.796491168155981e-19
8.865358594886207 4.754396575222825e-19
8.867784756499507 4.712302107824026e-19
8.870211582074694 4.67022622397088e-19
8.872639071793465 4.628162669129754e-19
8.875067225837576 4.586105451405726e-19
8.877496044388835 4.544066827421374e-19
8.879925527629094 4.502028953715112e-19
8.882355675740254 4.460008957929259e-19
8.884786488904272 4.418007566069555e-19
8.887217967303151 4.376006155366854e-19
8.889650111118943 4.3340233536764694e-19
8.892082920533749 4.292048411626184e-19
8.894516395729728 4.2500841569016483e-19
8.89695053688908 4.2081385213577765e-19
8.899385344194055 4.1661927703190656e-19
8.901820817826957 4.124265643524912e-19
8.90425695797014 4.082353711334767e-19
8.906693764806006 4.040445049921867e-19
8.909131238517006 3.998555022903737e-19
8.911569379285641 3.9566688946639343e-19
8.914008187294465 3.914797294623413e-19
8.91644766272608 3.872944339120161e-19
8.918887805763138 3.831091122523385e-19
8.92132861658834 3.789256555494811e-19
8.923770095384441 3.747433562795027e-19
8.926212242334238 3.7056173406185414e-19
8.928655057620585 3.663819778134438e-19
8.931098541426387 3.622022664327013e-19
8.933542693934593 3.5802434080037676e-19
8.935987515328208 3.5384828214892334e-19
8.93843300579028 3.4967218275380734e-19
8.940879165503912 3.4549795083935456e-19
8.94332599465226 3.4132456555200386e-19
8.945773493418528 3.3715215598675194e-19
8.948221661985961 3.329816149119464e-19
8.950670500537868 3.2881102330038774e-19
8.9531200092576 3.246423006767868e-19
8.955570188328561 3.204752492486392e-19
8.958021037934206 3.1630834067178277e-19
8.960472558258035 3.121433020908129e-19
8.962924749483605 3.079788507791374e-19
8.965377611794516 3.0381562232794275e-19
8.967831145374427 2.9965426487976564e-19
8.970285350407043 2.9549284213717004e-19
8.972740227076113 2.913332908917615e-19
8.975195775565444 2.871751859292022e-19
8.977651996058896 2.8301743645640724e-19
8.980108888740371 2.7886155948604723e-19
8.98256645379383 2.7470606210210037e-19
8.985024691403268 2.705519829583038e-19
8.987483601752754 2.663997773213924e-19
8.989943185026391 2.6224749155721786e-19
8.992403441408335 2.5809707979072516e-19
8.994864371082794 2.5394794121638993e-19
8.997325974234029 2.5062639172549383e-19
8.999788251046345 2.488143376852476e-19
9.002251201704105 2.4768346762734873e-19
9.004714826391716 2.4655302346936933e-19
9.00717912529364 2.4542309094829347e-19
9.009644098594384 2.442478283118663e-19
9.012109746478513 2.4288491445118053e-19
9.014576069130639 2.4137940452200347e-19
9.017043066735422 2.399839096713245e-19
9.019510739477575 2.3877714135136318e-19
9.021979087541862 2.3764872412263796e-19
9.024448111113097 2.3652075766037127e-19
9.02691781037614 2.3539330351307365e-19
9.029388185515913 2.3421617081032325e-19
9.03185923671738 2.3285179687297127e-19
9.034330964165553 2.3134956189206105e-19
9.036803368045502 2.2996047363022156e-19
9.039276448542346 2.287597031509407e-19
9.041750205841247 2.2763374415855196e-19
9.044224640127428 2.26508246495936e-19
9.04669975158616 2.253832618239177e-19
9.049175540402764 2.242095472702233e-19
9.051652006762602 2.2285642733174073e-19
9.054129150851104 2.213723264553938e-19
9.056606972853743 2.1999190671621365e-19
9.05908547295604 2.1879197632252626e-19
9.061564651343566 2.17668497380895e-19
9.06404450820195 2.16545454035869e-19
9.066525043716865 2.1542292435310938e-19
9.069006258074037 2.143003564160677e-19
9.071488151459246 2.1317830227139511e-19
9.073970724058318 2.1205657106040518e-19
9.076453976057131 2.108307168268265e-19
9.078937907641617 2.0941856723015771e-19
9.081422518997755 2.079238873284676e-19
9.083907810311574 2.0659437852811648e-19
9.08639378176916 2.0545224461027503e-19
9.088880433556648 2.0433212393038517e-19
9.09136776586022 2.0321251771260002e-19
9.093855778866107 2.020932588738759e-19
9.096344472760602 2.0087657247053199e-19
9.098833847730042 1.99474003714472e-19
9.101323903960807 1.9798262299542934e-19
9.103814641639346 1.9664842007856978e-19
9.106306060952143 1.955011802581574e-19
9.10879816208574 1.943834976911785e-19
9.111290945226735 1.9326633025353704e-19
9.113784410561763 1.921495491501691e-19
9.116278558277521 1.9103284901044209e-19
9.118773388560758 1.8991666426891126e-19
9.121268901598267 1.8880060847615354e-19
9.123765097576896 1.8753943582756675e-19
9.126261976683548 1.860929159870653e-19
9.128759539105168 1.8462311638538844e-19
9.131257785028762 1.8333969543649205e-19
9.133756714641375 1.8222539741940638e-19
9.136256328130116 1.8111112330385083e-19
9.138756625682142 1.799973652504156e-19
9.141257607484652 1.7888379455151002e-19
9.143759273724909 1.7763950999105271e-19
9.146261624590217 1.7621029336183875e-19
9.14876466026794 1.7472844841556383e-19
9.151268380945488 1.7343256832421252e-19
9.153772786810322 1.7232075873203571e-19
9.156277878049956 1.7120890131859235e-19
9.158783654851954 1.7009756062864142e-19
9.161290117403933 1.6898648035857306e-19
9.16379726589356 1.6776232093242416e-19
9.166305100508556 1.6635364544654993e-19
9.16881362143669 1.6487317849426362e-19
9.171322828865783 1.635615826028228e-19
9.173832722983708 1.6243558765652632e-19
9.176343303978392 1.6132613754671538e-19
9.178854572037807 1.602172048191989e-19
9.181366527349983 1.5910862030047908e-19
9.183879170102998 1.5800014304144148e-19
9.186392500484985 1.5689218343093601e-19
9.188906518684119 1.557843309672544e-19
9.191421224888641 1.5453071272819571e-19
9.193936619286832 1.5309311770273485e-19
9.196452702067027 1.51632178358014e-19
9.198969473417616 1.50356251752723e-19
9.20148693352704 1.4925016829525245e-19
9.204005082583787 1.4814408590750537e-19
9.206523920776398 1.4703852182369048e-19
9.209043448293475 1.4593317241669484e-19
9.211563665323656 1.4470734167600925e-19
9.21408457205564 1.4329795225489557e-19
9.216606168678176 1.4182513275462952e-19
9.21912845538007 1.405257820342697e-19
9.221651432350166 1.3941107777348092e-19
9.224175099777373 1.3830738067802984e-19
9.226699457850648 1.3720420253928662e-19
9.229224506758994 1.361013614823457e-19
9.231750246691474 1.3499863038438337e-19
9.234276677837197 1.338964185074919e-19
9.236803800385326 1.3279431422289565e-19
9.239331614525076 1.315495331610672e-19
9.241860120445713 1.3012173556796592e-19
9.244389318336555 1.2866342915401973e-19
9.24691920838697 1.273891783633714e-19
9.249449790786384 1.2628885093693091e-19
9.251981065724266 1.2518849245493992e-19
9.254513033390147 1.2408865384332694e-19
9.257045693973597 1.2298906517592441e-19
9.259579047664248 1.2177969239211462e-19
9.262113094651784 1.2038772326856515e-19
9.264647835125935 1.189225910291609e-19
9.267183269276485 1.1761724855312323e-19
9.269719397293272 1.1649559306022636e-19
9.272256219366188 1.153975974327786e-19
9.274793735685169 1.1430012232234679e-19
9.277331946440206 1.1320305453562742e-19
9.27987085182135 1.1203228294104969e-19
9.282410452018695 1.1067933607206208e-19
9.284950747222389 1.092175676491168e-19
9.28749173762263 1.0787792009615087e-19
9.290033423409678 1.067215396367014e-19
9.292575804773833 1.0562595551637073e-19
9.295118881905449 1.0453083406461052e-19
9.297662654994943 1.0343623391643357e-19
9.30020712423277 1.0232782763231134e-19
9.302752289809444 1.0114703286672061e-19
9.305298151915533 9.990739489699699e-20
9.307844710741652 9.867594736444798e-20
9.31039196647847 9.746330614847443e-20
9.312939919316715 9.626094670980249e-20
9.315488569447155 9.505889122400448e-20
9.318037917060614 9.385740987769631e-20
9.320587962347979 9.265586982827551e-20
9.323138705500174 9.145486271316568e-20
9.325690146708185 9.025443002445019e-20
9.328242286163045 8.905389567233196e-20
9.330795124055847 8.785393587598544e-20
9.333348660577723 8.665436528272742e-20
9.335902895919869 8.546313060630074e-20
9.338457830273532 8.429063115111766e-20
9.341013463830006 8.312820784393916e-20
9.343569796780638 8.19533503092803e-20
9.346126829316836 8.076090255347607e-20
9.348684561630048 7.956297587251068e-20
9.35124299391178 7.83655762717175e-20
9.353802126353596 7.716875208457727e-20
9.356361959147105 7.597181973237889e-20
9.358922492483968 7.477546292170411e-20
9.361483726555903 7.357951063232551e-20
9.364045661554677 7.238361971579327e-20
9.366608297672112 7.118830462579213e-20
9.369171635100084 6.99931768536408e-20
9.371735674030516 6.879832630004131e-20
9.374300414655387 6.760405185768673e-20
9.37686585716673 6.640974939791161e-20
9.379432001756625 6.52159381309272e-20
9.38199884861721 6.402270325960716e-20
9.384566397940674 6.282935367731663e-20
9.38713464991926 6.163658061703739e-20
9.389703604745257 6.04442574662157e-20
9.392273262611017 5.925194472337447e-20
9.394843623708937 5.806020878629458e-20
9.397414688231468 5.686871310460687e-20
9.399986456371115 5.567743611440348e-20
9.402558928320438 5.44867362134129e-20
9.405132104272042 5.3296068794291777e-20
9.407705984418591 5.2105826466304876e-20
9.410280568952803 5.091616151068477e-20
9.412855858067445 4.97263752536981e-20
9.41543185195534 4.85371664938904e-20
9.418008550809354 4.734848328279027e-20
9.420585954822421 4.6159729213851094e-20
9.423164064187517 4.4971552924567186e-20
9.425742879097676 4.378370012678872e-20
9.42832239974598 4.260503378400469e-20
9.43090262632557 4.1444928218055824e-20
9.433483559029632 4.0293876976580025e-20
9.436065198051415 3.9130144623060895e-20
9.438647543584212 3.794900297695353e-20
9.44123059582137 3.6762813380484756e-20
9.443814354956293 3.5577149255259893e-20
9.446398821182441 3.4392063755306486e-20
9.448983994693316 3.3206848644227293e-20
9.451569875682479 3.202221228130313e-20
9.454156464343546 3.083801312673528e-20
9.456743760870186 2.965382438152593e-20
9.459331765456113 2.8470214665354144e-20
9.461920478295106 2.7286849650353455e-20
9.464509899580989 2.6103686152116183e-20
9.467100029507638 2.492110196349337e-20
9.469690868268987 2.3738571877567344e-20
9.47228241605902 2.2556432503742368e-20
9.474874673071778 2.1374872719800713e-20
9.477467639501352 2.0193178352058655e-20
9.480061315541883 1.9012061976416856e-20
9.482655701387571 1.783152547061975e-20
9.485250797232668 1.6650850972486642e-20
9.487846603271475 1.5470756465126106e-20
9.49044311969835 1.4291058744546292e-20
9.493040346707705 1.3113578882664231e-20
9.495638284494003 1.1942037011643296e-20
9.498236933251757 1.0773894052749221e-20
9.500836293175539 9.936061738096414e-21
9.503436364459974 9.643118810863004e-21
9.506037147299736 9.56458406248375e-21
9.508638641889556 9.497559698264882e-21
9.511240848424219 9.444840973967087e-21
9.513843767098555 9.394897345551324e-21
9.516447398107458 9.343196759056523e-21
9.519051741645871 9.28974131611135e-21
9.521656797908792 9.236331056653682e-21
9.524262567091263 9.183211825273646e-21
9.526869049388395 9.13032388910464e-21
9.529476244995344 9.077341150822028e-21
9.532084154107313 9.024120573680677e-21
9.53469277691957 8.970742420989598e-21
9.537302113627433 8.917372220108624e-21
9.539912164426273 8.864028463675062e-21
9.542522929511506 8.810688599243646e-21
9.545134409078617 8.757364403911105e-21
9.547746603323134 8.704066665616208e-21
9.550359512440636 8.650765125106641e-21
9.552973136626768 8.597486882475108e-21
9.555587476077221 8.544235109456996e-21
9.558202530987732 8.490976291580026e-21
9.560818301554107 8.43774394863234e-21
9.563434787972197 8.384533724791593e-21
9.566051990437902 8.331320740867962e-21
9.568669909147186 8.278134244416925e-21
9.57128854429606 8.224962440854719e-21
9.573907896080591 8.172621318429395e-21
9.576527964696897 8.122077565280879e-21
9.579148750341155 8.07248644075294e-21
9.58177025320959 8.021768014373091e-21
9.584392473498482 7.969304746603516e-21
9.58701541140417 7.916209890304306e-21
9.589639067123038 7.863134087500397e-21
9.59226344085153 7.810084809711149e-21
9.594888532786143 7.757028480357136e-21
9.597514343123427 7.703998297110153e-21
9.600140872059981 7.650994651362444e-21
9.602768119792469 7.597983490940261e-21
9.605396086517597 7.544998873223248e-21
9.608024772432131 7.492034199004937e-21
9.610654177732894 7.439068537462453e-21
9.613284302616751 7.386129431076707e-21
9.615915147280637 7.33320337972267e-21
9.618546711921526 7.280283162704048e-21
9.621178996736456 7.227389513278877e-21
9.623812001922515 7.174502120235735e-21
9.626445727676844 7.122787300525934e-21
9.62908017419664 7.072860443124889e-21
9.63171534167915 7.023534990439544e-21
9.634351230321684 6.972784109105264e-21
9.636987840321598 6.920297955866125e-21
9.6396251718763 6.867487985704008e-21
9.64226322518326 6.814703774398022e-21
9.644902000440002 6.761946167905795e-21
9.647541497844092 6.709180572066613e-21
9.650181717593163 6.656441586135722e-21
9.652822659884897 6.6037236076018355e-21
9.655464324917034 6.551003169559509e-21
9.658106712887355 6.498309353783738e-21
9.660749823993712 6.4456301998646655e-21
9.663393658434005 6.392954864240665e-21
9.666038216406186 6.340306163226233e-21
9.668683498108255 6.2876658692364776e-21
9.671329503738285 6.235035580478316e-21
9.673976233494386 6.182431938657573e-21
9.676623687574725 6.1298305398909144e-21
9.679271866177531 6.0772452422718314e-21
9.68192076950108 6.024686603902816e-21
9.684570397743704 5.9721241356322555e-21
9.68722075110379 5.921139498561885e-21
9.689871829779783 5.871932076922701e-21
9.692523633970175 5.822854191863564e-21
9.695176163873514 5.772052439449446e-21
9.697829419688409 5.7195822972851095e-21
9.700483401613516 5.667104948184101e-21
9.703138109847545 5.614654287875205e-21
9.705793544589268 5.562223171219799e-21
9.708449706037506 5.5097905763549585e-21
9.711106594391131 5.457384682529965e-21
9.713764209849078 5.4049926265623765e-21
9.716422552610329 5.352604729346873e-21
9.719081622873924 5.300243545403496e-21
9.721741420838958 5.2478905852813365e-21
9.724401946704578 5.195547328952382e-21
9.727063200669988 5.143230798112294e-21
9.729725182934446 5.090916968971676e-21
9.732387893697261 5.038618296590225e-21
9.735051333157802 4.9863463618988634e-21
9.73771550151549 4.934071698854399e-21
9.740380398969798 4.8832940761296236e-21
9.743046025720258 4.834284147122362e-21
9.745712381966456 4.7855310493906854e-21
9.748379467908027 4.735103906714226e-21
9.751047283744668 4.682962105801468e-21
9.753715829676128 4.630770074987221e-21
9.756385105902213 4.578604811047371e-21
9.759055112622775 4.5264621265263346e-21
9.761725850037731 4.474314438000161e-21
9.764397318347047 4.422193528483446e-21
9.767069517750745 4.370090139545408e-21
9.769742448448898 4.317986735498522e-21
9.772416110641645 4.265910122580276e-21
9.77509050452917 4.2138460642208866e-21
9.777765630311709 4.161786886666421e-21
9.780441488189563 4.109754512344029e-21
9.783118078363085 4.0577298195368805e-21
9.785795401032676 4.005714810309765e-21
9.788473456398794 3.9537266164022e-21
9.791152244661962 3.901741324098512e-21
9.793831766022748 3.8497704248551236e-21
9.79651202068177 3.797826353002798e-21
9.799193008839719 3.745880496131542e-21
9.801874730697325 3.695353538933035e-21
9.804557186455373 3.64658339734619e-21
9.807240376314713 3.598137436582537e-21
9.809924300476245 3.5481247148112244e-21
9.81260895914092 3.496408394922159e-21
9.815294352509753 3.444542617618728e-21
9.817980480783806 3.392703696474744e-21
9.820667344164196 3.3408905348335174e-21
9.823354942852099 3.2890686203439447e-21
9.82604327704875 3.2372735740176015e-21
9.828732346955432 3.185499976471061e-21
9.831422152773479 3.133721865570614e-21
9.834112694704293 3.081970634821029e-21
9.836803972949323 3.030236636175169e-21
9.83949598771007 2.9785022694588292e-21
9.842188739188096 2.9267947948647747e-21
9.844882227585021 2.8751004299025462e-21
9.847576453102516 2.823409747784674e-21
9.850271415942299 2.771745969744181e-21
9.852967116306157 2.720091273225478e-21
9.855663554395928 2.6684442159395994e-21
9.858360730413501 2.6168240746697644e-21
9.86105864456082 2.565209081331182e-21
9.863757297039893 2.5146784847945318e-21
9.866456688052777 2.465893756168566e-21
9.869156817801581 2.417756851086389e-21
9.871857686488475 2.368405027602532e-21
9.874559294315684 2.3173607335722016e-21
9.877261641485486 2.2658252507103996e-21
9.87996472820021 2.214308707507872e-21
9.882668554662251 2.1628191160388455e-21
9.885373121074055 2.1113234404267935e-21
9.88807842763812 2.0598502811750525e-21
9.890784474557002 2.0084040855296595e-21
9.893491262033312 1.956948251810158e-21
9.896198790269715 1.9055184158337106e-21
9.898907059468932 1.8541155553197763e-21
9.901616069833748 1.8027020018418395e-21
9.90432582156699 1.751315428282381e-21
9.907036314871545 1.699953438294981e-21
9.909747549950364 1.6485830743731672e-21
9.91245952700644 1.5972397021893947e-21
9.915172246242829 1.5459176469511603e-21
9.917885707862641 1.4949594875696696e-21
9.92059991206905 1.4457375007219624e-21
9.923314859065272 1.397874220500687e-21
9.92603054905458 1.3495118066989783e-21
9.928746982240316 1.2994667714869851e-21
9.931464158825866 1.2482246893361162e-21
9.934182079014668 1.1969835261008486e-21
9.936900743010234 1.1457693899616201e-21
9.939620151016111 1.0945673461005809e-21
9.942340303235909 1.043443208382544e-21
9.945061199873305 9.925166260840787e-22
9.947782841132014 9.416957347851928e-22
9.950505227215814 8.909670664887795e-22
9.953228358328541 8.404356513377473e-22
9.95595223467409 7.899954122789188e-22
9.958676856456405 7.395643941376857e-22
9.961402223879485 6.891600774678198e-22
9.964128337147388 6.38759444798705e-22
9.96685519646423 5.882631325357644e-22
9.969582802034182 5.376234180792574e-22
9.972311154061462 4.86922148757167e-22
9.97504025275036 4.363530396979481e-22
9.977770098305207 3.8598081694886693e-22
9.980500690930398 3.356594988326146e-22
9.98323203083038 2.8535485692631243e-22
9.985964118209663 2.3507695107637624e-22
9.988696953272806 1.8479534107419977e-22
9.99143053622442 1.3446140156479498e-22
9.994164867269184 8.40659589408263e-23
9.996899946611828 3.364756542946066e-23
9.999635774457133 4.74114938270729e-24
10.00237235100994 7.9640297109802535e-25
10.00510967647515 2.9438204887860184e-25
10.007847751057714 2.1668622874844514e-26
10.010586574962636 0.0
10.013326148394984 0.0
10.016066471559888 0.0
10.018807544662517 0.0
10.021549367908104 0.0
10.024291941501943 0.0
10.027035265649378 0.0
10.029779340555809 0.0
10.0325241664267 0.0
10.035269743467563 0.0
10.038016071883964 0.0
10.040763151881535 0.0
10.043510983665964 0.0
10.046259567442984 0.0
10.04900890341839 0.0
10.051758991798039 0.0
10.05450983278784 0.0
10.057261426593751 0.0
10.060013773421801 0.0
10.062766873478065 0.0
10.065520726968675 0.0
10.068275334099827 0.0
10.071030695077765 0.0
10.073786810108789 0.0
10.076543679399261 0.0
10.079301303155603 0.0
10.082059681584282 0.0
10.084818814891825 0.0
10.087578703284827 0.0
10.090339346969923 0.0
10.093100746153814 0.0
10.095862901043255 0.0
10.09862581184506 0.0
10.101389478766098 0.0
10.104153902013287 0.0
10.10691908179362 0.0
10.109685018314131 0.0
10.112451711781913 0.0
10.11521916240412 0.0
10.117987370387961 0.0
10.120756335940701 0.0
10.12352605926966 0.0
10.126296540582217 0.0
10.129067780085814 0.0
10.131839777987938 0.0
10.134612534496135 0.0
10.137386049818016 0.0
10.140160324161245 0.0
10.142935357733538 0.0
10.14571115074267 0.0
10.14848770339648 0.0
10.151265015902855 0.0
10.154043088469738 0.0
10.15682192130514 0.0
10.159601514617119 0.0
10.162381868613789 0.0
10.165162983503329 0.0
10.167944859493973 0.0
10.170727496794004 0.0
10.173510895611772 0.0
10.176295056155677 0.0
10.17907997863418 0.0
10.181865663255797 0.0
10.184652110229106 0.0
10.187439319762733 0.0
10.190227292065366 0.0
10.193016027345754 0.0
10.195805525812698 0.0
10.198595787675053 0.0
10.201386813141742 0.0
10.204178602421738 0.0
10.206971155724066 0.0
10.209764473257817 0.0
10.212558555232143 0.0
10.215353401856238 0.0
10.218149013339364 0.0
10.22094538989084 0.0
10.223742531720042 0.0
10.226540439036398 0.0
10.229339112049399 0.0
10.232138550968592 0.0
10.23493875600358 0.0
10.23773972736402 0.0
10.240541465259636 0.0
10.243343969900202 0.0
10.246147241495553 0.0
10.248951280255575 0.0
10.25175608639022 0.0
10.254561660109493 0.0
10.257368001623458 0.0
10.260175111142232 0.0
10.262982988875999 0.0
10.26579163503499 0.0
10.268601049829496 0.0
10.27141123346987 0.0
10.274222186166526 0.0
10.277033908129923 0.0
10.279846399570584 0.0
10.282659660699094 0.0
10.28547369172609 0.0
10.288288492862266 0.0
10.29110406431838 0.0
10.293920406305244 0.0
10.29673751903372 0.0
10.299555402714741 0.0
10.302374057559295 0.0
10.305193483778414 0.0
10.308013681583207 0.0
10.31083465118483 0.0
10.313656392794499 0.0
10.316478906623486 0.0
10.319302192883125 0.0
10.322126251784802 0.0
10.324951083539965 0.0
10.327776688360121 0.0
10.330603066456833 0.0
