#xsec (eV,cm2) for SO3 -> SO2 + O
3.1000290654125155 0.0
3.1008774429979375 0.0
3.1017260527568364 0.0
3.102574894752751 0.0
3.103423969049237 0.0
3.1042732757098674 0.0
3.105122814798232 0.0
3.1059725863779404 0.0
3.1068225905126168 0.0
3.1076728272659047 0.0
3.1085232967014633 0.0
3.1093739988829707 0.0
3.1102249338741217 0.0
3.1110761017386297 0.0
3.1119275025402233 0.0
3.1127791363426507 0.0
3.113631003209677 0.0
3.114483103205083 0.0
3.1153354363926695 0.0
3.116188002836253 0.0
3.1170408025996696 0.0
3.1178938357467696 0.0
3.1187471023414233 0.0
3.119600602447518 0.0
3.1204543361289576 0.0
3.1213083034496645 0.0
3.122162504473578 0.0
3.123016939264656 0.0
3.123871607886872 0.0
3.1247265104042174 0.0
3.125581646880703 0.0
3.1264370173803555 0.0
3.1272926219672197 0.0
3.128148460705357 0.0
3.129004533658848 0.0
3.129860840891788 0.0
3.130717382468294 0.0
3.131574158452497 0.0
3.1324311689085467 0.0
3.133288413900611 0.0
3.134145893492875 0.0
3.1350036077495402 0.0
3.1358615567348274 0.0
3.1367197405129734 0.0
3.1375781591482346 0.0
3.1384368127048834 0.0
3.13929570124721 0.0
3.140154824839522 0.0
3.1410141835461456 0.0
3.141873777431423 0.0
3.1427336065597165 0.0
3.1435936709954033 0.0
3.1444539708028802 0.0
3.14531450604656 0.0
3.1461752767908746 0.0
3.1470362831002725 0.0
3.1478975250392205 0.0
3.148759002672203 0.0
3.1496207160637213 0.0
3.1504826652782953 0.0
3.151344850380462 0.0
3.1522072714347757 0.0
3.1530699285058095 0.0
3.1539328216581537 0.0
3.154795950956416 0.0
3.155659316465221 0.0
3.1565229182492125 0.0
3.157386756373052 0.0
3.158250830901417 0.0
3.1591151418990044 0.0
3.159979689430528 0.0
3.1608444735607195 0.0
3.1617094943543282 0.0
3.1625747518761216 0.0
3.1634402461908837 0.0
3.164305977363418 0.0
3.1651719454585443 0.0
3.1660381505411004 0.0
3.1669045926759427 0.0
3.1677712719279443 0.0
3.1686381883619976 0.0
3.16950534204301 0.0
3.170372733035909 0.0
3.171240361405639 0.0
3.1721082272171626 0.0
3.1729763305354606 0.0
3.1738446714255293 0.0
3.1747132499523856 0.0
3.1755820661810628 0.0
3.176451120176612 0.0
3.1773204120041023 0.0
3.1781899417286206 0.0
3.179059709415272 0.0
3.1799297151291785 0.0
3.1807999589354807 0.0
3.181670440899337 0.0
3.182541161085923 0.0
3.1834121195604332 0.0
3.184283316388078 0.0
3.185154751634088 0.0
3.1860264253637105 0.0
3.1868983376422104 0.0
3.1877704885348708 0.0
3.188642878106993 0.0
3.1895155064238967 0.0
3.190388373550917 0.0
3.1912614795534084 0.0
3.192134824496745 0.0
3.1930084084463153 0.0
3.193882231467529 0.0
3.194756293625812 0.0
3.195630594986608 0.0
3.196505135615379 0.0
3.1973799155776055 0.0
3.1982549349387845 0.0
3.1991301937644323 0.0
3.200005692120082 0.0
3.200881430071286 0.0
3.2017574076836133 0.0
3.2026336250226515 0.0
3.203510082154006 0.0
3.2043867791433005 0.0
3.2052637160561757 0.0
3.206140892958292 0.0
3.207018309915326 0.0
3.2078959669929725 0.0
3.208773864256945 0.0
3.209652001772975 0.0
3.210530379606812 0.0
3.211408997824223 0.0
3.2122878564909927 0.0
3.2131669556729245 0.0
3.21404629543584 0.0
3.2149258758455783 0.0
3.215805696967996 0.0
3.2166857588689695 0.0
3.2175660616143915 0.0
3.218446605270173 0.0
3.2193273899022437 0.0
3.220208415576551 0.0
3.221089682359061 0.0
3.2219711903157555 0.0
3.2228529395126375 0.0
3.223734930015726 0.0
3.22461716189106 0.0
3.2254996352046934 0.0
3.2263823500227007 0.0
3.2272653064111747 0.0
3.2281485044362244 0.0
3.229031944163978 0.0
3.229915625660582 0.0
3.2307995489922003 0.0
3.2316837142250163 0.0
3.2325681214252295 0.0
3.233452770659059 0.0
3.2343376619927415 0.0
3.2352227954925317 0.0
3.2361081712247026 0.0
3.236993789255546 0.0
3.2378796496513704 0.0
3.238765752478504 0.0
3.2396520978032917 0.0
3.2405386856920977 0.0
3.2414255162113035 0.0
3.2423125894273097 0.0
3.2431999054065344 0.0
3.2440874642154136 0.0
3.2449752659204023 0.0
3.2458633105879735 0.0
3.246751598284618 0.0
3.2476401290768444 0.0
3.2485289030311812 0.0
3.2494179202141735 0.0
3.250307180692385 0.0
3.251196684532397 0.0
3.2520864318008114 0.0
3.2529764225642452 0.0
3.2538666568893353 0.0
3.2547571348427384 0.0
3.2556478564911253 0.0
3.256538821901189 0.0
3.257430031139638 0.0
3.2583214842732007 0.0
3.2592131813686245 0.0
3.2601051224926723 0.0
3.2609973077121266 0.0
3.2618897370937896 0.0
3.2627824107044807 0.0
3.2636753286110363 0.0
3.264568490880313 0.0
3.265461897579185 0.0
3.2663555487745444 0.0
3.2672494445333022 0.0
3.2681435849223877 0.0
3.269037970008748 0.0
3.269932599859349 0.0
3.2708274745411745 0.0
3.271722594121227 0.0
3.272617958666527 0.0
3.273513568244114 0.0
3.274409422921045 0.0
3.2753055227643957 0.0
3.2762018678412614 0.0
3.2770984582187532 0.0
3.2779952939640022 0.0
3.278892375144158 0.0
3.2797897018263877 0.0
3.280687274077878 0.0
3.2815850919658325 0.0
3.282483155557474 0.0
3.283381464920044 0.0
3.2842800201208022 0.0
3.285178821227026 0.0
3.286077868306012 0.0
3.286977161425076 0.0
3.287876700651549 0.0
3.288776486052784 0.0
3.2896765176961518 0.0
3.2905767956490393 0.0
3.2914773199788545 0.0
3.2923780907530222 0.0
3.2932791080389867 0.0
3.2941803719042095 0.0
3.2950818824161727 0.0
3.2959836396423743 0.0
3.2968856436503327 0.0
3.297787894507584 0.0
3.298690392281683 0.0
3.299593137040202 0.0
3.300496128850733 0.0
3.3013993677808866 0.0
3.302302853898291 0.0
3.3032065872705934 0.0
3.3041105679654605 0.0
3.305014796050575 0.0
3.3059192715936403 0.0
3.306823994662377 0.0
3.3077289653245256 0.0
3.3086341836478446 0.0
3.3095396497001097 0.0
3.3104453635491176 0.0
3.311351325262681 0.0
3.3122575349086336 0.0
3.3131639925548253 0.0
3.314070698269127 0.0
3.3149776521194263 0.0
3.315884854173629 0.0
3.3167923044996623 0.0
3.317700003165469 0.0
3.318607950239012 0.0
3.319516145788273 0.0
3.3204245898812506 0.0
3.321333282585963 0.0
3.3222422239704485 0.0
3.323151414102762 0.0
3.324060853050978 0.0
3.3249705408831893 0.0
3.325880477667507 0.0
3.3267906634720616 0.0
3.3277010983650017 0.0
3.328611782414495 0.0
3.329522715688727 0.0
3.3304338982559027 0.0
3.3313453301842464 0.0
3.3322570115419996 0.0
3.333168942397422 0.0
3.334081122818794 0.0
3.3349935528744137 0.0
3.335906232632598 0.0
3.3368191621616825 0.0
3.337732341530021 0.0
3.3386457708059862 0.0
3.33955945005797 0.0
3.3404733793543833 0.0
3.341387558763655 0.0
3.3423019883542318 0.0
3.3432166681945814 0.0
3.3441315983531883 0.0
3.345046778898557 0.0
3.3459622098992106 0.0
3.3468778914236896 0.0
3.3477938235405555 0.0
3.3487100063183863 0.0
3.34962643982578 0.0
3.350543124131353 0.0
3.351460059303741 0.0
3.352377245411598 0.0
3.3532946825235967 0.0
3.3542123707084297 0.0
3.3551303100348067 0.0
3.356048500571457 0.0
3.356966942387129 0.0
3.3578856355505895 0.0
3.3588045801306246 0.0
3.359723776196038 0.0
3.3606432238156536 0.0
3.361562923058314 0.0
3.36248287399288 0.0
3.3634030766882312 0.0
3.364323531213267 0.0
3.3652442376369045 0.0
3.3661651960280805 0.0
3.3670864064557504 0.0
3.3680078689888875 0.0
3.3689295836964863 0.0
3.3698515506475584 0.0
3.3707737699111346 0.0
3.371696241556264 0.0
3.3726189656520154 0.0
3.3735419422674773 0.0
3.3744651714717557 0.0
3.3753886533339754 0.0
3.3763123879232815 0.0
3.377236375308837 0.0
3.378160615559824 0.0
3.3790851087454428 0.0
3.3800098549349147 0.0
3.380934854197478 0.0
3.3818601066023906 0.0
3.38278561221893 0.0
3.3837113711163913 0.0
3.3846373833640895 0.0
3.385563649031358 0.0
3.38649016818755 0.0
3.387416940902037 0.0
3.3883439672442104 0.0
3.389271247283479 0.0
3.3901987810892713 0.0
3.391126568731036 0.0
3.3920546102782394 0.0
3.392982905800366 0.0
3.3939114553669225 0.0
3.3948402590474314 0.0
3.3957693169114354 0.0
3.396698629028497 0.0
3.3976281954681964 0.0
3.3985580163001345 0.0
3.3994880915939287 0.0
3.400418421419218 0.0
3.401349005845659 0.0
3.4022798449429272 0.0
3.4032109387807195 0.0
3.4041422874287486 0.0
3.405073890956749 0.0
3.406005749434472 0.0
3.4069378629316898 0.0
3.4078702315181926 0.0
3.40880285526379 0.0
3.4097357342383114 0.0
3.4106688685116042 0.0
3.4116022581535352 0.0
3.412535903233991 0.0
3.413469803822876 0.0
3.414403959990116 0.0
3.415338371805653 0.0
3.416273039339451 0.0
3.4172079626614913 0.0
3.4181431418417745 0.0
3.419078576950321 0.0
3.4200142680571703 0.0
3.4209502152323807 0.0
3.4218864185460296 0.0
3.4228228780682137 0.0
3.4237595938690495 0.0
3.424696566018672 0.0
3.4256337945872355 0.0
3.426571279644913 0.0
3.4275090212618986 0.0
3.4284470195084027 0.0
3.4293852744546576 0.0
3.4303237861709133 0.0
3.4312625547274394 0.0
3.4322015801945245 0.0
3.4331408626424778 0.0
3.434080402141626 0.0
3.4350201987623152 0.0
3.4359602525749118 0.0
3.4369005636498002 0.0
3.437841132057386 0.0
3.438781957868092 0.0
3.4397230411523614 0.0
3.440664381980656 0.0
3.441605980423457 0.0
3.442547836551266 0.0
3.443489950434603 0.0
3.4444323221440065 0.0
3.4453749517500363 0.0
3.446317839323269 0.0
3.447260984934303 0.0
3.448204388653754 0.0
3.4491480505522585 0.0
3.4500919707004725 0.0
3.4510361491690684 0.0
3.4519805860287422 0.0
3.4529252813502067 0.0
3.4538702352041937 0.0
3.4548154476614554 0.0
3.4557609187927643 0.0
3.45670664866891 0.0
3.457652637360703 0.0
3.458598884938972 0.0
3.459545391474567 0.0
3.4604921570383556 0.0
3.461439181701226 0.0
3.4623864655340837 0.0
3.4633340086078572 0.0
3.4642818109934908 0.0
3.4652298727619506 0.0
3.4661781939842204 0.0
3.4671267747313053 0.0
3.4680756150742287 0.0
3.469024715084033 0.0
3.4699740748317813 0.0
3.4709236943885546 0.0
3.471873573825455 0.0
3.472823713213603 0.0
3.4737741126241386 0.0
3.474724772128222 0.0
3.475675691797032 0.0
3.476626871701767 0.0
3.4775783119136463 0.0
3.478530012503906 0.0
3.4794819735438045 0.0
3.480434195104618 0.0
3.4813866772576425 0.0
3.4823394200741937 0.0
3.483292423625606 0.0
3.484245687983236 0.0
3.485199213218456 0.0
3.4861529994026617 0.0
3.4871070466072642 0.0
3.4880613549036976 0.0
3.489015924363414 0.0
3.4899707550578856 0.0
3.490925847058604 0.0
3.4918812004370796 0.0
3.492836815264843 0.0
3.4937926916134447 0.0
3.494748829554455 0.0
3.495705229159463 0.0
3.4966618905000773 0.0
3.4976188136479265 0.0
3.498575998674659 0.0
3.4995334456519425 0.0
3.5004911546514643 0.0
3.5014491257449314 0.0
3.502407359004071 0.0
3.503365854500629 0.0
3.5043246123063705 0.0
3.5052836324930814 0.0
3.506242915132568 0.0
3.5072024602966536 0.0
3.5081622680571836 0.0
3.5091223384860224 0.0
3.510082671655053 0.0
3.511043267636179 0.0
3.512004126501324 0.0
3.5129652483224305 0.0
3.5139266331714616 0.0
3.5148882811203985 0.0
3.5158501922412437 0.0
3.516812366606019 0.0
3.517774804286766 0.0
3.5187375053555447 0.0
3.5197004698844365 0.0
3.5206636979455426 0.0
3.521627189610982 0.0
3.5225909449528956 0.0
3.5235549640434423 0.0
3.524519246954802 0.0
3.5254837937591743 0.0
3.5264486045287775 0.0
3.527413679335851 0.0
3.528379018252652 0.0
3.52934462135146 0.0
3.5303104887045733 0.0
3.531276620384309 0.0
3.5322430164630054 0.0
3.533209677013019 0.0
3.5341766021067276 0.0
3.5351437918165276 0.0
3.536111246214837 0.0
3.537078965374092 0.0
3.5380469493667484 0.0
3.539015198265284 0.0
3.539983712142194 0.0
3.540952491069994 0.0
3.5419215351212205 0.0
3.542890844368429 0.0
3.5438604188841953 0.0
3.5448302587411145 0.0
3.545800364011802 0.0
3.5467707347688924 0.0
3.5477413710850416 0.0
3.548712273032925 0.0
3.549683440685236 0.0
3.5506548741146897 0.0
3.551626573394021 0.0
3.552598538595984 0.0
3.553570769793354 0.0
3.554543267058924 0.0
3.55551603046551 0.0
3.5564890600859447 0.0
3.5574623559930827 0.0
3.558435918259798 0.0
3.5594097469589845 0.0
3.5603838421635565 0.0
3.5613582039464475 0.0
3.562332832380612 0.0
3.563307727539023 0.0
3.5642828894946743 0.0
3.56525831832058 0.0
3.5662340140897744 0.0
3.5672099768753105 0.0
3.568186206750262 0.0
3.5691627037877227 0.0
3.5701394680608067 0.0
3.571116499642647 0.0
3.5720937986063994 0.0
3.5730713650252346 0.0
3.5740491989723484 0.0
3.5750273005209543 0.0
3.5760056697442857 0.0
3.5769843067155973 0.0
3.577963211508162 0.0
3.578942384195275 0.0
3.579921824850249 0.0
3.5809015335464194 0.0
3.5818815103571398 0.0
3.5828617553557844 0.0
3.583842268615748 0.0
3.584823050210444 0.0
3.5858041002133083 0.0
3.586785418697795 0.0
3.5877670057373785 0.0
3.588748861405554 0.0
3.5897309857758355 0.0
3.59071337892176 0.0
3.5916960409168803 0.0
3.5926789718347742 0.0
3.5936621717490356 0.0
3.5946456407332796 0.0
3.595629378861144 0.0
3.596613386206283 0.0
3.5975976628423725 0.0
3.59858220884311 0.0
3.5995670242822113 0.0
3.600552109233412 0.0
3.6015374637704705 0.0
3.602523087967163 0.0
3.6035089818972863 0.0
3.604495145634658 0.0
3.6054815792531154 0.0
3.6064682828265164 0.0
3.6074552564287385 0.0
3.6084425001336804 0.0
3.609430014015261 0.0
3.6104177981474175 0.0
3.61140585260411 0.0
3.6123941774593167 0.0
3.613382772787037 0.0
3.614371638661291 0.0
3.615360775156118 0.0
3.6163501823455793 0.0
3.617339860303753 0.0
3.6183298091047416 0.0
3.6193200288226652 0.0
3.6203105195316656 0.0
3.621301281305903 0.0
3.6222923142195604 0.0
3.62328361834684 0.0
3.6242751937619637 0.0
3.625267040539174 0.0
3.6262591587527346 0.0
3.627251548476928 0.0
3.6282442097860583 0.0
3.629237142754449 0.0
3.630230347456446 0.0
3.631223823966412 0.0
3.6322175723587327 0.0
3.633211592707815 0.0
3.6342058850880825 0.0
3.6352004495739827 0.0
3.636195286239981 0.0
3.637190395160565 0.0
3.638185776410242 0.0
3.6391814300635397 0.0
3.6401773561950064 0.0
3.6411735548792095 0.0
3.6421700261907386 0.0
3.643166770204203 0.0
3.6441637869942323 0.0
3.645161076635476 0.0
3.6461586392026053 0.0
3.647156474770312 0.0
3.648154583413306 0.0
3.64915296520632 0.0
3.650151620224106 0.0
3.6511505485414366 0.0
3.652149750233106 0.0
3.6531492253739266 0.0
3.6541489740387334 0.0
3.6551489963023807 0.0
3.6561492922397436 0.0
3.657149861925719 0.0
3.658150705435221 0.0
3.659151822843187 0.0
3.6601532142245747 0.0
3.6611548796543616 0.0
3.662156819207545 0.0
3.663159032959145 0.0
3.6641615209842 0.0
3.6651642833577696 0.0
3.6661673201549343 0.0
3.6671706314507952 0.0
3.668174217320473 0.0
3.6691780778391108 0.0
3.6701822130818704 0.0
3.671186623123935 0.0
3.6721913080405084 0.0
3.673196267906815 0.0
3.6742015027980988 0.0
3.6752070127896257 0.0
3.676212797956682 0.0
3.677218858374574 0.0
3.67822519411863 0.0
3.6792318052641964 0.0
3.6802386918866423 0.0
3.6812458540613564 0.0
3.6822532918637494 0.0
3.6832610053692507 0.0
3.6842689946533116 0.0
3.6852772597914036 0.0
3.68628580085902 0.0
3.6872946179316726 0.0
3.6883037110848953 0.0
3.6893130803942427 0.0
3.6903227259352898 0.0
3.691332647783632 0.0
3.692342846014886 0.0
3.6933533207046887 0.0
3.694364071928697 0.0
3.6953750997625914 0.0
3.6963864042820695 0.0
3.6973979855628514 0.0
3.698409843680677 0.0
3.6994219787113094 0.0
3.7004343907305293 0.0
3.70144707981414 0.0
3.7024600460379657 0.0
3.7034732894778495 0.0
3.704486810209657 0.0
3.705500608309274 0.0
3.706514683852607 0.0
3.7075290369155836 0.0
3.708543667574152 0.0
3.70955857590428 0.0
3.710573761981959 0.0
3.7115892258831984 0.0
3.7126049676840305 0.0
3.713620987460506 0.0
3.714637285288699 0.0
3.7156538612447023 0.0
3.7166707154046312 0.0
3.7176878478446214 0.0
3.7187052586408287 0.0
3.71972294786943 0.0
3.7207409156066236 0.0
3.7217591619286274 0.0
3.722777686911682 0.0
3.723796490632048 0.0
3.7248155731660058 0.0
3.7258349345898587 0.0
3.72685457497993 0.0
3.7278744944125624 0.0
3.728894692964121 0.0
3.729915170710993 0.0
3.730935927729584 0.0
3.731956964096322 0.0
3.7329782798876554 0.0
3.7339998751800536 0.0
3.7350217500500067 0.0
3.736043904574027 0.0
3.7370663388286465 0.0
3.7380890528904174 0.0
3.7391120468359147 0.0
3.740135320741733 0.0
3.7411588746844897 0.0
3.74218270874082 0.0
3.743206822987383 0.0
3.7442312175008583 0.0
3.745255892357944 0.0
3.7462808476353624 0.0
3.747306083409855 0.0
3.7483315997581856 0.0
3.749357396757137 0.0
3.750383474483515 0.0
3.751409833014146 0.0
3.7524364724258756 0.0
3.7534633927955725 0.0
3.754490594200126 0.0
3.7555180767164464 0.0
3.756545840421465 5.0617185250687556e-24
3.7575738853921337 2.3338753831801404e-23
3.7586022117054254 3.669361032512635e-23
3.7596308194383345 3.701362797080206e-23
3.7606597086678772 3.733015740078457e-23
3.7616888794710897 3.7601487472063316e-23
3.7627183319250292 3.787200848138186e-23
3.7637480661067757 3.814245722556868e-23
3.7647780820934273 3.843750106349827e-23
3.7658083799621056 3.8757805382365286e-23
3.7668389597899523 3.905337021721469e-23
3.767869821654131 3.93235302509418e-23
3.7689009656318264 3.9593618194762235e-23
3.769932391800242 3.9863633665261956e-23
3.770964100236606 4.017832008203842e-23
3.7719960910181647 4.049817362588609e-23
3.7730283642221876 4.077320304295361e-23
3.774060919925965 4.104291261406077e-23
3.775093758206807 4.131255025176276e-23
3.776126879142047 4.160159613994776e-23
3.777160282809037 4.192109001696116e-23
3.7781939692851516 4.222103191824114e-23
3.7792279386477876 4.249455540329494e-23
3.7802621909743612 4.2812878578649636e-23
3.7812967263423105 4.312790098132671e-23
3.782331544829095 4.343672265306889e-23
3.783366646512195 4.378935382208981e-23
3.784402031469112 4.414798432885325e-23
3.7854376997773684 4.448329895565651e-23
3.78647365151451 4.479102463227278e-23
3.7875098867581 4.512058942136418e-23
3.788546405585726 4.547755245682363e-23
3.789583208074996 4.583386124579157e-23
3.7906202943035394 4.614531716770216e-23
3.791657664349005 4.6455104042515944e-23
3.7926953182890655 4.680954042053146e-23
3.793733256201413 4.716728743545181e-23
3.794771478163762 4.749947161581514e-23
3.7958099842538466 4.7807028370746925e-23
3.7968487745494253 4.813995774834874e-23
3.797887849128274 4.8497324435698753e-23
3.7989272080681933 4.885044512527575e-23
3.799966851447003 4.915882750855124e-23
3.8010067793425453 4.9470044350445645e-23
3.8020469918326825 4.9825796552347733e-23
3.803087488995299 5.018266244513331e-23
3.8041282709083015 5.053943354381483e-23
3.805169337649615 5.0917912946001955e-23
3.80621068929719 5.132449460196126e-23
3.807252325928994 5.172010336126814e-23
3.80829424762302 5.21264957688343e-23
3.809336454457279 5.2521868822406686e-23
3.810378946509805 5.287805869363087e-23
3.8114217238586523 5.327316033469616e-23
3.8124647865818986 5.367914775632774e-23
3.8135081347576407 5.407401399504615e-23
3.814551768463998 5.447981260427224e-23
3.8155956877791115 5.485752389304627e-23
3.816639892781142 5.522449830036317e-23
3.817684383548273 5.563001405831722e-23
3.8187291601587106 5.602429102377022e-23
3.8197742226906786 5.642423176240537e-23
3.820819571222425 5.68292182399668e-23
3.8218652058322204 5.71897033257387e-23
3.8229111265983535 5.757249666337134e-23
3.823957333599137 5.797742021590259e-23
3.825003826912903 5.837095720041034e-23
3.826050606618007 5.878651213106644e-23
3.8270976727928243 5.922981438874964e-23
3.8281450255157528 5.967299769627444e-23
3.8291926648652113 6.011604618488237e-23
3.83024059091964 6.055896154918026e-23
3.8312888037575017 6.100175973495794e-23
3.8323373034572787 6.144444080436895e-23
3.833386090097477 6.190783057678406e-23
3.834435163756621 6.240027760018622e-23
3.83548452451326 6.287178193692693e-23
3.8365341724459627 6.331399516372598e-23
3.8375841076333206 6.375608449787953e-23
3.838634330153945 6.419803909729533e-23
3.8396848400864703 6.463986606533142e-23
3.8407356375095523 6.508157632199283e-23
3.8417867225018667 6.554756368794284e-23
3.8428380951421124 6.603904071001844e-23
3.84388975550901 6.650600745105171e-23
3.8449417036813 6.694725148986911e-23
3.845993939737745 6.73883791314706e-23
3.847046463757131 6.782937487592145e-23
3.8480992758182637 6.827023597253595e-23
3.8491523759999704 6.871097799993964e-23
3.8502057643811005 6.917879255056012e-23
3.8512594410405256 6.969053607858091e-23
3.852313406057137 7.021900827622438e-23
3.853367659509849 7.073805180765714e-23
3.854422201477597 7.121624556195901e-23
3.855477032039339 7.170357952984529e-23
3.8565321512740534 7.223146260227327e-23
3.8575875592607405 7.275919429036603e-23
3.858643256078423 7.328678698572116e-23
3.8596992418061444 7.3791079686911e-23
3.8607555165229694 7.426839462630499e-23
3.861812080307985 7.476873188054219e-23
3.862868933240301 7.529576937053129e-23
3.8639260753990454 7.582266391182866e-23
3.8649835068633727 7.63493970550922e-23
3.866041227712455 7.683937094415521e-23
3.867099238025488 7.731399811375537e-23
3.868157537881688 7.782389955706655e-23
3.8692161273602945 7.834887111755822e-23
3.8702750065405667 7.887489417174279e-23
3.8713341755017874 7.939547179711804e-23
3.8723936343232603 7.987210206927442e-23
3.8734533830843105 8.035299145139386e-23
3.8745134218642847 8.095089652597689e-23
3.875573750742552 8.163708664474798e-23
3.876634369798503 8.236149292318109e-23
3.8776952791115504 8.311150684594597e-23
3.8787564787611277 8.38371285167907e-23
3.87981796882669 8.454218473526039e-23
3.8808797493877156 8.529076324709013e-23
3.8819418205237035 8.603459756547828e-23
3.883004182314174 8.673451120704248e-23
3.8840668348386718 8.746353252733668e-23
3.8851297781767586 8.821219936489111e-23
3.8861930124080226 8.893051182413163e-23
3.8872565376120716 8.963993239167407e-23
3.8883203538685347 9.038805024343166e-23
3.889384461257064 9.112485725745094e-23
3.890448859857333 9.182256928435792e-23
3.891513549749037 9.255562361682274e-23
3.8925785310118926 9.330294645961785e-23
3.893643803725639 9.403722932170515e-23
3.8947093679700364 9.478418722783545e-23
3.895775223824868 9.550827141970876e-23
3.8968413713699377 9.620818455845548e-23
3.897907810685072 9.69514177224067e-23
3.8989745418501194 9.777496335785577e-23
3.9000415649449476 9.864177859054944e-23
3.9011088800494504 9.940225926385233e-23
3.902176487243541 1.0027965997478072e-22
3.9032443866071542 1.0155822492169765e-22
3.904312578220248 1.0271941551640227e-22
3.9053810621628013 1.0358825718624639e-22
3.906449838514816 1.0445683777577562e-22
3.907518907356314 1.0532515019180051e-22
3.908588268767341 1.0619322879118388e-22
3.9096579228279627 1.0706108083581844e-22
3.9107278696182686 1.0792870645907116e-22
3.91179810921837 1.0879610579444656e-22
3.912868641708398 1.0966327897558457e-22
3.9139394671685084 1.1053021465381247e-22
3.9150105856788766 1.1139688229987532e-22
3.9160819973197016 1.1226329343231772e-22
3.917153702171204 1.1312947875049067e-22
3.9182257003136254 1.1399543838862075e-22
3.91929799182723 1.150081640599179e-22
3.9203705767923043 1.1637367274119847e-22
3.921443455289156 1.1759196456710368e-22
3.9225166273981165 1.1845698785252312e-22
3.9235900931995364 1.1932174328697527e-22
3.924663852773791 1.2018626588475075e-22
3.9257379062012756 1.2105056354920497e-22
3.9268122535624084 1.21914636415569e-22
3.92788689493763 1.227784846192117e-22
3.9289618304074025 1.2364210829563966e-22
3.93003706005221 1.2450548764929684e-22
3.931112583952558 1.2536859930034262e-22
3.9321884021889755 1.2623146321722928e-22
3.9332645148420124 1.2709410295291884e-22
3.9343409219922414 1.2795651864350984e-22
3.935417623720256 1.2881871042523984e-22
3.9364946201066733 1.2968067843448514e-22
3.937571911232132 1.305424143049235e-22
3.938649497177292 1.3140388262437117e-22
3.9397273780228357 1.3226509193345535e-22
3.9408055538494686 1.331260778188905e-22
3.9418840247379174 1.339868404176469e-22
3.942962790768931 1.349861767774254e-22
3.944041852023279 1.3634649321429107e-22
3.9451212085817557 1.3756778915921708e-22
3.946200860525176 1.3842761461864608e-22
3.9472808079343777 1.392871734267324e-22
3.9483610508902194 1.4014650957416258e-22
3.949441589473583 1.410056231987814e-22
3.9505224237653733 1.4186305900213567e-22
3.951603553846514 1.4271672911885016e-22
3.9526849797979544 1.4357163301568797e-22
3.9537667017006646 1.4442981382242649e-22
3.9548487196356357 1.4564604174027067e-22
3.9559310336838838 1.4700373320330286e-22
3.9570136439264445 1.4800288860585418e-22
3.9580965504443775 1.4886013670479288e-22
3.9591797533187627 1.497171633301208e-22
3.9602632526307033 1.5057396862098367e-22
3.9613470484613256 1.5143050757668096e-22
3.962431140891776 1.5228677949654256e-22
3.963515530003226 1.5342822922516845e-22
3.9646002158768656 1.547840583120472e-22
3.96568519859391 1.5585426689692542e-22
3.9667704782355955 1.567096544498966e-22
3.967856054883181 1.5756481899648116e-22
3.968941928617948 1.5841971663265105e-22
3.9700280995211976 1.5927434984777946e-22
3.971114567674257 1.6040671977544835e-22
3.9722013331584725 1.617609124574968e-22
3.9732883960552154 1.6283692803455641e-22
3.974375756445877 1.6369068074605061e-22
3.9754634144118723 1.645442043565997e-22
3.976551370034638 1.6580946916357694e-22
3.9776396233956324 1.671624686571527e-22
3.978728174576337 1.683680285407239e-22
3.9798170236582564 1.6972058907209735e-22
3.980906170722915 1.7092527159706026e-22
3.9819956158518623 1.7227739373231183e-22
3.983085359126668 1.7351214783248071e-22
3.984175400628926 1.7475851662375236e-22
3.9852657404402505 1.761098866732725e-22
3.9863563786422795 1.7731218924982728e-22
3.9874473153166727 1.786631219191318e-22
3.9885385505451123 1.79767932704732e-22
3.9896300844093036 1.8064023952705292e-22
3.990721916990972 1.81937344056072e-22
3.991814048371868 1.8326551016128044e-22
3.992906478633763 1.8446499999629702e-22
3.993999207858451 1.8581452694868503e-22
3.995092236127748 1.8701314520955005e-22
3.9961855635234937 1.8836223666133398e-22
3.997279190127549 1.8956519210391284e-22
3.9983731160217975 1.9083280713127152e-22
3.999467341288145 1.9218114857082103e-22
4.000561866008519 1.9337739683527713e-22
4.001656690264873 1.9472530380410326e-22
4.002751814139179 1.9592068370307839e-22
4.003847237713432 1.973066639275289e-22
4.00494296106965 1.9900112759668476e-22
4.006038984289876 2.0030958620274913e-22
4.00713530745617 2.0150303466153365e-22
4.008231930650618 2.0284954239003961e-22
4.009328853955331 2.0404212513492153e-22
4.010426077452437 2.054662560923663e-22
4.011523601224089 2.0715704293763499e-22
4.012621425352462 2.0842458090285406e-22
4.013719549919755 2.096161679832253e-22
4.014817975008189 2.109612794133502e-22
4.0159167007000045 2.1215107089597354e-22
4.017015727077469 2.1360919227997155e-22
4.01811505422287 2.152625021267648e-22
4.019214682218517 2.1649328304646646e-22
4.020314611146745 2.177168155135509e-22
4.021414841089907 2.190605336079576e-22
4.022515372130382 2.2024753976163046e-22
4.023616204350572 2.217354975587959e-22
4.024717337832898 2.2335549185211345e-22
4.025818772659807 2.245536730614293e-22
4.026920508913768 2.258049961265218e-22
4.028022546677269 2.2747717200295607e-22
4.029124886032827 2.29161398802606e-22
4.030227527062975 2.3084519721211527e-22
4.031330469850273 2.325285675262832e-22
4.0324337144773015 2.3421151004019784e-22
4.033537261026664 2.3589393885127414e-22
4.034641109580988 2.375758368442522e-22
4.035745260222923 2.3925729030656807e-22
4.036849713035139 2.409383167388128e-22
4.03795446810033 2.4261664287681144e-22
4.039059525501214 2.442868189757034e-22
4.0401648853205305 2.459587778832527e-22
4.041270547641041 2.476379309246026e-22
4.04237651254553 2.4931661920191384e-22
4.043482780116806 2.5099488182142768e-22
4.044589350437699 2.526727190810237e-22
4.045696223591062 2.54350131278871e-22
4.046803399659768 2.5602707479381907e-22
4.047910878726718 2.5770348810606326e-22
4.049018660874831 2.5937941522660944e-22
4.050126746187051 2.608317772025698e-22
4.051235134746346 2.621487136576241e-22
4.052343826635703 2.64046509695095e-22
4.053452821938133 2.6607885637876564e-22
4.054562120736671 2.6775253077178807e-22
4.055671723114376 2.6942570287849103e-22
4.056781629154324 2.713321323395103e-22
4.0578918389396215 2.7350445895279576e-22
4.0590023525533905 2.754426830196188e-22
4.0601131700787825 2.7711414889813835e-22
4.061224291598965 2.787850852065839e-22
4.062335717197131 2.807781621621633e-22
4.063447446956501 2.8294816393560393e-22
4.064559480960311 2.847950908294372e-22
4.065671819291824 2.864642505013943e-22
4.066784462034322 2.881329788311379e-22
4.067897409271116 2.902099587438062e-22
4.069010661085534 2.923776394211213e-22
4.070124217560931 2.9413611916514077e-22
4.071238078780682 2.958029599385427e-22
4.072352244828184 2.975450029713119e-22
4.07346671578686 2.9970305931536913e-22
4.074581491740155 3.017929003032645e-22
4.075696572771534 3.0346577996660207e-22
4.076811958964488 3.0513030561838904e-22
4.077927650402531 3.0695100336890693e-22
4.079043647169199 3.091871530893288e-22
4.080159949348047 3.116820369330387e-22
4.08127655702266 3.137723037031828e-22
4.082393470276641 3.157656251977184e-22
4.083510689193618 3.181621449727046e-22
4.084628213857239 3.20504199452685e-22
4.085746044351179 3.2249564457919975e-22
4.086864180759132 3.2463644181187166e-22
4.0879826231648195 3.267312301951381e-22
4.0891013716519815 3.287204661980404e-22
4.090220426304382 3.3110427926183813e-22
4.0913397872058095 3.334529170278674e-22
4.092459454440074 3.354402830840232e-22
4.093579428091009 3.375663149975457e-22
4.09469970824247 3.400522039161566e-22
4.095820294978338 3.422407325902465e-22
4.096941188382514 3.4422527107187685e-22
4.098062388538924 3.4650581982663494e-22
4.099183895531516 3.489506815079561e-22
4.100305709444259 3.5098113191363826e-22
4.10142783036115 3.5300135694642833e-22
4.102550258366206 3.5543458184360276e-22
4.103672993543464 3.5772253314923696e-22
4.104796035976991 3.5970238856713847e-22
4.1059193857508705 3.6187414856572658e-22
4.107043042949212 3.6435263214694083e-22
4.1081670076561485 3.6717515792912145e-22
4.109291279955835 3.7015219530968174e-22
4.1104158599324485 3.7278378240009765e-22
4.111540747670191 3.752595856709173e-22
4.112665943253287 3.7773476337098324e-22
4.113791446765984 3.8020915065860376e-22
4.114917258292552 3.8268275690714743e-22
4.1160433779172845 3.8538776242867615e-22
4.117169805724497 3.883601380008543e-22
4.11829654179853 3.910998840964276e-22
4.119423586223746 3.935709665441938e-22
4.1205509390845325 3.9604125912383887e-22
4.1216786004652946 3.9851082632740257e-22
4.122806570450466 4.0097978015483683e-22
4.123934849124504 4.0344812108083895e-22
4.125063436571884 4.059407763777737e-22
4.126192332877109 4.0884378452355677e-22
4.127321538124701 4.117850572223119e-22
4.128451052399209 4.1431457595991365e-22
4.129580875785203 4.16774492218783e-22
4.130711008367278 4.1922381189875313e-22
4.13184145023005 4.216775035430514e-22
4.132972201458161 4.245356626781508e-22
4.134103262136271 4.274977946007545e-22
4.13523463234907 4.302798246116711e-22
4.136366312181265 4.3324073818451e-22
4.137498301717589 4.360211450071954e-22
4.138630601042798 4.38926474085134e-22
4.139763210241673 4.422048742775634e-22
4.140896129399016 4.452172542997826e-22
4.14202935859965 4.479939388766333e-22
4.143162897928427 4.509508456101448e-22
4.144296747470216 4.537324837929451e-22
4.145430907309915 4.565905660035132e-22
4.146565377532442 4.598569439878408e-22
4.147700158222737 4.629084805576712e-22
4.148835249465766 4.656798331821638e-22
4.149970651346518 4.686327432003772e-22
4.151106363950003 4.714554512615803e-22
4.152242387361258 4.742622599466142e-22
4.153378721665339 4.774767930841571e-22
4.154515366947328 4.805715247900144e-22
4.155652323292328 4.833375590326706e-22
4.15678959078547 4.862748653702172e-22
4.157927169511902 4.891426684441463e-22
4.159065059556802 4.919058015277498e-22
4.160203261005364 4.9506448070533455e-22
4.161341773942812 4.9832601076259965e-22
4.162480598454389 5.01586740283074e-22
4.163619734625362 5.048464940047147e-22
4.164759182541024 5.081051992902439e-22
4.165898942286689 5.111140636480449e-22
4.167039013947694 5.13871097830001e-22
4.168179397609401 5.168763024898888e-22
4.169320093357193 5.201316600420031e-22
4.170461101276478 5.233859697417798e-22
4.171602421452691 5.266393128031576e-22
4.1727440539712815 5.298918594671985e-22
4.173885998917729 5.331436103903333e-22
4.175028256377537 5.363945662296187e-22
4.176170826436229 5.396444814930233e-22
4.1773137091793515 5.428933497149862e-22
4.178456904692479 5.461414172659493e-22
4.1796004130612046 5.492621751966121e-22
4.180744234371147 5.520086567552654e-22
4.181888368707949 5.548806950534941e-22
4.183032816157276 5.581251706150388e-22
4.184177576804815 5.613687675053479e-22
4.185322650736278 5.646115734958717e-22
4.186468038037404 5.67853589249002e-22
4.187613738793949 5.710947191980261e-22
4.188759753091698 5.743348033105338e-22
4.189906081016455 5.7784810156615465e-22
4.1910527226540495 5.815864478337641e-22
4.1921996780903354 5.851333959218817e-22
4.1933469474111895 5.888582273810117e-22
4.194494530702512 5.925103681401694e-22
4.195642428050226 5.960537195367812e-22
4.1967906395402785 5.99787614640879e-22
4.1979391652586395 6.033290018392121e-22
4.199088005291305 6.0706132692083605e-22
4.20023715972429 6.1068759182876965e-22
4.201386628643637 6.142344492230078e-22
4.202536412135411 6.1796390177102e-22
4.203686510285701 6.2149973885315005e-22
4.204836923180617 6.2522762630762615e-22
4.205987650906296 6.2883077939159705e-22
4.207138693548896 6.323903226378598e-22
4.2082900511946 6.36115341285375e-22
4.209441723929614 6.396456390851245e-22
4.210593711840168 6.4336909759099445e-22
4.211746015012515 6.469518993345773e-22
4.212898633532933 6.505213720201388e-22
4.21405156748772 6.542419654710491e-22
4.215204816963205 6.577667348826606e-22
4.21635838204573 6.61541043090273e-22
4.217512262821669 6.655637256060801e-22
4.218666459377417 6.699446508416702e-22
4.219820971799393 6.744648720999636e-22
4.22097580017404 6.787879744739199e-22
4.222130944587823 6.833062580212365e-22
4.223286405127231 6.876600648392669e-22
4.224442181878779 6.920443218919499e-22
4.225598274929004 6.96545673639488e-22
4.226754684364465 7.008321716408596e-22
4.227911410271748 7.053333180107057e-22
4.229068452737459 7.096789270129144e-22
4.230225811848232 7.140587596764588e-22
4.231383487690723 7.185679796468178e-22
4.232541480351608 7.228778880336362e-22
4.233699789917592 7.273851828971506e-22
4.234858416475403 7.317203514232766e-22
4.23601736011179 7.360980294874991e-22
4.237176620913526 7.406017621354391e-22
4.23833619896741 7.449050895340002e-22
4.239496094360264 7.494069034095948e-22
4.240656307178934 7.537343741953514e-22
4.241816837510287 7.581071600788769e-22
4.242977685441218 7.626054165888632e-22
4.244138851058642 7.669021764380127e-22
4.245300334449501 7.714708878481799e-22
4.246462135700758 7.76265239158987e-22
4.247624254899403 7.8142919781745875e-22
4.248786692132445 7.8672054775895335e-22
4.249949447486922 7.918091212066722e-22
4.251112521049894 7.971667585908274e-22
4.252275912908442 8.027525100117691e-22
4.253439623149674 8.079701645834345e-22
4.254603651860723 8.130524378300835e-22
4.255767999128743 8.1849966028634e-22
4.25693266504091 8.240172206101311e-22
4.25809764968443 8.291348883958345e-22
4.2592629531465285 8.342732214754395e-22
4.260428575514455 8.3955149645701485e-22
4.261594516875484 8.44624824791641e-22
4.262760777316914 8.49953635609078e-22
4.263927356926066 8.555240783390769e-22
4.265094255790288 8.607443803160235e-22
4.2662614739969476 8.658114313633929e-22
4.267429011633439 8.71225487004695e-22
4.268596868787181 8.767490558889404e-22
4.269765045545613 8.818737336932716e-22
4.270933541996204 8.869755534653002e-22
4.272102358226439 8.924731322832814e-22
4.273271494323833 8.979019921568797e-22
4.274440950375925 9.029849810315116e-22
4.2756107264702745 9.085922934085111e-22
4.276780822694466 9.146194692638208e-22
4.277951239136112 9.204644900763167e-22
4.279121975882842 9.266275016103173e-22
4.280293033022315 9.329607645343817e-22
4.2814644106422115 9.388958350019989e-22
4.2826361088302365 9.44742526309877e-22
4.283808127674121 9.509838439373171e-22
4.284980467261614 9.572258735236119e-22
4.286153127680497 9.630705643941536e-22
4.2873261090185695 9.68994695537693e-22
4.288499411363656 9.753126040548252e-22
4.289673034803606 9.81465132887985e-22
4.290846979426293 9.872914157502728e-22
4.292021245319615 9.932912647790336e-22
4.2931958325714925 9.978092703984896e-22
4.294370741269871 1.002141734084155e-21
4.295545971502721 1.0090670496043542e-21
4.296721523358035 1.0169641644228138e-21
4.29789739692383 1.0248590124145696e-21
4.299073592288149 1.0327512779309643e-21
4.300250109539057 1.0383483947060168e-21
4.301426948764647 1.0412366424569228e-21
4.302604110053028 1.0464160229770405e-21
4.3037815934923405 1.054299965985955e-21
4.304959399170748 1.0621813283879975e-21
4.3061375271764355 1.0680607429221604e-21
4.3073159775976135 1.0709382926403431e-21
4.3084947505225175 1.0758138929017344e-21
4.309673846039405 1.0836869354461026e-21
4.31085326423656 1.0915574857116017e-21
4.312033005202291 1.099426197717326e-21
4.313213069024926 1.1072930732691169e-21
4.314393455792823 1.1151577974110233e-21
4.315574165594361 1.1230199440836294e-21
4.316755198517944 1.1284751727512874e-21
4.317936554651999 1.1313332278447623e-21
4.31911823408498 1.136594111176997e-21
4.3203002369053625 1.1444479421956025e-21
4.321482563201647 1.152299197663947e-21
4.322665213062358 1.1601484447009842e-21
4.323848186576046 1.1679958669728561e-21
4.3250314838312836 1.1758413838671679e-21
4.326215104916667 1.1836466647953969e-21
4.32739904992082 1.18876484200068e-21
4.328583318932388 1.1915911415025841e-21
4.329767912040042 1.1971002431363118e-21
4.330952829332475 1.204934854677722e-21
4.332138070898408 1.212766893909362e-21
4.333323636826581 1.2205967626148118e-21
4.334509527205764 1.2284248183615952e-21
4.33569574212475 1.2362510629823841e-21
4.336882281672352 1.2440747938778081e-21
4.3380691459374106 1.2518959544335402e-21
4.339256335008792 1.259715249754493e-21
4.340443848975385 1.2675327389632893e-21
4.341631687926102 1.275348163170283e-21
4.342819851949882 1.2831610183516245e-21
4.344008341135686 1.2909715659114349e-21
4.3451971555724995 1.2987803123908034e-21
4.346386295349335 1.3065872596350667e-21
4.347575760555225 1.3143918111329392e-21
4.348765551279232 1.3221937956079827e-21
4.349955667610438 1.329993812097665e-21
4.35114610963795 1.3377920344073883e-21
4.352336877450904 1.3455882839452944e-21
4.353527971138453 1.3533819677992582e-21
4.354719390789782 1.3611732670963174e-21
4.355911136494093 1.368962777286524e-21
4.35710320834062 1.3767505002279377e-21
4.358295606418614 1.3845358852277331e-21
4.359488330817356 1.392318706579341e-21
4.360681381626151 1.4000995175225353e-21
4.361874758934322 1.4078785463135914e-21
4.363068462831226 1.4156556342589133e-21
4.364262493406238 1.4234301599199352e-21
4.3654568507487586 1.4312022845462116e-21
4.366651534948213 1.4389726321350631e-21
4.367846546094054 1.4467412045573388e-21
4.369041884275754 1.4545074363711442e-21
4.3702375495828125 1.4653473031732535e-21
4.3714335421047545 1.4781089825658472e-21
4.372629861931127 1.487792696726478e-21
4.3738265091515025 1.4955506365694379e-21
4.375023483855477 1.5033060175859738e-21
4.376220786132675 1.511059041846157e-21
4.377418416072741 1.520153046207797e-21
4.378616373765345 1.5329025426082645e-21
4.379814659300184 1.5443068899901495e-21
4.381013272766977 1.5520514256209229e-21
4.382212214255468 1.5597940481735802e-21
4.383411483855426 1.5675349129185091e-21
4.3846110816566455 1.5752737185655717e-21
4.385811007748943 1.5864486722774243e-21
4.3870112622221615 1.5991826711925488e-21
4.388211845166169 1.6084762141237029e-21
4.389412756670858 1.616206709716984e-21
4.390613996826142 1.6239346767581589e-21
4.391815565721965 1.6316600906250106e-21
4.393017463448292 1.6410062896304525e-21
4.394219690095112 1.6537281852820247e-21
4.395422245752441 1.664825313194798e-21
4.3966251305103174 1.672542447236623e-21
4.397828344458807 1.6802574965477397e-21
4.399031887687999 1.68888431826753e-21
4.400235760288004 1.7013644243713236e-21
4.401439962348961 1.7131597680055954e-21
4.402644493961034 1.7235727097506214e-21
4.403849355214412 1.7362774456327052e-21
4.4050545461993025 1.7465052780395622e-21
4.406260067005947 1.754205858691934e-21
4.407465917724606 1.764780097003568e-21
4.408672098445562 1.7774762731753913e-21
4.409878609259131 1.7878651699348566e-21
4.411085450255646 1.799973645902321e-21
4.4122926215254665 1.8120927522950144e-21
4.41350012315898 1.820364213472615e-21
4.414707955246595 1.8289964431418033e-21
4.415916117878746 1.8414683136137558e-21
4.417124611145893 1.8532034821426765e-21
4.41833343513852 1.863561676932822e-21
4.419542589947136 1.8762390571574508e-21
4.420752075662273 1.8864477901135186e-21
4.421961892374491 1.8941210132013337e-21
4.423172040174373 1.9046049705898523e-21
4.424382519152528 1.917273837204901e-21
4.425593329399586 1.9276081506505487e-21
4.426804471006207 1.9395853489120707e-21
4.428015944063073 1.951767331327224e-21
4.42922774866089 1.962088064787109e-21
4.43043988489039 1.9755323622496826e-21
4.431652352842331 1.9907540494680715e-21
4.432865152607496 2.0025725623490897e-21
4.434078284276689 2.0128680292052275e-21
4.435291747940742 2.0265740864026625e-21
4.436505543690511 2.041870916350655e-21
4.437719671616877 2.053460934103651e-21
4.438934131810749 2.0637477845749127e-21
4.4401489243630525 2.0763895160870246e-21
4.441364049364749 2.0866695955812715e-21
4.442579506906814 2.0982883023781215e-21
4.443795297080257 2.1135584700607385e-21
4.4450114199761055 2.127210661778883e-21
4.446227875685416 2.1374738464068964e-21
4.447444664299271 2.1493469429319576e-21
4.448661785908772 2.1646006049514693e-21
4.44987924060505 2.1779817136725807e-21
4.4510970284792615 2.188228031436477e-21
4.452315149622587 2.2003388292983696e-21
4.453533604126228 2.2155759905548474e-21
4.454752392081419 2.2287027211514657e-21
4.455971513579412 2.238932200173703e-21
4.457190968711487 2.25126402753144e-21
4.458410757568949 2.2664846929942043e-21
4.459630880243128 2.279373733883336e-21
4.460851336825379 2.289586402406932e-21
4.462072127407081 2.3021226040649486e-21
4.463293252079641 2.3173267787727977e-21
4.464514710934488 2.332525994069629e-21
4.465736504063075 2.347721880458475e-21
4.466958631556884 2.362914441917594e-21
4.468181093507419 2.378102130978974e-21
4.469403890006211 2.3932847653843898e-21
4.4706270211448125 2.406950739242521e-21
4.471850487014806 2.417126558101057e-21
4.473074287707797 2.4288109255752447e-21
4.474298423315413 2.4439770827570673e-21
4.475522893929311 2.4591394904529015e-21
4.476747699641173 2.4742985953552112e-21
4.4779728405427015 2.4894533287285136e-21
4.479198316725627 2.5046030139579503e-21
4.480424128281708 2.5179185359361234e-21
4.481650275302724 2.528060955648315e-21
4.482876757880479 2.5400294085227475e-21
4.484103576106808 2.555162627141301e-21
4.485330730073564 2.570291671056878e-21
4.486558219872629 2.5854174344670944e-21
4.487786045595909 2.6005392334266045e-21
4.489014207335336 2.6156559908462108e-21
4.490242705182867 2.6307683962689878e-21
4.491471539230483 2.645877532387714e-21
4.492700709570194 2.6609828722943266e-21
4.493930216294029 2.6760831739975912e-21
4.4951600594940455 2.691178970022399e-21
4.496390239262329 2.7062715079826874e-21
4.497620755690984 2.72136039436671e-21
4.498851608872146 2.7364442459070714e-21
4.500082798897971 2.7515234617515064e-21
4.501314325860644 2.7676335818465894e-21
4.502546189852374 2.7875078039080217e-21
4.503778390965396 2.806541059872665e-21
4.505010929291966 2.8218019412787028e-21
4.50624380492437 2.836861370813024e-21
4.507477017954917 2.851917367026928e-21
4.5087105684759425 2.8669683351861808e-21
4.509944456579808 2.8820144788152104e-21
4.511178682358898 2.8970573983285766e-21
4.512413245905623 2.912096958037496e-21
4.51364814731242 2.9307932738048026e-21
4.514883386671748 2.9508229256457574e-21
4.516118964076096 2.9671875840807313e-21
4.517354879617975 2.982210713100034e-21
4.518591133389923 2.99722882094693e-21
4.519827725484502 3.0122420107113245e-21
4.5210646559943 3.0272519991852924e-21
4.52230192501193 3.042258703402129e-21
4.523539532630032 3.0609502815864133e-21
4.524777478941267 3.080947039109927e-21
4.526015764038329 3.0972507151500618e-21
4.527254388013928 3.1122410005235074e-21
4.528493350960806 3.1309055828044477e-21
4.52973265297173 3.150885938047239e-21
4.530972294139488 3.168351703446052e-21
4.532212274556899 3.188236514655569e-21
4.533452594316804 3.20703747697327e-21
4.534693253512068 3.2244834515436866e-21
4.535934252235586 3.244444267828784e-21
4.537175590580274 3.262008803509688e-21
4.5384172686390745 3.2805702302557293e-21
4.53965928650496 3.3005178713167226e-21
4.540901644270922 3.3179024732022302e-21
4.54214434202998 3.3375164524080136e-21
4.543387379875181 3.3563034151323003e-21
4.5446307578995935 3.3736935169925144e-21
4.545874476196315 3.393621740044283e-21
4.547118534858464 3.41131469218611e-21
4.548362933979192 3.4296574905236866e-21
4.5496076736516695 3.449572576044408e-21
4.550852753969094 3.466940506577255e-21
4.55209817502469 3.486454420122678e-21
4.5533439369117055 3.505478530647026e-21
4.554590039723415 3.522826783265231e-21
4.5558364835531195 3.5427224982167524e-21
4.557083268494143 3.560559279716003e-21
4.558330394639839 3.578668212065745e-21
4.559577862083581 3.600493151914936e-21
4.560825670918774 3.62281241236522e-21
4.562073821238846 3.645125648162107e-21
4.563322313137248 3.667431400450075e-21
4.5645711467074594 3.68973104014101e-21
4.5658203220429865 3.7120260349326196e-21
4.567069839237359 3.734314718015638e-21
4.56831969838413 3.756595923124266e-21
4.569569899576884 3.778871325930508e-21
4.570820442909227 3.800762712672905e-21
4.57207132847479 3.818937494576287e-21
4.573322556367232 3.836573551363947e-21
4.574574126680239 3.857914122314376e-21
4.575826039507517 3.880160725504828e-21
4.577078294942803 3.90240033304084e-21
4.5783308930798565 3.924632473779624e-21
4.579583834012467 3.9468595429268154e-21
4.5808371178344425 3.969082020556426e-21
4.582090744639623 3.991297105481312e-21
4.583344714521871 4.013504729251773e-21
4.584599027575075 4.035707702006837e-21
4.585853683893152 4.057905732629931e-21
4.587108683570042 4.080096305200403e-21
4.588364026699709 4.10005139210262e-21
4.5896197133761465 4.117230315679402e-21
4.590875743693372 4.1366322373329165e-21
4.592132117745429 4.162111504191922e-21
4.593388835626386 4.189270970027957e-21
4.594645897430338 4.213112695557995e-21
4.595903303251406 4.235261721245556e-21
4.597161053183736 4.25740330032457e-21
4.598419147321501 4.281306361981596e-21
4.599677585758897 4.30843732961254e-21
4.60093636859015 4.333794300542045e-21
4.602195495909508 4.3559113987084044e-21
4.6034549678112455 4.3795359052063004e-21
4.604714784389666 4.406642966455381e-21
4.605974945739094 4.432230092007432e-21
4.607235451953883 4.454322719966562e-21
4.608496303128412 4.477652601693194e-21
4.609757499357084 4.504657922649249e-21
4.61101904073433 4.5304913311427115e-21
4.612280927354607 4.5526373816093744e-21
4.613543159312396 4.5747012456187634e-21
4.614805736702204 4.5967598149384585e-21
4.6160686596185645 4.622116682625681e-21
4.617331928156037 4.649161226053947e-21
4.618595542409208 4.6728955856116084e-21
4.619859502472688 4.694929705683523e-21
4.621123808441114 4.719951058004604e-21
4.62238846040915 4.74697185142454e-21
4.623653458471484 4.77099355136122e-21
4.62491880272283 4.793003233270414e-21
4.626184493257929 4.81767302672566e-21
4.627450530171548 4.846003457558782e-21
4.62871691355848 4.875327011824384e-21
4.629983643513544 4.904640685085052e-21
4.631250720131584 4.933944485643073e-21
4.632518143507469 4.962256168073791e-21
4.633785913736097 4.986900047795115e-21
4.63505403091239 5.012167403791483e-21
4.636322495131296 5.041086820657141e-21
4.637591306487789 5.070353268697279e-21
4.6388604650768706 5.099611713719415e-21
4.640129970993567 5.128860293816075e-21
4.64139982433293 5.158101167890126e-21
4.6426700251900375 5.1873362102430896e-21
4.643940573659995 5.216562123577859e-21
4.64521146983793 5.243230131646741e-21
4.646482713819002 5.267439641078373e-21
4.647754305698393 5.294190938947031e-21
4.649026245571311 5.323384336088384e-21
4.65029853353299 5.352568337736098e-21
4.651571169678691 5.381746548608474e-21
4.652844154103702 5.4109172892789526e-21
4.654117486903335 5.440078185874753e-21
4.655391168172927 5.467505197816536e-21
4.656665198007845 5.4916375672361065e-21
4.6579395765034795 5.517342664190504e-21
4.659214303755247 5.546285681484798e-21
4.660489379858593 5.5753661555779215e-21
4.661764804908984 5.6044816888217174e-21
4.663040579001917 5.637104508595026e-21
4.664316702232913 5.671200744926433e-21
4.665593174697522 5.702563884896354e-21
4.6668699964913145 5.736071504124623e-21
4.6681471677098925 5.7693549997274596e-21
4.669424688448882 5.800686443004527e-21
4.670702558803936 5.834745898487699e-21
4.671980778870732 5.867105665707172e-21
4.673259348744976 5.898729581331547e-21
4.674538268522397 5.932763721484621e-21
4.675817538298754 5.9642085865304575e-21
4.677097158169829 5.996693336089474e-21
4.678377128231434 6.0307021867238924e-21
4.679657448579404 6.061238804705439e-21
4.680938119309598 6.0902343600665576e-21
4.6822191405179066 6.122183926241372e-21
4.683500512300245 6.1561618722483135e-21
4.684782234752554 6.1873772647527766e-21
4.686064307970799 6.220166896840914e-21
4.687346732050973 6.253913356851915e-21
4.688629507089098 6.2850972435233516e-21
4.689912633181218 6.31871814145225e-21
4.691196110423406 6.351585623196348e-21
4.6924799389117595 6.3827380367242526e-21
4.693764118742404 6.416654377616823e-21
4.69504865001149 6.448651681516254e-21
4.696333532815196 6.480299681682008e-21
4.697618767249724 6.5155515702112226e-21
4.6989043534113035 6.5516585115784145e-21
4.700190291396193 6.587753234924071e-21
4.701476581300675 6.623835854785406e-21
4.702763223221056 6.659911540125114e-21
4.704050217253673 6.69597802950993e-21
4.705337563494888 6.735037933239513e-21
4.70662526204109 6.7760822858596485e-21
4.7079133129886905 6.814114114710276e-21
4.709201716434132 6.850140173699989e-21
4.710490472473882 6.88615403645739e-21
4.711779581204436 6.922160208253511e-21
4.71306904272231 6.958158048657727e-21
4.7143588571240524 6.994143699037885e-21
4.715649024506238 7.030118625663037e-21
4.716939544965463 7.066086703389944e-21
4.718230418598354 7.10204414613413e-21
4.7195216455015645 7.137989409888966e-21
4.720813225771772 7.173926296999945e-21
4.722105159505681 7.209855536910476e-21
4.723397446800026 7.249145321057343e-21
4.724690087751561 7.290051051210715e-21
4.725983082457073 7.327577269191081e-21
4.727276431013374 7.363466144736078e-21
4.728570133517299 7.399342858717006e-21
4.729864190065713 7.435210691633692e-21
4.731158600755506 7.471071380475189e-21
4.732453365683597 7.510403912437626e-21
4.733748484946927 7.551240677277432e-21
4.735043958642468 7.589236705575568e-21
4.736339786867216 7.629288473035396e-21
4.737635969718193 7.672258330287492e-21
4.73893250729245 7.715217143309904e-21
4.740229399687063 7.758167769076909e-21
4.7415266469991355 7.801103829813784e-21
4.742824249325796 7.844025468604889e-21
4.744122206764201 7.886939083016145e-21
4.745420519411532 7.929841353477559e-21
4.746719187365 7.969881628876171e-21
4.748018210721839 8.007758135950723e-21
4.749317589579313 8.048474066117442e-21
4.75061732403471 8.091328009027758e-21
4.751917414185346 8.134167450139149e-21
4.753217860128562 8.176998932366067e-21
4.75451866196173 8.21981910554642e-21
4.755819819782243 8.262624748902893e-21
4.7571213336875235 8.305419232541187e-21
4.7584232037750205 8.348205642491229e-21
4.759725430142209 8.387447674771727e-21
4.761028012886593 8.425205201525427e-21
4.7623309521057005 8.46648469099908e-21
4.7636342478970874 8.509222830298974e-21
4.764937900358333 8.551946461569738e-21
4.766241909587052 8.594659206273012e-21
4.767546275680876 8.637363603536319e-21
4.768850998737467 8.680053500757411e-21
4.770156078854516 8.72473484753982e-21
4.771461516129739 8.772963714285429e-21
4.772767310660878 8.82272924591656e-21
4.774073462545703 8.869810134048843e-21
4.775379971882009 8.91454664169351e-21
4.776686838767619 8.961940576036416e-21
4.777994063300383 9.011649876304545e-21
4.779301645578178 9.059361781274155e-21
4.780609585698906 9.103696490048984e-21
4.781917883760499 9.149998133276389e-21
4.783226539860912 9.197188668707229e-21
4.784535554098129 9.241830642199645e-21
4.785844926570162 9.288923646568365e-21
4.787154657375046 9.338537331646544e-21
4.788464746610845 9.386498437161583e-21
4.789775194375653 9.431088706965965e-21
4.791086000767585 9.477301235043175e-21
4.792397165884786 9.526858775531582e-21
4.793708689825428 9.575607970971765e-21
4.795020572687711 9.620806998490151e-21
4.7963328145698565 9.666123687328001e-21
4.797645415570118 9.714964785140748e-21
4.798958375786777 9.764460606117821e-21
4.800271695318138 9.810462951506982e-21
4.801585374262531 9.854925429344022e-21
4.80289941271832 9.902855688419622e-21
4.804213810783889 9.952295419497202e-21
4.805528568557652 1.0012125801215656e-20
4.80684368613805 1.0073620521834651e-20
4.80815916362355 1.01e-20
4.809475001112647 1.0131857289893691e-20
4.8107911987038605 1.0198974819014785e-20
4.812107756495742 1.0269489027471099e-20
4.813424674586864 1.0339981088833965e-20
4.814741953075829 1.0410449171633248e-20
4.816059592061267 1.0472839581149287e-20
4.817377591641835 1.05e-20
4.818695951916214 1.0528475385858641e-20
4.820014672983117 1.0592144325154322e-20
4.8213337549412785 1.0662524328944498e-20
4.822653197889464 1.0732880382509834e-20
4.823973001926465 1.0803213386235262e-20
4.8252931671510995 1.0869188393374244e-20
4.826613693662214 1.09e-20
4.827934581558679 1.0924621736404463e-20
4.829255830939394 1.0984370589173341e-20
4.830577441903286 1.1054614666184454e-20
4.831899414549311 1.1124834832019069e-20
4.833221748976447 1.1195035096982609e-20
4.8345444452837025 1.1265066078379117e-20
4.835867503570112 1.13e-20
4.837190923934738 1.1320297330707838e-20
4.838514706476669 1.1375655591135034e-20
4.839838851295021 1.1445763863032327e-20
4.841163358488938 1.151584826318528e-20
4.842488228157592 1.1585916291325292e-20
4.8438134604001775 1.1655968636817214e-20
4.84513905531592 1.1725997125139964e-20
4.846465013004074 1.1796005286119211e-20
4.847791333563915 1.1865503167051322e-20
4.849118017094752 1.19e-20
4.850445063695917 1.1920446920781457e-20
4.851772473466771 1.1975858974963301e-20
4.853100246506702 1.204577568159521e-20
4.854428382915124 1.211566857103249e-20
4.855756882791479 1.2185545196480765e-20
4.857085746235239 1.2255406033514196e-20
4.858414973345899 1.232524306814876e-20
4.859744564222981 1.239506009785404e-20
4.8610745189660385 1.2464865079628702e-20
4.862404837674649 1.2534646273864111e-20
4.863735520448419 1.2604403783561663e-20
4.865066567386981 1.267414938371621e-20
4.866397978589993 1.2743874752087925e-20
4.867729754157146 1.2789365147340134e-20
4.869061894188151 1.2809051349657829e-20
4.870394398782754 1.2852932118074215e-20
4.871727268040719 1.2922577928388684e-20
4.873060502061847 1.2992204809182718e-20
4.8743941009459615 1.3061818569962005e-20
4.875728064792911 1.3131408598962112e-20
4.877062393702577 1.320097623478186e-20
4.878397087774863 1.327053212483804e-20
4.879732147109703 1.3340066387520601e-20
4.881067571807058 1.3409576944411053e-20
4.882403361966915 1.3479073712849577e-20
4.883739517689291 1.3548552224344443e-20
4.885076039074226 1.361800704528815e-20
4.886412926221793 1.36874447692397e-20
4.887750179232087 1.3756867544809945e-20
4.889087798205233 1.3826266645134557e-20
4.890425783241385 1.3895645401967056e-20
4.891764134440721 1.3965012457009364e-20
4.893102851903448 1.4034355852176288e-20
4.894441935729801 1.4122842102785237e-20
4.895781386020042 1.4242150436340004e-20
4.89712120287446 1.4342271758654863e-20
4.898461386393372 1.4411535830794858e-20
4.89980193667712 1.4480785399732194e-20
4.901142853826079 1.455001743150384e-20
4.902484137940648 1.461922584534149e-20
4.903825789121251 1.4688416727852775e-20
4.905167807468343 1.475759310165543e-20
4.906510193082406 1.4826745873119734e-20
4.90785294606395 1.489572738775897e-20
4.909196066513511 1.496435507135326e-20
4.910539554531652 1.5033102904512292e-20
4.911883410218966 1.5102169748605118e-20
4.913227633676071 1.517411288343777e-20
4.914572225003614 1.5280547606979246e-20
4.91591718430227 1.5396684967367006e-20
4.917262511672739 1.547829589646581e-20
4.918608207215753 1.5547281687103254e-20
4.919954271032067 1.5616243933899272e-20
4.921300703222466 1.568518987945272e-20
4.922647503887763 1.5754120093094937e-20
4.923994673128795 1.5823026778784074e-20
4.925342211046431 1.590509225134033e-20
4.9266901177415665 1.6021578268217862e-20
4.9280383933151235 1.6127251638987604e-20
4.92938703786805 1.6198469813695878e-20
4.930736051501327 1.6267288248983395e-20
4.932085434315959 1.6336083862611994e-20
4.933435186412977 1.6404855991509788e-20
4.934785307893444 1.647761330620842e-20
4.936135798858446 1.658471298802871e-20
4.937486659409101 1.6699432707220785e-20
4.938837889646552 1.6779775572511327e-20
4.940189489671971 1.6848460181860272e-20
4.9415414595865546 1.6917121338778456e-20
4.942893799491532 1.6985765908127425e-20
4.944246509488156 1.7054395041096683e-20
4.945599589677709 1.7151649162846028e-20
4.946953040161501 1.7270235938203638e-20
4.948306861040871 1.7360161187188238e-20
4.9496610524171825 1.742871144126868e-20
4.951015614391829 1.7497240503701147e-20
4.952370547066231 1.7565758730068562e-20
4.9537258505418365 1.7634253559002295e-20
4.955081524920124 1.7721204001465143e-20
4.956437570302596 1.7839664644843015e-20
4.957793986790783 1.793962506073312e-20
4.959150774486247 1.8008041106632385e-20
4.960507933490575 1.8081765817821548e-20
4.961865463905381 1.8189656561122405e-20
4.963223365832309 1.8302695664822398e-20
4.964581639373029 1.838938711010292e-20
4.965940284629241 1.8499726672552965e-20
4.967299301702669 1.8610179556300674e-20
4.9686586906950705 1.8686457039472813e-20
4.970018451708227 1.8754730346191957e-20
4.971378584843947 1.8851529595732963e-20
4.972739090204069 1.8969760726259024e-20
4.974099967890458 1.9059429429144302e-20
4.975461218005011 1.9158480943179952e-20
4.976822840649644 1.927665490149714e-20
4.978184835926311 1.936396070449495e-20
4.979547203936988 1.946518062762458e-20
4.980909944783679 1.9583297496627015e-20
4.98227305856842 1.9669510300180186e-20
4.98363654539327 1.9772814837218233e-20
4.985000405360317 1.9889688691997992e-20
4.98636463857168 1.9972517680957418e-20
4.987729245129503 2.004054649917787e-20
4.989094225135959 2.0129827543442648e-20
4.990459578693249 2.024782011528482e-20
4.9918253059036015 2.0344518216956296e-20
4.993191406869274 2.0435688076348245e-20
4.994557881692549 2.0553623858722132e-20
4.995924730475741 2.0648322693662698e-20
4.997291953321191 2.074129779726458e-20
4.998659550331267 2.0859176874167106e-20
5.000027521608365 2.0951960051545398e-20
5.001395867254912 2.1046656889838097e-20
5.002764587373359 2.1164479345514913e-20
5.004133682066187 2.1255430413383747e-20
5.005503151435905 2.1351765538511885e-20
5.00687299558505 2.148196222366158e-20
5.008243214616188 2.1617467804978003e-20
5.0096138086319115 2.172276666869159e-20
5.010984777734841 2.1808185602610027e-20
5.012356122027626 2.1923741285410703e-20
5.013727841612942 2.2059090285387995e-20
5.015099936593498 2.2178885345893917e-20
5.016472407072026 2.2264840758410892e-20
5.017845253151288 2.2365590677552894e-20
5.019218474934071 2.2483187495772095e-20
5.020592072523195 2.2568361149272616e-20
5.021966046021509 2.2670416185805135e-20
5.023340395531882 2.2805498592301377e-20
5.02471512115722 2.293853853645609e-20
5.026090223000452 2.3037789206728287e-20
5.027465701164536 2.312478292614935e-20
5.028841555752459 2.3242257547303944e-20
5.030217786867238 2.3340204158319912e-20
5.031594394611914 2.3428308805468715e-20
5.03297137908956 2.355010784859434e-20
5.034348740403273 2.3684906148905527e-20
5.035726478656185 2.3797901860006652e-20
5.037104593951448 2.388262738002514e-20
5.038483086392249 2.3989072164882742e-20
5.039861956081799 2.4123714396198477e-20
5.04124120312334 2.4251920711729243e-20
5.042620827620139 2.4346453310140223e-20
5.044000829675496 2.4436924225635578e-20
5.045381209392735 2.456047271573063e-20
5.046761966875209 2.4694409809093837e-20
5.048143102226302 2.4828831920143963e-20
5.049524615549424 2.496322369160282e-20
5.050906506948012 2.5097581888976756e-20
5.052288776525534 2.5231894143567668e-20
5.053671424385486 2.536617483755502e-20
5.055054450631392 2.550042318456483e-20
5.056437855366803 2.5634625625015524e-20
5.057821638695299 2.5768795416797257e-20
5.059205800720489 2.5902933955912775e-20
5.060590341546011 2.603702662483242e-20
5.0619752612755295 2.6161558067872422e-20
5.063360560012738 2.62525572320826e-20
5.064746237861359 2.6346067794682414e-20
5.066132294925143 2.6473045919660052e-20
5.067518731307869 2.6606964971559055e-20
5.068905547113344 2.6740838226407857e-20
5.070292742445405 2.6874676368265837e-20
5.071680317407914 2.700848574142544e-20
5.073068272104765 2.7142249354317574e-20
5.0744566066398775 2.7275977300135684e-20
5.075845321117203 2.7409677038191226e-20
5.077234415640719 2.754333105290254e-20
5.078623890314432 2.767694898050227e-20
5.080013745242375 2.78105391273819e-20
5.081403980528612 2.794408358798102e-20
5.082794596277236 2.807759167569722e-20
5.084185592592366 2.82110722756226e-20
5.085576969578151 2.834450722647196e-20
5.086968727338768 2.8477905653154e-20
5.088360865978424 2.861127675064056e-20
5.089753385601352 2.874460223639681e-20
5.091146286311814 2.887789118140959e-20
5.092539568214105 2.901115282126744e-20
5.0939332314125405 2.9144368886881936e-20
5.09532727601147 2.927754853010626e-20
5.096721702115271 2.941070075744042e-20
5.098116509828351 2.9571394250149936e-20
5.099511699255142 2.975446477198393e-20
5.100907270500107 2.9909920830205335e-20
5.102303223667737 3.004291819157248e-20
5.1036995588625516 3.017587977293189e-20
5.105096276189101 3.030881331171757e-20
5.10649337575196 3.044170138957146e-20
5.107890857655736 3.057455421189087e-20
5.109288722005061 3.0707378475244794e-20
5.110686968904602 3.0840157315721716e-20
5.112085598459048 3.0972901560955257e-20
5.113484610773119 3.1105616595168756e-20
5.114884005951565 3.123828624470266e-20
5.116283784099162 3.1370922095324856e-20
5.117683945320717 3.1503527946987253e-20
5.119084489721066 3.166167761187108e-20
5.120485417405073 3.1844205250877716e-20
5.121886728477628 3.200111280731612e-20
5.123288423043654 3.21335642154592e-20
5.124690501208098 3.226598382636829e-20
5.126092963075943 3.239837145389147e-20
5.127495808752193 3.255493231434688e-20
5.128899038341883 3.273724408119935e-20
5.13030265195008 3.2895304165571326e-20
5.131706649681878 3.305094848703987e-20
5.133111031642397 3.323315259440057e-20
5.134515797936789 3.3391911222338033e-20
5.135920948670234 3.3524035624124263e-20
5.137326483947939 3.366167633562189e-20
5.138732403875144 3.383228935795018e-20
5.140138708557112 3.4008760775140984e-20
5.14154539809914 3.415674479139783e-20
5.1429524726065505 3.432622424504104e-20
5.144359932184698 3.450358383705219e-20
5.145767776938962 3.4647938376427285e-20
5.147176006974754 3.477978127988686e-20
5.148584622397513 3.493094684708239e-20
5.149993623312705 3.511272217263104e-20
5.151403009825828 3.5275088539377703e-20
5.152812782042409 3.542493162414367e-20
5.154222940068 3.5606600220912295e-20
5.155633484008188 3.577007156080003e-20
5.157044413968581 3.5901651920669817e-20
5.158455730054824 3.603321355629929e-20
5.159867432372585 3.619734780631177e-20
5.161279521027564 3.637881992590876e-20
5.162691996125487 3.652765527597026e-20
5.164104857772114 3.669025085217207e-20
5.16551810607323 3.687161669875901e-20
5.166931741134648 3.7021773432367035e-20
5.168345763062213 3.7182749530322883e-20
5.169760171961799 3.7376498898954845e-20
5.171174967939304 3.7573352472723236e-20
5.172590151100663 3.7770138754884074e-20
5.174005721551834 3.795599807161989e-20
5.175421679398804 3.810904021511852e-20
5.176838024747593 3.8266535235016326e-20
5.178254757704247 3.8456756103043726e-20
5.179671878374842 3.865328413633717e-20
5.181089386865482 3.884974499913772e-20
5.182507283282301 3.903876564155142e-20
5.183925567731462 3.9195016235563935e-20
5.185344240319157 3.93487078377529e-20
5.186763301151607 3.95349141858675e-20
5.188182750335061 3.972998105503963e-20
5.1896025879758 3.992478134457923e-20
5.191022814180131 4.0117422813216303e-20
5.192443429054391 4.027770402128548e-20
5.193864432704947 4.042677025341072e-20
5.195285825238194 4.060847072196423e-20
5.196707606760556 4.0804348216682056e-20
5.1981297773784885 4.10001587863641e-20
5.199552337198474 4.119594084277256e-20
5.200975286327024 4.13600747940281e-20
5.202398624870678 4.1505725672848755e-20
5.20382235293601 4.1682926606801796e-20
5.205246470629617 4.187847949749393e-20
5.206670978058127 4.207397367418105e-20
5.208095875328199 4.226943116153083e-20
5.20952116254652 4.2464821869556594e-20
5.2109468398198056 4.2660159635405665e-20
5.212372907254802 4.285545495793891e-20
5.213799364958284 4.305068356348511e-20
5.215226213037054 4.32458652106025e-20
5.2166534515979475 4.344099844875085e-20
5.218081080747824 4.363606503247189e-20
5.219509100593577 4.383109085377582e-20
5.220937511242127 4.4026062088438994e-20
5.222366312800423 4.424070130516222e-20
5.223795505375446 4.448557159438449e-20
5.225225089074204 4.4710646333227624e-20
5.226655064003733 4.490538911713788e-20
5.228085430271104 4.510010309555613e-20
5.2295161879834104 4.5294750567826606e-20
5.230947337247778 4.5489332647960094e-20
5.232378878171363 4.568388480505969e-20
5.233810810861351 4.5878370519363835e-20
5.235243135424954 4.6072797784132684e-20
5.236675851969415 4.626718820247125e-20
5.238108960602008 4.6487954580503943e-20
5.239542461430034 4.6732227326537724e-20
5.2409763545608214 4.695001375023247e-20
5.2424106401017365 4.7144176197423567e-20
5.243845318160165 4.7338294722171515e-20
5.245280388843528 4.7532361912551255e-20
5.246715852259274 4.77263628515425e-20
5.2481517085148806 4.792032745327455e-20
5.249587957717855 4.8114233155404217e-20
5.251024599975735 4.8308072670399106e-20
5.252461635396086 4.8501883132706466e-20
5.2538990640865055 4.8727706105545117e-20
5.255336886154618 4.898574149629053e-20
5.256775101708078 4.924394026807327e-20
5.25821371085457 4.9502050907359494e-20
5.259652713701808 4.974894803638746e-20
5.2610921103575325 4.996355145754504e-20
5.26253190092952 5.0182583985160166e-20
5.263972085525571 5.0433794408697276e-20
5.265412664253516 5.069156316591208e-20
5.266853637221217 5.094924396381158e-20
5.268295004536567 5.120241100438778e-20
5.2697367663074814 5.1423318425762663e-20
5.271178922641914 5.1635244116788947e-20
5.272621473647842 5.187931424777529e-20
5.274064419433275 5.213665344981095e-20
5.275507760106251 5.2393904866927e-20
5.276951495774838 5.265111721837776e-20
5.278395626547134 5.287864540470833e-20
5.279840152531265 5.30856909381824e-20
5.281285073835388 5.3322285126846535e-20
5.282730390567691 5.3579195238209896e-20
5.284176102836389 5.3836038706872693e-20
5.285622210749725 5.4092822025885813e-20
5.287068714415978 5.432728710893185e-20
5.288515613943449 5.453392892051825e-20
5.289962909440476 5.476272855839007e-20
5.291410601015421 5.50192100487259e-20
5.292858688776678 5.527565061208391e-20
5.294307172832671 5.553200536965633e-20
5.295756053291852 5.577372284342945e-20
5.297205330262704 5.59833755623393e-20
5.298655003853739 5.623265114875382e-20
5.3001050741735005 5.653529149904658e-20
5.3015555413305595 5.681272040206941e-20
5.303006405433518 5.709322030775972e-20
5.304457666591007 5.739908510575843e-20
5.305909324911686 5.768031187095187e-20
5.307361380504248 5.79565076179319e-20
5.308813833477412 5.826217258011867e-20
5.310266683939927 5.854727581025769e-20
5.311719932000576 5.880277487861224e-20
5.313173577768168 5.905823440174049e-20
5.3146276213515415 5.934376421406263e-20
5.316082062859565 5.964905567975762e-20
5.31753690240114 5.992414416957536e-20
5.318992140085195 6.020515998239685e-20
5.320447776020686 6.051025262201934e-20
5.321903810316604 6.078942796736186e-20
5.323360243081967 6.106585169842126e-20
5.324817074425822 6.137074592877202e-20
5.3262743044572485 6.165408645750782e-20
5.327731933285355 6.192584010815151e-20
5.329189961019276 6.222938853264589e-20
5.330648387768182 6.251697249034485e-20
5.33210721364127 6.27726391485897e-20
5.333566438747766 6.302711817883932e-20
5.3350260631969295 6.330759544232778e-20
5.336486087098045 6.361192082899154e-20
5.337946510560433 6.389010180528187e-20
5.339407333693437 6.41646392128147e-20
5.340868556606435 6.446676839146203e-20
5.342330179408835 6.474846280304388e-20
5.343792202210073 6.501860384657992e-20
5.345254625119615 6.532044330214652e-20
5.346717448246959 6.563774266081261e-20
5.348180671701631 6.595494302235646e-20
5.349644295593188 6.627208436226264e-20
5.351108320031216 6.658911775530464e-20
5.352572745125331 6.690607319758925e-20
5.354037570985181 6.72229486149348e-20
5.355502797720442 6.753971620144617e-20
5.356968425440822 6.785494969169977e-20
5.358434454256056 6.813842952788073e-20
5.359900884275911 6.840640903162044e-20
5.361367715610182 6.870599057217919e-20
5.3628349483686995 6.902233462382182e-20
5.364302582661318 6.933858655383034e-20
5.365770618597924 6.965477271774526e-20
5.367239056288437 6.997085132790671e-20
5.3687078958428 7.0286860170369e-20
5.370177137370993 7.060278093740226e-20
5.371646780983022 7.091859426810623e-20
5.373116826788927 7.123435719288231e-20
5.374587274898772 7.155001272549693e-20
5.376058125422656 7.186556430587986e-20
5.377529378470706 7.218106204150251e-20
5.379001034153081 7.249645250299693e-20
5.380473092579968 7.281176230579207e-20
5.381945553861586 7.312699501600016e-20
5.3834184181081834 7.342215441583932e-20
5.384891685430038 7.368722298084821e-20
5.386365355937457 7.397215698488883e-20
5.387839429740781 7.42870177973867e-20
5.389313906950379 7.460182794328347e-20
5.390788787676652 7.497130002867842e-20
5.3922640720300254 7.540360307854098e-20
5.393739760120962 7.584396677475224e-20
5.39521585205995 7.628418084945195e-20
5.396692347957511 7.672430451114736e-20
5.398169247924194 7.716429793269584e-20
5.39964655207058 7.760414190050647e-20
5.401124260507281 7.804391467203411e-20
5.402602373344937 7.84835380534829e-20
5.404080890694219 7.892302792187138e-20
5.40555981266583 7.936243072040983e-20
5.407039139370502 7.977873636439919e-20
5.408518870918996 8.016789221741701e-20
5.4099990074221065 8.057987321244343e-20
5.411479548990654 8.101875722211684e-20
5.4129604957354935 8.145756977279791e-20
5.41444184776751 8.189623333565848e-20
5.415923605197614 8.233475807107218e-20
5.417405768136753 8.277320119137747e-20
5.4188883366959 8.321149549392457e-20
5.420371310986059 8.36496880925401e-20
5.421854691118269 8.408776202184434e-20
5.423338477203593 8.452568730401553e-20
5.424822669353127 8.496354086482174e-20
5.426307267678 8.540124584369239e-20
5.427792272289366 8.583881002090983e-20
5.429277683298416 8.627629470154937e-20
5.430763500816365 8.67136309717486e-20
5.432249724954463 8.715086490402061e-20
5.433736355823987 8.758798094688631e-20
5.435223393536248 8.802494875137306e-20
5.436710838202584 8.846184457246442e-20
5.438198689934367 8.892837111220043e-20
5.439686948842997 8.943690740028927e-20
5.441175615039905 8.99779359326126e-20
5.442664688636551 9.051569133016984e-20
5.444154169744429 9.102662261463411e-20
5.445644058475063 9.156070297286057e-20
5.447134354940002 9.212128931044761e-20
5.448625059250833 9.26817827615047e-20
5.45011617151917 9.321307726334596e-20
5.451607691856656 9.372320759008349e-20
5.453099620374967 9.426223718403631e-20
5.45459195718581 9.479973842248907e-20
5.456084702400922 9.530944906486311e-20
5.457577856132066 9.584132680551138e-20
5.459071418491044 9.640068538867613e-20
5.460565389589682 9.695995074931439e-20
5.46205976953984 9.74913326114969e-20
5.463554558453406 9.800024584246843e-20
5.465049756442301 9.853673316821634e-20
5.466545363618476 9.907452639607689e-20
5.468041380093911 9.958853436763092e-20
5.46953780598062 1.0021620633323032e-19
5.471034641390643 1.009326789397431e-19
5.472531886436055 1.0158702912518202e-19
5.474029541228959 1.0194850875506421e-19
5.47552760588149 1.0206817785772867e-19
5.477026080505815 1.0244605118231261e-19
5.4785249652141275 1.0306536110967704e-19
5.480024260118656 1.0368456685449443e-19
5.481523965331656 1.0430356306258983e-19
5.483024080965416 1.0492235247106559e-19
5.484524607132258 1.0554103497255397e-19
5.486025543944528 1.0615950819186475e-19
5.487526891514609 1.06777838475559e-19
5.489028649954909 1.0739599810012784e-19
5.490530819377872 1.080139486978873e-19
5.492033399895971 1.0863179474109502e-19
5.493536391621708 1.092494318569045e-19
5.495039794667617 1.0986688646475072e-19
5.496543609146266 1.1048421011246984e-19
5.498047835170247 1.1110132508943363e-19
5.499552472852189 1.1173146422456941e-19
5.50105752230475 1.126636109282456e-19
5.502562983640615 1.1376206438362302e-19
5.504068856972507 1.1455820593751626e-19
5.505575142413173 1.1517448487619118e-19
5.507081840075395 1.1579061495217375e-19
5.508588950071985 1.1640658066901804e-19
5.5100964725157855 1.1702233833402755e-19
5.511604407519671 1.1763799084435095e-19
5.513112755196543 1.1825343540407976e-19
5.5146215156593374 1.1886869626071334e-19
5.516130689021024 1.194838277309551e-19
5.517640275394596 1.2009875151064097e-19
5.5191502748930805 1.2071356057349828e-19
5.52066068762954 1.2132817138166688e-19
5.522171513717064 1.2194257476015213e-19
5.523682753268771 1.2255687261332612e-19
5.525194406397813 1.2340993508472854e-19
5.526706473217375 1.2452387902549195e-19
5.5282189538406685 1.253986847702439e-19
5.529731848380939 1.2601225539538586e-19
5.531245156951461 1.2662572026731923e-19
5.532758879665543 1.2723897817719915e-19
5.534273016636523 1.2785205942163555e-19
5.535787567977768 1.28465004633996e-19
5.537302533802679 1.2926977741369347e-19
5.538817914224685 1.3038075136117916e-19
5.54033370935725 1.3130114303325558e-19
5.541849919313866 1.3191502260375175e-19
5.543366544208056 1.325271359844935e-19
5.544883584153375 1.3336151248564534e-19
5.54640103926341 1.3447328794991605e-19
5.547918909651779 1.3536241311604818e-19
5.549437195432128 1.3611353926928085e-19
5.550955896718138 1.3717016773989935e-19
5.5524750136235195 1.3814150638103218e-19
5.553994546262015 1.3880707948212078e-19
5.555514494747392 1.3941784343415267e-19
5.557034859193459 1.4019522559173219e-19
5.558555639714051 1.412777067506823e-19
5.560076836423033 1.422211289472911e-19
5.561598449434302 1.4294126043257046e-19
5.563120478861787 1.4393819832686647e-19
5.564642924819448 1.4496583173893144e-19
5.566165787421275 1.456884496225122e-19
5.5676890667812895 1.4629786623728046e-19
5.569212763013546 1.4701292119563812e-19
5.570736876232129 1.4803237089981642e-19
5.572261406551153 1.4903543021114626e-19
5.573786354084767 1.4975298109744474e-19
5.575311718947146 1.5068489675510304e-19
5.5768375012525 1.5177415936263206e-19
5.578363701115073 1.5255910747665006e-19
5.579890318649134 1.5316717887470906e-19
5.581417353968987 1.538146397420847e-19
5.582944807188965 1.547657341697464e-19
5.584472678423436 1.558337572191509e-19
5.586000967786795 1.5659787046389868e-19
5.587529675393471 1.5745944580222686e-19
5.589058801357925 1.5862439677850615e-19
5.5905883457946475 1.5983826126514964e-19
5.592118308818158 1.610517179274689e-19
5.593648690543013 1.622649593383428e-19
5.595179491083798 1.632067810538107e-19
5.5967107105551275 1.6391926552180293e-19
5.598242349071651 1.6490248860521497e-19
5.599774406748045 1.6611429254186043e-19
5.6013068836990225 1.673258807747623e-19
5.602839780039323 1.6853706216916271e-19
5.604373095883722 1.696595533455384e-19
5.605906831347024 1.7047921341438978e-19
5.607440986544065 1.7127768061042208e-19
5.60897556158971 1.723785159018875e-19
5.610510556598861 1.735880462941447e-19
5.612045971686448 1.7479717842874762e-19
5.6135818069674315 1.76006086649835e-19
5.615118062556806 1.7700990487471657e-19
5.616654738569596 1.7771817874279498e-19
5.618191835120857 1.7863074403753339e-19
5.6197293523256775 1.798382198917446e-19
5.621267290299178 1.8104547885775713e-19
5.622805649156506 1.8225233309004887e-19
5.6243444290128455 1.8344338318064338e-19
5.625883629983413 1.8433258733977647e-19
5.62742325218345 1.8505397466331643e-19
5.6289632957282345 1.8607661431753178e-19
5.630503760733076 1.8728182151619898e-19
5.632044647313313 1.884867706474022e-19
5.6335859555843175 1.8969135661127088e-19
5.635127685661493 1.908955391853619e-19
5.636669837660274 1.9209950396998938e-19
5.638212411696126 1.9330306559085018e-19
5.639755407884549 1.9450636009898895e-19
5.641298826341071 1.957093008232015e-19
5.642842667181252 1.9691183894736248e-19
5.644386930520687 1.9811415883202755e-19
5.645931616474998 1.9931607634410654e-19
5.647476725159844 2.0051772142394811e-19
5.649022256690911 2.0171901838207347e-19
5.650568211183916 2.0291991353402093e-19
5.652114588754614 2.0412058999684508e-19
5.653661389518787 2.053208648824136e-19
5.655208613592246 2.0655108002261463e-19
5.65675626109084 2.0808078064659382e-19
5.658304332130447 2.0974982004689725e-19
5.659852826826976 2.1111880863417008e-19
5.6614017452963665 2.1231744238878835e-19
5.662951087654594 2.1351580429027198e-19
5.664500854017661 2.1471381819002569e-19
5.666051044501604 2.159114318838343e-19
5.667601659222493 2.171088259904906e-19
5.669152698296426 2.183058201230526e-19
5.670704161839536 2.1950204856655236e-19
5.672256049967986 2.206919997596102e-19
5.6738083627979705 2.218784771153393e-19
5.675361100445718 2.2307065264883106e-19
5.676914263027486 2.2426600689342656e-19
5.678467850659565 2.2546111405063094e-19
5.680021863458281 2.2665584916184933e-19
5.681576301539984 2.279620189690924e-19
5.683131165021061 2.295664525970411e-19
5.684686454017933 2.311483370096486e-19
5.686242168647047 2.3243150350562607e-19
5.687798309024885 2.336246024310044e-19
5.689354875267961 2.3492071379035628e-19
5.690911867492821 2.365146757163075e-19
5.692469285816042 2.3810334820343043e-19
5.6940271303542325 2.3939372809158856e-19
5.695585401224037 2.4088037608064204e-19
5.697144098542125 2.425714481751026e-19
5.698703222425203 2.439671104434189e-19
5.700262772990008 2.453457328640951e-19
5.70182275035331 2.4702168109673093e-19
5.703383154631908 2.485233391558299e-19
5.704943985942635 2.498075311967915e-19
5.706505244402358 2.5137443989448244e-19
5.708066930127972 2.5298280607249966e-19
5.709629043236406 2.5429370604394576e-19
5.711191583844622 2.5575086556474394e-19
5.712754552069611 2.5743872158437703e-19
5.714317948028398 2.588573439817146e-19
5.715881771838043 2.602040457810916e-19
5.717446023615633 2.6184724365392e-19
5.719010703478286 2.633742988241534e-19
5.72057581154316 2.646536829673075e-19
5.722141347927437 2.6618541158519845e-19
5.723707312748335 2.678216087820335e-19
5.725273706123103 2.691611683916143e-19
5.726840528169022 2.7058072122215165e-19
5.7284077790034065 2.7226538283426527e-19
5.729975458743601 2.737150963573976e-19
5.731543567506984 2.7502176797647993e-19
5.7331121054109655 2.7662410371118183e-19
5.734681072572986 2.7818467839791406e-19
5.736250469110519 2.7945928728859978e-19
5.7378202951410735 2.809477327473013e-19
5.739390550782186 2.826198747435074e-19
5.740961236151427 2.8399620999225633e-19
5.742532351366399 2.8537006178568353e-19
5.744103896544738 2.8703904874452184e-19
5.74567587180411 2.8881065958183714e-19
5.747248277262215 2.905817175458117e-19
5.748821113036783 2.923524045009895e-19
5.750394379245579 2.9412250427607507e-19
5.751968076006399 2.9589226746728945e-19
5.753542203437071 2.974038114635348e-19
5.755116761655455 2.9867250495316136e-19
5.756691750779444 3.001983904500898e-19
5.7582671709269615 3.0196605765816683e-19
5.759843022215968 3.037333876166603e-19
5.76141930476445 3.0550013204685563e-19
5.76299601869043 3.072664693817269e-19
5.764573164111962 3.09032291156273e-19
5.7661507411471336 3.106841767395049e-19
5.767728749914061 3.1204161836986893e-19
5.7693071905308955 3.1341928494344934e-19
5.7708860631158245 3.15090719388309e-19
5.77246536778706 3.1685411235690854e-19
5.77404510466285 3.186169347013916e-19
5.7756252738614755 3.203794057638666e-19
5.7772058755012505 3.2214129387770844e-19
5.778786909700519 3.2390284316041235e-19
5.780368376577657 3.25406467593896e-19
5.781950276251079 3.266669531254435e-19
5.783532608839222 3.28184340846339e-19
5.785115374460564 3.299438046382768e-19
5.786698573233611 3.317029289356187e-19
5.788282205276903 3.334614719655702e-19
5.789866270709011 3.3521962912697143e-19
5.7914507696485416 3.3697725152539637e-19
5.793035702214131 3.387342935809372e-19
5.794621068524448 3.4049099547913127e-19
5.796206868698192 3.4224711741838226e-19
5.7977931028541025 3.440028989484828e-19
5.799379771110945 3.4575810090438843e-19
5.800966873587516 3.475127795710029e-19
5.8025544104026485 3.4926706167734176e-19
5.804142381675209 3.5102076513975217e-19
5.805730787524093 3.527741275311515e-19
5.807319628068228 3.545269116656798e-19
5.80890890342658 3.5627928159526833e-19
5.810498613718142 3.5803114653819386e-19
5.812088759061938 3.5978243415878407e-19
5.813679339577032 3.615333800472262e-19
5.815270355382515 3.632837490027131e-19
5.816861806597512 3.6503377597464235e-19
5.818453693341178 3.667832264038039e-19
5.820046015732707 3.6853214362656166e-19
5.82163877389132 3.7028067566902637e-19
5.823231967936271 3.7202863210905743e-19
5.82482559798685 3.737762459053035e-19
5.826419664162376 3.7552328449163167e-19
5.828014166582204 3.7726991281650573e-19
5.829609105365718 3.790160336912749e-19
5.831204480632339 3.807615803007586e-19
5.832800292501516 3.8250678360696313e-19
5.834396541092733 3.842514130427319e-19
5.83599322652551 3.859956989242249e-19
5.837590348919393 3.877394113309498e-19
5.839187908393964 3.894826130166983e-19
5.84078590506884 3.9122540853989744e-19
5.842384339063668 3.931074089645548e-19
5.843983210498127 3.952793470998014e-19
5.84558251949193 3.9738087633380548e-19
5.847182266164825 3.9919174981896484e-19
5.848782450636589 4.00932140287653e-19
5.850383073027033 4.0267195958483917e-19
5.8519841334560025 4.0441143401136953e-19
5.853585632043375 4.061452874227323e-19
5.855187568909058 4.0787018542474344e-19
5.856789944172995 4.0959822392274264e-19
5.858392757955161 4.113682900457215e-19
5.859996010375565 4.134286581863703e-19
5.861599701554248 4.15631292378282e-19
5.863203831611284 4.175441502235071e-19
5.864808400666781 4.192797366274175e-19
5.8664134088408755 4.210149770022637e-19
5.868018856253743 4.2274964878288813e-19
5.869624743025588 4.2448380807198766e-19
5.8712310692766465 4.2621756538422347e-19
5.872837835127192 4.2808696754309555e-19
5.87444504069753 4.3024479742455823e-19
5.876052686107997 4.323408607289706e-19
5.8776607714789595 4.341477961608316e-19
5.879269296930822 4.358791581911195e-19
5.880878262584025 4.376099539714339e-19
5.8824876685590315 4.393404024116471e-19
5.884097514976346 4.410702850110028e-19
5.885707801956503 4.427998200203499e-19
5.887318529620071 4.447609665712461e-19
5.888929698087649 4.469895304972171e-19
5.890541307479872 4.489854102432032e-19
5.892153357917406 4.507129025076072e-19
5.8937658495209515 4.524400465278437e-19
5.895378782411241 4.541666265063771e-19
5.896992156709041 4.558928579910801e-19
5.898605972535149 4.576185258472494e-19
5.900220230010399 4.593781413586153e-19
5.901834929255655 4.614246701250384e-19
5.903450070391816 4.636144687144912e-19
5.905065653539811 4.655165399517398e-19
5.906681678820607 4.672398218270729e-19
5.9082981463552 4.689627543059925e-19
5.90991505626462 4.706851249711641e-19
5.911532408669931 4.724070181469874e-19
5.913150203692232 4.741284777698708e-19
5.914768441452651 4.758493765678069e-19
5.91638712207235 4.7756992531715555e-19
5.918006245672527 4.792899136603621e-19
5.919625812374411 4.810095517058219e-19
5.921245822299264 4.827286297647845e-19
5.922866275568383 4.844472107685849e-19
5.924487172303095 4.861653787146763e-19
5.926108512624766 4.878829876690688e-19
5.927730296654787 4.896002456745518e-19
5.92935252451459 4.915128003083267e-19
5.930975196325633 4.937110577978964e-19
5.932598312209414 4.957309926912546e-19
5.934221872287463 4.974643678677036e-19
5.935845876681336 4.991792487893338e-19
5.937470325512633 5.008935725650448e-19
5.939095218902979 5.026075444928002e-19
5.940720556974038 5.043209596999626e-19
5.942346339847504 5.060340228105234e-19
5.943972567645103 5.077465296266649e-19
5.945599240488598 5.094585331711391e-19
5.947226358499784 5.111701317746868e-19
5.948853921800488 5.128811750906753e-19
5.950481930512571 5.145918656609506e-19
5.95211038475793 5.163020013722746e-19
5.95373928465849 5.180117840895048e-19
5.955368630336213 5.197210123772396e-19
5.956998421913096 5.214771069343877e-19
5.958628659511167 5.235174291640725e-19
5.960259343252485 5.256778406861696e-19
5.961890473259145 5.275532534900024e-19
5.963522049653278 5.292601144927253e-19
5.965154072557045 5.309666216051735e-19
5.96678654209264 5.326725761657039e-19
5.968419458382291 5.343780654061379e-19
5.970052821548264 5.360831137100228e-19
5.971686631712851 5.377876104810027e-19
5.973320888998382 5.394917527146937e-19
5.97495559352722 5.411953438506845e-19
5.97659074542176 5.428985802015428e-19
5.9782263448044315 5.446012658907654e-19
5.979862391797699 5.463035219046269e-19
5.98149888652406 5.4800530233621325e-19
5.98313582910604 5.497993882021343e-19
5.984773219666206 5.518765446603649e-19
5.986411058327155 5.539840157555157e-19
5.988049345211517 5.558077051486265e-19
5.989688080441956 5.575071268773722e-19
5.991327264141171 5.592061657448618e-19
5.992966896431892 5.609046832290876e-19
5.994606977436884 5.626026529859616e-19
5.996247507278946 5.643002664193151e-19
5.997888486080912 5.659973325671746e-19
5.999529913965644 5.676940421442229e-19
6.001171791056044 5.693902048784961e-19
6.002814117475046 5.710860107947249e-19
6.004456893345614 5.727812703117672e-19
6.006100118790749 5.744760160064097e-19
6.007743793933486 5.761703725034909e-19
6.009387918896893 5.778641836404089e-19
6.01103249380407 5.795576373157248e-19
6.012677518778152 5.814333544472567e-19
6.014322993942309 5.835907961728186e-19
6.015968919419743 5.855999943880192e-19
6.017615295333689 5.872979229552689e-19
6.019262121807419 5.886785154635978e-19
6.0209093989642355 5.898978222817769e-19
6.022557126927476 5.913985372219236e-19
6.024205305820509 5.930881970871632e-19
6.025853935766745 5.947774983547343e-19
6.027503016889618 5.9646625710009e-19
6.029152549312602 5.981546570011676e-19
6.0308025331592034 5.998425148312079e-19
6.032452968552962 6.01529831734589e-19
6.034103855617452 6.032167888548155e-19
6.0357551944762795 6.049032049570449e-19
6.037406985253089 6.065892615738925e-19
6.039059228071554 6.080885478358542e-19
6.040711923055381 6.093066226315059e-19
6.042365070328318 6.106774686331557e-19
6.04401867001414 6.123287230626201e-19
6.045672722236656 6.14012439641427e-19
6.047327227119712 6.156929565154402e-19
6.048982184787187 6.173647798014671e-19
6.050637595362993 6.190347220107105e-19
6.052293458971075 6.207126286093618e-19
6.053949775735416 6.223940066493204e-19
6.055606545780028 6.240750238251419e-19
6.05726376922896 6.257555033318826e-19
6.058921446206295 6.27389569379811e-19
6.0605795768361475 6.287433788014504e-19
6.062238161242668 6.299683410219209e-19
6.0638971995500395 6.314727958703611e-19
6.065556691882483 6.331509428125674e-19
6.067216638364247 6.348287280063891e-19
6.068877039119618 6.365059775219394e-19
6.070537894272919 6.381828545976283e-19
6.0721992039485 6.3985920690407155e-19
6.073860968270752 6.415350246057188e-19
6.075523187364096 6.432104799215445e-19
6.077185861352989 6.447649345884182e-19
6.0788489903619185 6.460399730946764e-19
6.08051257451541 6.471559896748919e-19
6.0821766139380244 6.482717643374668e-19
6.083841108754351 6.496233679226303e-19
6.085506059089018 6.512385156013447e-19
6.087171465066685 6.52617153156335e-19
6.0888373268120475 6.537316203548739e-19
6.090503644449833 6.548458452117557e-19
6.092170418104806 6.560888656481867e-19
6.093837647901763 6.576100153164225e-19
6.095505333965537 6.590941390877282e-19
6.09717347642099 6.602996484539982e-19
6.098842075393025 6.614123257638777e-19
6.100511131006574 6.625247203930612e-19
6.102180643386605 6.636368013751329e-19
6.103850612658119 6.648246278508238e-19
6.105521038946156 6.662900211182748e-19
6.107191922375785 6.678250545773902e-19
6.108863263072109 6.690820348990484e-19
6.1105350611602685 6.701925712292899e-19
6.1122073167654385 6.713028641421235e-19
6.113880030012823 6.726547080695797e-19
6.115553201027666 6.742643671069019e-19
6.117226829935245 6.756318093346943e-19
6.118900916860868 6.767408033087663e-19
6.12057546192988 6.778495534433366e-19
6.12225046526766 6.79085977831598e-19
6.123925926999624 6.805991613084243e-19
6.125601847251216 6.820789402493285e-19
6.12727822614792 6.832814719342735e-19
6.128955063815253 6.843886816027116e-19
6.130632360378763 6.854956226419493e-19
6.132310115964035 6.8660223785626235e-19
6.133988330696692 6.87773915120626e-19
6.135667004702386 6.892217864191176e-19
6.137346138106804 6.90762046189749e-19
6.1390257310356695 6.920256225913119e-19
6.140705783614741 6.931307003068278e-19
6.142386295969806 6.942355331110883e-19
6.144067268226692 6.953400171719853e-19
6.1457487005112625 6.964442561591653e-19
6.147430592949409 6.975481467262862e-19
6.149112945667059 6.986516910769948e-19
6.15079575879018 6.9975498831182905e-19
6.152479032444767 7.008579378701837e-19
6.154162766756855 7.019606419348763e-19
6.155846961852509 7.030629986481271e-19
6.157531617857832 7.041651097054732e-19
6.159216734898959 7.052668737370248e-19
6.160902313102062 7.063683919504742e-19
6.162588352593344 7.074695634643859e-19
6.164274853499046 7.085704288589882e-19
6.165961815945443 7.096710080199736e-19
6.167649240058842 7.107712412304412e-19
6.169337125965587 7.118712282038703e-19
6.171025473792056 7.129708695547808e-19
6.172714283664661 7.140702645066799e-19
6.1744035557098496 7.151693141646713e-19
6.176093290054103 7.162681172617246e-19
6.177783486823939 7.173665753940936e-19
6.179474146145906 7.184682569459118e-19
6.181165268146592 7.198439699629173e-19
6.182856852952616 7.214380154487528e-19
6.184548900690632 7.227574447920992e-19
6.186241411487331 7.238543764985268e-19
6.187934385469437 7.249510610644008e-19
6.189627822763708 7.260474020826407e-19
6.191321723496937 7.271434957986756e-19
6.193016087795955 7.282392462992827e-19
6.1947109157876215 7.293347493360779e-19
6.1964062075988355 7.304299094902657e-19
6.19810196335653 7.315247858774065e-19
6.199798183187674 7.326193558570574e-19
6.201494867219266 7.336484068980897e-19
6.203192015578342 7.344037818464392e-19
6.204889628391978 7.350625968543267e-19
6.206587705787276 7.359945920325055e-19
6.208286247891378 7.37087640729677e-19
6.2099852548314605 7.381804412236416e-19
6.211684726734734 7.392729006017254e-19
6.2133846637284424 7.403651116153242e-19
6.215085065939867 7.414569818494846e-19
6.216785933496325 7.425249631717061e-19
6.2184872665251625 7.433199187375223e-19
6.2201890651537655 7.439344530292163e-19
6.221891329509555 7.448214712039471e-19
6.223594059719986 7.459118240049939e-19
6.225297255912542 7.470019278650531e-19
6.227000918214755 7.48091692390517e-19
6.228705046754181 7.491812078140019e-19
6.23040964165841 7.502703842423475e-19
6.2321147030550765 7.51359311407772e-19
6.233820231071842 7.521998951210461e-19
6.235526225836407 7.527881937581426e-19
6.237232687476503 7.536241993274401e-19
6.2389396161199 7.547118622190925e-19
6.240647011894401 7.557992754336165e-19
6.242354874927845 7.568863511094539e-19
6.244063205348105 7.57973176947462e-19
6.245772003283093 7.590596655892749e-19
6.2474812688607475 7.601459042326054e-19
6.24919100220905 7.610381470425559e-19
6.2509012034560145 7.616587288270126e-19
6.252611872729689 7.624377029291488e-19
6.254323010158156 7.634876717804939e-19
6.256034615869536 7.645668791993529e-19
6.2577466899919845 7.656414266647279e-19
6.259459232653687 7.66721088840583e-19
6.261172243982868 7.677181988138541e-19
6.2628857241077895 7.684442251639637e-19
6.264599673156743 7.689858353371119e-19
6.266314091258058 7.695273200638051e-19
6.2680289785401 7.702382611427705e-19
6.269744335131268 7.712196586126787e-19
6.271460161159997 7.720910596078291e-19
6.273176456754756 7.72691753078774e-19
6.274893222044052 7.732324851672655e-19
6.276610457156423 7.737947587183984e-19
6.278328162220444 7.74627018354253e-19
6.280046337364729 7.756456022132061e-19
6.28176498271792 7.763939293285733e-19
6.283484098408701 7.769339100732572e-19
6.2852036845657855 7.77473764925565e-19
6.286923741317928 7.781550849805869e-19
6.288644268793911 7.791060323173661e-19
6.290365267122558 7.800037974214469e-19
6.292086736432728 7.806316832191952e-19
6.293808676853313 7.811707878252008e-19
6.295531088513238 7.817097662990589e-19
6.297253971541469 7.822485790509987e-19
6.2989773260670034 7.828155282862326e-19
6.300701152218872 7.83651515641917e-19
6.302425450126147 7.846615798533388e-19
6.304150219917933 7.854023428263038e-19
6.305875461723367 7.859404070142361e-19
6.307601175671625 7.864783447852923e-19
6.309327361891917 7.871586017088619e-19
6.311054020513489 7.881075277865649e-19
6.312781151665622 7.890025251799892e-19
6.314508755477631 7.896286003463273e-19
6.31623683207887 7.901657906717624e-19
6.317965381598723 7.907028543411738e-19
6.319694404166615 7.914938087723389e-19
6.321423899912003 7.925305583667302e-19
6.323153868964381 7.933131114138484e-19
6.3248843114532765 7.936728790682861e-19
6.326615227508254 7.932282540466494e-19
6.328346617258916 7.921559470491635e-19
6.330078480834894 7.910838939312168e-19
6.3318108183658595 7.900121681591346e-19
6.333543629981521 7.889406964256529e-19
6.335276915811619 7.877030707338805e-19
6.337010675985928 7.861979916923052e-19
6.338744910634263 7.847939087120241e-19
6.340479619886473 7.836577876357163e-19
6.342214803872439 7.825878043319467e-19
6.343950462722082 7.815180841521954e-19
6.345686596565358 7.804486812662283e-19
6.347423205532256 7.793796038310434e-19
6.349160289752801 7.783107811592251e-19
6.350897849357055 7.771692926999981e-19
6.3526358844751165 7.757610613696713e-19
6.354374395237118 7.742661343068321e-19
6.356113381773226 7.730384601178263e-19
6.357852844213646 7.719711216202249e-19
6.359592782688617 7.7090403836187985e-19
6.361333197328415 7.698372790982442e-19
6.363074088263351 7.687707752323826e-19
6.364815455623771 7.677045949955869e-19
6.366557299540056 7.666386703150265e-19
6.368299620142626 7.653331793451896e-19
6.370042417561934 7.637678464792211e-19
6.371785691928469 7.62442713223947e-19
6.373529443372754 7.613780128566114e-19
6.375273672025354 7.603135684505021e-19
6.377018378016864 7.592494461162283e-19
6.378763561477912 7.581855799013716e-19
6.380509222539171 7.571220353895459e-19
6.382255361331344 7.560587471552668e-19
6.38400197798517 7.54861870765172e-19
6.385749072631422 7.5339960468421085e-19
6.387496645400915 7.51971124671969e-19
6.389244696424493 7.508085473798514e-19
6.390993225833038 7.505307766559647e-19
6.392742233757472 7.513148204991653e-19
6.394491720328746 7.526026839106975e-19
6.396241685677852 7.541555514118642e-19
6.397992129935815 7.557465392875381e-19
6.399743053233697 7.573150061453312e-19
6.401494455702595 7.586181308243749e-19
6.403246337473645 7.597298423920108e-19
6.404998698678014 7.611060993407912e-19
6.40675153944691 7.626133378675356e-19
6.408504859911572 7.63855516230679e-19
6.410258660203277 7.650249753084293e-19
6.412012940453339 7.66458721903325e-19
6.413767700793108 7.680457756234628e-19
6.4155229413539665 7.696324426659499e-19
6.4172786622673375 7.710500375267749e-19
6.419034863664679 7.722029581928656e-19
6.420791545677481 7.734568822463815e-19
6.422548708437273 7.749747064309369e-19
6.424306352075622 7.763339783764395e-19
6.426064476724128 7.774288338337366e-19
6.427823082514426 7.7873763163167935e-19
6.429582169578191 7.803100181550016e-19
6.4313417380471325 7.818927604155905e-19
6.4331017880529915 7.834306622018565e-19
6.434862319727554 7.847046068865559e-19
6.436623333202634 7.858303822743369e-19
6.438384828610086 7.872193385539583e-19
6.440146806081799 7.887015338692782e-19
6.441909265749699 7.899200305055969e-19
6.443672207745745 7.910980707969648e-19
6.445435632201938 7.925390326157631e-19
6.44719953925031 7.94117860672688e-19
6.4489639290229315 7.956962998008658e-19
6.450728801651907 7.970970877920558e-19
6.45249415726938 7.9823456532713e-19
6.454259996007529 7.994888556492028e-19
6.456026317998568 8.010056778644354e-19
6.457793123374747 8.025819288009603e-19
6.459560412268354 8.041577901034652e-19
6.461328184811713 8.059866144180066e-19
6.463096441137179 8.080775139768236e-19
6.464865181377151 8.101768933943383e-19
6.4666344056640614 8.122756495589599e-19
6.468404114130378 8.143738854147006e-19
6.4701743069086 8.164714987903473e-19
6.471944984131274 8.185685915443695e-19
6.473716145930975 8.205759056872875e-19
6.475487792440315 8.223207595297157e-19
6.477259923791944 8.240007684593985e-19
6.479032540118549 8.259318214133636e-19
6.480805641552848 8.280104912030392e-19
6.482579228227603 8.300990025834667e-19
6.4843533002756075 8.321920484610585e-19
6.4861278578296915 8.342845724670488e-19
6.487902901022724 8.363764778883644e-19
6.489678429987608 8.384678611259717e-19
6.491454444857283 8.403581600179136e-19
6.493230945764726 8.419866521234765e-19
6.495007932842948 8.437767445820238e-19
6.496785406225001 8.458275985237308e-19
6.498563366043969 8.479160853949555e-19
6.500341812432975 8.500040239174386e-19
6.5021207455251755 8.52091372216493e-19
6.503900165453769 8.541781060171315e-19
6.505680072351982 8.562643162187562e-19
6.507460466353086 8.583008188961171e-19
6.509241347590384 8.600762389674004e-19
6.511022716197218 8.617097924390468e-19
6.512804572306963 8.636033803851411e-19
6.514586916053034 8.6568670369018765e-19
6.516369747568882 8.677695024628803e-19
6.518153066987994 8.698516898952304e-19
6.519936874443891 8.719333524843727e-19
6.521721170070135 8.740144045261017e-19
6.523505954000321 8.760949314139042e-19
6.525291226368083 8.778711911358752e-19
6.5270769873070895 8.791271201093766e-19
6.528863236951048 8.799949870811985e-19
6.5306499754337 8.806028199673007e-19
6.532437202888826 8.813131687404903e-19
6.534224919450242 8.82283025669271e-19
6.536013125251799 8.8332128333427e-19
6.5378018204273864 8.843592778015304e-19
6.539591005110932 8.853969689876655e-19
6.541380679436396 8.864343968210352e-19
6.543170843537778 8.874715217738523e-19
6.544961497549116 8.885016580003105e-19
6.546752641604481 8.892724640023751e-19
6.54854427583798 8.898154320121188e-19
6.550336400383761 8.906171782017004e-19
6.552129015376008 8.91652869835379e-19
6.553922120948939 8.926882975690791e-19
6.555715717236808 8.937234241138306e-19
6.557509804373911 8.94758286603958e-19
6.5593043824945765 8.957928483090462e-19
6.5610994517331696 8.968271458049302e-19
6.562895012224095 8.977666148967027e-19
6.564691064101791 8.984474378360525e-19
6.5664876075007355 8.990753986363053e-19
6.568284642555442 8.999614767071135e-19
6.570082169400459 9.009943453963742e-19
6.5718801881703754 9.020269494131075e-19
6.573678698999815 9.030592542673514e-19
6.575477702023438 9.040912942947653e-19
6.577277197375942 9.051230355670604e-19
6.579077185192062 9.061545118582905e-19
6.580877665606568 9.070103990105159e-19
6.58267863875427 9.076083013057059e-19
6.584480104770014 9.08314206968307e-19
6.586282063788677 9.092775670633906e-19
6.588084515945183 9.103076191158792e-19
6.589887461374487 9.113374057250198e-19
6.59169090021158 9.123668952154742e-19
6.593494832591492 9.133961191086235e-19
6.595299258649291 9.146598788853425e-19
6.597104178520081 9.161805615920971e-19
6.598909592339 9.177231092988548e-19
6.600715500241228 9.192652387636507e-19
6.60252190236198 9.208069437868466e-19
6.604328798836505 9.223482057246611e-19
6.606136189800093 9.238890684530972e-19
6.607944075388071 9.25396196888504e-19
6.6097524557358 9.266463396933974e-19
6.611561330978679 9.277192105012635e-19
6.613370701252147 9.290482678299769e-19
6.615180566691677 9.305870059186228e-19
6.616990927432779 9.321253441071945e-19
6.618801783611002 9.336632416979049e-19
6.620613135361932 9.35200739158525e-19
6.6224249828211885 9.367377966457966e-19
6.624237326124432 9.382744537730676e-19
6.626050165407361 9.398106715525615e-19
6.627863500805707 9.41346488742254e-19
6.629677332455239 9.428818672107936e-19
6.631491660491768 9.444168448598408e-19
6.63330648505114 9.459513844154207e-19
6.635121806269233 9.474855229219232e-19
6.636937624281969 9.490192239637007e-19
6.638753939225305 9.50552523726929e-19
6.640570751235234 9.520853866552365e-19
6.642388060447786 9.536178480756278e-19
6.644205866999031 9.551498732919636e-19
6.646024171025075 9.566814967711302e-19
6.647842972662058 9.582126846781674e-19
6.649662272046163 9.597434706188907e-19
6.651482069313605 9.612738216204757e-19
6.6533023646006395 9.628037704267124e-19
6.655123158043558 9.643332849278665e-19
6.65694444977869 9.658623970047496e-19
6.658766239942403 9.673910754116714e-19
6.660588528671099 9.689193511655094e-19
6.662411316101219 9.704471938855739e-19
6.664234602369243 9.719746337238558e-19
6.666058387611686 9.732908229659669e-19
6.667882671965099 9.743521636646723e-19
6.669707455566078 9.753696120468044e-19
6.671532738551246 9.763867915363709e-19
6.673358521057269 9.776316720426382e-19
6.67518480322085 9.791304599684427e-19
6.677011585178731 9.8041880758588e-19
6.678838867067688 9.814527095419951e-19
6.680666649024534 9.827125364323128e-19
6.682494931186126 9.84226001164887e-19
6.68432371368935 9.85497179379712e-19
6.686152996671135 9.865141691907464e-19
6.687982780268445 9.875288388026427e-19
6.689813064618283 9.885558410220599e-19
6.691643849857689 9.898360068657242e-19
6.6934751361237375 9.913372189921487e-19
6.695306923553547 9.925847278804324e-19
6.6971392122842675 9.935980035931594e-19
6.69897200245309 9.94611009271396e-19
6.700805294197241 9.956562625598295e-19
6.702639087653987 9.969542739658032e-19
6.704473382960627 9.9839529501091e-19
6.706308180254505 9.993301242799692e-19
6.708143479672998 9.997915087073964e-19
6.709979281353519 1e-18
6.71181558543352 1.000499537847492e-18
6.713652392050497 1.0035253013960048e-18
6.715489701341974 1.0080257635485128e-18
6.7173275134455155 1.01e-18
6.719165828498728 1.01e-18
6.721004646639251 1.01e-18
6.7228439680047645 1.01e-18
6.724683792732982 1.01e-18
6.7265241209616615 1.010643165084892e-18
6.728364952828593 1.013807108141088e-18
6.730206288471605 1.018163943056196e-18
6.7320481280285644 1.02e-18
6.7338904716373795 1.02e-18
6.735733319435989 1.02e-18
6.737576671562376 1.02e-18
6.739420528154557 1.02e-18
6.741264889350589 1.0207926379027218e-18
6.743109755288565 1.0241006213301564e-18
6.744955126106618 1.0283079834274345e-18
6.746801001942915 1.03e-18
6.7486473829356655 1.03e-18
6.750494269223111 1.03e-18
6.752341660943539 1.03e-18
6.754189558235268 1.03e-18
6.756037961236655 1.0308980705924637e-18
6.757886870086098 1.0343060422106991e-18
6.759736284922033 1.0384079716182356e-18
6.761586205882926 1.04e-18
6.7634366331072915 1.04e-18
6.765287566733679 1.04e-18
6.767139006900673 1.0409482999203647e-18
6.768990953746894 1.0444024095982947e-18
6.770843407411007 1.04845410967793e-18
6.7726963680317125 1.05e-18
6.774549835747745 1.05e-18
6.776403810697882 1.05e-18
6.778258293020938 1.050973848975374e-18
6.780113282855762 1.0544494096859185e-18
6.781968780341244 1.0584755607105444e-18
6.7838247856163125 1.06e-18
6.785681298819933 1.06e-18
6.787538320091109 1.06e-18
6.789395849568882 1.06e-18
6.791253887392331 1.06e-18
6.793112433700577 1.0609695922290617e-18
6.79497148863277 1.0644354216759e-18
6.796831052328109 1.068465829446838e-18
6.798691124925824 1.07e-18
6.8005517065651855 1.07e-18
6.802412797385501 1.07e-18
6.804274397526118 1.0709377105570611e-18
6.806136507126421 1.0743675445925728e-18
6.80799912632583 1.0784298340355115e-18
6.809862255263811 1.08e-18
6.811725894079856 1.08e-18
6.813590042913507 1.08e-18
6.815454701904339 1.0808812836200659e-18
6.817319871191965 1.0842505702620158e-18
6.8191855509160355 1.08836928664195e-18
6.821051741216241 1.09e-18
6.822918442232311 1.09e-18
6.82478565410401 1.09e-18
6.8266533769711435 1.09e-18
6.828521610973555 1.09e-18
6.830390356251125 1.0907679374808845e-18
6.832259612943773 1.0940183736120218e-18
6.834129381191456 1.0982504361311372e-18
6.835999661134172 1.1e-18
6.837870452911952 1.1e-18
6.839741756664871 1.1e-18
6.841613572533043 1.1006543991553392e-18
6.8434859006566136 1.1037871608748238e-18
6.845358741175769 1.1081327617194845e-18
6.847232094230738 1.11e-18
6.849105959961786 1.11e-18
6.850980338509213 1.11e-18
6.852855230013361 1.1105164542852473e-18
6.8547306346146115 1.1135071283692547e-18
6.856606552453382 1.1179906740840074e-18
6.858482983670125 1.12e-18
6.860359928405342 1.12e-18
6.862237386799563 1.12e-18
6.8641153589933595 1.12e-18
6.865993845127341 1.12e-18
6.867872845342159 1.1202946352966527e-18
6.869752359778499 1.1230579563349258e-18
6.871632388577085 1.1277633210382732e-18
6.873512931878685 1.13e-18
6.875393989824101 1.13e-18
6.877275562554173 1.13e-18
6.879157650209781 1.1300999070912793e-18
6.881040252931845 1.1326643416190342e-18
6.88292337086132 1.1375644345277546e-18
6.884807004139201 1.14e-18
6.886691152906527 1.14e-18
6.888575817304366 1.14e-18
6.890460997473831 1.14e-18
6.892346693556071 1.1423412773102328e-18
6.8942329056922755 1.1471435904330551e-18
6.896119634023672 1.1498023131228222e-18
6.898006878691527 1.15e-18
6.899894639837144 1.15e-18
6.9017829176018655 1.15e-18
6.903671712127074 1.152093892880411e-18
6.90556102355419 1.156644648857958e-18
6.907450852024676 1.159550755977547e-18
6.909341197680025 1.16e-18
6.911232060661777 1.16e-18
6.913123441111506 1.16e-18
6.915015339170827 1.1618223250765427e-18
6.916907754981393 1.1660973339165607e-18
6.918800688684895 1.169275008840018e-18
6.920694140423065 1.17e-18
6.922588110337671 1.17e-18
6.924482598570521 1.17e-18
6.926377605263464 1.1715266180816827e-18
6.928273130558383 1.1755017339870642e-18
6.930169174597202 1.1789751159053816e-18
6.932065737521889 1.18e-18
6.933962819474442 1.1813160913988361e-18
6.935860420596903 1.1850778863308047e-18
6.937758541031353 1.1887617949319687e-18
6.939657180919911 1.19e-18
6.941556340404733 1.19e-18
6.943456019628016 1.19e-18
6.945356218731998 1.1909802515439351e-18
6.947256937858953 1.1944020096981671e-18
6.949158177151192 1.198421758154232e-18
6.951059936751069 1.2e-18
6.952962216800975 1.2e-18
6.954865017443341 1.2e-18
6.956768338820634 1.2006203920145864e-18
6.958672181075366 1.2036780871432235e-18
6.960576544350082 1.208057695128637e-18
6.962481428787367 1.21e-18
6.964386834529849 1.21e-18
6.966292761720192 1.21e-18
6.968199210501099 1.21e-18
6.970106181015311 1.21e-18
6.972013673405611 1.21e-18
6.973921687814819 1.21e-18
6.9758302243857955 1.21e-18
6.977739283261439 1.2123476568414766e-18
6.9796488645846875 1.217126234119506e-18
6.981558968498515 1.2197785772780295e-18
6.983469595145942 1.22e-18
6.985380744670023 1.22e-18
6.987292417213849 1.22e-18
6.989204612920557 1.22e-18
6.991117331933319 1.22e-18
6.993030574395346 1.22e-18
6.994944340449889 1.22e-18
6.99685863024024 1.22e-18
6.998773443909728 1.22e-18
7.000688781601722 1.22e-18
7.0026046434596285 1.22e-18
7.004521029626895 1.2213121083576565e-18
7.006437940247008 1.2250452753889731e-18
7.008355375463495 1.2287331670313164e-18
7.010273335419919 1.23e-18
7.012191820259887 1.23e-18
7.01411083012704 1.23e-18
7.01603036516506 1.23e-18
7.0179504255176735 1.23e-18
7.019871011328639 1.23e-18
7.021792122741756 1.23e-18
7.02371375990087 1.23e-18
7.025635922949856 1.23e-18
7.027558612032633 1.2303213611436144e-18
7.029481827293163 1.2330552997967652e-18
7.031405568875442 1.2377339386531508e-18
7.033329836923507 1.24e-18
7.035254631581433 1.24e-18
7.037179952993338 1.24e-18
7.0391058013033785 1.24e-18
7.041032176655747 1.24e-18
7.04295907919468 1.24e-18
7.044886509064451 1.24e-18
7.046814466409372 1.24e-18
7.0487429513737965 1.24e-18
7.0506719641021185 1.24e-18
7.052601504738767 1.2416398836575612e-18
7.054531573428214 1.2456844956328896e-18
7.056462170314973 1.2490446119753283e-18
7.058393295543593 1.25e-18
7.060324949258663 1.25e-18
7.062257131604813 1.25e-18
7.064189842726715 1.25e-18
7.066123082769074 1.25e-18
7.068056851876641 1.25e-18
7.069991150194202 1.25e-18
7.071925977866587 1.2506560118673016e-18
7.073861335038661 1.2537096411079425e-18
7.075797221855332 1.2580536292406412e-18
7.077733638461547 1.26e-18
7.07967058500229 1.26e-18
7.08160806162259 1.26e-18
7.083546068467511 1.26e-18
7.085484605682158 1.26e-18
7.087423673411676 1.26e-18
7.089363271801252 1.26e-18
7.091303400996108 1.26e-18
7.093244061141508 1.2619972701356192e-18
7.095185252382757 1.2663856830129661e-18
7.0971269748652 1.2693884128773467e-18
7.099069228734219 1.27e-18
7.101012014135238 1.27e-18
7.102955331213718 1.27e-18
7.104899180115165 1.27e-18
7.10684356098512 1.27e-18
7.108788473969165 1.27e-18
7.110733919212924 1.27e-18
7.112679896862058 1.2708757634833171e-18
7.11462640706227 1.2741355210977286e-18
7.116573449959301 1.2782597576144115e-18
7.118521025698934 1.28e-18
7.120469134426989 1.28e-18
7.12241777628933 1.28e-18
7.124366951431858 1.28e-18
7.126316660000512 1.28e-18
7.128266902141276 1.28e-18
7.130217678000172 1.28e-18
7.13216898772326 1.28e-18
7.134120831456641 1.28e-18
7.136073209346456 1.28e-18
7.138026121538889 1.2818196794429432e-18
7.139979568180159 1.2860154013075281e-18
7.141933549416526 1.289195721864585e-18
7.143888065394297 1.29e-18
7.145843116259808 1.29e-18
7.147798702159441 1.29e-18
7.149754823239618 1.29e-18
7.151711479646805 1.29e-18
7.153668671527496 1.29e-18
7.155626399028238 1.29e-18
7.157584662295612 1.29e-18
7.15954346147624 1.29e-18
7.161502796716782 1.29e-18
7.163462668163943 1.29e-18
7.165423075964464 1.2900219508344705e-18
7.1673840202651276 1.292409873743666e-18
7.1693455012127565 1.2971424653830704e-18
7.1713075189542135 1.2997545424738747e-18
7.173270073636403 1.3e-18
7.175233165406268 1.3e-18
7.17719679441079 1.3e-18
7.1791609607969935 1.3e-18
7.181125664711944 1.3e-18
7.183090906302743 1.3e-18
7.185056685716539 1.3e-18
7.187023003100514 1.3e-18
7.188989858601892 1.3e-18
7.190957252367941 1.3007379927760086e-18
7.192925184545965 1.3038339435555498e-18
7.194893655283311 1.3080959507795411e-18
7.196862664727362 1.31e-18
7.19883221302555 1.31e-18
7.200802300325339 1.31e-18
7.202772926774235 1.31e-18
7.204744092519788 1.31e-18
7.2067157977095855 1.31e-18
7.208688042491254 1.31e-18
7.210660827012463 1.31e-18
7.212634151420925 1.31e-18
7.2146080158643855 1.31e-18
7.216582420490637 1.3113451096262188e-18
7.218557365447509 1.3150401333755055e-18
7.220532850882872 1.3186950237492867e-18
7.222508876944639 1.32e-18
7.224485443780762 1.32e-18
7.226462551539233 1.32e-18
7.228440200368083 1.32e-18
7.230418390415387 1.32e-18
7.23239712182926 1.32e-18
7.234376394757856 1.32e-18
7.236356209349367 1.32e-18
7.238336565752034 1.3221585673083586e-18
7.2403174641141295 1.3266604296662414e-18
7.24229890458397 1.3295018623578829e-18
7.244280887309913 1.33e-18
7.24626341244036 1.33e-18
7.248246480123747 1.33e-18
7.250230090508551 1.33e-18
7.252214243743296 1.33e-18
7.25419893997654 1.33e-18
7.2561841793568815 1.33e-18
7.258169962032968 1.3305085984669265e-18
7.260156288153478 1.333353185066374e-18
7.262143157867137 1.3378445865994474e-18
7.264130571322706 1.34e-18
7.266118528668993 1.34e-18
7.268107030054841 1.34e-18
7.2700960756291355 1.34e-18
7.272085665540805 1.34e-18
7.274075799938817 1.34e-18
7.276066478972178 1.34e-18
7.278057702789938 1.34e-18
7.280049471541188 1.3411740341677878e-18
7.282041785375057 1.3446773968857257e-18
7.284034644440716 1.3485033627179379e-18
7.286028048887379 1.35e-18
7.2880219988643 1.35e-18
7.290016494520771 1.35e-18
7.292011536006125 1.35e-18
7.294007123469743 1.35e-18
7.296003257061038 1.35e-18
7.2979999369294655 1.35e-18
7.299997163224528 1.35e-18
7.301994936095765 1.35e-18
7.3039932556927525 1.35e-18
7.305992122165115 1.35e-18
7.307991535662514 1.35e-18
7.309991496334652 1.35e-18
7.311992004331271 1.35e-18
7.3139930598021605 1.35e-18
7.315994662897143 1.35e-18
7.317996813766087 1.35e-18
7.3199995125589 1.35e-18
7.322002759425532 1.35e-18
7.324006554515972 1.35e-18
7.326010897980249 1.35e-18
7.32801578996844 1.35e-18
7.330021230630656 1.35e-18
7.332027220117048 1.35e-18
7.334033758577817 1.35e-18
7.336040846163198 1.35e-18
7.3380484830234645 1.35e-18
7.340056669308939 1.35e-18
7.342065405169982 1.35e-18
7.344074690756993 1.35e-18
7.346084526220412 1.35e-18
7.348094911710728 1.35e-18
7.350105847378462 1.35e-18
7.352117333374178 1.35e-18
7.354129369848486 1.35e-18
7.356141956952035 1.35e-18
7.35815509483551 1.35e-18
7.360168783649646 1.35e-18
7.362183023545212 1.35e-18
7.364197814673023 1.35e-18
7.366213157183932 1.35e-18
7.368229051228836 1.35e-18
7.370245496958672 1.35e-18
7.372262494524417 1.35e-18
7.374280044077089 1.35e-18
7.376298145767755 1.35e-18
7.3783167997475125 1.35e-18
7.380336006167505 1.3518673986169155e-18
7.38235576517892 1.3560328437587443e-18
7.384376076932982 1.3591654451418287e-18
7.38639694158096 1.36e-18
7.388418359274161 1.3610548828201791e-18
7.390440330163939 1.3644048531297778e-18
7.392462854401684 1.3689948866419963e-18
7.394485932138828 1.3735834396215417e-18
7.396509563526847 1.377938523289144e-18
7.39853374871726 1.38e-18
7.4005584878616215 1.38e-18
7.402583781111531 1.382108220936074e-18
7.404609628618632 1.3865077126117594e-18
7.406636030534602 1.3910888616524873e-18
7.408662987011169 1.395668527729154e-18
7.410690498200096 1.4002472131718279e-18
7.412718564253192 1.4048244149762346e-18
7.414747185322302 1.408556359556759e-18
7.416776361559319 1.41e-18
7.418806093116174 1.4104180443115653e-18
7.420836380144839 1.4131214234636616e-18
7.422867222797327 1.4176927185668768e-18
7.424898621225699 1.4222625407718165e-18
7.42693057558205 1.4268308769129066e-18
7.428963086018517 1.4295576755558707e-18
7.430996152687285 1.43e-18
7.433029775740578 1.4314054816535813e-18
7.435063955330656 1.4350924633629792e-18
7.437098691609826 1.4396549258983052e-18
7.439133984730439 1.4442159003556843e-18
7.441169834844882 1.4482479561667768e-18
7.443206242105585 1.45e-18
7.445243206665023 1.4500855251802331e-18
7.447280728675711 1.4524480841725896e-18
7.449318808290204 1.457002774947266e-18
7.4513574456611 1.4615564077902362e-18
7.453396640941039 1.466108550138854e-18
7.455436394282703 1.4706597402600964e-18
7.4574767058388165 1.4752094392184903e-18
7.459517575762144 1.478742057261921e-18
7.461559004205491 1.48e-18
7.463600991321708 1.4805624430382642e-18
7.465643537263684 1.48339657705317e-18
7.467686642184355 1.4879404525283239e-18
7.469730306236691 1.4924828348388475e-18
7.471774529573711 1.4970238517425084e-18
7.473819312348473 1.5015637996946925e-18
7.475864654714077 1.5061022534074104e-18
7.477910556823662 1.5091857891297972e-18
7.479957018830415 1.51e-18
7.482004040887562 1.5109890661939544e-18
7.484051623148369 1.5142444667650338e-18
7.486099765766145 1.5187771252852531e-18
7.488148468894245 1.5233082875711321e-18
7.49019773268606 1.5278385208451536e-18
7.492247557295023 1.5323672572211116e-18
7.494297942874615 1.5368945591137737e-18
7.496348889578357 1.541420871871065e-18
7.498400397559807 1.5459456866573782e-18
7.500452466972569 1.5504695780922892e-18
7.50250509797029 1.5549919708935853e-18
7.504558290706656 1.5595134433074597e-18
7.506612045335398 1.564033416425713e-18
7.508666362010288 1.56814644058672e-18
7.51072124088514 1.57e-18
7.512776682113808 1.57e-18
7.514832685850191 1.5721791370072961e-18
7.51688925224823 1.5766153557087672e-18
7.518946381461907 1.5811280836403566e-18
7.521004073645244 1.5856393098832402e-18
7.523062328952311 1.5901496273903365e-18
7.525121147537216 1.5946584425490752e-18
7.527180529554107 1.5991663519590044e-18
7.529240475157181 1.6036727583615577e-18
7.531300984500672 1.6081782620067429e-18
7.533362057738856 1.6126822619861692e-18
7.535423695026053 1.6171850199993676e-18
7.537485896516627 1.6216866158938219e-18
7.539548662364982 1.626186707053097e-18
7.541611992725562 1.6292184446735701e-18
7.543675887752857 1.63e-18
7.5457403476014 1.6309642512916453e-18
7.547805372425761 1.634175673435774e-18
7.549870962380557 1.6386655273088133e-18
7.5519371176204455 1.6431316266296136e-18
7.554003838300128 1.6475790677071594e-18
7.556071124574346 1.652046359094578e-18
7.558138976597885 1.6565343692790474e-18
7.5602073945255714 1.6626554000358702e-18
7.562276378512275 1.6710181575147954e-18
7.564345928712909 1.6788709540964893e-18
7.566416045282427 1.6844790064496174e-18
7.5684867283758255 1.6895643070304855e-18
7.570557978148143 1.6968883142114137e-18
7.572629794754464 1.7058502029785128e-18
7.574702178349911 1.7148090709719484e-18
7.576775129089649 1.7237651200831919e-18
7.578848647128887 1.7327192199191275e-18
7.580922732622881 1.741670296849829e-18
7.582997385726921 1.749346294445312e-18
7.585072606596343 1.7547829727805177e-18
7.587148395386529 1.7600008895210384e-18
7.5892247522529 1.767452075801917e-18
7.591301677350918 1.7763918998961104e-18
7.59337917083609 1.785328697178254e-18
7.595457232863966 1.7942629950845342e-18
7.597535863590138 1.8031950420978333e-18
7.599615063170239 1.812124060170749e-18
7.601694831759947 1.8196728787089616e-18
7.603775169514982 1.8249878165345734e-18
7.605856076591104 1.8302888605238924e-18
7.6079375531441205 1.8378177234503433e-18
7.610019599329878 1.8467355486442672e-18
7.612102215304264 1.8556503410057505e-18
7.614185401223214 1.8645628335256906e-18
7.616269157242703 1.8734728936830377e-18
7.618353483518749 1.8823799188829074e-18
7.6204383802074105 1.8898510608184305e-18
7.622523847464796 1.895093774136247e-18
7.624609885447048 1.9004285753821686e-18
7.6266964943103535 1.9079857314510253e-18
7.628783674210948 1.9168816242408004e-18
7.630871425305106 1.9257744781959542e-18
7.63295974774914 1.934665111278389e-18
7.635048641699415 1.943553251271057e-18
7.637138107312332 1.952438350307414e-18
7.639228144744337 1.9598811991436414e-18
7.641318754151918 1.9651010849717063e-18
7.643409935691604 1.970420393885145e-18
7.645501689519975 1.9779565800293193e-18
7.647594015793641 1.986830607638397e-18
7.649686914669266 1.995701590429056e-18
7.65178038630355 2.004570310154632e-18
7.653874430853241 2.0173705564523034e-18
7.655969048475125 2.034599675426702e-18
7.658064239326036 2.052322868743557e-18
7.660160003562847 2.070039965619688e-18
7.6622563413424745 2.0885800210572247e-18
7.664353252821877 2.1093268884346138e-18
7.666450738158064 2.1312051158297307e-18
7.668548797508075 2.150864330712419e-18
7.670647431029 2.168557835878051e-18
7.672746638877973 2.186246841187515e-18
7.674846421212168 2.203929740700107e-18
7.676946778188803 2.2229153029115146e-18
7.679047709965138 2.244103693969204e-18
7.681149216698481 2.2654681207078617e-18
7.683251298546176 2.2846174993378403e-18
7.685353955665611 2.3022785030308484e-18
7.687457188214223 2.319933393263842e-18
7.689560996349488 2.33758285684238e-18
7.691665380228924 2.355228430742102e-18
7.693770340010094 2.372867886959172e-18
7.695875875850604 2.3916692297067652e-18
7.697981987908102 2.412667877533276e-18
7.700088676340279 2.4341297739346105e-18
7.702195941304874 2.453382122254026e-18
7.704303782959662 2.4709996895232813e-18
7.706412201462465 2.488611249685527e-18
7.708521196971148 2.5062166828566542e-18
7.710630769643619 2.5253961376692346e-18
7.712740919637829 2.546768896023428e-18
7.71485164711177 2.567784736457209e-18
7.716962952223485 2.5865950117523445e-18
7.71907483513105 2.6041787671978633e-18
7.721187295992587 2.621756388042998e-18
7.723300334966269 2.6393297235817462e-18
7.725413952210305 2.658857918380237e-18
7.727528147882947 2.680575407144843e-18
7.729642922142493 2.701174713155473e-18
7.731758275147285 2.7195724450497987e-18
7.733874207055704 2.737122345509195e-18
7.735990718026178 2.7546661021032115e-18
7.73810780821718 2.772206782965235e-18
7.740225477787222 2.7897413174387768e-18
7.742343726894861 2.8072703146982688e-18
7.744462555698698 2.8264900451389806e-18
7.746581964357378 2.8478935117766435e-18
7.748701953029586 2.891257424737642e-18
7.750822521874056 2.978380616532619e-18
7.752943671049561 3.0886992703421982e-18
7.755065400714919 3.203353070705285e-18
7.75718771102899 3.3214569477575454e-18
7.759310602150681 3.4395251877624896e-18
7.76143407423894 3.557551848963866e-18
7.763558127452756 3.6755581719381165e-18
7.765682761951164 3.793522899164062e-18
7.7678079778932485 3.911467375408793e-18
7.769933775438128 4.029370238979732e-18
7.772060154744965 4.147252938941897e-18
7.774187115972975 4.265094009324247e-18
7.776314659281409 4.3828973284298425e-18
7.778442784829561 4.500676676236533e-18
7.780571492776774 4.618414366179101e-18
7.782700783282431 4.73613206216967e-18
7.78483065650596 4.853808083424104e-18
7.78696111260683 4.971464198504626e-18
7.7890921517445575 5.089078621996351e-18
7.791223774078701 5.206664097463023e-18
7.793355979768861 5.3242169942645906e-18
7.795488768974684 5.441728171229816e-18
7.797622141855859 5.559219612561001e-18
7.79975609857212 5.676669317237424e-18
7.801890639283241 5.794099374465003e-18
7.804025764149046 5.911487678239042e-18
7.806161473329398 6.028854878888064e-18
7.808297766984204 6.146181853293715e-18
7.810434645273417 6.263467046035355e-18
7.812572108357032 6.380732762754204e-18
7.814710156395088 6.497956681044748e-18
7.816848789547667 6.615161211906076e-18
7.8189880079749 6.7323239275946805e-18
7.821127811836954 6.849467344576104e-18
7.823268201294042 6.966568929659667e-18
7.825409176506428 7.083633749821135e-18
7.827550737634411 7.200674276445207e-18
7.829692884838336 7.317672943013738e-18
7.831835618278594 7.434652483471773e-18
7.833978938115619 7.551590147184362e-18
7.836122844509891 7.6685087739186e-18
7.838267337621929 7.78538550723731e-18
7.840412417612298 7.902231069436023e-18
7.842558084641611 8.019046944971606e-18
7.844704338870518 8.13582089897192e-18
7.846851180459719 8.251447429718896e-18
7.848998609569954 8.364871025461989e-18
7.851146626362009 8.476792816064788e-18
7.853295230996714 8.586514762810603e-18
7.8554444236349426 8.69450168469379e-18
7.857594204437612 8.802457025398024e-18
7.859744573565683 8.910373493077969e-18
7.86189553118016 9.018272738944828e-18
7.8640470774420965 9.126133096436175e-18
7.866199212512585 9.233976315407545e-18
7.868351936552759 9.341780630670466e-18
7.8705052497238075 9.449563742934065e-18
7.8726591521869524 9.559335313985708e-18
7.874813644103462 9.671222355349343e-18
7.876968725634654 9.778926430887583e-18
7.879124396941888 9.87964091424889e-18
7.881280658186563 9.981925318227778e-18
7.883437509530127 1.0099722607247442e-17
7.885594951134071 1.0228815654096043e-17
7.887752983159933 1.0337472597742713e-17
7.889911605769287 1.0424579901037803e-17
7.89207081912376 1.0523957080685605e-17
7.89423062338502 1.0644790315696368e-17
7.896391018714778 1.0767346796614003e-17
7.89855200527479 1.0868384807795735e-17
7.9007135832268585 1.0954283159262958e-17
7.902875752732825 1.1060918513721749e-17
7.905038513954581 1.1188984543108602e-17
7.907201867054059 1.130404254044769e-17
7.90936581219324 1.1397607382721017e-17
7.911530349534141 1.1489956241175548e-17
7.9136954792388305 1.1603704498044443e-17
7.915861201469422 1.1732306032886444e-17
7.918027516388068 1.184001114749533e-17
7.920194424156966 1.1926248461554641e-17
7.9223619249383646 1.2025590528996303e-17
7.92453001889455 1.2146306541904959e-17
7.926698706187853 1.2268240790450506e-17
7.928867986980652 1.2368738499262161e-17
7.931037861435372 1.2454308546375727e-17
7.933208329714474 1.2560498843236873e-17
7.9353793919804705 1.2688037592941386e-17
7.9375510483959175 1.2802884360469152e-17
7.939723299123413 1.2896320015411221e-17
7.941896144325602 1.298789660353395e-17
7.944069584165172 1.3100790278438837e-17
7.946243618804857 1.3228898414031979e-17
7.948418248407434 1.3356964018608333e-17
7.950593473135726 1.3484982570307344e-17
7.952769293152597 1.3612982247296123e-17
7.9549457086209605 1.3740934853365397e-17
7.957122719703772 1.3868868687461998e-17
7.959300326564032 1.399675543261996e-17
7.961478529364786 1.4124616163145693e-17
7.963657328269122 1.425243713228101e-17
7.965836723440173 1.4380210981590214e-17
7.968016715041123 1.4507966259762077e-17
7.970197303235192 1.463567440013032e-17
7.972378488185647 1.4763364072568167e-17
7.974560270055804 1.4891006589248317e-17
7.976742649009019 1.501861944564113e-17
7.978925625208694 1.5146196424057035e-17
7.981109198818277 1.5273726215874466e-17
7.98329337000126 1.540123774162099e-17
7.985478138921177 1.5528702062856725e-17
7.987663505741612 1.565614822169978e-17
7.98984947062619 1.5783547158143352e-17
7.992036033738582 1.5910911672270708e-17
7.994223195242503 1.6038245309883052e-17
7.996410955301714 1.6165531694302455e-17
7.998599314080021 1.629280011921622e-17
8.000788271741271 1.642002127309039e-17
8.00297782844936 1.6547224571609926e-17
8.005167984368232 1.6674380581266986e-17
8.007358739661868 1.68014962859384e-17
8.009550094494296 1.6928587237878322e-17
8.011742049029593 1.7055630870210138e-17
8.013934603431878 1.7182656851105618e-17
8.016127757865313 1.7309635494612345e-17
8.018321512494106 1.7436596591307902e-17
8.020515867482517 1.7563510332858286e-17
8.022710822994842 1.769037676183406e-17
8.024906379195423 1.781722568846927e-17
8.027102536248652 1.7944027229261856e-17
8.02929929431896 1.807081142819637e-17
8.031496653570827 1.819754822357429e-17
8.033694614168779 1.8324259767044843e-17
8.035893176277384 1.845093190441951e-17
8.038092340061253 1.8577556607569883e-17
8.040292105685047 1.8704164174525635e-17
8.04249247331347 1.8830724289586478e-17
8.044693443111273 1.8957267373881722e-17
8.046895015243248 1.9083762988635132e-17
8.049097189874235 1.921022445867251e-17
8.05129996716912 1.9336655661074528e-17
8.05350334729283 1.946303936331623e-17
8.055707330410339 1.959816978047995e-17
8.05791191668667 1.9754300802551158e-17
8.060117106286889 1.992183990583097e-17
8.062322899376102 2.0068283351096595e-17
8.064529296119469 2.0194494283997726e-17
8.066736296682187 2.0320685225923874e-17
8.068943901229503 2.0446828601938163e-17
8.071152109926704 2.0578958100687143e-17
8.073360922939134 2.0732046332946168e-17
8.075570340432172 2.0900119863599017e-17
8.07778036257124 2.104912619068825e-17
8.079990989521814 2.117707283808604e-17
8.082202221449412 2.1303024199347954e-17
8.084414058519595 2.142892792913252e-17
8.086626500897971 2.155777580479774e-17
8.088839548750194 2.1707540465755344e-17
8.091053202241962 2.1875278888798114e-17
8.093267461539018 2.202713024434175e-17
8.095482326807154 2.21579637489294e-17
8.097697798212202 2.2283676214675073e-17
8.099913875920045 2.2409340983565488e-17
8.102130560096604 2.253498845060311e-17
8.104347850907857 2.268114937242383e-17
8.106565748519813 2.284819076741348e-17
8.108784253098534 2.3003168695084093e-17
8.11100336481013 2.3137170677584035e-17
8.113223083820758 2.3262644938319384e-17
8.115443410296606 2.338807143701036e-17
8.117664344403924 2.3513466782400922e-17
8.119885886309003 2.3655744416449582e-17
8.122108036178172 2.381886041079377e-17
8.124330794177812 2.397724584580256e-17
8.126554160474354 2.4114697318308466e-17
8.128778135234263 2.4239934069918568e-17
8.131002718624059 2.4365122994485828e-17
8.133227910810302 2.449026575877012e-17
8.135453711959602 2.4628381181182832e-17
8.137680122238613 2.4787292774684996e-17
8.139907141814032 2.4949366038253716e-17
8.142134770852604 2.5090547398702178e-17
8.144363009521118 2.5215532920248992e-17
8.146591857986413 2.5340484972170877e-17
8.148821316415368 2.5465389119136887e-17
8.151051384974917 2.559906403641457e-17
8.153282063832023 2.5753492859415776e-17
8.155513353153712 2.5919139130636084e-17
8.157745253107045 2.604314978656363e-17
8.159977763859132 2.612630455579297e-17
8.162210885577128 2.622220081266311e-17
8.16444461842824 2.633884063646068e-17
8.16667896257971 2.645919051464715e-17
8.168913918198832 2.6558732855041596e-17
8.171149485452947 2.6641782421803053e-17
8.17338566450944 2.6724810978492192e-17
8.175622455535738 2.680780752388447e-17
8.177859858699318 2.6898865224314988e-17
8.180097874167704 2.701062411737334e-17
8.182336502108466 2.7135040431259874e-17
8.184575742689212 2.7239149852078312e-17
8.186815596077604 2.732248834076092e-17
8.189056062441352 2.7417056830137404e-17
8.191297141948205 2.75323001061685e-17
8.193538834765956 2.7653433973691076e-17
8.195781141062453 2.7753828934879983e-17
8.198024061005583 2.7836603491974366e-17
8.200267594763284 2.7919360514765e-17
8.202511742503535 2.800208545194877e-17
8.204756504394364 2.809134016388934e-17
8.207001880603844 2.820122715813222e-17
8.209247871300093 2.832523039894073e-17
8.211494476651279 2.843066936473193e-17
8.213741696825608 2.8515406179146344e-17
8.21598953199134 2.8607832457578777e-17
8.218237982316783 2.872086451950649e-17
8.22048704797028 2.884359939845681e-17
8.222736729120225 2.894566422612401e-17
8.224987025935064 2.9028162881178944e-17
8.227237938583286 2.9110649664736414e-17
8.229489467233421 2.9193104288731264e-17
8.231741612054048 2.9279618663118514e-17
8.233994373213797 2.938608403842093e-17
8.236247750881336 2.950844840453372e-17
8.238501745225385 2.9615769481835326e-17
8.24075635641471 2.9703069180611185e-17
8.243011584618118 2.979204209733962e-17
8.245267430004468 2.990155129875038e-17
8.247523892742663 3.002497910525463e-17
8.249780973001652 3.013002853129715e-17
8.25203867095043 3.021447161986038e-17
8.254296986758039 3.029668971323751e-17
8.256555920593566 3.0378875573520225e-17
8.258815472626146 3.0461589569577316e-17
8.261075643024963 3.056479708730929e-17
8.263336431959235 3.0687968534515145e-17
8.265597839598247 3.078689596140724e-17
8.267859866111309 3.084474448989485e-17
8.27012251166779 3.08889229405157e-17
8.272385776437101 3.095358436688041e-17
8.274649660588704 3.103559204036494e-17
8.276914164292098 3.1102941889982715e-17
8.27917928771684 3.114977086863573e-17
8.281445031032526 3.119636251539558e-17
8.283711394408797 3.126341043155057e-17
8.285978378015347 3.134531132706161e-17
8.288245982021913 3.141016138354677e-17
8.290514206598278 3.145451725171706e-17
8.292783051914268 3.1503382319471143e-17
8.295052518139764 3.1572676912019837e-17
8.297322605444688 3.165447087641748e-17
8.299593313999008 3.1716961157032156e-17
8.30186464397274 3.1758983970299967e-17
8.304136595535947 3.1809982850632195e-17
8.306409168858739 3.188138447295216e-17
8.308682364111268 3.196208994503248e-17
8.310956181463741 3.202236030143639e-17
8.313230621086403 3.206317135797998e-17
8.31550568314955 3.2116164610423105e-17
8.317781367823521 3.2189533783886743e-17
8.320057675278711 3.226813222645964e-17
8.322334605685551 3.232632234349264e-17
8.32461215921452 3.236707975079422e-17
8.326890336036154 3.242192810405399e-17
8.32916913632102 3.249712551925299e-17
8.331448560239744 3.257375641094664e-17
8.333728607962993 3.263000580540775e-17
8.336009279661484 3.2670709487229045e-17
8.338290575505978 3.2727273840411806e-17
8.340572495667281 3.2804160358385106e-17
8.342855040316252 3.2878963008608694e-17
8.34513820962379 3.293341102803155e-17
8.347422003760848 3.2974060908227435e-17
8.349706422898414 3.3032202332071914e-17
8.35199146720754 3.311063898553786e-17
8.35427713685931 3.318375253325297e-17
8.356563432024856 3.3236538354676945e-17
8.358850352875368 3.327713435719628e-17
8.361137899582072 3.333671409530873e-17
8.363426072316248 3.341656208990034e-17
8.365714871249214 3.3488125502389415e-17
8.368004296552346 3.3539388131127906e-17
8.37029434839706 3.358003189366758e-17
8.372585026954814 3.3640911363760706e-17
8.374876332397129 3.372193036561199e-17
8.377168264895555 3.379208243724272e-17
8.379460824621699 3.384196070564671e-17
8.381754011747216 3.388244690380121e-17
8.384047826443801 3.3922916814955054e-17
8.386342268883201 3.3963372255888507e-17
8.38863733923721 3.400382249085635e-17
8.39093303767767 3.4044256428981586e-17
8.393229364376463 3.4082235310031563e-17
8.395526319505525 3.41e-17
8.397823903236837 3.41e-17
8.400122115742427 3.411304427502517e-17
8.402420957194373 3.414627565437422e-17
8.40472042776479 3.418665074812703e-17
8.407020527625855 3.4227009524473475e-17
8.40932125694978 3.426735661839984e-17
8.411622615908833 3.4307695841595005e-17
8.413924604675321 3.4348018737567194e-17
8.416227223421604 3.438833844121959e-17
8.418530472320082 3.4428641812307126e-17
8.420834351543213 3.4468934619413233e-17
8.423138861263496 3.4509218499296865e-17
8.425444001653474 3.454948603681184e-17
8.427749772885743 3.458480942716413e-17
8.430056175132947 3.46e-17
8.432363208567772 3.46e-17
8.434670873362949 3.461528614765525e-17
8.436979169691266 3.4650677912875476e-17
8.439288097725555 3.469088716354727e-17
8.441597657638688 3.47310800514268e-17
8.443907849603594 3.47712640587508e-17
8.446218673793243 3.481143758018518e-17
8.448530130380657 3.485159472904939e-17
8.450842219538899 3.489174891805397e-17
8.453154941441085 3.4931886729197736e-17
8.455468296260376 3.4972016223758775e-17
8.457782284169982 3.5012134731270303e-17
8.460096905343159 3.505223685115613e-17
8.46241215995321 3.509233608918717e-17
8.464728048173487 3.5132418934319075e-17
8.467044570177388 3.517249384100282e-17
8.46936172613836 3.519626701788533e-17
8.471679516229894 3.52e-17
8.473997940625535 3.520633482608213e-17
8.47631699949887 3.5232677036374305e-17
8.478636693023534 3.527269728016766e-17
8.480957021373209 3.531270609348735e-17
8.483277984721628 3.535269848916157e-17
8.485599583242571 3.539268815977149e-17
8.487921817109862 3.5432661407497206e-17
8.490244686497373 3.54726269134888e-17
8.49256819157903 3.548003135266196e-17
8.494892332528801 3.5447481250568515e-17
8.497217109520701 3.54075461951793e-17
8.499542522728792 3.536762757762071e-17
8.50186857232719 3.532771688423955e-17
8.504195258490052 3.5271755228626937e-17
8.506522581391586 3.519586839121589e-17
8.508850541206044 3.5122049925425557e-17
8.511179138107734 3.5068189541722056e-17
8.513508372271001 3.5028333735656854e-17
8.515838243870245 3.498848862028726e-17
8.51816875307991 3.494865996736195e-17
8.520499900074492 3.4908833802353935e-17
8.522831685028532 3.4869024104976305e-17
8.525164108116616 3.482922326082865e-17
8.527497169513383 3.478943248408594e-17
8.529830869393516 3.4749658184658275e-17
8.532165207931747 3.470488682853594e-17
8.53450018530286 3.464026176994348e-17
8.536835801681677 3.456077015447706e-17
8.539172057243077 3.449590325164111e-17
8.541508952161983 3.4450928463739205e-17
8.543846486613369 3.4411210731571033e-17
8.54618466077225 3.437150949670783e-17
8.548523474813695 3.43318187997806e-17
8.55086292891282 3.429213635553622e-17
8.553203023244787 3.4252470418253967e-17
8.555543757984804 3.421280672937325e-17
8.557885133308137 3.4173159552587357e-17
8.560227149390089 3.413352404075158e-17
8.562569806406014 3.408093939153162e-17
8.564913104531318 3.4008567318502e-17
8.567257043941447 3.3931913754254953e-17
8.569601624811906 3.3875080662408647e-17
8.571946847318236 3.383550040984302e-17
8.574292711636033 3.379592583426529e-17
8.576639217940944 3.375636779516983e-17
8.578986366408659 3.3716811843474336e-17
8.581334157214915 3.3677272433357866e-17
8.5836825905355 3.363774751413357e-17
8.586031666546248 3.359822669738642e-17
8.588381385423045 3.355872243183362e-17
8.590731747341822 3.3518953435755056e-17
8.593082752478558 3.345946894000188e-17
8.595434401009282 3.338052991616196e-17
8.59778669311007 3.331106153337824e-17
8.600139628957045 3.3261347172441035e-17
8.60249320872638 3.322189999527534e-17
8.604847432594294 3.318246788166009e-17
8.60720230073706 3.314305234351433e-17
8.609557813330992 3.3087573438910734e-17
8.611913970552457 3.299272485267586e-17
8.614270772577868 3.2874549898100284e-17
8.616628219583689 3.275641396833549e-17
8.618986311746426 3.2638327808878553e-17
8.621345049242638 3.2520439212327314e-17
8.623704432248939 3.240318492652615e-17
8.626064460941976 3.2286345980618344e-17
8.628425135498453 3.2169093016623396e-17
8.630786456095128 3.205130600232161e-17
8.633148422908796 3.1933384656658925e-17
8.63551103611631 3.181551314002876e-17
8.637874295894562 3.1697673644020015e-17
8.640238202420502 3.157985701084397e-17
8.64260275587112 3.146209023535695e-17
8.644967956423459 3.13443283766867e-17
8.647333804254615 3.122661639069528e-17
8.64970029954172 3.11089441338605e-17
8.652067442461965 3.099128682818817e-17
8.654435233192586 3.087367942380747e-17
8.65680367191087 3.0756076689078566e-17
8.659172758794146 3.063852387057576e-17
8.6615424940198 3.052101907300648e-17
8.66391287776526 3.0403520730777193e-17
8.666283910208005 3.028607233334288e-17
8.66865559152556 3.01686352817731e-17
8.671027921895504 3.0051241265687314e-17
8.673400901495464 2.9933897222947e-17
8.675774530503109 2.9816557478176817e-17
8.678148809096163 2.9699267721604504e-17
8.680523737452393 2.958199848175894e-17
8.682899315749623 2.9464762901091934e-17
8.68527554416572 2.934757733712913e-17
8.687652422878598 2.9230395821904796e-17
8.690029952066224 2.911326433818059e-17
8.69240813190661 2.8996163129329605e-17
8.69478696257782 2.8879085615151076e-17
8.697166444257967 2.8762058160934356e-17
8.699546577125208 2.864503450540798e-17
8.701927361357754 2.852806092458292e-17
8.704308797133862 2.8411127965652275e-17
8.706690884631836 2.8294208147094225e-17
8.709073624030033 2.8177338431654326e-17
8.71145701550686 2.806047369190652e-17
8.713841059240766 2.7943657642090747e-17
8.716225755410253 2.782689172379128e-17
8.718611104193869 2.771012922804288e-17
8.720997105770222 2.7593416878466566e-17
8.723383760317954 2.7476720739442822e-17
8.72577106801576 2.7360061846800802e-17
8.728159029042391 2.724345312868376e-17
8.730547643576639 2.7126847580985136e-17
8.73293691179735 2.7010292222410392e-17
8.735326833883413 2.6893764902195735e-17
8.737717410013776 2.6777262790939927e-17
8.740108640367422 2.6660810897115188e-17
8.742500525123397 2.6544361920752934e-17
8.744893064460786 2.642796317636297e-17
8.74728625855873 2.6311604892690022e-17
8.749680107596415 2.6195259185076125e-17
8.752074611753073 2.6078963737695818e-17
8.754469771207996 2.5962674144749827e-17
8.75686558614051 2.5846431635767785e-17
8.759262056730002 2.5730239415261502e-17
8.761659183155905 2.5614049731582354e-17
8.764056965597698 2.5497910350835573e-17
8.766455404234911 2.5381790143538046e-17
8.768854499247126 2.5265703489221353e-17
8.771254250813971 2.514966716603277e-17
8.773654659115124 2.5033633124613313e-17
8.776055724330309 2.4917649428720415e-17
8.778457446639305 2.4801698823943113e-17
8.780859826221935 2.4685767641578116e-17
8.783262863258074 2.4569886832888898e-17
8.785666557927648 2.445400805008009e-17
8.788070910410628 2.4338179655287105e-17
8.790475920887037 2.422239886954191e-17
8.792881589536947 2.4106622774438127e-17
8.795287916540476 2.3990897095452512e-17
8.797694902077797 2.3875185470288418e-17
8.800102546329128 2.3759511990861762e-17
8.80251084947474 2.364388895563588e-17
8.80491981169495 2.352826756112052e-17
8.807329433170121 2.3412696625059877e-17
8.809739714080676 2.3297155166295027e-17
8.812150654607079 2.3181636214515523e-17
8.814562254929843 2.306616774922599e-17
8.816974515229536 2.2950700666638506e-17
8.819387435686771 2.283528408473578e-17
8.821801016482212 2.271991300800103e-17
8.82421525779657 2.2604548194158845e-17
8.826630159810612 2.248923390898914e-17
8.829045722705146 2.2373932330099207e-17
8.831461946661037 2.2258669711593448e-17
8.833878831859195 2.214345764972776e-17
8.83629637848058 2.202824658211616e-17
8.8387145867062 2.1913086085252397e-17
8.84113345671712 2.179795523450459e-17
8.843552988694444 2.1682846186635e-17
8.845973182819336 2.156778773743276e-17
8.848394039272996 2.145273002234301e-17
8.85081555823669 2.133772291996878e-17
8.853237739891725 2.1222763012098725e-17
8.855660584419454 2.1107807140099413e-17
8.858084092001283 2.0992901908686818e-17
8.860508262818673 2.0878011835044103e-17
8.86293309705313 2.0763157731334492e-17
8.865358594886207 2.0648354296062252e-17
8.867784756499507 2.0533551203156434e-17
8.870211582074694 2.0418798792647856e-17
8.872639071793465 2.030408000671751e-17
8.875067225837576 2.01893785038338e-17
8.877496044388835 2.0074727711149198e-17
8.879925527629094 1.996007896467758e-17
8.882355675740254 1.9845478976170704e-17
8.884786488904272 1.973092972564424e-17
8.887217967303151 1.9616380423727786e-17
8.889650111118943 1.95018818736631e-17
8.892082920533749 1.9387404758980503e-17
8.894516395729728 1.9272956791549952e-17
8.89695053688908 1.915855960370303e-17
8.899385344194055 1.904416210087018e-17
8.901820817826957 1.892981539143158e-17
8.90425695797014 1.8815510121822093e-17
8.906693764806006 1.8701213772514184e-17
8.909131238517006 1.8586968244282922e-17
8.911569379285641 1.847273334908346e-17
8.914008187294465 1.8358538076245674e-17
8.91644766272608 1.8244393652145893e-17
8.918887805763138 1.8130248515972866e-17
8.92132861658834 1.8016154242258576e-17
8.923770095384441 1.790209153489553e-17
8.926212242334238 1.7788047292596024e-17
8.928655057620585 1.767405394036665e-17
8.931098541426387 1.7560061811800942e-17
8.933542693934593 1.744611838546482e-17
8.935987515328208 1.7332225876788817e-17
8.93843300579028 1.721833225692202e-17
8.940879165503912 1.7104489568346035e-17
8.94332599465226 1.6990669969600107e-17
8.945773493418528 1.6876876981456873e-17
8.948221661985961 1.6763134952143996e-17
8.950670500537868 1.664939154455603e-17
8.9531200092576 1.653569910936691e-17
8.955570188328561 1.6422052252235615e-17
8.958021037934206 1.630840929104862e-17
8.960472558258035 1.6194817329749444e-17
8.962924749483605 1.608124138488557e-17
8.965377611794516 1.5967698790762075e-17
8.967831145374427 1.585420722399361e-17
8.970285350407043 1.5740713876468275e-17
8.972740227076113 1.5627271569775315e-17
8.975195775565444 1.5513868707160062e-17
8.977651996058896 1.5400475539720197e-17
8.980108888740371 1.5287133440528563e-17
8.98256645379383 1.5173801693693647e-17
8.985024691403268 1.506050862613556e-17
8.987483601752754 1.4947266654219795e-17
8.989943185026391 1.4834022497015032e-17
8.992403441408335 1.472082944883796e-17
8.994864371082794 1.460767112408336e-17
8.997325974234029 1.4494526878119e-17
8.999788251046345 1.438143376852476e-17
9.002251201704105 1.4268346762734872e-17
9.004714826391716 1.415530234693693e-17
9.00717912529364 1.4042309094829344e-17
9.009644098594384 1.3929313250842505e-17
9.012109746478513 1.3816368583838538e-17
9.014576069130639 1.3703455339150257e-17
9.017043066735422 1.3590559135017751e-17
9.019510739477575 1.347771413513632e-17
9.021979087541862 1.336487241226379e-17
9.024448111113097 1.3252075766037121e-17
9.02691781037614 1.3139330351307365e-17
9.029388185515913 1.3026581936042088e-17
9.03185923671738 1.2913884765472842e-17
9.034330964165553 1.280121714190458e-17
9.036803368045502 1.2688568092554678e-17
9.039276448542346 1.2575970315094071e-17
9.041750205841247 1.2463374415855198e-17
9.044224640127428 1.23508246495936e-17
9.04669975158616 1.2238326182391774e-17
9.049175540402764 1.2125975023944632e-17
9.051652006762602 1.2014232049880555e-17
9.054129150851104 1.1902924484154534e-17
9.056606972853743 1.1791313490452341e-17
9.05908547295604 1.1679197632252625e-17
9.061564651343566 1.1566849738089505e-17
9.06404450820195 1.1454545403586901e-17
9.066525043716865 1.1342292435310939e-17
9.069006258074037 1.1230035641606772e-17
9.071488151459246 1.111783022713951e-17
9.073970724058318 1.1005657106040517e-17
9.076453976057131 1.0893499121012388e-17
9.078937907641617 1.0781392542261829e-17
9.081422518997755 1.0669291549635069e-17
9.083907810311574 1.0557232288683643e-17
9.08639378176916 1.0445224461027503e-17
9.088880433556648 1.0333212393038517e-17
9.09136776586022 1.0221251771260001e-17
9.093855778866107 1.010932588738759e-17
9.096344472760602 9.99838785633408e-18
9.098833847730042 9.88936526929922e-18
9.101323903960807 9.781240167168627e-18
9.103814641639346 9.671585586911533e-18
9.106306060952143 9.560118025815744e-18
9.10879816208574 9.44834976911785e-18
9.111290945226735 9.336633025353705e-18
9.113784410561763 9.224954915016912e-18
9.116278558277521 9.113284901044208e-18
9.118773388560758 9.001666426891125e-18
9.121268901598267 8.890060847615356e-18
9.123765097576896 8.77848898998172e-18
9.126261976683548 8.666968699029895e-18
9.128759539105168 8.555443331637165e-18
9.131257785028762 8.443969543649206e-18
9.133756714641375 8.332539741940638e-18
9.136256328130116 8.221112330385084e-18
9.138756625682142 8.109736525041561e-18
9.141257607484652 7.998379455151001e-18
9.143759273724909 7.887049912146693e-18
9.146261624590217 7.775772002137907e-18
9.14876466026794 7.664488594468991e-18
9.151268380945488 7.553256832421252e-18
9.153772786810322 7.442075873203571e-18
9.156277878049956 7.330890131859235e-18
9.158783654851954 7.219756062864143e-18
9.161290117403933 7.10864803585731e-18
9.16379726589356 6.997559872647628e-18
9.166305100508556 6.886523408491247e-18
9.16881362143669 6.7754883870697706e-18
9.171322828865783 6.6644977134946475e-18
9.173832722983708 6.553558765652632e-18
9.176343303978392 6.442613754671536e-18
9.178854572037807 6.331720481919889e-18
9.181366527349983 6.2208620300479074e-18
9.183879170102998 6.110014304144146e-18
9.186392500484985 5.999218343093602e-18
9.188906518684119 5.88843309672544e-18
9.191421224888641 5.777682566489003e-18
9.193936619286832 5.6669838277051124e-18
9.196452702067027 5.556278599563596e-18
9.198969473417616 5.445625175272299e-18
9.20148693352704 5.335016829525245e-18
9.204005082583787 5.2244085907505364e-18
9.206523920776398 5.113852182369048e-18
9.209043448293475 5.003317241669482e-18
9.211563665323656 4.892805901937654e-18
9.21408457205564 4.782346419117168e-18
9.216606168678176 4.671884956597214e-18
9.21912845538007 4.561470425270351e-18
9.221651432350166 4.4511077773480926e-18
9.224175099777373 4.340738067802983e-18
9.226699457850648 4.230420253928661e-18
9.229224506758994 4.12013614823457e-18
9.231750246691474 4.009863038438337e-18
9.234276677837197 3.899641850749188e-18
9.236803800385326 3.789431422289565e-18
9.239331614525076 3.679254820684396e-18
9.241860120445713 3.569130167597443e-18
9.244389318336555 3.4589980216251504e-18
9.24691920838697 3.3489178363371408e-18
9.249449790786384 3.2388850936930908e-18
9.251981065724266 3.1288492454939896e-18
9.254513033390147 3.0188653843326936e-18
9.257045693973597 2.9089065175924416e-18
9.259579047664248 2.798966874684372e-18
9.262113094651784 2.689079245142386e-18
9.264647835125935 2.57919432718707e-18
9.267183269276485 2.4693507967703423e-18
9.269719397293272 2.3595593060226385e-18
9.272256219366188 2.2497597432778614e-18
9.274793735685169 2.1400122322346794e-18
9.277331946440206 2.030305453562742e-18
9.27987085182135 1.920601790510645e-18
9.282410452018695 1.810950205404656e-18
9.284950747222389 1.701317573683759e-18
9.28749173762263 1.5917097165943971e-18
9.290033423409678 1.4821539636701402e-18
9.292575804773833 1.3725955516370732e-18
9.295118881905449 1.263083406461053e-18
9.297662654994943 1.1536233916433574e-18
9.30020712423277 1.0440175259023556e-18
9.302752289809444 9.337347033773717e-19
9.305298151915533 8.228964849079663e-19
9.307844710741652 7.123896066310141e-19
9.31039196647847 6.026641953158576e-19
9.312939919316715 4.933587918002272e-19
9.315488569447155 3.840810203640446e-19
9.318037917060614 2.748554434269369e-19
9.320587962347979 1.6562452984322953e-19
9.323138705500174 9.010671384364448e-20
9.325690146708185 4.9930176542945625e-20
9.328242286163045 1.5324263115638914e-20
9.330795124055847 0.0
9.333348660577723 0.0
9.335902895919869 0.0
9.338457830273532 0.0
9.341013463830006 0.0
9.343569796780638 0.0
9.346126829316836 0.0
9.348684561630048 0.0
9.35124299391178 0.0
9.353802126353596 0.0
9.356361959147105 0.0
9.358922492483968 0.0
9.361483726555903 0.0
9.364045661554677 0.0
9.366608297672112 0.0
9.369171635100084 0.0
9.371735674030516 0.0
9.374300414655387 0.0
9.37686585716673 0.0
9.379432001756625 0.0
9.38199884861721 0.0
9.384566397940674 0.0
9.38713464991926 0.0
9.389703604745257 0.0
9.392273262611017 0.0
9.394843623708937 0.0
9.397414688231468 0.0
9.399986456371115 0.0
9.402558928320438 0.0
9.405132104272042 0.0
9.407705984418591 0.0
9.410280568952803 0.0
9.412855858067445 0.0
9.41543185195534 0.0
9.418008550809354 0.0
9.420585954822421 0.0
9.423164064187517 0.0
9.425742879097676 0.0
9.42832239974598 0.0
9.43090262632557 0.0
9.433483559029632 0.0
9.436065198051415 0.0
9.438647543584212 0.0
9.44123059582137 0.0
9.443814354956293 0.0
9.446398821182441 0.0
9.448983994693316 0.0
9.451569875682479 0.0
9.454156464343546 0.0
9.456743760870186 0.0
9.459331765456113 0.0
9.461920478295106 0.0
9.464509899580989 0.0
9.467100029507638 0.0
9.469690868268987 0.0
9.47228241605902 0.0
9.474874673071778 0.0
9.477467639501352 0.0
9.480061315541883 0.0
9.482655701387571 0.0
9.485250797232668 0.0
9.487846603271475 0.0
9.49044311969835 0.0
9.493040346707705 0.0
9.495638284494003 0.0
9.498236933251757 0.0
9.500836293175539 0.0
9.503436364459974 0.0
9.506037147299736 0.0
9.508638641889556 0.0
9.511240848424219 0.0
9.513843767098555 0.0
9.516447398107458 0.0
9.519051741645871 0.0
9.521656797908792 0.0
9.524262567091263 0.0
9.526869049388395 0.0
9.529476244995344 0.0
9.532084154107313 0.0
9.53469277691957 0.0
9.537302113627433 0.0
9.539912164426273 0.0
9.542522929511506 0.0
9.545134409078617 0.0
9.547746603323134 0.0
9.550359512440636 0.0
9.552973136626768 0.0
9.555587476077221 0.0
9.558202530987732 0.0
9.560818301554107 0.0
9.563434787972197 0.0
9.566051990437902 0.0
9.568669909147186 0.0
9.57128854429606 0.0
9.573907896080591 0.0
9.576527964696897 0.0
9.579148750341155 0.0
9.58177025320959 0.0
9.584392473498482 0.0
9.58701541140417 0.0
9.589639067123038 0.0
9.59226344085153 0.0
9.594888532786143 0.0
9.597514343123427 0.0
9.600140872059981 0.0
9.602768119792469 0.0
9.605396086517597 0.0
9.608024772432131 0.0
9.610654177732894 0.0
9.613284302616751 0.0
9.615915147280637 0.0
9.618546711921526 0.0
9.621178996736456 0.0
9.623812001922515 0.0
9.626445727676844 0.0
9.62908017419664 0.0
9.63171534167915 0.0
9.634351230321684 0.0
9.636987840321598 0.0
9.6396251718763 0.0
9.64226322518326 0.0
9.644902000440002 0.0
9.647541497844092 0.0
9.650181717593163 0.0
9.652822659884897 0.0
9.655464324917034 0.0
9.658106712887355 0.0
9.660749823993712 0.0
9.663393658434005 0.0
9.666038216406186 0.0
9.668683498108255 0.0
9.671329503738285 0.0
9.673976233494386 0.0
9.676623687574725 0.0
9.679271866177531 0.0
9.68192076950108 0.0
9.684570397743704 0.0
9.68722075110379 0.0
9.689871829779783 0.0
9.692523633970175 0.0
9.695176163873514 0.0
9.697829419688409 0.0
9.700483401613516 0.0
9.703138109847545 0.0
9.705793544589268 0.0
9.708449706037506 0.0
9.711106594391131 0.0
9.713764209849078 0.0
9.716422552610329 0.0
9.719081622873924 0.0
9.721741420838958 0.0
9.724401946704578 0.0
9.727063200669988 0.0
9.729725182934446 0.0
9.732387893697261 0.0
9.735051333157802 0.0
9.73771550151549 0.0
9.740380398969798 0.0
9.743046025720258 0.0
9.745712381966456 0.0
9.748379467908027 0.0
9.751047283744668 0.0
9.753715829676128 0.0
9.756385105902213 0.0
9.759055112622775 0.0
9.761725850037731 0.0
9.764397318347047 0.0
9.767069517750745 0.0
9.769742448448898 0.0
9.772416110641645 0.0
9.77509050452917 0.0
9.777765630311709 0.0
9.780441488189563 0.0
9.783118078363085 0.0
9.785795401032676 0.0
9.788473456398794 0.0
9.791152244661962 0.0
9.793831766022748 0.0
9.79651202068177 0.0
9.799193008839719 0.0
9.801874730697325 0.0
9.804557186455373 0.0
9.807240376314713 0.0
9.809924300476245 0.0
9.81260895914092 0.0
9.815294352509753 0.0
9.817980480783806 0.0
9.820667344164196 0.0
9.823354942852099 0.0
9.82604327704875 0.0
9.828732346955432 0.0
9.831422152773479 0.0
9.834112694704293 0.0
9.836803972949323 0.0
9.83949598771007 0.0
9.842188739188096 0.0
9.844882227585021 0.0
9.847576453102516 0.0
9.850271415942299 0.0
9.852967116306157 0.0
9.855663554395928 0.0
9.858360730413501 0.0
9.86105864456082 0.0
9.863757297039893 0.0
9.866456688052777 0.0
9.869156817801581 0.0
9.871857686488475 0.0
9.874559294315684 0.0
9.877261641485486 0.0
9.87996472820021 0.0
9.882668554662251 0.0
9.885373121074055 0.0
9.88807842763812 0.0
9.890784474557002 0.0
9.893491262033312 0.0
9.896198790269715 0.0
9.898907059468932 0.0
9.901616069833748 0.0
9.90432582156699 0.0
9.907036314871545 0.0
9.909747549950364 0.0
9.91245952700644 0.0
9.915172246242829 0.0
9.917885707862641 0.0
9.92059991206905 0.0
9.923314859065272 0.0
9.92603054905458 0.0
9.928746982240316 0.0
9.931464158825866 0.0
9.934182079014668 0.0
9.936900743010234 0.0
9.939620151016111 0.0
9.942340303235909 0.0
9.945061199873305 0.0
9.947782841132014 0.0
9.950505227215814 0.0
9.953228358328541 0.0
9.95595223467409 0.0
9.958676856456405 0.0
9.961402223879485 0.0
9.964128337147388 0.0
9.96685519646423 0.0
9.969582802034182 0.0
9.972311154061462 0.0
9.97504025275036 0.0
9.977770098305207 0.0
9.980500690930398 0.0
9.98323203083038 0.0
9.985964118209663 0.0
9.988696953272806 0.0
9.99143053622442 0.0
9.994164867269184 0.0
9.996899946611828 0.0
9.999635774457133 0.0
10.00237235100994 0.0
10.00510967647515 0.0
10.007847751057714 0.0
10.010586574962636 0.0
10.013326148394984 0.0
10.016066471559888 0.0
10.018807544662517 0.0
10.021549367908104 0.0
10.024291941501943 0.0
10.027035265649378 0.0
10.029779340555809 0.0
10.0325241664267 0.0
10.035269743467563 0.0
10.038016071883964 0.0
10.040763151881535 0.0
10.043510983665964 0.0
10.046259567442984 0.0
10.04900890341839 0.0
10.051758991798039 0.0
10.05450983278784 0.0
10.057261426593751 0.0
10.060013773421801 0.0
10.062766873478065 0.0
10.065520726968675 0.0
10.068275334099827 0.0
10.071030695077765 0.0
10.073786810108789 0.0
10.076543679399261 0.0
10.079301303155603 0.0
10.082059681584282 0.0
10.084818814891825 0.0
10.087578703284827 0.0
10.090339346969923 0.0
10.093100746153814 0.0
10.095862901043255 0.0
10.09862581184506 0.0
10.101389478766098 0.0
10.104153902013287 0.0
10.10691908179362 0.0
10.109685018314131 0.0
10.112451711781913 0.0
10.11521916240412 0.0
10.117987370387961 0.0
10.120756335940701 0.0
10.12352605926966 0.0
10.126296540582217 0.0
10.129067780085814 0.0
10.131839777987938 0.0
10.134612534496135 0.0
10.137386049818016 0.0
10.140160324161245 0.0
10.142935357733538 0.0
10.14571115074267 0.0
10.14848770339648 0.0
10.151265015902855 0.0
10.154043088469738 0.0
10.15682192130514 0.0
10.159601514617119 0.0
10.162381868613789 0.0
10.165162983503329 0.0
10.167944859493973 0.0
10.170727496794004 0.0
10.173510895611772 0.0
10.176295056155677 0.0
10.17907997863418 0.0
10.181865663255797 0.0
10.184652110229106 0.0
10.187439319762733 0.0
10.190227292065366 0.0
10.193016027345754 0.0
10.195805525812698 0.0
10.198595787675053 0.0
10.201386813141742 0.0
10.204178602421738 0.0
10.206971155724066 0.0
10.209764473257817 0.0
10.212558555232143 0.0
10.215353401856238 0.0
10.218149013339364 0.0
10.22094538989084 0.0
10.223742531720042 0.0
10.226540439036398 0.0
10.229339112049399 0.0
10.232138550968592 0.0
10.23493875600358 0.0
10.23773972736402 0.0
10.240541465259636 0.0
10.243343969900202 0.0
10.246147241495553 0.0
10.248951280255575 0.0
10.25175608639022 0.0
10.254561660109493 0.0
10.257368001623458 0.0
10.260175111142232 0.0
10.262982988875999 0.0
10.26579163503499 0.0
10.268601049829496 0.0
10.27141123346987 0.0
10.274222186166526 0.0
10.277033908129923 0.0
10.279846399570584 0.0
10.282659660699094 0.0
10.28547369172609 0.0
10.288288492862266 0.0
10.29110406431838 0.0
10.293920406305244 0.0
10.29673751903372 0.0
10.299555402714741 0.0
10.302374057559295 0.0
10.305193483778414 0.0
10.308013681583207 0.0
10.31083465118483 0.0
10.313656392794499 0.0
10.316478906623486 0.0
10.319302192883125 0.0
10.322126251784802 0.0
10.324951083539965 0.0
10.327776688360121 0.0
10.330603066456833 0.0
