#xsec (eV,cm2) for H2O -> OH + H
3.1000290654125155 0.0
3.1008774429979375 0.0
3.1017260527568364 0.0
3.102574894752751 0.0
3.103423969049237 0.0
3.1042732757098674 0.0
3.105122814798232 0.0
3.1059725863779404 0.0
3.1068225905126168 0.0
3.1076728272659047 0.0
3.1085232967014633 0.0
3.1093739988829707 0.0
3.1102249338741217 0.0
3.1110761017386297 0.0
3.1119275025402233 0.0
3.1127791363426507 0.0
3.113631003209677 0.0
3.114483103205083 0.0
3.1153354363926695 0.0
3.116188002836253 0.0
3.1170408025996696 0.0
3.1178938357467696 0.0
3.1187471023414233 0.0
3.119600602447518 0.0
3.1204543361289576 0.0
3.1213083034496645 0.0
3.122162504473578 0.0
3.123016939264656 0.0
3.123871607886872 0.0
3.1247265104042174 0.0
3.125581646880703 0.0
3.1264370173803555 0.0
3.1272926219672197 0.0
3.128148460705357 0.0
3.129004533658848 0.0
3.129860840891788 0.0
3.130717382468294 0.0
3.131574158452497 0.0
3.1324311689085467 0.0
3.133288413900611 0.0
3.134145893492875 0.0
3.1350036077495402 0.0
3.1358615567348274 0.0
3.1367197405129734 0.0
3.1375781591482346 0.0
3.1384368127048834 0.0
3.13929570124721 0.0
3.140154824839522 0.0
3.1410141835461456 0.0
3.141873777431423 0.0
3.1427336065597165 0.0
3.1435936709954033 0.0
3.1444539708028802 0.0
3.14531450604656 0.0
3.1461752767908746 0.0
3.1470362831002725 0.0
3.1478975250392205 0.0
3.148759002672203 0.0
3.1496207160637213 0.0
3.1504826652782953 0.0
3.151344850380462 0.0
3.1522072714347757 0.0
3.1530699285058095 0.0
3.1539328216581537 0.0
3.154795950956416 0.0
3.155659316465221 0.0
3.1565229182492125 0.0
3.157386756373052 0.0
3.158250830901417 0.0
3.1591151418990044 0.0
3.159979689430528 0.0
3.1608444735607195 0.0
3.1617094943543282 0.0
3.1625747518761216 0.0
3.1634402461908837 0.0
3.164305977363418 0.0
3.1651719454585443 0.0
3.1660381505411004 0.0
3.1669045926759427 0.0
3.1677712719279443 0.0
3.1686381883619976 0.0
3.16950534204301 0.0
3.170372733035909 0.0
3.171240361405639 0.0
3.1721082272171626 0.0
3.1729763305354606 0.0
3.1738446714255293 0.0
3.1747132499523856 0.0
3.1755820661810628 0.0
3.176451120176612 0.0
3.1773204120041023 0.0
3.1781899417286206 0.0
3.179059709415272 0.0
3.1799297151291785 0.0
3.1807999589354807 0.0
3.181670440899337 0.0
3.182541161085923 0.0
3.1834121195604332 0.0
3.184283316388078 0.0
3.185154751634088 0.0
3.1860264253637105 0.0
3.1868983376422104 0.0
3.1877704885348708 0.0
3.188642878106993 0.0
3.1895155064238967 0.0
3.190388373550917 0.0
3.1912614795534084 0.0
3.192134824496745 0.0
3.1930084084463153 0.0
3.193882231467529 0.0
3.194756293625812 0.0
3.195630594986608 0.0
3.196505135615379 0.0
3.1973799155776055 0.0
3.1982549349387845 0.0
3.1991301937644323 0.0
3.200005692120082 0.0
3.200881430071286 0.0
3.2017574076836133 0.0
3.2026336250226515 0.0
3.203510082154006 0.0
3.2043867791433005 0.0
3.2052637160561757 0.0
3.206140892958292 0.0
3.207018309915326 0.0
3.2078959669929725 0.0
3.208773864256945 0.0
3.209652001772975 0.0
3.210530379606812 0.0
3.211408997824223 0.0
3.2122878564909927 0.0
3.2131669556729245 0.0
3.21404629543584 0.0
3.2149258758455783 0.0
3.215805696967996 0.0
3.2166857588689695 0.0
3.2175660616143915 0.0
3.218446605270173 0.0
3.2193273899022437 0.0
3.220208415576551 0.0
3.221089682359061 0.0
3.2219711903157555 0.0
3.2228529395126375 0.0
3.223734930015726 0.0
3.22461716189106 0.0
3.2254996352046934 0.0
3.2263823500227007 0.0
3.2272653064111747 0.0
3.2281485044362244 0.0
3.229031944163978 0.0
3.229915625660582 0.0
3.2307995489922003 0.0
3.2316837142250163 0.0
3.2325681214252295 0.0
3.233452770659059 0.0
3.2343376619927415 0.0
3.2352227954925317 0.0
3.2361081712247026 0.0
3.236993789255546 0.0
3.2378796496513704 0.0
3.238765752478504 0.0
3.2396520978032917 0.0
3.2405386856920977 0.0
3.2414255162113035 0.0
3.2423125894273097 0.0
3.2431999054065344 0.0
3.2440874642154136 0.0
3.2449752659204023 0.0
3.2458633105879735 0.0
3.246751598284618 0.0
3.2476401290768444 0.0
3.2485289030311812 0.0
3.2494179202141735 0.0
3.250307180692385 0.0
3.251196684532397 0.0
3.2520864318008114 0.0
3.2529764225642452 0.0
3.2538666568893353 0.0
3.2547571348427384 0.0
3.2556478564911253 0.0
3.256538821901189 0.0
3.257430031139638 0.0
3.2583214842732007 0.0
3.2592131813686245 0.0
3.2601051224926723 0.0
3.2609973077121266 0.0
3.2618897370937896 0.0
3.2627824107044807 0.0
3.2636753286110363 0.0
3.264568490880313 0.0
3.265461897579185 0.0
3.2663555487745444 0.0
3.2672494445333022 0.0
3.2681435849223877 0.0
3.269037970008748 0.0
3.269932599859349 0.0
3.2708274745411745 0.0
3.271722594121227 0.0
3.272617958666527 0.0
3.273513568244114 0.0
3.274409422921045 0.0
3.2753055227643957 0.0
3.2762018678412614 0.0
3.2770984582187532 0.0
3.2779952939640022 0.0
3.278892375144158 0.0
3.2797897018263877 0.0
3.280687274077878 0.0
3.2815850919658325 0.0
3.282483155557474 0.0
3.283381464920044 0.0
3.2842800201208022 0.0
3.285178821227026 0.0
3.286077868306012 0.0
3.286977161425076 0.0
3.287876700651549 0.0
3.288776486052784 0.0
3.2896765176961518 0.0
3.2905767956490393 0.0
3.2914773199788545 0.0
3.2923780907530222 0.0
3.2932791080389867 0.0
3.2941803719042095 0.0
3.2950818824161727 0.0
3.2959836396423743 0.0
3.2968856436503327 0.0
3.297787894507584 0.0
3.298690392281683 0.0
3.299593137040202 0.0
3.300496128850733 0.0
3.3013993677808866 0.0
3.302302853898291 0.0
3.3032065872705934 0.0
3.3041105679654605 0.0
3.305014796050575 0.0
3.3059192715936403 0.0
3.306823994662377 0.0
3.3077289653245256 0.0
3.3086341836478446 0.0
3.3095396497001097 0.0
3.3104453635491176 0.0
3.311351325262681 0.0
3.3122575349086336 0.0
3.3131639925548253 0.0
3.314070698269127 0.0
3.3149776521194263 0.0
3.315884854173629 0.0
3.3167923044996623 0.0
3.317700003165469 0.0
3.318607950239012 0.0
3.319516145788273 0.0
3.3204245898812506 0.0
3.321333282585963 0.0
3.3222422239704485 0.0
3.323151414102762 0.0
3.324060853050978 0.0
3.3249705408831893 0.0
3.325880477667507 0.0
3.3267906634720616 0.0
3.3277010983650017 0.0
3.328611782414495 0.0
3.329522715688727 0.0
3.3304338982559027 0.0
3.3313453301842464 0.0
3.3322570115419996 0.0
3.333168942397422 0.0
3.334081122818794 0.0
3.3349935528744137 0.0
3.335906232632598 0.0
3.3368191621616825 0.0
3.337732341530021 0.0
3.3386457708059862 0.0
3.33955945005797 0.0
3.3404733793543833 0.0
3.341387558763655 0.0
3.3423019883542318 0.0
3.3432166681945814 0.0
3.3441315983531883 0.0
3.345046778898557 0.0
3.3459622098992106 0.0
3.3468778914236896 0.0
3.3477938235405555 0.0
3.3487100063183863 0.0
3.34962643982578 0.0
3.350543124131353 0.0
3.351460059303741 0.0
3.352377245411598 0.0
3.3532946825235967 0.0
3.3542123707084297 0.0
3.3551303100348067 0.0
3.356048500571457 0.0
3.356966942387129 0.0
3.3578856355505895 0.0
3.3588045801306246 0.0
3.359723776196038 0.0
3.3606432238156536 0.0
3.361562923058314 0.0
3.36248287399288 0.0
3.3634030766882312 0.0
3.364323531213267 0.0
3.3652442376369045 0.0
3.3661651960280805 0.0
3.3670864064557504 0.0
3.3680078689888875 0.0
3.3689295836964863 0.0
3.3698515506475584 0.0
3.3707737699111346 0.0
3.371696241556264 0.0
3.3726189656520154 0.0
3.3735419422674773 0.0
3.3744651714717557 0.0
3.3753886533339754 0.0
3.3763123879232815 0.0
3.377236375308837 0.0
3.378160615559824 0.0
3.3790851087454428 0.0
3.3800098549349147 0.0
3.380934854197478 0.0
3.3818601066023906 0.0
3.38278561221893 0.0
3.3837113711163913 0.0
3.3846373833640895 0.0
3.385563649031358 0.0
3.38649016818755 0.0
3.387416940902037 0.0
3.3883439672442104 0.0
3.389271247283479 0.0
3.3901987810892713 0.0
3.391126568731036 0.0
3.3920546102782394 0.0
3.392982905800366 0.0
3.3939114553669225 0.0
3.3948402590474314 0.0
3.3957693169114354 0.0
3.396698629028497 0.0
3.3976281954681964 0.0
3.3985580163001345 0.0
3.3994880915939287 0.0
3.400418421419218 0.0
3.401349005845659 0.0
3.4022798449429272 0.0
3.4032109387807195 0.0
3.4041422874287486 0.0
3.405073890956749 0.0
3.406005749434472 0.0
3.4069378629316898 0.0
3.4078702315181926 0.0
3.40880285526379 0.0
3.4097357342383114 0.0
3.4106688685116042 0.0
3.4116022581535352 0.0
3.412535903233991 0.0
3.413469803822876 0.0
3.414403959990116 0.0
3.415338371805653 0.0
3.416273039339451 0.0
3.4172079626614913 0.0
3.4181431418417745 0.0
3.419078576950321 0.0
3.4200142680571703 0.0
3.4209502152323807 0.0
3.4218864185460296 0.0
3.4228228780682137 0.0
3.4237595938690495 0.0
3.424696566018672 0.0
3.4256337945872355 0.0
3.426571279644913 0.0
3.4275090212618986 0.0
3.4284470195084027 0.0
3.4293852744546576 0.0
3.4303237861709133 0.0
3.4312625547274394 0.0
3.4322015801945245 0.0
3.4331408626424778 0.0
3.434080402141626 0.0
3.4350201987623152 0.0
3.4359602525749118 0.0
3.4369005636498002 0.0
3.437841132057386 0.0
3.438781957868092 0.0
3.4397230411523614 0.0
3.440664381980656 0.0
3.441605980423457 0.0
3.442547836551266 0.0
3.443489950434603 0.0
3.4444323221440065 0.0
3.4453749517500363 0.0
3.446317839323269 0.0
3.447260984934303 0.0
3.448204388653754 0.0
3.4491480505522585 0.0
3.4500919707004725 0.0
3.4510361491690684 0.0
3.4519805860287422 0.0
3.4529252813502067 0.0
3.4538702352041937 0.0
3.4548154476614554 0.0
3.4557609187927643 0.0
3.45670664866891 0.0
3.457652637360703 0.0
3.458598884938972 0.0
3.459545391474567 0.0
3.4604921570383556 0.0
3.461439181701226 0.0
3.4623864655340837 0.0
3.4633340086078572 0.0
3.4642818109934908 0.0
3.4652298727619506 0.0
3.4661781939842204 0.0
3.4671267747313053 0.0
3.4680756150742287 0.0
3.469024715084033 0.0
3.4699740748317813 0.0
3.4709236943885546 0.0
3.471873573825455 0.0
3.472823713213603 0.0
3.4737741126241386 0.0
3.474724772128222 0.0
3.475675691797032 0.0
3.476626871701767 0.0
3.4775783119136463 0.0
3.478530012503906 0.0
3.4794819735438045 0.0
3.480434195104618 0.0
3.4813866772576425 0.0
3.4823394200741937 0.0
3.483292423625606 0.0
3.484245687983236 0.0
3.485199213218456 0.0
3.4861529994026617 0.0
3.4871070466072642 0.0
3.4880613549036976 0.0
3.489015924363414 0.0
3.4899707550578856 0.0
3.490925847058604 0.0
3.4918812004370796 0.0
3.492836815264843 0.0
3.4937926916134447 0.0
3.494748829554455 0.0
3.495705229159463 0.0
3.4966618905000773 0.0
3.4976188136479265 0.0
3.498575998674659 0.0
3.4995334456519425 0.0
3.5004911546514643 0.0
3.5014491257449314 0.0
3.502407359004071 0.0
3.503365854500629 0.0
3.5043246123063705 0.0
3.5052836324930814 0.0
3.506242915132568 0.0
3.5072024602966536 0.0
3.5081622680571836 0.0
3.5091223384860224 0.0
3.510082671655053 0.0
3.511043267636179 0.0
3.512004126501324 0.0
3.5129652483224305 0.0
3.5139266331714616 0.0
3.5148882811203985 0.0
3.5158501922412437 0.0
3.516812366606019 0.0
3.517774804286766 0.0
3.5187375053555447 0.0
3.5197004698844365 0.0
3.5206636979455426 0.0
3.521627189610982 0.0
3.5225909449528956 0.0
3.5235549640434423 0.0
3.524519246954802 0.0
3.5254837937591743 0.0
3.5264486045287775 0.0
3.527413679335851 0.0
3.528379018252652 0.0
3.52934462135146 0.0
3.5303104887045733 0.0
3.531276620384309 0.0
3.5322430164630054 0.0
3.533209677013019 0.0
3.5341766021067276 0.0
3.5351437918165276 0.0
3.536111246214837 0.0
3.537078965374092 0.0
3.5380469493667484 0.0
3.539015198265284 0.0
3.539983712142194 0.0
3.540952491069994 0.0
3.5419215351212205 0.0
3.542890844368429 0.0
3.5438604188841953 0.0
3.5448302587411145 0.0
3.545800364011802 0.0
3.5467707347688924 0.0
3.5477413710850416 0.0
3.548712273032925 0.0
3.549683440685236 0.0
3.5506548741146897 0.0
3.551626573394021 0.0
3.552598538595984 0.0
3.553570769793354 0.0
3.554543267058924 0.0
3.55551603046551 0.0
3.5564890600859447 0.0
3.5574623559930827 0.0
3.558435918259798 0.0
3.5594097469589845 0.0
3.5603838421635565 0.0
3.5613582039464475 0.0
3.562332832380612 0.0
3.563307727539023 0.0
3.5642828894946743 0.0
3.56525831832058 0.0
3.5662340140897744 0.0
3.5672099768753105 0.0
3.568186206750262 0.0
3.5691627037877227 0.0
3.5701394680608067 0.0
3.571116499642647 0.0
3.5720937986063994 0.0
3.5730713650252346 0.0
3.5740491989723484 0.0
3.5750273005209543 0.0
3.5760056697442857 0.0
3.5769843067155973 0.0
3.577963211508162 0.0
3.578942384195275 0.0
3.579921824850249 0.0
3.5809015335464194 0.0
3.5818815103571398 0.0
3.5828617553557844 0.0
3.583842268615748 0.0
3.584823050210444 0.0
3.5858041002133083 0.0
3.586785418697795 0.0
3.5877670057373785 0.0
3.588748861405554 0.0
3.5897309857758355 0.0
3.59071337892176 0.0
3.5916960409168803 0.0
3.5926789718347742 0.0
3.5936621717490356 0.0
3.5946456407332796 0.0
3.595629378861144 0.0
3.596613386206283 0.0
3.5975976628423725 0.0
3.59858220884311 0.0
3.5995670242822113 0.0
3.600552109233412 0.0
3.6015374637704705 0.0
3.602523087967163 0.0
3.6035089818972863 0.0
3.604495145634658 0.0
3.6054815792531154 0.0
3.6064682828265164 0.0
3.6074552564287385 0.0
3.6084425001336804 0.0
3.609430014015261 0.0
3.6104177981474175 0.0
3.61140585260411 0.0
3.6123941774593167 0.0
3.613382772787037 0.0
3.614371638661291 0.0
3.615360775156118 0.0
3.6163501823455793 0.0
3.617339860303753 0.0
3.6183298091047416 0.0
3.6193200288226652 0.0
3.6203105195316656 0.0
3.621301281305903 0.0
3.6222923142195604 0.0
3.62328361834684 0.0
3.6242751937619637 0.0
3.625267040539174 0.0
3.6262591587527346 0.0
3.627251548476928 0.0
3.6282442097860583 0.0
3.629237142754449 0.0
3.630230347456446 0.0
3.631223823966412 0.0
3.6322175723587327 0.0
3.633211592707815 0.0
3.6342058850880825 0.0
3.6352004495739827 0.0
3.636195286239981 0.0
3.637190395160565 0.0
3.638185776410242 0.0
3.6391814300635397 0.0
3.6401773561950064 0.0
3.6411735548792095 0.0
3.6421700261907386 0.0
3.643166770204203 0.0
3.6441637869942323 0.0
3.645161076635476 0.0
3.6461586392026053 0.0
3.647156474770312 0.0
3.648154583413306 0.0
3.64915296520632 0.0
3.650151620224106 0.0
3.6511505485414366 0.0
3.652149750233106 0.0
3.6531492253739266 0.0
3.6541489740387334 0.0
3.6551489963023807 0.0
3.6561492922397436 0.0
3.657149861925719 0.0
3.658150705435221 0.0
3.659151822843187 0.0
3.6601532142245747 0.0
3.6611548796543616 0.0
3.662156819207545 0.0
3.663159032959145 0.0
3.6641615209842 0.0
3.6651642833577696 0.0
3.6661673201549343 0.0
3.6671706314507952 0.0
3.668174217320473 0.0
3.6691780778391108 0.0
3.6701822130818704 0.0
3.671186623123935 0.0
3.6721913080405084 0.0
3.673196267906815 0.0
3.6742015027980988 0.0
3.6752070127896257 0.0
3.676212797956682 0.0
3.677218858374574 0.0
3.67822519411863 0.0
3.6792318052641964 0.0
3.6802386918866423 0.0
3.6812458540613564 0.0
3.6822532918637494 0.0
3.6832610053692507 0.0
3.6842689946533116 0.0
3.6852772597914036 0.0
3.68628580085902 0.0
3.6872946179316726 0.0
3.6883037110848953 0.0
3.6893130803942427 0.0
3.6903227259352898 0.0
3.691332647783632 0.0
3.692342846014886 0.0
3.6933533207046887 0.0
3.694364071928697 0.0
3.6953750997625914 0.0
3.6963864042820695 0.0
3.6973979855628514 0.0
3.698409843680677 0.0
3.6994219787113094 0.0
3.7004343907305293 0.0
3.70144707981414 0.0
3.7024600460379657 0.0
3.7034732894778495 0.0
3.704486810209657 0.0
3.705500608309274 0.0
3.706514683852607 0.0
3.7075290369155836 0.0
3.708543667574152 0.0
3.70955857590428 0.0
3.710573761981959 0.0
3.7115892258831984 0.0
3.7126049676840305 0.0
3.713620987460506 0.0
3.714637285288699 0.0
3.7156538612447023 0.0
3.7166707154046312 0.0
3.7176878478446214 0.0
3.7187052586408287 0.0
3.71972294786943 0.0
3.7207409156066236 0.0
3.7217591619286274 0.0
3.722777686911682 0.0
3.723796490632048 0.0
3.7248155731660058 0.0
3.7258349345898587 0.0
3.72685457497993 0.0
3.7278744944125624 0.0
3.728894692964121 0.0
3.729915170710993 0.0
3.730935927729584 0.0
3.731956964096322 0.0
3.7329782798876554 0.0
3.7339998751800536 0.0
3.7350217500500067 0.0
3.736043904574027 0.0
3.7370663388286465 0.0
3.7380890528904174 0.0
3.7391120468359147 0.0
3.740135320741733 0.0
3.7411588746844897 0.0
3.74218270874082 0.0
3.743206822987383 0.0
3.7442312175008583 0.0
3.745255892357944 0.0
3.7462808476353624 0.0
3.747306083409855 0.0
3.7483315997581856 0.0
3.749357396757137 0.0
3.750383474483515 0.0
3.751409833014146 0.0
3.7524364724258756 0.0
3.7534633927955725 0.0
3.754490594200126 0.0
3.7555180767164464 0.0
3.756545840421465 0.0
3.7575738853921337 0.0
3.7586022117054254 0.0
3.7596308194383345 0.0
3.7606597086678772 0.0
3.7616888794710897 0.0
3.7627183319250292 0.0
3.7637480661067757 0.0
3.7647780820934273 0.0
3.7658083799621056 0.0
3.7668389597899523 0.0
3.767869821654131 0.0
3.7689009656318264 0.0
3.769932391800242 0.0
3.770964100236606 0.0
3.7719960910181647 0.0
3.7730283642221876 0.0
3.774060919925965 0.0
3.775093758206807 0.0
3.776126879142047 0.0
3.777160282809037 0.0
3.7781939692851516 0.0
3.7792279386477876 0.0
3.7802621909743612 0.0
3.7812967263423105 0.0
3.782331544829095 0.0
3.783366646512195 0.0
3.784402031469112 0.0
3.7854376997773684 0.0
3.78647365151451 0.0
3.7875098867581 0.0
3.788546405585726 0.0
3.789583208074996 0.0
3.7906202943035394 0.0
3.791657664349005 0.0
3.7926953182890655 0.0
3.793733256201413 0.0
3.794771478163762 0.0
3.7958099842538466 0.0
3.7968487745494253 0.0
3.797887849128274 0.0
3.7989272080681933 0.0
3.799966851447003 0.0
3.8010067793425453 0.0
3.8020469918326825 0.0
3.803087488995299 0.0
3.8041282709083015 0.0
3.805169337649615 0.0
3.80621068929719 0.0
3.807252325928994 0.0
3.80829424762302 0.0
3.809336454457279 0.0
3.810378946509805 0.0
3.8114217238586523 0.0
3.8124647865818986 0.0
3.8135081347576407 0.0
3.814551768463998 0.0
3.8155956877791115 0.0
3.816639892781142 0.0
3.817684383548273 0.0
3.8187291601587106 0.0
3.8197742226906786 0.0
3.820819571222425 0.0
3.8218652058322204 0.0
3.8229111265983535 0.0
3.823957333599137 0.0
3.825003826912903 0.0
3.826050606618007 0.0
3.8270976727928243 0.0
3.8281450255157528 0.0
3.8291926648652113 0.0
3.83024059091964 0.0
3.8312888037575017 0.0
3.8323373034572787 0.0
3.833386090097477 0.0
3.834435163756621 0.0
3.83548452451326 0.0
3.8365341724459627 0.0
3.8375841076333206 0.0
3.838634330153945 0.0
3.8396848400864703 0.0
3.8407356375095523 0.0
3.8417867225018667 0.0
3.8428380951421124 0.0
3.84388975550901 0.0
3.8449417036813 0.0
3.845993939737745 0.0
3.847046463757131 0.0
3.8480992758182637 0.0
3.8491523759999704 0.0
3.8502057643811005 0.0
3.8512594410405256 0.0
3.852313406057137 0.0
3.853367659509849 0.0
3.854422201477597 0.0
3.855477032039339 0.0
3.8565321512740534 0.0
3.8575875592607405 0.0
3.858643256078423 0.0
3.8596992418061444 0.0
3.8607555165229694 0.0
3.861812080307985 0.0
3.862868933240301 0.0
3.8639260753990454 0.0
3.8649835068633727 0.0
3.866041227712455 0.0
3.867099238025488 0.0
3.868157537881688 0.0
3.8692161273602945 0.0
3.8702750065405667 0.0
3.8713341755017874 0.0
3.8723936343232603 0.0
3.8734533830843105 0.0
3.8745134218642847 0.0
3.875573750742552 0.0
3.876634369798503 0.0
3.8776952791115504 0.0
3.8787564787611277 0.0
3.87981796882669 0.0
3.8808797493877156 0.0
3.8819418205237035 0.0
3.883004182314174 0.0
3.8840668348386718 0.0
3.8851297781767586 0.0
3.8861930124080226 0.0
3.8872565376120716 0.0
3.8883203538685347 0.0
3.889384461257064 0.0
3.890448859857333 0.0
3.891513549749037 0.0
3.8925785310118926 0.0
3.893643803725639 0.0
3.8947093679700364 0.0
3.895775223824868 0.0
3.8968413713699377 0.0
3.897907810685072 0.0
3.8989745418501194 0.0
3.9000415649449476 0.0
3.9011088800494504 0.0
3.902176487243541 0.0
3.9032443866071542 0.0
3.904312578220248 0.0
3.9053810621628013 0.0
3.906449838514816 0.0
3.907518907356314 0.0
3.908588268767341 0.0
3.9096579228279627 0.0
3.9107278696182686 0.0
3.91179810921837 0.0
3.912868641708398 0.0
3.9139394671685084 0.0
3.9150105856788766 0.0
3.9160819973197016 0.0
3.917153702171204 0.0
3.9182257003136254 0.0
3.91929799182723 0.0
3.9203705767923043 0.0
3.921443455289156 0.0
3.9225166273981165 0.0
3.9235900931995364 0.0
3.924663852773791 0.0
3.9257379062012756 0.0
3.9268122535624084 0.0
3.92788689493763 0.0
3.9289618304074025 0.0
3.93003706005221 0.0
3.931112583952558 0.0
3.9321884021889755 0.0
3.9332645148420124 0.0
3.9343409219922414 0.0
3.935417623720256 0.0
3.9364946201066733 0.0
3.937571911232132 0.0
3.938649497177292 0.0
3.9397273780228357 0.0
3.9408055538494686 0.0
3.9418840247379174 0.0
3.942962790768931 0.0
3.944041852023279 0.0
3.9451212085817557 0.0
3.946200860525176 0.0
3.9472808079343777 0.0
3.9483610508902194 0.0
3.949441589473583 0.0
3.9505224237653733 0.0
3.951603553846514 0.0
3.9526849797979544 0.0
3.9537667017006646 0.0
3.9548487196356357 0.0
3.9559310336838838 0.0
3.9570136439264445 0.0
3.9580965504443775 0.0
3.9591797533187627 0.0
3.9602632526307033 0.0
3.9613470484613256 0.0
3.962431140891776 0.0
3.963515530003226 0.0
3.9646002158768656 0.0
3.96568519859391 0.0
3.9667704782355955 0.0
3.967856054883181 0.0
3.968941928617948 0.0
3.9700280995211976 0.0
3.971114567674257 0.0
3.9722013331584725 0.0
3.9732883960552154 0.0
3.974375756445877 0.0
3.9754634144118723 0.0
3.976551370034638 0.0
3.9776396233956324 0.0
3.978728174576337 0.0
3.9798170236582564 0.0
3.980906170722915 0.0
3.9819956158518623 0.0
3.983085359126668 0.0
3.984175400628926 0.0
3.9852657404402505 0.0
3.9863563786422795 0.0
3.9874473153166727 0.0
3.9885385505451123 0.0
3.9896300844093036 0.0
3.990721916990972 0.0
3.991814048371868 0.0
3.992906478633763 0.0
3.993999207858451 0.0
3.995092236127748 0.0
3.9961855635234937 0.0
3.997279190127549 0.0
3.9983731160217975 0.0
3.999467341288145 0.0
4.000561866008519 0.0
4.001656690264873 0.0
4.002751814139179 0.0
4.003847237713432 0.0
4.00494296106965 0.0
4.006038984289876 0.0
4.00713530745617 0.0
4.008231930650618 0.0
4.009328853955331 0.0
4.010426077452437 0.0
4.011523601224089 0.0
4.012621425352462 0.0
4.013719549919755 0.0
4.014817975008189 0.0
4.0159167007000045 0.0
4.017015727077469 0.0
4.01811505422287 0.0
4.019214682218517 0.0
4.020314611146745 0.0
4.021414841089907 0.0
4.022515372130382 0.0
4.023616204350572 0.0
4.024717337832898 0.0
4.025818772659807 0.0
4.026920508913768 0.0
4.028022546677269 0.0
4.029124886032827 0.0
4.030227527062975 0.0
4.031330469850273 0.0
4.0324337144773015 0.0
4.033537261026664 0.0
4.034641109580988 0.0
4.035745260222923 0.0
4.036849713035139 0.0
4.03795446810033 0.0
4.039059525501214 0.0
4.0401648853205305 0.0
4.041270547641041 0.0
4.04237651254553 0.0
4.043482780116806 0.0
4.044589350437699 0.0
4.045696223591062 0.0
4.046803399659768 0.0
4.047910878726718 0.0
4.049018660874831 0.0
4.050126746187051 0.0
4.051235134746346 0.0
4.052343826635703 0.0
4.053452821938133 0.0
4.054562120736671 0.0
4.055671723114376 0.0
4.056781629154324 0.0
4.0578918389396215 0.0
4.0590023525533905 0.0
4.0601131700787825 0.0
4.061224291598965 0.0
4.062335717197131 0.0
4.063447446956501 0.0
4.064559480960311 0.0
4.065671819291824 0.0
4.066784462034322 0.0
4.067897409271116 0.0
4.069010661085534 0.0
4.070124217560931 0.0
4.071238078780682 0.0
4.072352244828184 0.0
4.07346671578686 0.0
4.074581491740155 0.0
4.075696572771534 0.0
4.076811958964488 0.0
4.077927650402531 0.0
4.079043647169199 0.0
4.080159949348047 0.0
4.08127655702266 0.0
4.082393470276641 0.0
4.083510689193618 0.0
4.084628213857239 0.0
4.085746044351179 0.0
4.086864180759132 0.0
4.0879826231648195 0.0
4.0891013716519815 0.0
4.090220426304382 0.0
4.0913397872058095 0.0
4.092459454440074 0.0
4.093579428091009 0.0
4.09469970824247 0.0
4.095820294978338 0.0
4.096941188382514 0.0
4.098062388538924 0.0
4.099183895531516 0.0
4.100305709444259 0.0
4.10142783036115 0.0
4.102550258366206 0.0
4.103672993543464 0.0
4.104796035976991 0.0
4.1059193857508705 0.0
4.107043042949212 0.0
4.1081670076561485 0.0
4.109291279955835 0.0
4.1104158599324485 0.0
4.111540747670191 0.0
4.112665943253287 0.0
4.113791446765984 0.0
4.114917258292552 0.0
4.1160433779172845 0.0
4.117169805724497 0.0
4.11829654179853 0.0
4.119423586223746 0.0
4.1205509390845325 0.0
4.1216786004652946 0.0
4.122806570450466 0.0
4.123934849124504 0.0
4.125063436571884 0.0
4.126192332877109 0.0
4.127321538124701 0.0
4.128451052399209 0.0
4.129580875785203 0.0
4.130711008367278 0.0
4.13184145023005 0.0
4.132972201458161 0.0
4.134103262136271 0.0
4.13523463234907 0.0
4.136366312181265 0.0
4.137498301717589 0.0
4.138630601042798 0.0
4.139763210241673 0.0
4.140896129399016 0.0
4.14202935859965 0.0
4.143162897928427 0.0
4.144296747470216 0.0
4.145430907309915 0.0
4.146565377532442 0.0
4.147700158222737 0.0
4.148835249465766 0.0
4.149970651346518 0.0
4.151106363950003 0.0
4.152242387361258 0.0
4.153378721665339 0.0
4.154515366947328 0.0
4.155652323292328 0.0
4.15678959078547 0.0
4.157927169511902 0.0
4.159065059556802 0.0
4.160203261005364 0.0
4.161341773942812 0.0
4.162480598454389 0.0
4.163619734625362 0.0
4.164759182541024 0.0
4.165898942286689 0.0
4.167039013947694 0.0
4.168179397609401 0.0
4.169320093357193 0.0
4.170461101276478 0.0
4.171602421452691 0.0
4.1727440539712815 0.0
4.173885998917729 0.0
4.175028256377537 0.0
4.176170826436229 0.0
4.1773137091793515 0.0
4.178456904692479 0.0
4.1796004130612046 0.0
4.180744234371147 0.0
4.181888368707949 0.0
4.183032816157276 0.0
4.184177576804815 0.0
4.185322650736278 0.0
4.186468038037404 0.0
4.187613738793949 0.0
4.188759753091698 0.0
4.189906081016455 0.0
4.1910527226540495 0.0
4.1921996780903354 0.0
4.1933469474111895 0.0
4.194494530702512 0.0
4.195642428050226 0.0
4.1967906395402785 0.0
4.1979391652586395 0.0
4.199088005291305 0.0
4.20023715972429 0.0
4.201386628643637 0.0
4.202536412135411 0.0
4.203686510285701 0.0
4.204836923180617 0.0
4.205987650906296 0.0
4.207138693548896 0.0
4.2082900511946 0.0
4.209441723929614 0.0
4.210593711840168 0.0
4.211746015012515 0.0
4.212898633532933 0.0
4.21405156748772 0.0
4.215204816963205 0.0
4.21635838204573 0.0
4.217512262821669 0.0
4.218666459377417 0.0
4.219820971799393 0.0
4.22097580017404 0.0
4.222130944587823 0.0
4.223286405127231 0.0
4.224442181878779 0.0
4.225598274929004 0.0
4.226754684364465 0.0
4.227911410271748 0.0
4.229068452737459 0.0
4.230225811848232 0.0
4.231383487690723 0.0
4.232541480351608 0.0
4.233699789917592 0.0
4.234858416475403 0.0
4.23601736011179 0.0
4.237176620913526 0.0
4.23833619896741 0.0
4.239496094360264 0.0
4.240656307178934 0.0
4.241816837510287 0.0
4.242977685441218 0.0
4.244138851058642 0.0
4.245300334449501 0.0
4.246462135700758 0.0
4.247624254899403 0.0
4.248786692132445 0.0
4.249949447486922 0.0
4.251112521049894 0.0
4.252275912908442 0.0
4.253439623149674 0.0
4.254603651860723 0.0
4.255767999128743 0.0
4.25693266504091 0.0
4.25809764968443 0.0
4.2592629531465285 0.0
4.260428575514455 0.0
4.261594516875484 0.0
4.262760777316914 0.0
4.263927356926066 0.0
4.265094255790288 0.0
4.2662614739969476 0.0
4.267429011633439 0.0
4.268596868787181 0.0
4.269765045545613 0.0
4.270933541996204 0.0
4.272102358226439 0.0
4.273271494323833 0.0
4.274440950375925 0.0
4.2756107264702745 0.0
4.276780822694466 0.0
4.277951239136112 0.0
4.279121975882842 0.0
4.280293033022315 0.0
4.2814644106422115 0.0
4.2826361088302365 0.0
4.283808127674121 0.0
4.284980467261614 0.0
4.286153127680497 0.0
4.2873261090185695 0.0
4.288499411363656 0.0
4.289673034803606 0.0
4.290846979426293 0.0
4.292021245319615 0.0
4.2931958325714925 0.0
4.294370741269871 0.0
4.295545971502721 0.0
4.296721523358035 0.0
4.29789739692383 0.0
4.299073592288149 0.0
4.300250109539057 0.0
4.301426948764647 0.0
4.302604110053028 0.0
4.3037815934923405 0.0
4.304959399170748 0.0
4.3061375271764355 0.0
4.3073159775976135 0.0
4.3084947505225175 0.0
4.309673846039405 0.0
4.31085326423656 0.0
4.312033005202291 0.0
4.313213069024926 0.0
4.314393455792823 0.0
4.315574165594361 0.0
4.316755198517944 0.0
4.317936554651999 0.0
4.31911823408498 0.0
4.3203002369053625 0.0
4.321482563201647 0.0
4.322665213062358 0.0
4.323848186576046 0.0
4.3250314838312836 0.0
4.326215104916667 0.0
4.32739904992082 0.0
4.328583318932388 0.0
4.329767912040042 0.0
4.330952829332475 0.0
4.332138070898408 0.0
4.333323636826581 0.0
4.334509527205764 0.0
4.33569574212475 0.0
4.336882281672352 0.0
4.3380691459374106 0.0
4.339256335008792 0.0
4.340443848975385 0.0
4.341631687926102 0.0
4.342819851949882 0.0
4.344008341135686 0.0
4.3451971555724995 0.0
4.346386295349335 0.0
4.347575760555225 0.0
4.348765551279232 0.0
4.349955667610438 0.0
4.35114610963795 0.0
4.352336877450904 0.0
4.353527971138453 0.0
4.354719390789782 0.0
4.355911136494093 0.0
4.35710320834062 0.0
4.358295606418614 0.0
4.359488330817356 0.0
4.360681381626151 0.0
4.361874758934322 0.0
4.363068462831226 0.0
4.364262493406238 0.0
4.3654568507487586 0.0
4.366651534948213 0.0
4.367846546094054 0.0
4.369041884275754 0.0
4.3702375495828125 0.0
4.3714335421047545 0.0
4.372629861931127 0.0
4.3738265091515025 0.0
4.375023483855477 0.0
4.376220786132675 0.0
4.377418416072741 0.0
4.378616373765345 0.0
4.379814659300184 0.0
4.381013272766977 0.0
4.382212214255468 0.0
4.383411483855426 0.0
4.3846110816566455 0.0
4.385811007748943 0.0
4.3870112622221615 0.0
4.388211845166169 0.0
4.389412756670858 0.0
4.390613996826142 0.0
4.391815565721965 0.0
4.393017463448292 0.0
4.394219690095112 0.0
4.395422245752441 0.0
4.3966251305103174 0.0
4.397828344458807 0.0
4.399031887687999 0.0
4.400235760288004 0.0
4.401439962348961 0.0
4.402644493961034 0.0
4.403849355214412 0.0
4.4050545461993025 0.0
4.406260067005947 0.0
4.407465917724606 0.0
4.408672098445562 0.0
4.409878609259131 0.0
4.411085450255646 0.0
4.4122926215254665 0.0
4.41350012315898 0.0
4.414707955246595 0.0
4.415916117878746 0.0
4.417124611145893 0.0
4.41833343513852 0.0
4.419542589947136 0.0
4.420752075662273 0.0
4.421961892374491 0.0
4.423172040174373 0.0
4.424382519152528 0.0
4.425593329399586 0.0
4.426804471006207 0.0
4.428015944063073 0.0
4.42922774866089 0.0
4.43043988489039 0.0
4.431652352842331 0.0
4.432865152607496 0.0
4.434078284276689 0.0
4.435291747940742 0.0
4.436505543690511 0.0
4.437719671616877 0.0
4.438934131810749 0.0
4.4401489243630525 0.0
4.441364049364749 0.0
4.442579506906814 0.0
4.443795297080257 0.0
4.4450114199761055 0.0
4.446227875685416 0.0
4.447444664299271 0.0
4.448661785908772 0.0
4.44987924060505 0.0
4.4510970284792615 0.0
4.452315149622587 0.0
4.453533604126228 0.0
4.454752392081419 0.0
4.455971513579412 0.0
4.457190968711487 0.0
4.458410757568949 0.0
4.459630880243128 0.0
4.460851336825379 0.0
4.462072127407081 0.0
4.463293252079641 0.0
4.464514710934488 0.0
4.465736504063075 0.0
4.466958631556884 0.0
4.468181093507419 0.0
4.469403890006211 0.0
4.4706270211448125 0.0
4.471850487014806 0.0
4.473074287707797 0.0
4.474298423315413 0.0
4.475522893929311 0.0
4.476747699641173 0.0
4.4779728405427015 0.0
4.479198316725627 0.0
4.480424128281708 0.0
4.481650275302724 0.0
4.482876757880479 0.0
4.484103576106808 0.0
4.485330730073564 0.0
4.486558219872629 0.0
4.487786045595909 0.0
4.489014207335336 0.0
4.490242705182867 0.0
4.491471539230483 0.0
4.492700709570194 0.0
4.493930216294029 0.0
4.4951600594940455 0.0
4.496390239262329 0.0
4.497620755690984 0.0
4.498851608872146 0.0
4.500082798897971 0.0
4.501314325860644 0.0
4.502546189852374 0.0
4.503778390965396 0.0
4.505010929291966 0.0
4.50624380492437 0.0
4.507477017954917 0.0
4.5087105684759425 0.0
4.509944456579808 0.0
4.511178682358898 0.0
4.512413245905623 0.0
4.51364814731242 0.0
4.514883386671748 0.0
4.516118964076096 0.0
4.517354879617975 0.0
4.518591133389923 0.0
4.519827725484502 0.0
4.5210646559943 0.0
4.52230192501193 0.0
4.523539532630032 0.0
4.524777478941267 0.0
4.526015764038329 0.0
4.527254388013928 0.0
4.528493350960806 0.0
4.52973265297173 0.0
4.530972294139488 0.0
4.532212274556899 0.0
4.533452594316804 0.0
4.534693253512068 0.0
4.535934252235586 0.0
4.537175590580274 0.0
4.5384172686390745 0.0
4.53965928650496 0.0
4.540901644270922 0.0
4.54214434202998 0.0
4.543387379875181 0.0
4.5446307578995935 0.0
4.545874476196315 0.0
4.547118534858464 0.0
4.548362933979192 0.0
4.5496076736516695 0.0
4.550852753969094 0.0
4.55209817502469 0.0
4.5533439369117055 0.0
4.554590039723415 0.0
4.5558364835531195 0.0
4.557083268494143 0.0
4.558330394639839 0.0
4.559577862083581 0.0
4.560825670918774 0.0
4.562073821238846 0.0
4.563322313137248 0.0
4.5645711467074594 0.0
4.5658203220429865 0.0
4.567069839237359 0.0
4.56831969838413 0.0
4.569569899576884 0.0
4.570820442909227 0.0
4.57207132847479 0.0
4.573322556367232 0.0
4.574574126680239 0.0
4.575826039507517 0.0
4.577078294942803 0.0
4.5783308930798565 0.0
4.579583834012467 0.0
4.5808371178344425 0.0
4.582090744639623 0.0
4.583344714521871 0.0
4.584599027575075 0.0
4.585853683893152 0.0
4.587108683570042 0.0
4.588364026699709 0.0
4.5896197133761465 0.0
4.590875743693372 0.0
4.592132117745429 0.0
4.593388835626386 0.0
4.594645897430338 0.0
4.595903303251406 0.0
4.597161053183736 0.0
4.598419147321501 0.0
4.599677585758897 0.0
4.60093636859015 0.0
4.602195495909508 0.0
4.6034549678112455 0.0
4.604714784389666 0.0
4.605974945739094 0.0
4.607235451953883 0.0
4.608496303128412 0.0
4.609757499357084 0.0
4.61101904073433 0.0
4.612280927354607 0.0
4.613543159312396 0.0
4.614805736702204 0.0
4.6160686596185645 0.0
4.617331928156037 0.0
4.618595542409208 0.0
4.619859502472688 0.0
4.621123808441114 0.0
4.62238846040915 0.0
4.623653458471484 0.0
4.62491880272283 0.0
4.626184493257929 0.0
4.627450530171548 0.0
4.62871691355848 0.0
4.629983643513544 0.0
4.631250720131584 0.0
4.632518143507469 0.0
4.633785913736097 0.0
4.63505403091239 0.0
4.636322495131296 0.0
4.637591306487789 0.0
4.6388604650768706 0.0
4.640129970993567 0.0
4.64139982433293 0.0
4.6426700251900375 0.0
4.643940573659995 0.0
4.64521146983793 0.0
4.646482713819002 0.0
4.647754305698393 0.0
4.649026245571311 0.0
4.65029853353299 0.0
4.651571169678691 0.0
4.652844154103702 0.0
4.654117486903335 0.0
4.655391168172927 0.0
4.656665198007845 0.0
4.6579395765034795 0.0
4.659214303755247 0.0
4.660489379858593 0.0
4.661764804908984 0.0
4.663040579001917 0.0
4.664316702232913 0.0
4.665593174697522 0.0
4.6668699964913145 0.0
4.6681471677098925 0.0
4.669424688448882 0.0
4.670702558803936 0.0
4.671980778870732 0.0
4.673259348744976 0.0
4.674538268522397 0.0
4.675817538298754 0.0
4.677097158169829 0.0
4.678377128231434 0.0
4.679657448579404 0.0
4.680938119309598 0.0
4.6822191405179066 0.0
4.683500512300245 0.0
4.684782234752554 0.0
4.686064307970799 0.0
4.687346732050973 0.0
4.688629507089098 0.0
4.689912633181218 0.0
4.691196110423406 0.0
4.6924799389117595 0.0
4.693764118742404 0.0
4.69504865001149 0.0
4.696333532815196 0.0
4.697618767249724 0.0
4.6989043534113035 0.0
4.700190291396193 0.0
4.701476581300675 0.0
4.702763223221056 0.0
4.704050217253673 0.0
4.705337563494888 0.0
4.70662526204109 0.0
4.7079133129886905 0.0
4.709201716434132 0.0
4.710490472473882 0.0
4.711779581204436 0.0
4.71306904272231 0.0
4.7143588571240524 0.0
4.715649024506238 0.0
4.716939544965463 0.0
4.718230418598354 0.0
4.7195216455015645 0.0
4.720813225771772 0.0
4.722105159505681 0.0
4.723397446800026 0.0
4.724690087751561 0.0
4.725983082457073 0.0
4.727276431013374 0.0
4.728570133517299 0.0
4.729864190065713 0.0
4.731158600755506 0.0
4.732453365683597 0.0
4.733748484946927 0.0
4.735043958642468 0.0
4.736339786867216 0.0
4.737635969718193 0.0
4.73893250729245 0.0
4.740229399687063 0.0
4.7415266469991355 0.0
4.742824249325796 0.0
4.744122206764201 0.0
4.745420519411532 0.0
4.746719187365 0.0
4.748018210721839 0.0
4.749317589579313 0.0
4.75061732403471 0.0
4.751917414185346 0.0
4.753217860128562 0.0
4.75451866196173 0.0
4.755819819782243 0.0
4.7571213336875235 0.0
4.7584232037750205 0.0
4.759725430142209 0.0
4.761028012886593 0.0
4.7623309521057005 0.0
4.7636342478970874 0.0
4.764937900358333 0.0
4.766241909587052 0.0
4.767546275680876 0.0
4.768850998737467 0.0
4.770156078854516 0.0
4.771461516129739 0.0
4.772767310660878 0.0
4.774073462545703 0.0
4.775379971882009 0.0
4.776686838767619 0.0
4.777994063300383 0.0
4.779301645578178 0.0
4.780609585698906 0.0
4.781917883760499 0.0
4.783226539860912 0.0
4.784535554098129 0.0
4.785844926570162 0.0
4.787154657375046 0.0
4.788464746610845 0.0
4.789775194375653 0.0
4.791086000767585 0.0
4.792397165884786 0.0
4.793708689825428 0.0
4.795020572687711 0.0
4.7963328145698565 0.0
4.797645415570118 0.0
4.798958375786777 0.0
4.800271695318138 0.0
4.801585374262531 0.0
4.80289941271832 0.0
4.804213810783889 0.0
4.805528568557652 0.0
4.80684368613805 0.0
4.80815916362355 0.0
4.809475001112647 0.0
4.8107911987038605 0.0
4.812107756495742 0.0
4.813424674586864 0.0
4.814741953075829 0.0
4.816059592061267 0.0
4.817377591641835 0.0
4.818695951916214 0.0
4.820014672983117 0.0
4.8213337549412785 0.0
4.822653197889464 0.0
4.823973001926465 0.0
4.8252931671510995 0.0
4.826613693662214 0.0
4.827934581558679 0.0
4.829255830939394 0.0
4.830577441903286 0.0
4.831899414549311 0.0
4.833221748976447 0.0
4.8345444452837025 0.0
4.835867503570112 0.0
4.837190923934738 0.0
4.838514706476669 0.0
4.839838851295021 0.0
4.841163358488938 0.0
4.842488228157592 0.0
4.8438134604001775 0.0
4.84513905531592 0.0
4.846465013004074 0.0
4.847791333563915 0.0
4.849118017094752 0.0
4.850445063695917 0.0
4.851772473466771 0.0
4.853100246506702 0.0
4.854428382915124 0.0
4.855756882791479 0.0
4.857085746235239 0.0
4.858414973345899 0.0
4.859744564222981 0.0
4.8610745189660385 0.0
4.862404837674649 0.0
4.863735520448419 0.0
4.865066567386981 0.0
4.866397978589993 0.0
4.867729754157146 0.0
4.869061894188151 0.0
4.870394398782754 0.0
4.871727268040719 0.0
4.873060502061847 0.0
4.8743941009459615 0.0
4.875728064792911 0.0
4.877062393702577 0.0
4.878397087774863 0.0
4.879732147109703 0.0
4.881067571807058 0.0
4.882403361966915 0.0
4.883739517689291 0.0
4.885076039074226 0.0
4.886412926221793 0.0
4.887750179232087 0.0
4.889087798205233 0.0
4.890425783241385 0.0
4.891764134440721 0.0
4.893102851903448 0.0
4.894441935729801 0.0
4.895781386020042 0.0
4.89712120287446 0.0
4.898461386393372 0.0
4.89980193667712 0.0
4.901142853826079 0.0
4.902484137940648 0.0
4.903825789121251 0.0
4.905167807468343 0.0
4.906510193082406 0.0
4.90785294606395 0.0
4.909196066513511 0.0
4.910539554531652 0.0
4.911883410218966 0.0
4.913227633676071 0.0
4.914572225003614 0.0
4.91591718430227 0.0
4.917262511672739 0.0
4.918608207215753 0.0
4.919954271032067 0.0
4.921300703222466 0.0
4.922647503887763 0.0
4.923994673128795 0.0
4.925342211046431 0.0
4.9266901177415665 0.0
4.9280383933151235 0.0
4.92938703786805 0.0
4.930736051501327 0.0
4.932085434315959 0.0
4.933435186412977 0.0
4.934785307893444 0.0
4.936135798858446 0.0
4.937486659409101 0.0
4.938837889646552 0.0
4.940189489671971 0.0
4.9415414595865546 0.0
4.942893799491532 0.0
4.944246509488156 0.0
4.945599589677709 0.0
4.946953040161501 0.0
4.948306861040871 0.0
4.9496610524171825 0.0
4.951015614391829 0.0
4.952370547066231 0.0
4.9537258505418365 0.0
4.955081524920124 0.0
4.956437570302596 0.0
4.957793986790783 0.0
4.959150774486247 0.0
4.960507933490575 0.0
4.961865463905381 0.0
4.963223365832309 0.0
4.964581639373029 0.0
4.965940284629241 0.0
4.967299301702669 0.0
4.9686586906950705 0.0
4.970018451708227 0.0
4.971378584843947 0.0
4.972739090204069 0.0
4.974099967890458 0.0
4.975461218005011 0.0
4.976822840649644 0.0
4.978184835926311 0.0
4.979547203936988 0.0
4.980909944783679 0.0
4.98227305856842 0.0
4.98363654539327 0.0
4.985000405360317 0.0
4.98636463857168 0.0
4.987729245129503 0.0
4.989094225135959 0.0
4.990459578693249 0.0
4.9918253059036015 0.0
4.993191406869274 0.0
4.994557881692549 0.0
4.995924730475741 0.0
4.997291953321191 0.0
4.998659550331267 0.0
5.000027521608365 0.0
5.001395867254912 0.0
5.002764587373359 0.0
5.004133682066187 0.0
5.005503151435905 0.0
5.00687299558505 0.0
5.008243214616188 0.0
5.0096138086319115 0.0
5.010984777734841 0.0
5.012356122027626 0.0
5.013727841612942 0.0
5.015099936593498 0.0
5.016472407072026 0.0
5.017845253151288 0.0
5.019218474934071 0.0
5.020592072523195 0.0
5.021966046021509 0.0
5.023340395531882 0.0
5.02471512115722 0.0
5.026090223000452 0.0
5.027465701164536 0.0
5.028841555752459 0.0
5.030217786867238 0.0
5.031594394611914 0.0
5.03297137908956 0.0
5.034348740403273 0.0
5.035726478656185 0.0
5.037104593951448 0.0
5.038483086392249 0.0
5.039861956081799 0.0
5.04124120312334 0.0
5.042620827620139 0.0
5.044000829675496 0.0
5.045381209392735 0.0
5.046761966875209 0.0
5.048143102226302 0.0
5.049524615549424 0.0
5.050906506948012 0.0
5.052288776525534 0.0
5.053671424385486 0.0
5.055054450631392 0.0
5.056437855366803 0.0
5.057821638695299 0.0
5.059205800720489 0.0
5.060590341546011 0.0
5.0619752612755295 0.0
5.063360560012738 0.0
5.064746237861359 0.0
5.066132294925143 0.0
5.067518731307869 0.0
5.068905547113344 0.0
5.070292742445405 0.0
5.071680317407914 0.0
5.073068272104765 0.0
5.0744566066398775 0.0
5.075845321117203 0.0
5.077234415640719 0.0
5.078623890314432 0.0
5.080013745242375 0.0
5.081403980528612 0.0
5.082794596277236 0.0
5.084185592592366 0.0
5.085576969578151 0.0
5.086968727338768 0.0
5.088360865978424 0.0
5.089753385601352 0.0
5.091146286311814 0.0
5.092539568214105 0.0
5.0939332314125405 0.0
5.09532727601147 0.0
5.096721702115271 0.0
5.098116509828351 0.0
5.099511699255142 0.0
5.100907270500107 0.0
5.102303223667737 0.0
5.1036995588625516 0.0
5.105096276189101 0.0
5.10649337575196 0.0
5.107890857655736 0.0
5.109288722005061 0.0
5.110686968904602 0.0
5.112085598459048 0.0
5.113484610773119 0.0
5.114884005951565 0.0
5.116283784099162 0.0
5.117683945320717 0.0
5.119084489721066 0.0
5.120485417405073 0.0
5.121886728477628 0.0
5.123288423043654 0.0
5.124690501208098 0.0
5.126092963075943 0.0
5.127495808752193 0.0
5.128899038341883 0.0
5.13030265195008 0.0
5.131706649681878 0.0
5.133111031642397 0.0
5.134515797936789 0.0
5.135920948670234 0.0
5.137326483947939 0.0
5.138732403875144 0.0
5.140138708557112 0.0
5.14154539809914 0.0
5.1429524726065505 0.0
5.144359932184698 0.0
5.145767776938962 0.0
5.147176006974754 0.0
5.148584622397513 0.0
5.149993623312705 0.0
5.151403009825828 0.0
5.152812782042409 0.0
5.154222940068 0.0
5.155633484008188 0.0
5.157044413968581 0.0
5.158455730054824 0.0
5.159867432372585 0.0
5.161279521027564 0.0
5.162691996125487 0.0
5.164104857772114 0.0
5.16551810607323 0.0
5.166931741134648 0.0
5.168345763062213 0.0
5.169760171961799 0.0
5.171174967939304 0.0
5.172590151100663 0.0
5.174005721551834 0.0
5.175421679398804 0.0
5.176838024747593 0.0
5.178254757704247 0.0
5.179671878374842 0.0
5.181089386865482 0.0
5.182507283282301 0.0
5.183925567731462 0.0
5.185344240319157 0.0
5.186763301151607 0.0
5.188182750335061 0.0
5.1896025879758 0.0
5.191022814180131 0.0
5.192443429054391 0.0
5.193864432704947 0.0
5.195285825238194 0.0
5.196707606760556 0.0
5.1981297773784885 0.0
5.199552337198474 0.0
5.200975286327024 0.0
5.202398624870678 0.0
5.20382235293601 0.0
5.205246470629617 0.0
5.206670978058127 0.0
5.208095875328199 0.0
5.20952116254652 0.0
5.2109468398198056 0.0
5.212372907254802 0.0
5.213799364958284 0.0
5.215226213037054 0.0
5.2166534515979475 0.0
5.218081080747824 0.0
5.219509100593577 0.0
5.220937511242127 0.0
5.222366312800423 0.0
5.223795505375446 0.0
5.225225089074204 0.0
5.226655064003733 0.0
5.228085430271104 0.0
5.2295161879834104 0.0
5.230947337247778 0.0
5.232378878171363 0.0
5.233810810861351 0.0
5.235243135424954 0.0
5.236675851969415 0.0
5.238108960602008 0.0
5.239542461430034 0.0
5.2409763545608214 0.0
5.2424106401017365 0.0
5.243845318160165 0.0
5.245280388843528 0.0
5.246715852259274 0.0
5.2481517085148806 0.0
5.249587957717855 0.0
5.251024599975735 0.0
5.252461635396086 0.0
5.2538990640865055 0.0
5.255336886154618 0.0
5.256775101708078 0.0
5.25821371085457 0.0
5.259652713701808 0.0
5.2610921103575325 0.0
5.26253190092952 0.0
5.263972085525571 0.0
5.265412664253516 0.0
5.266853637221217 0.0
5.268295004536567 0.0
5.2697367663074814 0.0
5.271178922641914 0.0
5.272621473647842 0.0
5.274064419433275 0.0
5.275507760106251 0.0
5.276951495774838 0.0
5.278395626547134 0.0
5.279840152531265 0.0
5.281285073835388 0.0
5.282730390567691 0.0
5.284176102836389 0.0
5.285622210749725 0.0
5.287068714415978 0.0
5.288515613943449 0.0
5.289962909440476 0.0
5.291410601015421 0.0
5.292858688776678 0.0
5.294307172832671 0.0
5.295756053291852 0.0
5.297205330262704 0.0
5.298655003853739 0.0
5.3001050741735005 0.0
5.3015555413305595 0.0
5.303006405433518 0.0
5.304457666591007 0.0
5.305909324911686 0.0
5.307361380504248 0.0
5.308813833477412 0.0
5.310266683939927 0.0
5.311719932000576 0.0
5.313173577768168 0.0
5.3146276213515415 0.0
5.316082062859565 0.0
5.31753690240114 0.0
5.318992140085195 0.0
5.320447776020686 0.0
5.321903810316604 0.0
5.323360243081967 0.0
5.324817074425822 0.0
5.3262743044572485 0.0
5.327731933285355 0.0
5.329189961019276 0.0
5.330648387768182 0.0
5.33210721364127 0.0
5.333566438747766 0.0
5.3350260631969295 0.0
5.336486087098045 0.0
5.337946510560433 0.0
5.339407333693437 0.0
5.340868556606435 0.0
5.342330179408835 0.0
5.343792202210073 0.0
5.345254625119615 0.0
5.346717448246959 0.0
5.348180671701631 0.0
5.349644295593188 0.0
5.351108320031216 0.0
5.352572745125331 0.0
5.354037570985181 0.0
5.355502797720442 0.0
5.356968425440822 0.0
5.358434454256056 0.0
5.359900884275911 0.0
5.361367715610182 0.0
5.3628349483686995 0.0
5.364302582661318 0.0
5.365770618597924 0.0
5.367239056288437 0.0
5.3687078958428 0.0
5.370177137370993 0.0
5.371646780983022 0.0
5.373116826788927 0.0
5.374587274898772 0.0
5.376058125422656 0.0
5.377529378470706 0.0
5.379001034153081 0.0
5.380473092579968 0.0
5.381945553861586 0.0
5.3834184181081834 0.0
5.384891685430038 0.0
5.386365355937457 0.0
5.387839429740781 0.0
5.389313906950379 0.0
5.390788787676652 0.0
5.3922640720300254 0.0
5.393739760120962 0.0
5.39521585205995 0.0
5.396692347957511 0.0
5.398169247924194 0.0
5.39964655207058 0.0
5.401124260507281 0.0
5.402602373344937 0.0
5.404080890694219 0.0
5.40555981266583 0.0
5.407039139370502 0.0
5.408518870918996 0.0
5.4099990074221065 0.0
5.411479548990654 0.0
5.4129604957354935 0.0
5.41444184776751 0.0
5.415923605197614 0.0
5.417405768136753 0.0
5.4188883366959 0.0
5.420371310986059 0.0
5.421854691118269 0.0
5.423338477203593 0.0
5.424822669353127 0.0
5.426307267678 0.0
5.427792272289366 0.0
5.429277683298416 0.0
5.430763500816365 0.0
5.432249724954463 0.0
5.433736355823987 0.0
5.435223393536248 0.0
5.436710838202584 0.0
5.438198689934367 0.0
5.439686948842997 0.0
5.441175615039905 0.0
5.442664688636551 0.0
5.444154169744429 0.0
5.445644058475063 0.0
5.447134354940002 0.0
5.448625059250833 0.0
5.45011617151917 0.0
5.451607691856656 0.0
5.453099620374967 0.0
5.45459195718581 0.0
5.456084702400922 0.0
5.457577856132066 0.0
5.459071418491044 0.0
5.460565389589682 0.0
5.46205976953984 0.0
5.463554558453406 0.0
5.465049756442301 0.0
5.466545363618476 0.0
5.468041380093911 0.0
5.46953780598062 0.0
5.471034641390643 0.0
5.472531886436055 0.0
5.474029541228959 0.0
5.47552760588149 0.0
5.477026080505815 0.0
5.4785249652141275 0.0
5.480024260118656 0.0
5.481523965331656 0.0
5.483024080965416 0.0
5.484524607132258 0.0
5.486025543944528 0.0
5.487526891514609 0.0
5.489028649954909 0.0
5.490530819377872 0.0
5.492033399895971 0.0
5.493536391621708 0.0
5.495039794667617 0.0
5.496543609146266 0.0
5.498047835170247 0.0
5.499552472852189 0.0
5.50105752230475 0.0
5.502562983640615 0.0
5.504068856972507 0.0
5.505575142413173 0.0
5.507081840075395 0.0
5.508588950071985 0.0
5.5100964725157855 0.0
5.511604407519671 0.0
5.513112755196543 0.0
5.5146215156593374 0.0
5.516130689021024 0.0
5.517640275394596 0.0
5.5191502748930805 0.0
5.52066068762954 0.0
5.522171513717064 0.0
5.523682753268771 0.0
5.525194406397813 0.0
5.526706473217375 0.0
5.5282189538406685 0.0
5.529731848380939 0.0
5.531245156951461 0.0
5.532758879665543 0.0
5.534273016636523 0.0
5.535787567977768 0.0
5.537302533802679 0.0
5.538817914224685 0.0
5.54033370935725 0.0
5.541849919313866 0.0
5.543366544208056 0.0
5.544883584153375 0.0
5.54640103926341 0.0
5.547918909651779 0.0
5.549437195432128 0.0
5.550955896718138 0.0
5.5524750136235195 0.0
5.553994546262015 0.0
5.555514494747392 0.0
5.557034859193459 0.0
5.558555639714051 0.0
5.560076836423033 0.0
5.561598449434302 0.0
5.563120478861787 0.0
5.564642924819448 0.0
5.566165787421275 0.0
5.5676890667812895 0.0
5.569212763013546 0.0
5.570736876232129 0.0
5.572261406551153 0.0
5.573786354084767 0.0
5.575311718947146 0.0
5.5768375012525 0.0
5.578363701115073 0.0
5.579890318649134 0.0
5.581417353968987 0.0
5.582944807188965 0.0
5.584472678423436 0.0
5.586000967786795 0.0
5.587529675393471 0.0
5.589058801357925 0.0
5.5905883457946475 0.0
5.592118308818158 0.0
5.593648690543013 0.0
5.595179491083798 0.0
5.5967107105551275 0.0
5.598242349071651 0.0
5.599774406748045 0.0
5.6013068836990225 0.0
5.602839780039323 0.0
5.604373095883722 0.0
5.605906831347024 0.0
5.607440986544065 0.0
5.60897556158971 0.0
5.610510556598861 0.0
5.612045971686448 0.0
5.6135818069674315 0.0
5.615118062556806 0.0
5.616654738569596 0.0
5.618191835120857 0.0
5.6197293523256775 0.0
5.621267290299178 0.0
5.622805649156506 0.0
5.6243444290128455 0.0
5.625883629983413 0.0
5.62742325218345 0.0
5.6289632957282345 0.0
5.630503760733076 0.0
5.632044647313313 0.0
5.6335859555843175 0.0
5.635127685661493 0.0
5.636669837660274 0.0
5.638212411696126 0.0
5.639755407884549 0.0
5.641298826341071 0.0
5.642842667181252 0.0
5.644386930520687 0.0
5.645931616474998 0.0
5.647476725159844 0.0
5.649022256690911 0.0
5.650568211183916 0.0
5.652114588754614 0.0
5.653661389518787 0.0
5.655208613592246 0.0
5.65675626109084 0.0
5.658304332130447 0.0
5.659852826826976 0.0
5.6614017452963665 0.0
5.662951087654594 0.0
5.664500854017661 0.0
5.666051044501604 0.0
5.667601659222493 0.0
5.669152698296426 0.0
5.670704161839536 0.0
5.672256049967986 0.0
5.6738083627979705 0.0
5.675361100445718 0.0
5.676914263027486 0.0
5.678467850659565 0.0
5.680021863458281 0.0
5.681576301539984 0.0
5.683131165021061 0.0
5.684686454017933 0.0
5.686242168647047 0.0
5.687798309024885 0.0
5.689354875267961 0.0
5.690911867492821 0.0
5.692469285816042 0.0
5.6940271303542325 0.0
5.695585401224037 0.0
5.697144098542125 0.0
5.698703222425203 0.0
5.700262772990008 0.0
5.70182275035331 0.0
5.703383154631908 0.0
5.704943985942635 0.0
5.706505244402358 0.0
5.708066930127972 0.0
5.709629043236406 0.0
5.711191583844622 0.0
5.712754552069611 0.0
5.714317948028398 0.0
5.715881771838043 0.0
5.717446023615633 0.0
5.719010703478286 0.0
5.72057581154316 0.0
5.722141347927437 0.0
5.723707312748335 0.0
5.725273706123103 0.0
5.726840528169022 0.0
5.7284077790034065 0.0
5.729975458743601 0.0
5.731543567506984 0.0
5.7331121054109655 0.0
5.734681072572986 0.0
5.736250469110519 0.0
5.7378202951410735 0.0
5.739390550782186 0.0
5.740961236151427 0.0
5.742532351366399 0.0
5.744103896544738 0.0
5.74567587180411 0.0
5.747248277262215 0.0
5.748821113036783 0.0
5.750394379245579 0.0
5.751968076006399 0.0
5.753542203437071 0.0
5.755116761655455 0.0
5.756691750779444 0.0
5.7582671709269615 0.0
5.759843022215968 0.0
5.76141930476445 0.0
5.76299601869043 0.0
5.764573164111962 0.0
5.7661507411471336 0.0
5.767728749914061 0.0
5.7693071905308955 0.0
5.7708860631158245 0.0
5.77246536778706 0.0
5.77404510466285 0.0
5.7756252738614755 0.0
5.7772058755012505 0.0
5.778786909700519 0.0
5.780368376577657 0.0
5.781950276251079 0.0
5.783532608839222 0.0
5.785115374460564 0.0
5.786698573233611 0.0
5.788282205276903 0.0
5.789866270709011 0.0
5.7914507696485416 0.0
5.793035702214131 0.0
5.794621068524448 0.0
5.796206868698192 0.0
5.7977931028541025 0.0
5.799379771110945 0.0
5.800966873587516 0.0
5.8025544104026485 0.0
5.804142381675209 0.0
5.805730787524093 0.0
5.807319628068228 0.0
5.80890890342658 0.0
5.810498613718142 0.0
5.812088759061938 0.0
5.813679339577032 0.0
5.815270355382515 0.0
5.816861806597512 0.0
5.818453693341178 0.0
5.820046015732707 0.0
5.82163877389132 0.0
5.823231967936271 0.0
5.82482559798685 0.0
5.826419664162376 0.0
5.828014166582204 0.0
5.829609105365718 0.0
5.831204480632339 0.0
5.832800292501516 0.0
5.834396541092733 0.0
5.83599322652551 0.0
5.837590348919393 0.0
5.839187908393964 0.0
5.84078590506884 0.0
5.842384339063668 0.0
5.843983210498127 0.0
5.84558251949193 0.0
5.847182266164825 0.0
5.848782450636589 0.0
5.850383073027033 0.0
5.8519841334560025 0.0
5.853585632043375 0.0
5.855187568909058 0.0
5.856789944172995 0.0
5.858392757955161 0.0
5.859996010375565 0.0
5.861599701554248 0.0
5.863203831611284 0.0
5.864808400666781 0.0
5.8664134088408755 0.0
5.868018856253743 0.0
5.869624743025588 0.0
5.8712310692766465 0.0
5.872837835127192 0.0
5.87444504069753 0.0
5.876052686107997 0.0
5.8776607714789595 0.0
5.879269296930822 0.0
5.880878262584025 0.0
5.8824876685590315 0.0
5.884097514976346 0.0
5.885707801956503 0.0
5.887318529620071 0.0
5.888929698087649 0.0
5.890541307479872 0.0
5.892153357917406 0.0
5.8937658495209515 0.0
5.895378782411241 0.0
5.896992156709041 0.0
5.898605972535149 0.0
5.900220230010399 0.0
5.901834929255655 0.0
5.903450070391816 0.0
5.905065653539811 0.0
5.906681678820607 0.0
5.9082981463552 0.0
5.90991505626462 0.0
5.911532408669931 0.0
5.913150203692232 0.0
5.914768441452651 0.0
5.91638712207235 0.0
5.918006245672527 0.0
5.919625812374411 0.0
5.921245822299264 0.0
5.922866275568383 0.0
5.924487172303095 0.0
5.926108512624766 0.0
5.927730296654787 0.0
5.92935252451459 0.0
5.930975196325633 0.0
5.932598312209414 0.0
5.934221872287463 0.0
5.935845876681336 0.0
5.937470325512633 0.0
5.939095218902979 0.0
5.940720556974038 0.0
5.942346339847504 0.0
5.943972567645103 0.0
5.945599240488598 0.0
5.947226358499784 0.0
5.948853921800488 0.0
5.950481930512571 0.0
5.95211038475793 0.0
5.95373928465849 0.0
5.955368630336213 0.0
5.956998421913096 0.0
5.958628659511167 0.0
5.960259343252485 0.0
5.961890473259145 0.0
5.963522049653278 0.0
5.965154072557045 0.0
5.96678654209264 0.0
5.968419458382291 0.0
5.970052821548264 0.0
5.971686631712851 0.0
5.973320888998382 0.0
5.97495559352722 0.0
5.97659074542176 0.0
5.9782263448044315 0.0
5.979862391797699 0.0
5.98149888652406 0.0
5.98313582910604 0.0
5.984773219666206 0.0
5.986411058327155 0.0
5.988049345211517 0.0
5.989688080441956 0.0
5.991327264141171 0.0
5.992966896431892 0.0
5.994606977436884 0.0
5.996247507278946 0.0
5.997888486080912 0.0
5.999529913965644 0.0
6.001171791056044 0.0
6.002814117475046 0.0
6.004456893345614 0.0
6.006100118790749 0.0
6.007743793933486 0.0
6.009387918896893 0.0
6.01103249380407 0.0
6.012677518778152 0.0
6.014322993942309 0.0
6.015968919419743 0.0
6.017615295333689 0.0
6.019262121807419 0.0
6.0209093989642355 0.0
6.022557126927476 0.0
6.024205305820509 0.0
6.025853935766745 0.0
6.027503016889618 0.0
6.029152549312602 0.0
6.0308025331592034 0.0
6.032452968552962 0.0
6.034103855617452 0.0
6.0357551944762795 0.0
6.037406985253089 0.0
6.039059228071554 0.0
6.040711923055381 0.0
6.042365070328318 0.0
6.04401867001414 0.0
6.045672722236656 0.0
6.047327227119712 0.0
6.048982184787187 0.0
6.050637595362993 0.0
6.052293458971075 0.0
6.053949775735416 0.0
6.055606545780028 0.0
6.05726376922896 0.0
6.058921446206295 0.0
6.0605795768361475 0.0
6.062238161242668 0.0
6.0638971995500395 0.0
6.065556691882483 0.0
6.067216638364247 0.0
6.068877039119618 0.0
6.070537894272919 0.0
6.0721992039485 0.0
6.073860968270752 0.0
6.075523187364096 0.0
6.077185861352989 0.0
6.0788489903619185 0.0
6.08051257451541 0.0
6.0821766139380244 0.0
6.083841108754351 0.0
6.085506059089018 0.0
6.087171465066685 0.0
6.0888373268120475 0.0
6.090503644449833 0.0
6.092170418104806 0.0
6.093837647901763 0.0
6.095505333965537 0.0
6.09717347642099 0.0
6.098842075393025 0.0
6.100511131006574 0.0
6.102180643386605 0.0
6.103850612658119 0.0
6.105521038946156 0.0
6.107191922375785 0.0
6.108863263072109 0.0
6.1105350611602685 0.0
6.1122073167654385 0.0
6.113880030012823 0.0
6.115553201027666 0.0
6.117226829935245 0.0
6.118900916860868 0.0
6.12057546192988 0.0
6.12225046526766 0.0
6.123925926999624 0.0
6.125601847251216 0.0
6.12727822614792 0.0
6.128955063815253 0.0
6.130632360378763 0.0
6.132310115964035 0.0
6.133988330696692 0.0
6.135667004702386 0.0
6.137346138106804 0.0
6.1390257310356695 0.0
6.140705783614741 0.0
6.142386295969806 0.0
6.144067268226692 0.0
6.1457487005112625 0.0
6.147430592949409 0.0
6.149112945667059 0.0
6.15079575879018 0.0
6.152479032444767 0.0
6.154162766756855 0.0
6.155846961852509 0.0
6.157531617857832 0.0
6.159216734898959 0.0
6.160902313102062 0.0
6.162588352593344 0.0
6.164274853499046 0.0
6.165961815945443 0.0
6.167649240058842 0.0
6.169337125965587 0.0
6.171025473792056 0.0
6.172714283664661 0.0
6.1744035557098496 0.0
6.176093290054103 0.0
6.177783486823939 0.0
6.179474146145906 0.0
6.181165268146592 0.0
6.182856852952616 0.0
6.184548900690632 0.0
6.186241411487331 0.0
6.187934385469437 0.0
6.189627822763708 0.0
6.191321723496937 0.0
6.193016087795955 0.0
6.1947109157876215 0.0
6.1964062075988355 0.0
6.19810196335653 0.0
6.199798183187674 0.0
6.201494867219266 0.0
6.203192015578342 0.0
6.204889628391978 0.0
6.206587705787276 0.0
6.208286247891378 0.0
6.2099852548314605 0.0
6.211684726734734 0.0
6.2133846637284424 0.0
6.215085065939867 0.0
6.216785933496325 0.0
6.2184872665251625 0.0
6.2201890651537655 0.0
6.221891329509555 0.0
6.223594059719986 0.0
6.225297255912542 0.0
6.227000918214755 0.0
6.228705046754181 0.0
6.23040964165841 0.0
6.2321147030550765 0.0
6.233820231071842 0.0
6.235526225836407 0.0
6.237232687476503 0.0
6.2389396161199 0.0
6.240647011894401 0.0
6.242354874927845 0.0
6.244063205348105 0.0
6.245772003283093 0.0
6.2474812688607475 0.0
6.24919100220905 0.0
6.2509012034560145 0.0
6.252611872729689 0.0
6.254323010158156 0.0
6.256034615869536 0.0
6.2577466899919845 0.0
6.259459232653687 0.0
6.261172243982868 7.880678826242602e-23
6.2628857241077895 4.0380067404300057e-22
6.264599673156743 7.807769488790799e-22
6.266314091258058 9.142732006380508e-22
6.2680289785401 9.19686374483625e-22
6.269744335131268 9.250982930633933e-22
6.271460161159997 9.305085399589773e-22
6.273176456754756 9.359175307877393e-22
6.274893222044052 9.41324851672655e-22
6.276610457156423 9.467306959542821e-22
6.278328162220444 9.521350917712652e-22
6.280046337364729 9.575378215904988e-22
6.28176498271792 9.629392932857332e-22
6.283484098408701 9.683391007325719e-22
6.2852036845657855 9.737376492556504e-22
6.286923741317928 9.791345352828724e-22
6.288644268793911 9.84530161586831e-22
6.290365267122558 9.899241271506361e-22
6.292086736432728 9.953168321919522e-22
6.293808676853313 1.0009280108666937e-21
6.295531088513238 1.0068074292896482e-21
6.297253971541469 1.012475424194361e-21
6.2989773260670034 1.0178723682642915e-21
6.300701152218872 1.023257578209585e-21
6.302425450126147 1.0286411349218392e-21
6.304150219917933 1.0340234282630382e-21
6.305875461723367 1.0394040701423609e-21
6.307601175671625 1.0447834478529222e-21
6.309327361891917 1.0501611758759642e-21
6.311054020513489 1.0555376389328245e-21
6.312781151665622 1.0609124540797213e-21
6.314508755477631 1.0662860034632732e-21
6.31623683207887 1.0716579067176239e-21
6.317965381598723 1.0770285434117374e-21
6.319694404166615 1.0823975357606127e-21
6.321423899912003 1.0877650317045256e-21
6.323153868964381 1.0931311141384842e-21
6.3248843114532765 1.09908447811061e-21
6.326615227508254 1.1077174595335063e-21
6.328346617258916 1.1184405295083657e-21
6.330078480834894 1.1291610606878313e-21
6.3318108183658595 1.1398783184086541e-21
6.333543629981521 1.1505930357434714e-21
6.335276915811619 1.1613044832187677e-21
6.337010675985928 1.1720133887179643e-21
6.338744910634263 1.182719027963203e-21
6.340479619886473 1.1934221236428368e-21
6.342214803872439 1.2041219566805329e-21
6.343950462722082 1.214819158478047e-21
6.345686596565358 1.2255131873377168e-21
6.347423205532256 1.2362039616895662e-21
6.349160289752801 1.2468921884077487e-21
6.350897849357055 1.2575771642485593e-21
6.3526358844751165 1.268259590868858e-21
6.354374395237118 1.2789387702487098e-21
6.356113381773226 1.2896153988217374e-21
6.357852844213646 1.3016949747271437e-21
6.359592782688617 1.3164394245718014e-21
6.361333197328415 1.332440813526338e-21
6.363074088263351 1.348438371514263e-21
6.364815455623771 1.3644310750661961e-21
6.366557299540056 1.3804199452746018e-21
6.368299620142626 1.3964039665414212e-21
6.370042417561934 1.4123839595309508e-21
6.371785691928469 1.4283593016407946e-21
6.373529443372754 1.4443298071508294e-21
6.375273672025354 1.4602964732424685e-21
6.377018378016864 1.4762583082565752e-21
6.378763561477912 1.492216301479425e-21
6.380509222539171 1.5081694691568113e-21
6.382255361331344 1.5241187926709973e-21
6.38400197798517 1.540063296181609e-21
6.385749072631422 1.556003953157891e-21
6.387496645400915 1.571939795682331e-21
6.389244696424493 1.5878717893022288e-21
6.390993225833038 1.6057590780103474e-21
6.392742233757472 1.6262964099833051e-21
6.394491720328746 1.6497873975231455e-21
6.396241685677852 1.6759258568644025e-21
6.397992129935815 1.702442321458968e-21
6.399743053233697 1.728951219608988e-21
6.401494455702595 1.7554532706093708e-21
6.403246337473645 1.7819473462165035e-21
6.404998698678014 1.8084349890131863e-21
6.40675153944691 1.834914665765561e-21
6.408504859911572 1.861387905766975e-21
6.410258660203277 1.887853189089511e-21
6.412012940453339 1.914312031722084e-21
6.413767700793108 1.9407629270577132e-21
6.4155229413539665 1.9672073777658314e-21
6.4172786622673375 1.993643890575494e-21
6.419034863664679 2.0200739548216383e-21
6.420791545677481 2.0464960905843258e-21
6.422548708437273 2.0729117738489473e-21
6.424306352075622 2.1083272943522864e-21
6.426064476724128 2.1542975225181453e-21
6.427823082514426 2.201805639238507e-21
6.429582169578191 2.249300544650046e-21
6.4313417380471325 2.2967828124677134e-21
6.4331017880529915 2.3442508809876456e-21
6.434862319727554 2.391707309895014e-21
6.436623333202634 2.4391495565964903e-21
6.438384828610086 2.486580156618749e-21
6.440146806081799 2.5339965915568118e-21
6.441909265749699 2.5814013727518604e-21
6.443672207745745 2.628792006014434e-21
6.445435632201938 2.676170978472895e-21
6.44719953925031 2.723535820180643e-21
6.4489639290229315 2.7708889940259773e-21
6.450728801651907 2.818228054332383e-21
6.45249415726938 2.865555439720847e-21
6.454259996007529 2.9128687288123243e-21
6.456026317998568 2.960170335933059e-21
6.457793123374747 3.0234389253949634e-21
6.459560412268354 3.105082138851477e-21
6.461328184811713 3.18910307636676e-21
6.463096441137179 3.2731005590729448e-21
6.464865181377151 3.35707573577353e-21
6.4666344056640614 3.441432340350711e-21
6.468404114130378 3.528390130124774e-21
6.4701743069086 3.61688830715833e-21
6.471944984131274 3.702743661774779e-21
6.473716145930975 3.787494072749673e-21
6.475487792440315 3.8748430400172186e-21
6.477259923791944 3.962585551946358e-21
6.479032540118549 4.047272856534543e-21
6.480805641552848 4.1304196481215685e-21
6.482579228227603 4.2139601033386675e-21
6.4843533002756075 4.299229926723441e-21
6.4861278578296915 4.3870943298495756e-21
6.487902901022724 4.4742225584210974e-21
6.489678429987608 4.55871444503887e-21
6.491454444857283 4.6523683894874966e-21
6.493230945764726 4.759065648643363e-21
6.495007932842948 4.866542279056757e-21
6.496785406225001 4.971379926186541e-21
6.498563366043969 5.078254217136447e-21
6.500341812432975 5.187711255665528e-21
6.5021207455251755 5.2972970413658806e-21
6.503900165453769 5.406850565899405e-21
6.505680072351982 5.5163766014847e-21
6.507460466353086 5.6258704172455885e-21
6.509241347590384 5.735336727718031e-21
6.511022716197218 5.844068772500988e-21
6.512804572306963 5.950169019257052e-21
6.514586916053034 6.055245580051036e-21
6.516369747568882 6.1628988793012284e-21
6.518153066987994 6.272213719499597e-21
6.519936874443891 6.381501005429572e-21
6.521721170070135 6.490756237620343e-21
6.523505954000321 6.5999838992299736e-21
6.525291226368083 6.73650871594471e-21
6.5270769873070895 6.919788421328428e-21
6.528863236951048 7.124184979662906e-21
6.5306499754337 7.331127986920326e-21
6.532437202888826 7.540802230440288e-21
6.534224919450242 7.753020262200512e-21
6.536013125251799 7.965863083525358e-21
6.5378018204273864 8.178651949313717e-21
6.539591005110932 8.391378642471452e-21
6.541380679436396 8.604051348312196e-21
6.543170843537778 8.816661963639726e-21
6.544961497549116 9.029148542597827e-21
6.546752641604481 9.238985600949987e-21
6.54854427583798 9.446485390413293e-21
6.550336400383761 9.656521531348562e-21
6.552129015376008 9.870972583304158e-21
6.553922120948939 1.0098308440888219e-20
6.555715717236808 1.0332772629376727e-20
6.557509804373911 1.055165732079157e-20
6.5593043824945765 1.0936887433492915e-20
6.5610994517331696 1.19166468366558e-20
6.562895012224095 1.33409013496062e-20
6.564691064101791 1.4842313508157595e-20
6.5664876075007355 1.6392462673029615e-20
6.568284642555442 1.7942215060670213e-20
6.570082169400459 1.9491518094561268e-20
6.5718801881703754 2.1040424119661444e-20
6.573678698999815 2.2588881401027218e-20
6.575477702023438 2.413694144214811e-20
6.577277197375942 2.56845533505906e-20
6.579077185192062 2.7231767787435456e-20
6.580877665606568 2.8796063782892355e-20
6.58267863875427 3.0385734047687964e-20
6.584480104770014 3.1964127274471255e-20
6.586282063788677 3.351635059508575e-20
6.588084515945183 3.5061428673818974e-20
6.589887461374487 3.660610858752983e-20
6.59169090021158 3.7775715525341876e-20
6.593494832591492 3.850747742060527e-20
6.595299258649291 3.842481579856669e-20
6.597104178520081 3.751897765833852e-20
6.598909592339 3.8011220223299945e-20
6.600715500241228 4.001849902326638e-20
6.60252190236198 4.199523067044419e-20
6.604328798836505 4.387630198691704e-20
6.606136189800093 4.5500161607787516e-20
6.607944075388071 4.668013051151343e-20
6.6097524557358 4.626890553655467e-20
6.611561330978679 4.4695857202015894e-20
6.613370701252147 4.435424939299001e-20
6.615180566691677 4.5181409195242424e-20
6.616990927432779 4.6700458809592644e-20
6.618801783611002 4.921198123587196e-20
6.620613135361932 5.336256241622034e-20
6.6224249828211885 5.825223914607539e-20
6.624237326124432 6.180905320665052e-20
6.626050165407361 6.436573004081367e-20
6.627863500805707 6.664020128108074e-20
6.629677332455239 6.800246573031168e-20
6.631491660491768 6.76248396261433e-20
6.63330648505114 6.718986706901181e-20
6.635121806269233 6.877490639800036e-20
6.636937624281969 7.127612774676674e-20
6.638753939225305 7.347003163590535e-20
6.640570751235234 7.474732354627958e-20
6.642388060447786 7.464500423137366e-20
6.644205866999031 7.415899544063182e-20
6.646024171025075 7.405604989237102e-20
6.647842972662058 7.381365317279218e-20
6.649662272046163 7.311203331596189e-20
6.651482069313605 7.285081453229075e-20
6.6533023646006395 7.34822622560274e-20
6.655123158043558 7.332041643064848e-20
6.65694444977869 7.165472409350902e-20
6.658766239942403 7.058596477630796e-20
6.660588528671099 7.086774046620379e-20
6.662411316101219 7.103488297228879e-20
6.664234602369243 7.06417887587148e-20
6.666058387611686 7.112363181648975e-20
6.667882671965099 7.280150277964384e-20
6.669707455566078 7.461791956937279e-20
6.671532738551246 7.635754561183022e-20
6.673358521057269 7.674113041030482e-20
6.67518480322085 7.562461669296436e-20
6.677011585178731 7.539328502593247e-20
6.678838867067688 7.628007406489549e-20
6.680666649024534 7.665935350576997e-20
6.682494931186126 7.642899980585217e-20
6.68432371368935 7.763481583234306e-20
6.686152996671135 8.029355878966573e-20
6.687982780268445 8.207595492237833e-20
6.689813064618283 8.303684853973911e-20
6.691643849857689 8.496054614935144e-20
6.6934751361237375 8.780708304849075e-20
6.695306923553547 9.075418364129752e-20
6.6971392122842675 9.374952072630013e-20
6.69897200245309 9.631366993350128e-20
6.700805294197241 9.840643983514507e-20
6.702639087653987 9.984075524728845e-20
6.704473382960627 1.008285295445889e-19
6.706308180254505 1.0265062139984566e-19
6.708143479672998 1.0500196648765172e-19
6.709979281353519 1.063416037916445e-19
6.71181558543352 1.0679718084097376e-19
6.713652392050497 1.07e-19
6.715489701341974 1.0727330652125862e-19
6.7173275134455155 1.08796542774389e-19
6.719165828498728 1.1107842472559505e-19
6.721004646639251 1.1236272591163478e-19
6.7228439680047645 1.1316688029764591e-19
6.724683792732982 1.152319662350319e-19
6.7265241209616615 1.1800125639353447e-19
6.728364952828593 1.1976142162821756e-19
6.730206288471605 1.20975122171249e-19
6.7320481280285644 1.229443776154959e-19
6.7338904716373795 1.2546375020879267e-19
6.735733319435989 1.2798244393468201e-19
6.737576671562376 1.3027261819853417e-19
6.739420528154557 1.318071017877696e-19
6.741264889350589 1.3336859548306057e-19
6.743109755288565 1.3669055919714093e-19
6.744955126106618 1.4105336992930613e-19
6.746801001942915 1.449121595594555e-19
6.7486473829356655 1.4851665747535557e-19
6.750494269223111 1.5237146534518497e-19
6.752341660943539 1.563914514583953e-19
6.754189558235268 1.6041034837066696e-19
6.756037961236655 1.6397910067468073e-19
6.757886870086098 1.6629181266320974e-19
6.759736284922033 1.6843994990242845e-19
6.761586205882926 1.7234365485475486e-19
6.7634366331072915 1.7726696736937195e-19
6.765287566733679 1.819381987013276e-19
6.767139006900673 1.8607147772993505e-19
6.768990953746894 1.8920120479914728e-19
6.770843407411007 1.9228256704438767e-19
6.7726963680317125 1.9686591336087436e-19
6.774549835747745 2.0198805184021577e-19
6.776403810697882 2.0610745631422607e-19
6.778258293020938 2.1019580929744815e-19
6.780113282855762 2.1578423259169406e-19
6.781968780341244 2.218974278950334e-19
6.7838247856163125 2.27008707748451e-19
6.785681298819933 2.3150897996824137e-19
6.787538320091109 2.3600802075822716e-19
6.789395849568882 2.4079825901434514e-19
6.791253887392331 2.463365472579425e-19
6.793112433700577 2.5252426693139514e-19
6.79497148863277 2.5920959034625983e-19
6.796831052328109 2.657176865344806e-19
6.798691124925824 2.7097643066436217e-19
6.8005517065651855 2.7651303947316608e-19
6.802412797385501 2.8479125917904226e-19
6.804274397526118 2.9476454617545324e-19
6.806136507126421 3.047350891851454e-19
6.80799912632583 3.1341264415153173e-19
6.809862255263811 3.1860040260425798e-19
6.811725894079856 3.2294334288085854e-19
6.813590042913507 3.310195249456649e-19
6.815454701904339 3.410336623806609e-19
6.817319871191965 3.4980091241922503e-19
6.8191855509160355 3.578478049576875e-19
6.821051741216241 3.661411603386288e-19
6.822918442232311 3.7459529857902894e-19
6.82478565410401 3.830470980937567e-19
6.8266533769711435 3.9189678933599847e-19
6.828521610973555 4.01986078516988e-19
6.830390356251125 4.1299155890981286e-19
6.832259612943773 4.2424225930765003e-19
6.834129381191456 4.352950535609141e-19
6.835999661134172 4.45104118174527e-19
6.837870452911952 4.547309534292568e-19
6.839741756664871 4.668350490342871e-19
6.841613572533043 4.805251612086073e-19
6.8434859006566136 4.934679021870594e-19
6.845358741175769 5.0604306069959005e-19
6.847232094230738 5.193578634767399e-19
6.849105959961786 5.332856279814792e-19
6.850980338509213 5.474570860509808e-19
6.852855230013361 5.618675280011041e-19
6.8547306346146115 5.765213851077641e-19
6.856606552453382 5.914136967657463e-19
6.858482983670125 6.065491449509427e-19
6.860359928405342 6.2212799559424685e-19
6.862237386799563 6.391854310396956e-19
6.8641153589933595 6.572981705783072e-19
6.865993845127341 6.741707545614461e-19
6.867872845342159 6.90068713404091e-19
6.869752359778499 7.067028471722404e-19
6.871632388577085 7.240083520942231e-19
6.873512931878685 7.415557382829494e-19
6.875393989824101 7.593723169105354e-19
6.877275562554173 7.77923679854382e-19
6.879157650209781 7.971700011316464e-19
6.881040252931845 8.166573664761366e-19
6.88292337086132 8.36370231541817e-19
6.884807004139201 8.555849183240835e-19
6.886691152906527 8.74307342759268e-19
6.888575817304366 8.964103748734867e-19
6.890460997473831 9.21955525288754e-19
6.892346693556071 9.46149943908321e-19
6.8942329056922755 9.688605159920532e-19
6.896119634023672 9.919458671889753e-19
6.898006878691527 1.0155167527369741e-18
6.899894639837144 1.0373777001950438e-18
6.9017829176018655 1.0572653675170707e-18
6.903671712127074 1.079018657637062e-18
6.90556102355419 1.1032232442897897e-18
6.907450852024676 1.1277840556172896e-18
6.909341197680025 1.152337905062482e-18
6.911232060661777 1.1788008213278442e-18
6.913123441111506 1.2077108496456673e-18
6.915015339170827 1.2353292830334657e-18
6.916907754981393 1.2604866695828035e-18
6.918800688684895 1.2867336603126071e-18
6.920694140423065 1.3154249673268274e-18
6.922588110337671 1.3432056835679387e-18
6.924482598570521 1.3685281340583758e-18
6.926377605263464 1.3945485101948435e-18
6.928273130558383 1.4230104039223856e-18
6.930169174597202 1.4523868504630055e-18
6.932065737521889 1.481754916328585e-18
6.933962819474442 1.508483126893212e-18
6.935860420596903 1.5303115453232187e-18
6.937758541031353 1.5522880782773096e-18
6.939657180919911 1.5791476288388614e-18
6.941556340404733 1.6073810765379827e-18
6.943456019628016 1.6331632240749337e-18
6.945356218731998 1.658570387089988e-18
6.947256937858953 1.6864120581890024e-18
6.949158177151192 1.713982408855662e-18
6.951059936751069 1.736664144559129e-18
6.952962216800975 1.7576703520983286e-18
6.954865017443341 1.783548364993398e-18
6.956768338820634 1.8128126496114467e-18
6.958672181075366 1.8420685228593405e-18
6.960576544350082 1.8703266066899663e-18
6.962481428787367 1.8937044737963853e-18
6.964386834529849 1.9139270208704525e-18
6.966292761720192 1.9390129488092185e-18
6.968199210501099 1.9677561988917587e-18
6.970106181015311 1.9916248383768473e-18
6.972013673405611 2.0110876881107653e-18
6.973921687814819 2.0304485599344143e-18
6.9758302243857955 2.049711984095687e-18
6.977739283261439 2.0761061048602774e-18
6.9796488645846875 2.1098836388365413e-18
6.981558968498515 2.1394884187919023e-18
6.983469595145942 2.1642243246418845e-18
6.985380744670023 2.1843810668451335e-18
6.987292417213849 2.199674559349638e-18
6.989204612920557 2.2199979507118134e-18
6.991117331933319 2.247597212733122e-18
6.993030574395346 2.2731659531178986e-18
6.994944340449889 2.2938756615688505e-18
6.99685863024024 2.3132733093140457e-18
6.998773443909728 2.332665318862483e-18
7.000688781601722 2.3520523770922617e-18
7.0026046434596285 2.371433794227263e-18
7.004521029626895 2.3908102698870182e-18
7.006437940247008 2.4101811015558927e-18
7.008355375463495 2.4307005849794007e-18
7.010273335419919 2.4536340684702116e-18
7.012191820259887 2.4788206489802187e-18
7.01411083012704 2.506418401776543e-18
7.01603036516506 2.534606947796239e-18
7.0179504255176735 2.560370193473213e-18
7.019871011328639 2.583875799981337e-18
7.021792122741756 2.604958929592133e-18
7.02371375990087 2.6252687559463272e-18
7.025635922949856 2.650400909540516e-18
7.027558612032633 2.6787278778688178e-18
7.029481827293163 2.7022211991870607e-18
7.031405568875442 2.7215237928043343e-18
7.033329836923507 2.740820722211583e-18
7.035254631581433 2.760112653295128e-18
7.037179952993338 2.7793990534482254e-18
7.0391058013033785 2.798679784959705e-18
7.041032176655747 2.8179556629646624e-18
7.04295907919468 2.8372258694484142e-18
7.044886509064451 2.8544761511393687e-18
7.046814466409372 2.869313190758048e-18
7.0487429513737965 2.883754332081308e-18
7.0506719641021185 2.8981912154487025e-18
7.052601504738767 2.9142643648868265e-18
7.054531573428214 2.9327379825315586e-18
7.056462170314973 2.9519718433591364e-18
7.058393295543593 2.9712000211667782e-18
7.060324949258663 2.989169203159314e-18
7.062257131604813 3.0047308131717686e-18
7.064189842726715 3.0201979009923863e-18
7.066123082769074 3.0380611861458382e-18
7.068056851876641 3.057263609574795e-18
7.069991150194202 3.0764603413804123e-18
7.071925977866587 3.0936842645477802e-18
7.073861335038661 3.1037096411079427e-18
7.075797221855332 3.1103105652971493e-18
7.077733638461547 3.126494837293429e-18
7.07967058500229 3.149970351321127e-18
7.08160806162259 3.1686492041199966e-18
7.083546068467511 3.1829853583221523e-18
7.085484605682158 3.1949238930070724e-18
7.087423673411676 3.204498571836318e-18
7.089363271801252 3.2184983276085287e-18
7.091303400996108 3.237280370291515e-18
7.093244061141508 3.2544171362054515e-18
7.095185252382757 3.2691570490388985e-18
7.0971269748652 3.2852779315804336e-18
7.099069228734219 3.303784243672336e-18
7.101012014135238 3.3197844952674406e-18
7.102955331213718 3.3310024599537864e-18
7.104899180115165 3.3418860226747997e-18
7.10684356098512 3.3551535816613032e-18
7.108788473969165 3.368367605475743e-18
7.110733919212924 3.3791919127108912e-18
7.112679896862058 3.3904844355652084e-18
7.11462640706227 3.4065420843909147e-18
7.116573449959301 3.4269010191488475e-18
7.118521025698934 3.4520193510328836e-18
7.120469134426989 3.479793247549026e-18
7.12241777628933 3.502796289250528e-18
7.124366951431858 3.521847143701128e-18
7.126316660000512 3.540892265048852e-18
7.128266902141276 3.559932441498246e-18
7.130217678000172 3.574347055995446e-18
7.13216898772326 3.583998106379968e-18
7.134120831456641 3.599708809895107e-18
7.136073209346456 3.622549077885912e-18
7.138026121538889 3.6444969522544364e-18
7.139979568180159 3.664061605230113e-18
7.141933549416526 3.683065303942027e-18
7.143888065394297 3.7020632566461e-18
7.145843116259808 3.722375563208212e-18
7.147798702159441 3.745055289644096e-18
7.149754823239618 3.768784080632232e-18
7.151711479646805 3.792505682041065e-18
7.153668671527496 3.814605809859719e-18
7.155626399028238 3.831958160222987e-18
7.157584662295612 3.846728438169175e-18
7.15954346147624 3.8638632509772536e-18
7.161502796716782 3.88310184475935e-18
7.163462668163943 3.904702091222368e-18
7.165423075964464 3.928357380979375e-18
7.1673840202651276 3.949639494974664e-18
7.1693455012127565 3.968569861532281e-18
7.1713075189542135 3.991734311055092e-18
7.173270073636403 4.019623348691576e-18
7.175233165406268 4.044300084762957e-18
7.17719679441079 4.064240695218133e-18
7.1791609607969935 4.081571354540585e-18
7.181125664711944 4.096533948945312e-18
7.183090906302743 4.113301599524864e-18
7.185056685716539 4.134786614268884e-18
7.187023003100514 4.156353618061505e-18
7.188989858601892 4.17319459190979e-18
7.190957252367941 4.187350379312216e-18
7.192925184545965 4.201501830666649e-18
7.194893655283311 4.216103959456164e-18
7.196862664727362 4.233058262047548e-18
7.19883221302555 4.252247160572001e-18
7.200802300325339 4.276140402496927e-18
7.202772926774235 4.3044050519533876e-18
7.204744092519788 4.328197794977196e-18
7.2067157977095855 4.347273327198135e-18
7.208688042491254 4.364162028856167e-18
7.210660827012463 4.378692123013784e-18
7.212634151420925 4.39444850043588e-18
7.2146080158643855 4.4125518941878645e-18
7.216582420490637 4.431359113733868e-18
7.218557365447509 4.4501605335020225e-18
7.220532850882872 4.46895755026621e-18
7.222508876944639 4.487748764460378e-18
7.224485443780762 4.5057945170804255e-18
7.226462551539233 4.521487452199895e-18
7.228440200368083 4.536005156517661e-18
7.230418390415387 4.552864064828143e-18
7.23239712182926 4.571376836773661e-18
7.234376394757856 4.5851955830452356e-18
7.236356209349367 4.5945732955387134e-18
7.238336565752034 4.610424233187665e-18
7.2403174641141295 4.6333021483312066e-18
7.24229890458397 4.651196599277293e-18
7.244280887309913 4.6620582560298085e-18
7.24626341244036 4.672949510824009e-18
7.248246480123747 4.686178240492877e-18
7.250230090508551 4.7013766222241074e-18
7.252214243743296 4.718816880550984e-18
7.25419893997654 4.736540947925131e-18
7.2561841793568815 4.7520143190663794e-18
7.258169962032968 4.765530524612776e-18
7.260156288153478 4.776706370132748e-18
7.262143157867137 4.786232178690643e-18
7.264130571322706 4.798089601408935e-18
7.266118528668993 4.812098698915752e-18
7.268107030054841 4.821736050375441e-18
7.2700960756291355 4.826701604698791e-18
7.272085665540805 4.833217327020594e-18
7.274075799938817 4.8420638397396535e-18
7.276066478972178 4.855930152195933e-18
7.278057702789938 4.8767859128399065e-18
7.280049471541188 4.8942199306849485e-18
7.282041785375057 4.9e-18
7.284034644440716 4.9008323501104265e-18
7.286028048887379 4.903992566925028e-18
7.2880219988643 4.9091365094433755e-18
7.290016494520771 4.9166053935947966e-18
7.292011536006125 4.92577052580592e-18
7.294007123469743 4.932607790623867e-18
7.296003257061038 4.937258308773065e-18
7.2979999369294655 4.9419076077721354e-18
7.299997163224528 4.946555442457585e-18
7.301994936095765 4.951202227225132e-18
7.3039932556927525 4.955847546990988e-18
7.305992122165115 4.959085097440402e-18
7.307991535662514 4.96e-18
7.309991496334652 4.961048484696425e-18
7.311992004331271 4.964416685217376e-18
7.3139930598021605 4.9697436789996955e-18
7.315994662897143 4.977387454481606e-18
7.317996813766087 4.986336463882963e-18
7.3199995125589 4.992965756774012e-18
7.322002759425532 4.997599952829579e-18
7.324006554515972 4.99995868393567e-18
7.326010897980249 5e-18
7.32801578996844 5.001904319299304e-18
7.330021230630656 5.0061231152848925e-18
7.332027220117048 5.012282982018534e-18
7.334033758577817 5.020754385029674e-18
7.336040846163198 5.026532830442556e-18
7.3380484830234645 5.0253737272978346e-18
7.340056669308939 5.022311243878599e-18
7.342065405169982 5.0238703600758474e-18
7.344074690756993 5.028490645602023e-18
7.346084526220412 5.0331094588745245e-18
7.348094911710728 5.037709025321756e-18
7.350105847378462 5.04e-18
7.352117333374178 5.04e-18
7.354129369848486 5.041939176483161e-18
7.356141956952035 5.046184629163201e-18
7.35815509483551 5.052346489951088e-18
7.360168783649646 5.0608116775334855e-18
7.362183023545212 5.066551265576373e-18
7.364197814673023 5.0653779245137205e-18
7.366213157183932 5.062303045978463e-18
7.368229051228836 5.06383334361017e-18
7.370245496958672 5.068437233893605e-18
7.372262494524417 5.0730396474365184e-18
7.374280044077089 5.077641023598806e-18
7.376298145767755 5.079971013224399e-18
7.3783167997475125 5.08e-18
7.380336006167505 5.078132601383084e-18
7.38235576517892 5.073967156241256e-18
7.384376076932982 5.0722969324977905e-18
7.38639694158096 5.075221322624908e-18
7.388418359274161 5.079813827805468e-18
7.390440330163939 5.084404853129778e-18
7.392462854401684 5.0896398029743946e-18
7.394485932138828 5.097166879243083e-18
7.396509563526847 5.105644566223313e-18
7.39853374871726 5.1072429135417914e-18
7.4005584878616215 5.1026580347646705e-18
7.402583781111531 5.09807441993183e-18
7.404609628618632 5.093492287388241e-18
7.406636030534602 5.090600508324315e-18
7.408662987011169 5.09e-18
7.410690498200096 5.092536110838951e-18
7.412718564253192 5.099648829952469e-18
7.414747185322302 5.107112719113518e-18
7.416776361559319 5.11e-18
7.418806093116174 5.11e-18
7.420836380144839 5.11e-18
7.422867222797327 5.11e-18
7.424898621225699 5.112273201357036e-18
7.42693057558205 5.1168308769129066e-18
7.428963086018517 5.115876539320401e-18
7.430996152687285 5.1080717526030354e-18
7.433029775740578 5.103158370492085e-18
7.435063955330656 5.105092463362979e-18
7.437098691609826 5.109654925898305e-18
7.439133984730439 5.1142159003556834e-18
7.441169834844882 5.117719998213743e-18
7.443206242105585 5.11666556086417e-18
7.445243206665023 5.112279043997436e-18
7.447280728675711 5.11244808417259e-18
7.449318808290204 5.1170027749472666e-18
7.4513574456611 5.121556407790236e-18
7.453396640941039 5.126108550138853e-18
7.455436394282703 5.124790212433819e-18
7.4574767058388165 5.114371682344529e-18
7.459517575762144 5.105806091426101e-18
7.461559004205491 5.1086108933729855e-18
7.463600991321708 5.116016187122857e-18
7.465643537263684 5.116603422946829e-18
7.467686642184355 5.1118469104448394e-18
7.469730306236691 5.102551495483458e-18
7.471774529573711 5.088928444772474e-18
7.473819312348473 5.081057993748762e-18
7.475864654714077 5.08e-18
7.477910556823662 5.077092039716108e-18
7.479957018830415 5.0696484195379454e-18
7.482004040887562 5.0625563798218374e-18
7.484051623148369 5.06e-18
7.486099765766145 5.059478275285826e-18
7.488148468894245 5.0566917124288685e-18
7.49019773268606 5.052161479154846e-18
7.492247557295023 5.047632742778889e-18
7.494297942874615 5.043105440886226e-18
7.496348889578357 5.036737516138728e-18
7.498400397559807 5.0281086266852435e-18
7.500452466972569 5.021791850665658e-18
7.50250509797029 5.02e-18
7.504558290706656 5.018226048322015e-18
7.506612045335398 5.0119331671485744e-18
7.508666362010288 5.0033010872883255e-18
7.51072124088514 4.9969299721328005e-18
7.512776682113808 4.992413424619486e-18
7.514832685850191 4.987898283941154e-18
7.51688925224823 4.983384644291232e-18
7.518946381461907 4.978871916359643e-18
7.521004073645244 4.9743606901167596e-18
7.523062328952311 4.9686481901636814e-18
7.525121147537216 4.9606831149018494e-18
7.527180529554107 4.951667296081991e-18
7.529240475157181 4.942654483276884e-18
7.531300984500672 4.933643475986514e-18
7.533362057738856 4.9246354760276615e-18
7.535423695026053 4.915629960001265e-18
7.537485896516627 4.904658505832829e-18
7.539548662364982 4.891439878840709e-18
7.541611992725562 4.879409752914765e-18
7.543675887752857 4.869632820067784e-18
7.5457403476014 4.8606392305490196e-18
7.547805372425761 4.851648653128452e-18
7.549870962380557 4.843123050547058e-18
7.5519371176204455 4.8368683733703866e-18
7.554003838300128 4.83242093229284e-18
7.556071124574346 4.823664015200726e-18
7.558138976597885 4.810396892162858e-18
7.5602073945255714 4.798565487110731e-18
7.562276378512275 4.788981842485204e-18
7.564345928712909 4.778891765521782e-18
7.566416045282427 4.766562980651148e-18
7.5684867283758255 4.754316930837875e-18
7.570557978148143 4.746555842894293e-18
7.572629794754464 4.742074898510744e-18
7.574702178349911 4.737595464514026e-18
7.576775129089649 4.733117439958404e-18
7.578848647128887 4.725043048771384e-18
7.580922732622881 4.712494554725257e-18
7.582997385726921 4.69779721117069e-18
7.585072606596343 4.6808681088779286e-18
7.587148395386529 4.663724580928489e-18
7.5892247522529 4.648821886297125e-18
7.591301677350918 4.635412150155835e-18
7.59337917083609 4.62200695423262e-18
7.595457232863966 4.608605507373199e-18
7.597535863590138 4.5990371013455525e-18
7.599615063170239 4.593937969914626e-18
7.601694831759947 4.588095836099747e-18
7.603775169514982 4.580024366930853e-18
7.605856076591104 4.570262042462132e-18
7.6079375531441205 4.558273414824485e-18
7.610019599329878 4.545494029247358e-18
7.612102215304264 4.5371748294971246e-18
7.614185401223214 4.5327185832371545e-18
7.616269157242703 4.524300504209141e-18
7.618353483518749 4.511430121675639e-18
7.6204383802074105 4.499506313329923e-18
7.622523847464796 4.489812451727506e-18
7.624609885447048 4.480027345301055e-18
7.6266964943103535 4.468021402823462e-18
7.628783674210948 4.455010006099079e-18
7.630871425305106 4.4442255218040466e-18
7.63295974774914 4.435334888721611e-18
7.635048641699415 4.424447882094912e-18
7.637138107312332 4.4113424745388786e-18
7.639228144744337 4.399457910232393e-18
7.641318754151918 4.389797830056587e-18
7.643409935691604 4.3817990487563014e-18
7.645501689519975 4.37602170998534e-18
7.647594015793641 4.3709507775539945e-18
7.649686914669266 4.361447614356416e-18
7.65178038630355 4.348144534768052e-18
7.653874430853241 4.334845103896487e-18
7.655969048475125 4.321550243429974e-18
7.658064239326036 4.31105340415072e-18
7.660160003562847 4.304990008595078e-18
7.6622563413424745 4.298909086336684e-18
7.664353252821877 4.288403866939232e-18
7.666450738158064 4.275630218489462e-18
7.668548797508075 4.267283917321895e-18
7.670647431029 4.262860541030487e-18
7.672746638877973 4.256552304260008e-18
7.674846421212168 4.248035129649947e-18
7.676946778188803 4.236583497349084e-18
7.679047709965138 4.220717044824637e-18
7.681149216698481 4.204493682650466e-18
7.683251298546176 4.1926912503310805e-18
7.685353955665611 4.184138215692339e-18
7.687457188214223 4.18e-18
7.689560996349488 4.18e-18
7.691665380228924 4.1764879836259814e-18
7.693770340010094 4.168566056520414e-18
7.695875875850604 4.160912997795307e-18
7.697981987908102 4.155466424493345e-18
7.700088676340279 4.150487863643989e-18
7.702195941304874 4.143308938872987e-18
7.704303782959662 4.13450015523836e-18
7.706412201462465 4.12351777252741e-18
7.708521196971148 4.110337487857509e-18
7.710630769643619 4.100290122680612e-18
7.712740919637829 4.0946462207953146e-18
7.71485164711177 4.087321688096024e-18
7.716962952223485 4.073404988247656e-18
7.71907483513105 4.0554498674993396e-18
7.721187295992587 4.035304514946252e-18
7.723300334966269 4.013337845522818e-18
7.725413952210305 3.9952970310844004e-18
7.727528147882947 3.981654755713094e-18
7.729642922142493 3.968485407960576e-18
7.731758275147285 3.955320666212651e-18
7.733874207055704 3.9428953228931855e-18
7.735990718026178 3.932666948948395e-18
7.73810780821718 3.9237743562767946e-18
7.740225477787222 3.912694011920917e-18
7.742343726894861 3.899547263976298e-18
7.744462555698698 3.888097679766762e-18
7.746581964357378 3.8788425952893435e-18
7.748701953029586 3.871157972781073e-18
7.750822521874056 3.865664775338695e-18
7.752943671049561 3.859487360508688e-18
7.755065400714919 3.844564246165688e-18
7.75718771102899 3.822693157822677e-18
7.759310602150681 3.798818790969075e-18
7.76143407423894 3.7727662557858075e-18
7.763558127452756 3.747923110976595e-18
7.765682761951164 3.725273537191841e-18
7.7678079778932485 3.703431967516891e-18
7.769933775438128 3.681598103892642e-18
7.772060154744965 3.659997619025846e-18
7.774187115972975 3.642767332297306e-18
7.776314659281409 3.629678074618906e-18
7.778442784829561 3.616591480418163e-18
7.780571492776774 3.603509514868989e-18
7.782700783282431 3.590429770870037e-18
7.78483065650596 3.577354657397322e-18
7.78696111260683 3.565033382684551e-18
7.7890921517445575 3.557071162148283e-18
7.791223774078701 3.552716144538407e-18
7.793355979768861 3.548362333545756e-18
7.795488768974684 3.544010067732229e-18
7.797622141855859 3.539658532868111e-18
7.79975609857212 3.5353085438060204e-18
7.801890639283241 3.530351650821359e-18
7.804025764149046 3.523223134945256e-18
7.806161473329398 3.514529268230513e-18
7.808297766984204 3.503712136819488e-18
7.810434645273417 3.4907258837738494e-18
7.812572108357032 3.477696359693977e-18
7.814710156395088 3.464671479883917e-18
7.816848789547667 3.4516487542326585e-18
7.8189880079749 3.438630674711702e-18
7.821127811836954 3.4254657667564335e-18
7.823268201294042 3.410137936346716e-18
7.825409176506428 3.3927950000264988e-18
7.827550737634411 3.3787584177440998e-18
7.829692884838336 3.369061263480464e-18
7.831835618278594 3.3594121592652836e-18
7.833978938115619 3.347601094757293e-18
7.836122844509891 3.3349244088100824e-18
7.838267337621929 3.3244158883527916e-18
7.840412417612298 3.3157606615232575e-18
7.842558084641611 3.305303336552294e-18
7.844704338870518 3.2926865667808977e-18
7.846851180459719 3.2797137789462257e-18
7.848998609569954 3.266745650908232e-18
7.851146626362009 3.253329035084302e-18
7.853295230996714 3.2377576379503034e-18
7.8554444236349426 3.2204797304489932e-18
7.857594204437612 3.2032068759363162e-18
7.859744573565683 3.1859402411075247e-18
7.86189553118016 3.16992056196431e-18
7.8640470774420965 3.1560640284276592e-18
7.866199212512585 3.1431228421510947e-18
7.868351936552759 3.130186324319544e-18
7.8705052497238075 3.117252350847912e-18
7.8726591521869524 3.1043225499118553e-18
7.874813644103462 3.0913974205366143e-18
7.876968725634654 3.0771961444810863e-18
7.879124396941888 3.060932014913237e-18
7.881280658186563 3.0444437349841856e-18
7.883437509530127 3.0300277392752557e-18
7.885594951134071 3.0171184345903956e-18
7.887752983159933 3.004213385550064e-18
7.889911605769287 2.9913130148443294e-18
7.89207081912376 2.9770758424498443e-18
7.89423062338502 2.9606946245738176e-18
7.896391018714778 2.944777785587424e-18
7.89855200527479 2.9331615192204263e-18
7.9007135832268585 2.924571684073704e-18
7.902875752732825 2.913908148627825e-18
7.905038513954581 2.90110154568914e-18
7.907201867054059 2.889595745955231e-18
7.90936581219324 2.8802392617278984e-18
7.911530349534141 2.8710043758824453e-18
7.9136954792388305 2.859629550195556e-18
7.915861201469422 2.8467693967113556e-18
7.918027516388068 2.833913717816271e-18
7.920194424156966 2.8210627307668035e-18
7.9223619249383646 2.8082136914568334e-18
7.92453001889455 2.795369345809504e-18
7.926698706187853 2.781877954487836e-18
7.928867986980652 2.7662523001475675e-18
7.931037861435372 2.749138290724854e-18
7.933208329714474 2.734095144497843e-18
7.9353793919804705 2.7211962407058612e-18
7.9375510483959175 2.7097115639530846e-18
7.939723299123413 2.700367998458878e-18
7.941896144325602 2.6912103396466047e-18
7.944069584165172 2.6799209721561163e-18
7.946243618804857 2.6671101585968022e-18
7.948418248407434 2.6543035981391665e-18
7.950593473135726 2.6415017429692653e-18
7.952769293152597 2.6287017752703876e-18
7.9549457086209605 2.6159065146634605e-18
7.957122719703772 2.6031131312538007e-18
7.959300326564032 2.5903244567380043e-18
7.961478529364786 2.577538383685431e-18
7.963657328269122 2.5647562867718996e-18
7.965836723440173 2.551978901840979e-18
7.968016715041123 2.5392033740237924e-18
7.970197303235192 2.526432559986968e-18
7.972378488185647 2.5136635927431835e-18
7.974560270055804 2.500899341075169e-18
7.976742649009019 2.488138055435887e-18
7.978925625208694 2.4753803575942965e-18
7.981109198818277 2.4626273784125536e-18
7.98329337000126 2.449876225837901e-18
7.985478138921177 2.4371297937143277e-18
7.987663505741612 2.424716404726246e-18
7.98984947062619 2.41443018945711e-18
7.992036033738582 2.4059392218486194e-18
7.994223195242503 2.3957521797121634e-18
7.996410955301714 2.3834468305697545e-18
7.998599314080021 2.3707199880783784e-18
8.000788271741271 2.357997872690961e-18
8.00297782844936 2.3452775428390074e-18
8.005167984368232 2.3325619418733014e-18
8.007358739661868 2.3198503714061604e-18
8.009550094494296 2.3056060821820142e-18
8.011742049029593 2.289249217305315e-18
8.013934603431878 2.2738512066392575e-18
8.016127757865313 2.2626909670258434e-18
8.018321512494106 2.2542254639629512e-18
8.020515867482517 2.2436489667141714e-18
8.022710822994842 2.230962323816594e-18
8.024906379195423 2.219621309853001e-18
8.027102536248652 2.210398184715876e-18
8.02929929431896 2.2019459047869086e-18
8.031496653570827 2.1934967850950473e-18
8.033694614168779 2.185049348863677e-18
8.035893176277384 2.174700546338146e-18
8.038092340061253 2.1622443392430117e-18
8.040292105685047 2.150707828146515e-18
8.04249247331347 2.1412850473609014e-18
8.044693443111273 2.132848841741218e-18
8.046895015243248 2.1244158007576576e-18
8.049097189874235 2.1159850360884995e-18
8.05129996716912 2.104228040010395e-18
8.05350334729283 2.0882614182245025e-18
8.055707330410339 2.0731652089304463e-18
8.05791191668667 2.062284959872442e-18
8.060117106286889 2.053951225695336e-18
8.062322899376102 2.04772388829678e-18
8.064529296119469 2.0435168572000755e-18
8.066736296682187 2.042102561389848e-18
8.068943901229503 2.044894286731272e-18
8.071152109926704 2.0490985155849156e-18
8.073360922939134 2.053301158323654e-18
8.075570340432172 2.0575029965899755e-18
8.07778036257124 2.065506314327963e-18
8.079990989521814 2.077707283808604e-18
8.082202221449412 2.093601768808663e-18
8.084414058519595 2.1157855858265043e-18
8.086626500897971 2.1400749904090616e-18
8.088839548750194 2.158065534931651e-18
8.091053202241962 2.1706459166598588e-18
8.093267461539018 2.1657883622198106e-18
8.095482326807154 2.1378763336188265e-18
8.097697798212202 2.101251286401214e-18
8.099913875920045 2.0562636065738053e-18
8.102130560096604 2.006004619758756e-18
8.104347850907857 1.9619320730109223e-18
8.106565748519813 1.924157077331967e-18
8.108784253098534 1.890217466366481e-18
8.11100336481013 1.8625658644831937e-18
8.113223083820758 1.8383170904128836e-18
8.115443410296606 1.8182571417319518e-18
8.117664344403924 1.801537762346544e-18
8.119885886309003 1.7898970169633806e-18
8.122108036178172 1.7845284897301557e-18
8.124330794177812 1.7803518260639663e-18
8.126554160474354 1.7761767560563845e-18
8.128778135234263 1.771959528118498e-18
8.131002718624059 1.7656584670342778e-18
8.133227910810302 1.7573156160819916e-18
8.135453711959602 1.7463759769087432e-18
8.137680122238613 1.7312707225315e-18
8.139907141814032 1.7150633961746281e-18
8.142134770852604 1.7009452601297821e-18
8.144363009521118 1.6884467079751007e-18
8.146591857986413 1.677667098005689e-18
8.148821316415368 1.6689740587242074e-18
8.151051384974917 1.6606481104717117e-18
8.153282063832023 1.652325357029211e-18
8.155513353153712 1.6440824957272605e-18
8.157745253107045 1.64e-18
8.159977763859132 1.64e-18
8.162210885577128 1.6387247667249176e-18
8.16444461842824 1.635371978784644e-18
8.16667896257971 1.6303561805938853e-18
8.168913918198832 1.6211900717437606e-18
8.171149485452947 1.6087326367295422e-18
8.17338566450944 1.5929628996969916e-18
8.175622455535738 1.573048119028882e-18
8.177859858699318 1.5523013802314456e-18
8.180097874167704 1.5315626471044435e-18
8.182336502108466 1.510826594790021e-18
8.184575742689212 1.4961764448182455e-18
8.186815596077604 1.487751165923908e-18
8.189056062441352 1.4782943169862595e-18
8.191297141948205 1.46676998938315e-18
8.193538834765956 1.4549677855993185e-18
8.195781141062453 1.447308553256001e-18
8.198024061005583 1.4431698254012816e-18
8.200267594763284 1.4390319742617501e-18
8.202511742503535 1.4348957274025614e-18
8.204756504394364 1.430759941976244e-18
8.207001880603844 1.4266257613955926e-18
8.209247871300093 1.4224923200353087e-18
8.211494476651279 1.4183602026142562e-18
8.213741696825608 1.4142296910426827e-18
8.21598953199134 1.4100996336562808e-18
8.218237982316783 1.4059711826831167e-18
8.22048704797028 1.4015116415408546e-18
8.222736729120225 1.390867154775198e-18
8.224987025935064 1.3743674237642104e-18
8.227237938583286 1.357870067052717e-18
8.229489467233421 1.3413791422537466e-18
8.231741612054048 1.325736949110326e-18
8.233994373213797 1.3142610641052711e-18
8.236247750881336 1.306103439697752e-18
8.238501745225385 1.2994645345896004e-18
8.24075635641471 1.2948465409694405e-18
8.243011584618118 1.2900658464755894e-18
8.245267430004468 1.2832299134166414e-18
8.247523892742663 1.2750013929830244e-18
8.249780973001652 1.266775504401952e-18
8.25203867095043 1.2585528380139619e-18
8.254296986758039 1.248441438803822e-18
8.256555920593566 1.2342248852959546e-18
8.258815472626146 1.2178967387220515e-18
8.261075643024963 1.2056801941793808e-18
8.263336431959235 1.1974687643656573e-18
8.265597839598247 1.1892583199835135e-18
8.267859866111309 1.18105110202103e-18
8.27012251166779 1.1728447189009481e-18
8.272385776437101 1.1646415633119591e-18
8.274649660588704 1.1564407959635057e-18
8.276914164292098 1.149705811001729e-18
8.27917928771684 1.1450229131364272e-18
8.281445031032526 1.1420486674430135e-18
8.283711394408797 1.1431705215775286e-18
8.285978378015347 1.1472655663530806e-18
8.288245982021913 1.144548375990832e-18
8.290514206598278 1.133644824484883e-18
8.292783051914268 1.121369218544559e-18
8.295052518139764 1.109098463197025e-18
8.297322605444688 1.0968293685373783e-18
8.299593313999008 1.0864921049420842e-18
8.30186464397274 1.0782032059400062e-18
8.304136595535947 1.0690170953932642e-18
8.306409168858739 1.0577923290571763e-18
8.308682364111268 1.0456375691214083e-18
8.310956181463741 1.035527939712723e-18
8.313230621086403 1.0273657284040038e-18
8.31550568314955 1.0204232936261468e-18
8.317781367823521 1.015523310805663e-18
8.320057675278711 1.0110879423007555e-18
8.322334605685551 1.0042090844316192e-18
8.32461215921452 9.952424548252714e-19
8.326890336036154 9.881103765936409e-19
8.32916913632102 9.836293516336153e-19
8.331448560239744 9.794325634648552e-19
8.333728607962993 9.729988389184506e-19
8.336009279661484 9.648581025541913e-19
8.338290575505978 9.568781192504982e-19
8.340572495667281 9.491047659534153e-19
8.342855040316252 9.413113485758375e-19
8.34513820962379 9.333177943936887e-19
8.347422003760848 9.251878183545123e-19
8.349706422898414 9.177604956892132e-19
8.35199146720754 9.11148881156971e-19
8.35427713685931 9.04812503425058e-19
8.356563432024856 8.988846303452282e-19
8.358850352875368 8.932011899925213e-19
8.361137899582072 8.869498356717155e-19
8.363426072316248 8.800922223584714e-19
8.365714871249214 8.73770333796065e-19
8.368004296552346 8.686673055759305e-19
8.37029434839706 8.642036212866236e-19
8.372585026954814 8.589316477179474e-19
8.374876332397129 8.528552225791007e-19
8.377168264895555 8.472137265581537e-19
8.379460824621699 8.423843223788622e-19
8.381754011747216 8.379173812721381e-19
8.384047826443801 8.3324998220539375e-19
8.386342268883201 8.283953292933788e-19
8.38863733923721 8.235413010972378e-19
8.39093303767767 8.186892285222091e-19
8.393229364376463 8.137640061355649e-19
8.395526319505525 8.082348033492205e-19
8.397823903236837 8.021746075640164e-19
8.400122115742427 7.96506734551128e-19
8.402420957194373 7.914469214750941e-19
8.40472042776479 7.870464281658939e-19
8.407020527625855 7.852700952447347e-19
8.40932125694978 7.856735661839984e-19
8.411622615908833 7.846840205268839e-19
8.413924604675321 7.816783136189525e-19
8.416227223421604 7.779645586393758e-19
8.418530472320082 7.738494006462159e-19
8.420834351543213 7.694171918645444e-19
8.423138861263496 7.654262633667761e-19
8.425444001653474 7.620411170550531e-19
8.427749772885743 7.589187839025984e-19
8.430056175132947 7.562000879620814e-19
8.432363208567772 7.537857812697417e-19
8.434670873362949 7.512192010475215e-19
8.436979169691266 7.484525460987167e-19
8.439288097725555 7.456378985516911e-19
8.441597657638688 7.428243964001241e-19
8.443907849603594 7.400115158874442e-19
8.446218673793243 7.371993693870374e-19
8.448530130380657 7.343883689665424e-19
8.450842219538899 7.314593284654478e-19
8.453154941441085 7.2813019437220395e-19
8.455468296260376 7.245185398617102e-19
8.457782284169982 7.209078741856727e-19
8.460096905343159 7.172986833959481e-19
8.46241215995321 7.134420675250911e-19
8.464728048173487 7.087855385385195e-19
8.467044570177388 7.035758006696325e-19
8.46936172613836 6.988562449028873e-19
8.471679516229894 6.947395352442601e-19
8.473997940625535 6.907350954080657e-19
8.47631699949887 6.867322963625692e-19
8.478636693023534 6.827302719832341e-19
8.480957021373209 6.78729390651265e-19
8.483277984721628 6.747301510838435e-19
8.485599583242571 6.706043701384154e-19
8.487921817109862 6.660806311003346e-19
8.490244686497373 6.612847703813434e-19
8.49256819157903 6.563275257927099e-19
8.494892332528801 6.511725625739073e-19
8.497217109520701 6.462294014909343e-19
8.499542522728792 6.420864819858638e-19
8.50186857232719 6.384945195815596e-19
8.504195258490052 6.3410045407744935e-19
8.506522581391586 6.287107873851122e-19
8.508850541206044 6.23840626821869e-19
8.511179138107734 6.213637908344411e-19
8.513508372271001 6.205666747131371e-19
8.515838243870245 6.192983844215668e-19
8.51816875307991 6.174329983680979e-19
8.520499900074492 6.153309081614178e-19
8.522831685028532 6.1283168734834155e-19
8.525164108116616 6.100456282580055e-19
8.527497169513383 6.063466194488697e-19
8.529830869393516 6.014555640055758e-19
8.532165207931747 5.96435202115654e-19
8.53450018530286 5.920130884971743e-19
8.536835801681677 5.880385077238528e-19
8.539172057243077 5.849412246102325e-19
8.541508952161983 5.830371385495683e-19
8.543846486613369 5.814484292628413e-19
8.54618466077225 5.798603798683133e-19
8.548523474813695 5.78272751991224e-19
8.55086292891282 5.764084739704349e-19
8.553203023244787 5.741482250952381e-19
8.555543757984804 5.719089118196515e-19
8.557885133308137 5.704631910517472e-19
8.560227149390089 5.696704808150316e-19
8.562569806406014 5.690074737586502e-19
8.564913104531318 5.6854283659251e-19
8.567257043941447 5.680441005961043e-19
8.569601624811906 5.667540331204324e-19
8.571946847318236 5.647750204921511e-19
8.574292711636033 5.63631248473724e-19
8.576639217940944 5.6387264409660335e-19
8.578986366408659 5.646044069138595e-19
8.581334157214915 5.645454486671574e-19
8.5836825905355 5.637549502826715e-19
8.586031666546248 5.641486265247515e-19
8.588381385423045 5.667149811349746e-19
8.590731747341822 5.7026484970921285e-19
8.593082752478558 5.734185870999343e-19
8.595434401009282 5.761814529343315e-19
8.59778669311007 5.777135793023793e-19
8.600139628957045 5.766808303464619e-19
8.60249320872638 5.743139997165203e-19
8.604847432594294 5.7194807289960565e-19
8.60720230073706 5.695831406108595e-19
8.609557813330992 5.673789739301924e-19
8.611913970552457 5.655696647023449e-19
8.614270772577868 5.639939986413371e-19
8.616628219583689 5.615636329104487e-19
8.618986311746426 5.581498342663568e-19
8.621345049242638 5.549332063130313e-19
8.623704432248939 5.527091323536819e-19
8.626064460941976 5.511512797415779e-19
8.628425135498453 5.506347858420874e-19
8.630786456095128 5.514869399767839e-19
8.633148422908796 5.529645304526485e-19
8.63551103611631 5.558162286657077e-19
8.637874295894562 5.597442118659995e-19
8.640238202420502 5.627493951510024e-19
8.64260275587112 5.643790976464305e-19
8.644967956423459 5.655809754507289e-19
8.647333804254615 5.669784481240629e-19
8.64970029954172 5.685474115485266e-19
8.652067442461965 5.700036317918301e-19
8.654435233192586 5.712632057619252e-19
8.65680367191087 5.724528919534863e-19
8.659172758794146 5.742295225884848e-19
8.6615424940198 5.765796185398703e-19
8.66391287776526 5.778252418954029e-19
8.666283910208005 5.767214466668576e-19
8.66865559152556 5.743727056354621e-19
8.671027921895504 5.736362181792437e-19
8.673400901495464 5.7466102777052995e-19
8.675774530503109 5.754835445467857e-19
8.678148809096163 5.753284514773633e-19
8.680523737452393 5.745466565450595e-19
8.682899315749623 5.740778527991178e-19
8.68527554416572 5.74e-19
8.687652422878598 5.733421617466633e-19
8.690029952066224 5.699523357817609e-19
8.69240813190661 5.644876127020485e-19
8.69478696257782 5.610098274736104e-19
8.697166444257967 5.604598061302189e-19
8.699546577125208 5.609846909324583e-19
8.701927361357754 5.626785784263985e-19
8.704308797133862 5.654070141347803e-19
8.706690884631836 5.68456329198977e-19
8.709073624030033 5.720887189448558e-19
8.71145701550686 5.759842102697826e-19
8.713841059240766 5.821724394653974e-19
8.716225755410253 5.906946069219728e-19
8.718611104193869 5.991767848853255e-19
8.720997105770222 6.074608185073404e-19
8.723383760317954 6.156295482390025e-19
8.72577106801576 6.22813260789614e-19
8.728159029042391 6.288273435658119e-19
8.730547643576639 6.348148813948945e-19
8.73293691179735 6.413824666553765e-19
8.735326833883413 6.483741058682559e-19
8.737717410013776 6.557690709879074e-19
8.740108640367422 6.637432372019367e-19
8.742500525123397 6.718253373393691e-19
8.744893064460786 6.793222094182218e-19
8.74728625855873 6.863037064385986e-19
8.749680107596415 6.946472696819619e-19
8.752074611753073 7.055070804380987e-19
8.754469771207996 7.175236717091845e-19
8.75686558614051 7.27302235204215e-19
8.759262056730002 7.347515037001048e-19
8.761659183155905 7.430643292617541e-19
8.764056965597698 7.538895625775386e-19
8.766455404234911 7.662757180226083e-19
8.768854499247126 7.78350577423228e-19
8.771254250813971 7.90033283396723e-19
8.773654659115124 8.015960488706902e-19
8.776055724330309 8.129605552236929e-19
8.778457446639305 8.241691136854991e-19
8.780859826221935 8.342930900499187e-19
8.783262863258074 8.426742111407402e-19
8.785666557927648 8.503469583663991e-19
8.788070910410628 8.564728137885158e-19
8.790475920887037 8.611040452183236e-19
8.792881589536947 8.641120137845401e-19
8.795287916540476 8.634542655605587e-19
8.797694902077797 8.607543276400631e-19
8.800102546329128 8.549425173730136e-19
8.80251084947474 8.454703761551095e-19
8.80491981169495 8.357452607917645e-19
8.807329433170121 8.27179775003992e-19
8.809739714080676 8.194770110863351e-19
8.812150654607079 8.139320305802977e-19
8.814562254929843 8.116616774922599e-19
8.816974515229536 8.105187371149666e-19
8.819387435686771 8.095685605649052e-19
8.821801016482212 8.087994200533402e-19
8.82421525779657 8.091813237241093e-19
8.826630159810612 8.120614233370648e-19
8.829045722705146 8.162891478963624e-19
8.831461946661037 8.267812784729672e-19
8.833878831859195 8.445685838777993e-19
8.83629637848058 8.62994973385126e-19
8.8387145867062 8.798782350155059e-19
8.84113345671712 8.95612784617706e-19
8.843552988694444 9.093526328921015e-19
8.845973182819336 9.200176885472701e-19
8.848394039272996 9.297900227632333e-19
8.85081555823669 9.439643328049954e-19
8.853237739891725 9.623579180642043e-19
8.855660584419454 9.840615851734105e-19
8.858084092001283 1.0134154401185329e-18
8.860508262818673 1.0471165283870638e-18
8.86293309705313 1.0748383119821796e-18
8.865358594886207 1.0952742839896249e-18
8.867784756499507 1.1140106384403032e-18
8.870211582074694 1.1308268276469528e-18
8.872639071793465 1.1461226657709986e-18
8.875067225837576 1.1636813914373018e-18
8.877496044388835 1.1850544577701603e-18
8.879925527629094 1.2079842070644844e-18
8.882355675740254 1.2271779115571557e-18
8.884786488904272 1.242542703247435e-18
8.887217967303151 1.2571344868347286e-18
8.889650111118943 1.26981181263369e-18
8.892082920533749 1.2812595241019498e-18
8.894516395729728 1.292704320845005e-18
8.89695053688908 1.3041440396296975e-18
8.899385344194055 1.3149318002576524e-18
8.901820817826957 1.32e-18
8.90425695797014 1.32e-18
8.906693764806006 1.3190679646225655e-18
8.909131238517006 1.3162322748094307e-18
8.911569379285641 1.3124244449694487e-18
8.914008187294465 1.302049140243945e-18
8.91644766272608 1.2840656086909822e-18
8.918887805763138 1.265935492889135e-18
8.92132861658834 1.2516154242258576e-18
8.923770095384441 1.2402091534895528e-18
8.926212242334238 1.2276554327050664e-18
8.928655057620585 1.2132071920488866e-18
8.931098541426387 1.198008241573459e-18
8.933542693934593 1.1883568436619827e-18
8.935987515328208 1.184407529226294e-18
8.93843300579028 1.183828443430767e-18
8.940879165503912 1.1927347242205289e-18
8.94332599465226 1.207910670719986e-18
8.945773493418528 1.224416376158984e-18
8.948221661985961 1.2428108413093346e-18
8.950670500537868 1.2621423377258253e-18
8.9531200092576 1.2871469041688237e-18
8.955570188328561 1.3174527327371693e-18
8.958021037934206 1.3485642301748716e-18
8.960472558258035 1.3815548010751673e-18
8.962924749483605 1.4156275845343302e-18
8.965377611794516 1.4511744971293419e-18
8.967831145374427 1.4885975920021306e-18
8.970285350407043 1.5264287078439086e-18
8.972740227076113 1.5642428100748957e-18
8.975195775565444 1.60204376427998e-18
8.977651996058896 1.6435887160133055e-18
8.980108888740371 1.6926710610866715e-18
8.98256645379383 1.7455592096096314e-18
8.985024691403268 1.7952256139614565e-18
8.987483601752754 1.8410933383120824e-18
8.989943185026391 1.8860143490328533e-18
8.992403441408335 1.929029202092748e-18
8.994864371082794 1.9705205878361008e-18
8.997325974234029 2.0016684005922356e-18
8.999788251046345 2.0139522077158414e-18
9.002251201704105 2.017721774575504e-18
9.004714826391716 2.0181168941033832e-18
9.00717912529364 2.0147436364943114e-18
9.009644098594384 2.008711898533479e-18
9.012109746478513 1.9932737167677076e-18
9.014576069130639 1.9706910678300512e-18
9.017043066735422 1.94811182700355e-18
9.019510739477575 1.9255428270272636e-18
9.021979087541862 1.9029744824527582e-18
9.024448111113097 1.890844383160226e-18
9.02691781037614 1.89e-18
9.029388185515913 1.8895035144990235e-18
9.03185923671738 1.887129492182428e-18
9.034330964165553 1.8833739047301528e-18
9.036803368045502 1.8841348989315257e-18
9.039276448542346 1.892402968490593e-18
9.041750205841247 1.9036625584144798e-18
9.044224640127428 1.9237024904272653e-18
9.04669975158616 1.9531130180288604e-18
9.049175540402764 1.9855834754092473e-18
9.051652006762602 2.0271661117184266e-18
9.054129150851104 2.0753993901997017e-18
9.056606972853743 2.128073227877951e-18
9.05908547295604 2.1884546750568448e-18
9.061564651343566 2.2521184817492808e-18
9.06404450820195 2.310678739714566e-18
9.066525043716865 2.3635968635215624e-18
9.069006258074037 2.4159833672501738e-18
9.071488151459246 2.468345894001562e-18
9.073970724058318 2.5206933505144254e-18
9.076453976057131 2.56469179286376e-18
9.078937907641617 2.5937214915476345e-18
9.081422518997755 2.616141690072986e-18
9.083907810311574 2.630322808313208e-18
9.08639378176916 2.6351591846324165e-18
9.088880433556648 2.636233743504531e-18
9.09136776586022 2.624250354252e-18
9.093855778866107 2.6018651774775175e-18
9.096344472760602 2.574604919606763e-18
9.098833847730042 2.53803510214798e-18
9.101323903960807 2.4970221323743072e-18
9.103814641639346 2.4654231671364903e-18
9.106306060952143 2.4450196709692903e-18
9.10879816208574 2.4284374434150207e-18
9.111290945226735 2.4248911316430863e-18
9.113784410561763 2.4323363389988726e-18
9.116278558277521 2.446786129015019e-18
9.118773388560758 2.4761111910362917e-18
9.121268901598267 2.5133130507948817e-18
9.123765097576896 2.553412751451103e-18
9.126261976683548 2.597212520388042e-18
9.128759539105168 2.6418226673451343e-18
9.131257785028762 2.6864121825403174e-18
9.133756714641375 2.730984103223745e-18
9.136256328130116 2.779271114319046e-18
9.138756625682142 2.8368159691431157e-18
9.141257607484652 2.8999183087477664e-18
9.143759273724909 2.9643149410876828e-18
9.146261624590217 3.0305367987172557e-18
9.14876466026794 3.0972488286392865e-18
9.151268380945488 3.1583715837893742e-18
9.153772786810322 3.213962063398214e-18
9.156277878049956 3.264350305431412e-18
9.158783654851954 3.2980487874271715e-18
9.161290117403933 3.3202703928285384e-18
9.16379726589356 3.345886359292038e-18
9.166305100508556 3.377042977452626e-18
9.16881362143669 3.4103534838790684e-18
9.171322828865783 3.44533348351388e-18
9.173832722983708 3.482147078115789e-18
9.176343303978392 3.52103357141771e-18
9.178854572037807 3.5691397590400555e-18
9.181366527349983 3.624568984976046e-18
9.183879170102998 3.679069571056775e-18
9.186392500484985 3.731698106556318e-18
9.188906518684119 3.783397888194795e-18
9.191421224888641 3.823392434036252e-18
9.193936619286832 3.848603234458977e-18
9.196452702067027 3.8699877618956446e-18
9.198969473417616 3.882145827490923e-18
9.20148693352704 3.8858327723491586e-18
9.204005082583787 3.887475318206389e-18
9.206523920776398 3.88359014549127e-18
9.209043448293475 3.8762211494446325e-18
9.211563665323656 3.8628178596274794e-18
9.21408457205564 3.840214164460672e-18
9.216606168678176 3.814439823206017e-18
9.21912845538007 3.790404862869731e-18
9.221651432350166 3.768221555469618e-18
9.224175099777373 3.750221819808803e-18
9.226699457850648 3.750610632809512e-18
9.229224506758994 3.765315180235391e-18
9.231750246691474 3.7910703563907376e-18
9.234276677837197 3.8388576796004326e-18
9.236803800385326 3.8976365747788984e-18
9.239331614525076 3.953537128052787e-18
9.241860120445713 4.005739255121193e-18
9.244389318336555 4.0580452544865256e-18
9.24691920838697 4.126829658808192e-18
9.249449790786384 4.2111880948352965e-18
9.251981065724266 4.284097388755401e-18
9.254513033390147 4.322151282088974e-18
9.257045693973597 4.3368124643210076e-18
9.259579047664248 4.364668245942911e-18
9.262113094651784 4.414491069257394e-18
9.264647835125935 4.473096358833563e-18
9.267183269276485 4.549195747302873e-18
9.269719397293272 4.645396624579625e-18
9.272256219366188 4.743206772169873e-18
9.274793735685169 4.833657288620079e-18
9.277331946440206 4.917765818935231e-18
9.27987085182135 4.997447862765099e-18
9.282410452018695 5.066128216937362e-18
9.284950747222389 5.128253374912537e-18
9.28749173762263 5.184274966851896e-18
9.290033423409678 5.231138414531944e-18
9.292575804773833 5.274961779345171e-18
9.295118881905449 5.310296467575878e-18
9.297662654994943 5.336487875283216e-18
9.30020712423277 5.357914689353159e-18
9.302752289809444 5.357456365687068e-18
9.305298151915533 5.3392263955440735e-18
9.307844710741652 5.312070926971666e-18
9.31039196647847 5.264887570835124e-18
9.312939919316715 5.206591355626788e-18
9.315488569447155 5.1406562203275e-18
9.318037917060614 5.063827325179754e-18
9.320587962347979 4.983724655218369e-18
9.323138705500174 4.901922223024942e-18
9.325690146708185 4.818339062310166e-18
9.328242286163045 4.738771470734819e-18
9.330795124055847 4.679234031854016e-18
9.333348660577723 4.63561328300827e-18
9.335902895919869 4.610979030817282e-18
9.338457830273532 4.628134554180331e-18
9.341013463830006 4.668092855364591e-18
9.343569796780638 4.723317626104645e-18
9.346126829316836 4.800300731121365e-18
9.348684561630048 4.8837925907038e-18
9.35124299391178 4.992992669881126e-18
9.353802126353596 5.129355820563829e-18
9.356361959147105 5.269588181150866e-18
9.358922492483968 5.4224368743130755e-18
9.361483726555903 5.5855212774101586e-18
9.364045661554677 5.7447017566047844e-18
9.366608297672112 5.894750954449439e-18
9.369171635100084 6.0396149268314194e-18
9.371735674030516 6.179603608408781e-18
9.374300414655387 6.3122852518887215e-18
9.37686585716673 6.442572792955097e-18
9.379432001756625 6.535148075477613e-18
9.38199884861721 6.586075326136688e-18
9.384566397940674 6.6333396117594235e-18
9.38713464991926 6.682387488974171e-18
9.389703604745257 6.732970895372668e-18
9.392273262611017 6.776151778884539e-18
9.394843623708937 6.799452647397322e-18
9.397414688231468 6.8102844263217555e-18
9.399986456371115 6.797180499553076e-18
9.402558928320438 6.74438784259044e-18
9.405132104272042 6.675834263913769e-18
9.407705984418591 6.5893233292450676e-18
9.410280568952803 6.481215172215842e-18
9.412855858067445 6.369447372317094e-18
9.41543185195534 6.257733822153341e-18
9.418008550809354 6.146069641716662e-18
9.420585954822421 6.043017339617584e-18
9.423164064187517 5.97061133619376e-18
9.425742879097676 5.920217581136491e-18
9.42832239974598 5.881602964238335e-18
9.43090262632557 5.866390400681424e-18
9.433483559029632 5.862793365551812e-18
9.436065198051415 5.878696948185309e-18
9.438647543584212 5.9215574494625776e-18
9.44123059582137 5.971880644464283e-18
9.443814354956293 6.040770528870087e-18
9.446398821182441 6.129389109446479e-18
9.448983994693316 6.221429880280607e-18
9.451569875682479 6.327778771869687e-18
9.454156464343546 6.4461986873264716e-18
9.456743760870186 6.570592795187068e-18
9.459331765456113 6.711063588045836e-18
9.461920478295106 6.861673680864105e-18
9.464509899580989 7.010174144616958e-18
9.467100029507638 7.155017943818987e-18
9.469690868268987 7.298354923931232e-18
9.47228241605902 7.424656164398403e-18
9.474874673071778 7.529404738926001e-18
9.477467639501352 7.629669715582902e-18
9.480061315541883 7.703110050973494e-18
9.482655701387571 7.749667178430131e-18
9.485250797232668 7.783116304882122e-18
9.487846603271475 7.752204238478486e-18
9.49044311969835 7.669982882195651e-18
9.493040346707705 7.58559038930882e-18
9.495638284494003 7.49588061866277e-18
9.498236933251757 7.403000750371497e-18
9.500836293175539 7.309056366326673e-18
9.503436364459974 7.21337308605914e-18
9.506037147299736 7.116989531230055e-18
9.508638641889556 7.045041323299779e-18
9.511240848424219 7.00345783854792e-18
9.513843767098555 6.967793621021851e-18
9.516447398107458 6.9374918208930445e-18
9.519051741645871 6.912545947518631e-18
9.521656797908792 6.8910704346303016e-18
9.524262567091263 6.887357634945271e-18
9.526869049388395 6.8979352221790724e-18
9.529476244995344 6.91940837065283e-18
9.532084154107313 6.971172568425763e-18
9.53469277691957 7.042343438680536e-18
9.537302113627433 7.115457390052398e-18
9.539912164426273 7.19209158660991e-18
9.542522929511506 7.270323387775986e-18
9.545134409078617 7.360318070704011e-18
9.547746603323134 7.466262224393169e-18
9.550359512440636 7.576418741446275e-18
9.552973136626768 7.6832513133065e-18
9.555587476077221 7.786478788383138e-18
9.558202530987732 7.88963432225955e-18
9.560818301554107 7.994512102735317e-18
9.563434787972197 8.100932550416812e-18
9.566051990437902 8.19716952416105e-18
9.568669909147186 8.257910503722049e-18
9.57128854429606 8.29335837276352e-18
9.573907896080591 8.317238042541232e-18
9.576527964696897 8.316307875794536e-18
9.579148750341155 8.302138983072268e-18
9.58177025320959 8.277727818880518e-18
9.584392473498482 8.23739744705638e-18
9.58701541140417 8.191381904930398e-18
9.589639067123038 8.145382875833676e-18
9.59226344085153 8.099406835082995e-18
9.594888532786143 8.053424682976184e-18
9.597514343123427 7.998715175494374e-18
9.600140872059981 7.935193581634933e-18
9.602768119792469 7.872148349985041e-18
9.605396086517597 7.812665464771465e-18
9.608024772432131 7.756169812271933e-18
9.610654177732894 7.704316083636629e-18
9.613284302616751 7.666602363240912e-18
9.615915147280637 7.63837513585209e-18
9.618546711921526 7.62061918334734e-18
9.621178996736456 7.624029463125633e-18
9.623812001922515 7.638132767937136e-18
9.626445727676844 7.661512780314345e-18
9.62908017419664 7.69897676303581e-18
9.63171534167915 7.741255722480389e-18
9.634351230321684 7.792179450193181e-18
9.636987840321598 7.853642452960648e-18
9.6396251718763 7.917014417155191e-18
9.64226322518326 7.992412233208559e-18
9.644902000440002 8.080089720157007e-18
9.647541497844092 8.168512581949302e-18
9.650181717593163 8.260405144955698e-18
9.652822659884897 8.355297506316695e-18
9.655464324917034 8.444052425629547e-18
9.658106712887355 8.511690646216262e-18
9.660749823993712 8.564369800135335e-18
9.663393658434005 8.611590434579159e-18
9.666038216406186 8.646503379612675e-18
9.668683498108255 8.674578203073877e-18
9.671329503738285 8.698478229039341e-18
9.673976233494386 8.715351483024647e-18
9.676623687574725 8.729378522695757e-18
9.679271866177531 8.723883389911838e-18
9.68192076950108 8.692103509528732e-18
9.684570397743704 8.653557699463654e-18
9.68722075110379 8.602582297897304e-18
9.689871829779783 8.537622104395094e-18
9.692523633970175 8.47080802224359e-18
9.695176163873514 8.395283903119113e-18
9.697829419688409 8.311331675656175e-18
9.700483401613516 8.228890207174743e-18
9.703138109847545 8.155228764641926e-18
9.705793544589268 8.08881601687841e-18
9.708449706037506 8.022401396716281e-18
9.711106594391131 7.956020597871288e-18
9.713764209849078 7.889657326979009e-18
9.716422552610329 7.831160509130337e-18
9.719081622873924 7.790146127242098e-18
9.721741420838958 7.758734351168802e-18
9.724401946704578 7.730389983969231e-18
9.727063200669988 7.707292319244918e-18
9.729725182934446 7.68636678758867e-18
9.732387893697261 7.682956597164226e-18
9.735051333157802 7.703948606987272e-18
9.73771550151549 7.731828427277652e-18
9.740380398969798 7.762650350553435e-18
9.743046025720258 7.796939894912598e-18
9.745712381966456 7.831763536149511e-18
9.748379467908027 7.868268098556664e-18
9.751047283744668 7.906494455745591e-18
9.753715829676128 7.943525548492169e-18
9.756385105902213 7.968372050387368e-18
9.759055112622775 7.982276766259643e-18
9.761725850037731 7.997358650664536e-18
9.764397318347047 8.01764302004106e-18
9.767069517750745 8.04195793487881e-18
9.769742448448898 8.064466715785912e-18
9.772416110641645 8.08175730064526e-18
9.77509050452917 8.095641049541097e-18
9.777765630311709 8.103060376853235e-18
9.780441488189563 8.09660120329174e-18
9.783118078363085 8.082727951876501e-18
9.785795401032676 8.052705659478752e-18
9.788473456398794 7.994968821869598e-18
9.791152244661962 7.925655098798015e-18
9.793831766022748 7.85515375740516e-18
9.79651202068177 7.782956894203917e-18
9.799193008839719 7.710232694584157e-18
9.801874730697325 7.641734779440033e-18
9.804557186455373 7.578464368016529e-18
9.807240376314713 7.516176704177548e-18
9.809924300476245 7.45709472565113e-18
9.81260895914092 7.401502287916969e-18
9.815294352509753 7.346364561075422e-18
9.817980480783806 7.298162957179795e-18
9.820667344164196 7.256712427866815e-18
9.823354942852099 7.215483001905617e-18
9.82604327704875 7.17600062094624e-18
9.828732346955432 7.138033316078778e-18
9.831422152773479 7.10046823158018e-18
9.834112694704293 7.064647089880687e-18
9.836803972949323 7.030157757450113e-18
9.83949598771007 6.999140491426969e-18
9.842188739188096 6.97847861196394e-18
9.844882227585021 6.964693447974014e-18
9.847576453102516 6.962872047711888e-18
9.850271415942299 6.988603224204655e-18
9.852967116306157 7.029926981419618e-18
9.855663554395928 7.064857836694603e-18
9.858360730413501 7.087725308443413e-18
9.86105864456082 7.104930306222939e-18
9.863757297039893 7.112475407572494e-18
9.866456688052777 7.104541073191018e-18
9.869156817801581 7.090787671738968e-18
9.871857686488475 7.068434163270251e-18
9.874559294315684 7.034064537952947e-18
9.877261641485486 6.99627185052096e-18
9.87996472820021 6.95434939528765e-18
9.882668554662251 6.907297841636256e-18
9.885373121074055 6.859235211065007e-18
9.88807842763812 6.806606444005593e-18
9.890784474557002 6.74885796360028e-18
9.893491262033312 6.690541352051512e-18
9.896198790269715 6.628908872390492e-18
9.898907059468932 6.56387970340505e-18
9.901616069833748 6.4989563416844335e-18
9.90432582156699 6.437490818720032e-18
9.907036314871545 6.379280563400979e-18
9.909747549950364 6.321534336356744e-18
9.91245952700644 6.267239702189395e-18
9.915172246242829 6.2159176469511604e-18
9.917885707862641 6.166435792337796e-18
9.92059991206905 6.125526786229972e-18
9.923314859065272 6.0913387289290615e-18
9.92603054905458 6.05814366270341e-18
9.928746982240316 6.028382278126393e-18
9.931464158825866 6.001053167645929e-18
9.934182079014668 5.975587856325181e-18
9.936900743010234 5.95525646332054e-18
9.939620151016111 5.93818911536686e-18
9.942340303235909 5.927049593786274e-18
9.945061199873305 5.929560410855555e-18
9.947782841132014 5.939792805076807e-18
9.950505227215814 5.979995791140343e-18
9.953228358328541 6.079827381700378e-18
9.95595223467409 6.2093361036081815e-18
9.958676856456405 6.378495650633921e-18
9.961402223879485 6.617388775678531e-18
9.964128337147388 6.886419179790696e-18
9.96685519646423 7.138189586851e-18
9.969582802034182 7.362598970537367e-18
9.972311154061462 7.576973464986475e-18
9.97504025275036 7.884330905475398e-18
9.977770098305207 8.325859729274384e-18
9.980500690930398 8.808672376065453e-18
9.98323203083038 9.688330007477559e-18
9.985964118209663 1.1095955483946051e-17
9.988696953272806 1.2634980438742398e-17
9.99143053622442 1.3607144632197655e-17
9.994164867269184 1.3877576194611295e-17
9.996899946611828 1.4013365027122378e-17
9.999635774457133 1.4002940938514848e-17
10.00237235100994 1.3822866069364064e-17
10.00510967647515 1.3619344073869704e-17
10.007847751057714 1.39886034433342e-17
10.010586574962636 1.4984914087410167e-17
10.013326148394984 1.603561054738957e-17
10.016066471559888 1.5635185836735007e-17
10.018807544662517 1.3727346514265059e-17
10.021549367908104 1.1764870073414026e-17
10.024291941501943 9.984410754988976e-18
10.027035265649378 8.384237059412647e-18
10.029779340555809 6.814196976239063e-18
10.0325241664267 5.807762119741141e-18
10.035269743467563 5.334515202288351e-18
10.038016071883964 4.874177955976774e-18
10.040763151881535 4.5491812982982885e-18
10.043510983665964 4.346523084089916e-18
10.046259567442984 4.148054657034815e-18
10.04900890341839 3.980767424952714e-18
10.051758991798039 3.840424672981675e-18
10.05450983278784 3.700201275696714e-18
10.057261426593751 3.561038645107668e-18
10.060013773421801 3.4227793095582685e-18
10.062766873478065 3.286605213092637e-18
10.065520726968675 3.1622970234462257e-18
10.068275334099827 3.0477349117458167e-18
10.071030695077765 2.935999166549541e-18
10.073786810108789 2.8377903369387624e-18
10.076543679399261 2.750254406347299e-18
10.079301303155603 2.6704056106858005e-18
10.082059681584282 2.622558179894214e-18
10.084818814891825 2.5990097810299855e-18
10.087578703284827 2.588087703602674e-18
10.090339346969923 2.624230731628351e-18
10.093100746153814 2.6948189794312774e-18
10.095862901043255 2.7885755421760854e-18
10.09862581184506 2.961210983596834e-18
10.101389478766098 3.1895978930644976e-18
10.104153902013287 3.4630946295881466e-18
10.10691908179362 3.879074634270569e-18
10.109685018314131 4.392529575215737e-18
10.112451711781913 4.968621435462533e-18
10.11521916240412 5.730512017092099e-18
10.117987370387961 6.6157557638912584e-18
10.120756335940701 7.544333937233158e-18
10.12352605926966 8.594707497062573e-18
10.126296540582217 9.723817610842692e-18
10.129067780085814 1.0836177071531924e-17
10.131839777987938 1.1902734796213654e-17
10.134612534496135 1.294053790440725e-17
10.137386049818016 1.390784867701663e-17
10.140160324161245 1.469064379224744e-17
10.142935357733538 1.535964910283167e-17
10.14571115074267 1.5969436577423884e-17
10.14848770339648 1.6428476920426835e-17
10.151265015902855 1.6796129798315362e-17
10.154043088469738 1.7136936295563382e-17
10.15682192130514 1.7410760126129523e-17
10.159601514617119 1.7644529954355626e-17
10.162381868613789 1.7810328167302274e-17
10.165162983503329 1.780917977032488e-17
10.167944859493973 1.770907466605395e-17
10.170727496794004 1.7506317115887226e-17
10.173510895611772 1.7053590804261062e-17
10.176295056155677 1.6453452373189252e-17
10.17907997863418 1.594241586070616e-17
10.181865663255797 1.564821686893488e-17
10.184652110229106 1.5481648582238196e-17
10.187439319762733 1.5294639323941718e-17
10.190227292065366 1.5057798746650774e-17
10.193016027345754 1.4791508600399107e-17
10.195805525812698 1.447803836354817e-17
10.198595787675053 1.4048324117479742e-17
10.201386813141742 1.3549441265579595e-17
10.204178602421738 1.3043959155928357e-17
10.206971155724066 1.2522137588911123e-17
10.209764473257817 1.1990434822614226e-17
10.212558555232143 1.1452287455350082e-17
10.215353401856238 1.0897832741439525e-17
10.218149013339364 1.0333365309224974e-17
10.22094538989084 9.782090940398355e-18
10.223742531720042 9.26595788228141e-18
10.226540439036398 8.771628212065295e-18
10.229339112049399 8.2954130210833e-18
10.232138550968592 7.869186993889437e-18
10.23493875600358 7.474714049640211e-18
10.23773972736402 7.092330861103808e-18
10.240541465259636 6.7449381626368884e-18
10.243343969900202 6.4203478198179286e-18
10.246147241495553 6.103908557339973e-18
10.248951280255575 5.812465701663441e-18
10.25175608639022 5.537786183286765e-18
10.254561660109493 5.277815257867914e-18
10.257368001623458 5.065935951787622e-18
10.260175111142232 4.887377662316317e-18
10.262982988875999 4.7195587822158795e-18
10.26579163503499 4.589828190442067e-18
10.268601049829496 4.4874080355326244e-18
10.27141123346987 4.3968263910492484e-18
10.274222186166526 4.352510835725315e-18
10.277033908129923 4.342607491585024e-18
10.279846399570584 4.3357013506939905e-18
10.282659660699094 4.341992309270909e-18
10.28547369172609 4.3584840654607045e-18
10.288288492862266 4.3778794749663085e-18
10.29110406431838 4.4120938207980886e-18
10.293920406305244 4.458232018362988e-18
10.29673751903372 4.511027567813717e-18
10.299555402714741 4.604952021031654e-18
10.302374057559295 4.73337190831102e-18
10.305193483778414 4.863458373770291e-18
10.308013681583207 5.006631648622082e-18
10.31083465118483 5.1612638804877865e-18
10.313656392794499 5.315927385894533e-18
10.316478906623486 5.4705045939122426e-18
10.319302192883125 5.625006525218624e-18
10.322126251784802 5.779545053661759e-18
10.324951083539965 5.9339972505137175e-18
10.327776688360121 6.0883687771881174e-18
10.330603066456833 6.24278255035124e-18
