#xsec (eV,cm2) for H2S -> SH + H
3.1000290654125155 0.0
3.1008774429979375 0.0
3.1017260527568364 0.0
3.102574894752751 0.0
3.103423969049237 0.0
3.1042732757098674 0.0
3.105122814798232 0.0
3.1059725863779404 0.0
3.1068225905126168 0.0
3.1076728272659047 0.0
3.1085232967014633 0.0
3.1093739988829707 0.0
3.1102249338741217 0.0
3.1110761017386297 0.0
3.1119275025402233 0.0
3.1127791363426507 0.0
3.113631003209677 0.0
3.114483103205083 0.0
3.1153354363926695 0.0
3.116188002836253 0.0
3.1170408025996696 0.0
3.1178938357467696 0.0
3.1187471023414233 0.0
3.119600602447518 0.0
3.1204543361289576 0.0
3.1213083034496645 0.0
3.122162504473578 0.0
3.123016939264656 0.0
3.123871607886872 0.0
3.1247265104042174 0.0
3.125581646880703 0.0
3.1264370173803555 0.0
3.1272926219672197 0.0
3.128148460705357 0.0
3.129004533658848 0.0
3.129860840891788 0.0
3.130717382468294 0.0
3.131574158452497 0.0
3.1324311689085467 0.0
3.133288413900611 0.0
3.134145893492875 0.0
3.1350036077495402 0.0
3.1358615567348274 0.0
3.1367197405129734 0.0
3.1375781591482346 0.0
3.1384368127048834 0.0
3.13929570124721 0.0
3.140154824839522 0.0
3.1410141835461456 0.0
3.141873777431423 0.0
3.1427336065597165 0.0
3.1435936709954033 0.0
3.1444539708028802 0.0
3.14531450604656 0.0
3.1461752767908746 0.0
3.1470362831002725 0.0
3.1478975250392205 0.0
3.148759002672203 0.0
3.1496207160637213 0.0
3.1504826652782953 0.0
3.151344850380462 0.0
3.1522072714347757 0.0
3.1530699285058095 0.0
3.1539328216581537 0.0
3.154795950956416 0.0
3.155659316465221 0.0
3.1565229182492125 0.0
3.157386756373052 0.0
3.158250830901417 0.0
3.1591151418990044 0.0
3.159979689430528 0.0
3.1608444735607195 0.0
3.1617094943543282 0.0
3.1625747518761216 0.0
3.1634402461908837 0.0
3.164305977363418 0.0
3.1651719454585443 0.0
3.1660381505411004 0.0
3.1669045926759427 0.0
3.1677712719279443 0.0
3.1686381883619976 0.0
3.16950534204301 0.0
3.170372733035909 0.0
3.171240361405639 0.0
3.1721082272171626 0.0
3.1729763305354606 0.0
3.1738446714255293 0.0
3.1747132499523856 0.0
3.1755820661810628 0.0
3.176451120176612 0.0
3.1773204120041023 0.0
3.1781899417286206 0.0
3.179059709415272 0.0
3.1799297151291785 0.0
3.1807999589354807 0.0
3.181670440899337 0.0
3.182541161085923 0.0
3.1834121195604332 0.0
3.184283316388078 0.0
3.185154751634088 0.0
3.1860264253637105 0.0
3.1868983376422104 0.0
3.1877704885348708 0.0
3.188642878106993 0.0
3.1895155064238967 0.0
3.190388373550917 0.0
3.1912614795534084 0.0
3.192134824496745 0.0
3.1930084084463153 0.0
3.193882231467529 0.0
3.194756293625812 0.0
3.195630594986608 0.0
3.196505135615379 0.0
3.1973799155776055 0.0
3.1982549349387845 0.0
3.1991301937644323 0.0
3.200005692120082 0.0
3.200881430071286 0.0
3.2017574076836133 0.0
3.2026336250226515 0.0
3.203510082154006 0.0
3.2043867791433005 0.0
3.2052637160561757 0.0
3.206140892958292 0.0
3.207018309915326 0.0
3.2078959669929725 0.0
3.208773864256945 0.0
3.209652001772975 0.0
3.210530379606812 0.0
3.211408997824223 0.0
3.2122878564909927 0.0
3.2131669556729245 0.0
3.21404629543584 0.0
3.2149258758455783 0.0
3.215805696967996 0.0
3.2166857588689695 0.0
3.2175660616143915 0.0
3.218446605270173 0.0
3.2193273899022437 0.0
3.220208415576551 0.0
3.221089682359061 0.0
3.2219711903157555 0.0
3.2228529395126375 0.0
3.223734930015726 0.0
3.22461716189106 0.0
3.2254996352046934 0.0
3.2263823500227007 0.0
3.2272653064111747 0.0
3.2281485044362244 0.0
3.229031944163978 0.0
3.229915625660582 0.0
3.2307995489922003 0.0
3.2316837142250163 0.0
3.2325681214252295 0.0
3.233452770659059 0.0
3.2343376619927415 0.0
3.2352227954925317 0.0
3.2361081712247026 0.0
3.236993789255546 0.0
3.2378796496513704 0.0
3.238765752478504 0.0
3.2396520978032917 0.0
3.2405386856920977 0.0
3.2414255162113035 0.0
3.2423125894273097 0.0
3.2431999054065344 0.0
3.2440874642154136 0.0
3.2449752659204023 0.0
3.2458633105879735 0.0
3.246751598284618 0.0
3.2476401290768444 0.0
3.2485289030311812 0.0
3.2494179202141735 0.0
3.250307180692385 0.0
3.251196684532397 0.0
3.2520864318008114 0.0
3.2529764225642452 0.0
3.2538666568893353 0.0
3.2547571348427384 0.0
3.2556478564911253 0.0
3.256538821901189 0.0
3.257430031139638 0.0
3.2583214842732007 0.0
3.2592131813686245 0.0
3.2601051224926723 0.0
3.2609973077121266 0.0
3.2618897370937896 0.0
3.2627824107044807 0.0
3.2636753286110363 0.0
3.264568490880313 0.0
3.265461897579185 0.0
3.2663555487745444 0.0
3.2672494445333022 0.0
3.2681435849223877 0.0
3.269037970008748 0.0
3.269932599859349 0.0
3.2708274745411745 0.0
3.271722594121227 0.0
3.272617958666527 0.0
3.273513568244114 0.0
3.274409422921045 0.0
3.2753055227643957 0.0
3.2762018678412614 0.0
3.2770984582187532 0.0
3.2779952939640022 0.0
3.278892375144158 0.0
3.2797897018263877 0.0
3.280687274077878 0.0
3.2815850919658325 0.0
3.282483155557474 0.0
3.283381464920044 0.0
3.2842800201208022 0.0
3.285178821227026 0.0
3.286077868306012 0.0
3.286977161425076 0.0
3.287876700651549 0.0
3.288776486052784 0.0
3.2896765176961518 0.0
3.2905767956490393 0.0
3.2914773199788545 0.0
3.2923780907530222 0.0
3.2932791080389867 0.0
3.2941803719042095 0.0
3.2950818824161727 0.0
3.2959836396423743 0.0
3.2968856436503327 0.0
3.297787894507584 0.0
3.298690392281683 0.0
3.299593137040202 0.0
3.300496128850733 0.0
3.3013993677808866 0.0
3.302302853898291 0.0
3.3032065872705934 0.0
3.3041105679654605 0.0
3.305014796050575 0.0
3.3059192715936403 0.0
3.306823994662377 0.0
3.3077289653245256 0.0
3.3086341836478446 0.0
3.3095396497001097 0.0
3.3104453635491176 0.0
3.311351325262681 0.0
3.3122575349086336 0.0
3.3131639925548253 0.0
3.314070698269127 0.0
3.3149776521194263 0.0
3.315884854173629 0.0
3.3167923044996623 0.0
3.317700003165469 0.0
3.318607950239012 0.0
3.319516145788273 0.0
3.3204245898812506 0.0
3.321333282585963 0.0
3.3222422239704485 0.0
3.323151414102762 0.0
3.324060853050978 0.0
3.3249705408831893 0.0
3.325880477667507 0.0
3.3267906634720616 0.0
3.3277010983650017 0.0
3.328611782414495 0.0
3.329522715688727 0.0
3.3304338982559027 0.0
3.3313453301842464 0.0
3.3322570115419996 0.0
3.333168942397422 0.0
3.334081122818794 0.0
3.3349935528744137 0.0
3.335906232632598 0.0
3.3368191621616825 0.0
3.337732341530021 0.0
3.3386457708059862 0.0
3.33955945005797 0.0
3.3404733793543833 0.0
3.341387558763655 0.0
3.3423019883542318 0.0
3.3432166681945814 0.0
3.3441315983531883 0.0
3.345046778898557 0.0
3.3459622098992106 0.0
3.3468778914236896 0.0
3.3477938235405555 0.0
3.3487100063183863 0.0
3.34962643982578 0.0
3.350543124131353 0.0
3.351460059303741 0.0
3.352377245411598 0.0
3.3532946825235967 0.0
3.3542123707084297 0.0
3.3551303100348067 0.0
3.356048500571457 0.0
3.356966942387129 0.0
3.3578856355505895 0.0
3.3588045801306246 0.0
3.359723776196038 0.0
3.3606432238156536 0.0
3.361562923058314 0.0
3.36248287399288 0.0
3.3634030766882312 0.0
3.364323531213267 0.0
3.3652442376369045 0.0
3.3661651960280805 0.0
3.3670864064557504 0.0
3.3680078689888875 0.0
3.3689295836964863 0.0
3.3698515506475584 0.0
3.3707737699111346 0.0
3.371696241556264 0.0
3.3726189656520154 0.0
3.3735419422674773 0.0
3.3744651714717557 0.0
3.3753886533339754 0.0
3.3763123879232815 0.0
3.377236375308837 0.0
3.378160615559824 0.0
3.3790851087454428 0.0
3.3800098549349147 0.0
3.380934854197478 0.0
3.3818601066023906 0.0
3.38278561221893 0.0
3.3837113711163913 0.0
3.3846373833640895 0.0
3.385563649031358 0.0
3.38649016818755 0.0
3.387416940902037 0.0
3.3883439672442104 0.0
3.389271247283479 0.0
3.3901987810892713 0.0
3.391126568731036 0.0
3.3920546102782394 0.0
3.392982905800366 0.0
3.3939114553669225 0.0
3.3948402590474314 0.0
3.3957693169114354 0.0
3.396698629028497 0.0
3.3976281954681964 0.0
3.3985580163001345 0.0
3.3994880915939287 0.0
3.400418421419218 0.0
3.401349005845659 0.0
3.4022798449429272 0.0
3.4032109387807195 0.0
3.4041422874287486 0.0
3.405073890956749 0.0
3.406005749434472 0.0
3.4069378629316898 0.0
3.4078702315181926 0.0
3.40880285526379 0.0
3.4097357342383114 0.0
3.4106688685116042 0.0
3.4116022581535352 0.0
3.412535903233991 0.0
3.413469803822876 0.0
3.414403959990116 0.0
3.415338371805653 0.0
3.416273039339451 0.0
3.4172079626614913 0.0
3.4181431418417745 0.0
3.419078576950321 0.0
3.4200142680571703 0.0
3.4209502152323807 0.0
3.4218864185460296 0.0
3.4228228780682137 0.0
3.4237595938690495 0.0
3.424696566018672 0.0
3.4256337945872355 0.0
3.426571279644913 0.0
3.4275090212618986 0.0
3.4284470195084027 0.0
3.4293852744546576 0.0
3.4303237861709133 0.0
3.4312625547274394 0.0
3.4322015801945245 0.0
3.4331408626424778 0.0
3.434080402141626 0.0
3.4350201987623152 0.0
3.4359602525749118 0.0
3.4369005636498002 0.0
3.437841132057386 0.0
3.438781957868092 0.0
3.4397230411523614 0.0
3.440664381980656 0.0
3.441605980423457 0.0
3.442547836551266 0.0
3.443489950434603 0.0
3.4444323221440065 0.0
3.4453749517500363 0.0
3.446317839323269 0.0
3.447260984934303 0.0
3.448204388653754 0.0
3.4491480505522585 0.0
3.4500919707004725 0.0
3.4510361491690684 0.0
3.4519805860287422 0.0
3.4529252813502067 0.0
3.4538702352041937 0.0
3.4548154476614554 0.0
3.4557609187927643 0.0
3.45670664866891 0.0
3.457652637360703 0.0
3.458598884938972 0.0
3.459545391474567 0.0
3.4604921570383556 0.0
3.461439181701226 0.0
3.4623864655340837 0.0
3.4633340086078572 0.0
3.4642818109934908 0.0
3.4652298727619506 0.0
3.4661781939842204 0.0
3.4671267747313053 0.0
3.4680756150742287 0.0
3.469024715084033 0.0
3.4699740748317813 0.0
3.4709236943885546 0.0
3.471873573825455 0.0
3.472823713213603 0.0
3.4737741126241386 0.0
3.474724772128222 0.0
3.475675691797032 0.0
3.476626871701767 0.0
3.4775783119136463 0.0
3.478530012503906 0.0
3.4794819735438045 0.0
3.480434195104618 0.0
3.4813866772576425 0.0
3.4823394200741937 0.0
3.483292423625606 0.0
3.484245687983236 0.0
3.485199213218456 0.0
3.4861529994026617 0.0
3.4871070466072642 0.0
3.4880613549036976 0.0
3.489015924363414 0.0
3.4899707550578856 0.0
3.490925847058604 0.0
3.4918812004370796 0.0
3.492836815264843 0.0
3.4937926916134447 0.0
3.494748829554455 0.0
3.495705229159463 0.0
3.4966618905000773 0.0
3.4976188136479265 0.0
3.498575998674659 0.0
3.4995334456519425 0.0
3.5004911546514643 0.0
3.5014491257449314 0.0
3.502407359004071 0.0
3.503365854500629 0.0
3.5043246123063705 0.0
3.5052836324930814 0.0
3.506242915132568 0.0
3.5072024602966536 0.0
3.5081622680571836 0.0
3.5091223384860224 0.0
3.510082671655053 0.0
3.511043267636179 0.0
3.512004126501324 0.0
3.5129652483224305 0.0
3.5139266331714616 0.0
3.5148882811203985 0.0
3.5158501922412437 0.0
3.516812366606019 0.0
3.517774804286766 0.0
3.5187375053555447 0.0
3.5197004698844365 0.0
3.5206636979455426 0.0
3.521627189610982 0.0
3.5225909449528956 0.0
3.5235549640434423 0.0
3.524519246954802 0.0
3.5254837937591743 0.0
3.5264486045287775 0.0
3.527413679335851 0.0
3.528379018252652 0.0
3.52934462135146 0.0
3.5303104887045733 0.0
3.531276620384309 0.0
3.5322430164630054 0.0
3.533209677013019 0.0
3.5341766021067276 0.0
3.5351437918165276 0.0
3.536111246214837 0.0
3.537078965374092 0.0
3.5380469493667484 0.0
3.539015198265284 0.0
3.539983712142194 0.0
3.540952491069994 0.0
3.5419215351212205 0.0
3.542890844368429 0.0
3.5438604188841953 0.0
3.5448302587411145 0.0
3.545800364011802 0.0
3.5467707347688924 0.0
3.5477413710850416 0.0
3.548712273032925 0.0
3.549683440685236 0.0
3.5506548741146897 0.0
3.551626573394021 0.0
3.552598538595984 0.0
3.553570769793354 0.0
3.554543267058924 0.0
3.55551603046551 0.0
3.5564890600859447 0.0
3.5574623559930827 0.0
3.558435918259798 0.0
3.5594097469589845 0.0
3.5603838421635565 0.0
3.5613582039464475 0.0
3.562332832380612 0.0
3.563307727539023 0.0
3.5642828894946743 0.0
3.56525831832058 0.0
3.5662340140897744 0.0
3.5672099768753105 0.0
3.568186206750262 0.0
3.5691627037877227 0.0
3.5701394680608067 0.0
3.571116499642647 0.0
3.5720937986063994 0.0
3.5730713650252346 0.0
3.5740491989723484 0.0
3.5750273005209543 0.0
3.5760056697442857 0.0
3.5769843067155973 0.0
3.577963211508162 0.0
3.578942384195275 0.0
3.579921824850249 0.0
3.5809015335464194 0.0
3.5818815103571398 0.0
3.5828617553557844 0.0
3.583842268615748 0.0
3.584823050210444 0.0
3.5858041002133083 0.0
3.586785418697795 0.0
3.5877670057373785 0.0
3.588748861405554 0.0
3.5897309857758355 0.0
3.59071337892176 0.0
3.5916960409168803 0.0
3.5926789718347742 0.0
3.5936621717490356 0.0
3.5946456407332796 0.0
3.595629378861144 0.0
3.596613386206283 0.0
3.5975976628423725 0.0
3.59858220884311 0.0
3.5995670242822113 0.0
3.600552109233412 0.0
3.6015374637704705 0.0
3.602523087967163 0.0
3.6035089818972863 0.0
3.604495145634658 0.0
3.6054815792531154 0.0
3.6064682828265164 0.0
3.6074552564287385 0.0
3.6084425001336804 0.0
3.609430014015261 0.0
3.6104177981474175 0.0
3.61140585260411 0.0
3.6123941774593167 0.0
3.613382772787037 0.0
3.614371638661291 0.0
3.615360775156118 0.0
3.6163501823455793 0.0
3.617339860303753 0.0
3.6183298091047416 0.0
3.6193200288226652 0.0
3.6203105195316656 0.0
3.621301281305903 0.0
3.6222923142195604 0.0
3.62328361834684 0.0
3.6242751937619637 0.0
3.625267040539174 0.0
3.6262591587527346 0.0
3.627251548476928 0.0
3.6282442097860583 0.0
3.629237142754449 0.0
3.630230347456446 0.0
3.631223823966412 0.0
3.6322175723587327 0.0
3.633211592707815 0.0
3.6342058850880825 0.0
3.6352004495739827 0.0
3.636195286239981 0.0
3.637190395160565 0.0
3.638185776410242 0.0
3.6391814300635397 0.0
3.6401773561950064 0.0
3.6411735548792095 0.0
3.6421700261907386 0.0
3.643166770204203 0.0
3.6441637869942323 0.0
3.645161076635476 0.0
3.6461586392026053 0.0
3.647156474770312 0.0
3.648154583413306 0.0
3.64915296520632 0.0
3.650151620224106 0.0
3.6511505485414366 0.0
3.652149750233106 0.0
3.6531492253739266 0.0
3.6541489740387334 0.0
3.6551489963023807 0.0
3.6561492922397436 0.0
3.657149861925719 0.0
3.658150705435221 0.0
3.659151822843187 0.0
3.6601532142245747 0.0
3.6611548796543616 0.0
3.662156819207545 0.0
3.663159032959145 0.0
3.6641615209842 0.0
3.6651642833577696 0.0
3.6661673201549343 0.0
3.6671706314507952 0.0
3.668174217320473 0.0
3.6691780778391108 0.0
3.6701822130818704 0.0
3.671186623123935 0.0
3.6721913080405084 0.0
3.673196267906815 0.0
3.6742015027980988 0.0
3.6752070127896257 0.0
3.676212797956682 0.0
3.677218858374574 0.0
3.67822519411863 0.0
3.6792318052641964 0.0
3.6802386918866423 0.0
3.6812458540613564 0.0
3.6822532918637494 0.0
3.6832610053692507 0.0
3.6842689946533116 0.0
3.6852772597914036 0.0
3.68628580085902 0.0
3.6872946179316726 0.0
3.6883037110848953 0.0
3.6893130803942427 0.0
3.6903227259352898 0.0
3.691332647783632 0.0
3.692342846014886 0.0
3.6933533207046887 0.0
3.694364071928697 0.0
3.6953750997625914 0.0
3.6963864042820695 0.0
3.6973979855628514 0.0
3.698409843680677 0.0
3.6994219787113094 0.0
3.7004343907305293 0.0
3.70144707981414 0.0
3.7024600460379657 0.0
3.7034732894778495 0.0
3.704486810209657 0.0
3.705500608309274 0.0
3.706514683852607 0.0
3.7075290369155836 0.0
3.708543667574152 0.0
3.70955857590428 0.0
3.710573761981959 0.0
3.7115892258831984 0.0
3.7126049676840305 0.0
3.713620987460506 0.0
3.714637285288699 0.0
3.7156538612447023 0.0
3.7166707154046312 0.0
3.7176878478446214 0.0
3.7187052586408287 0.0
3.71972294786943 0.0
3.7207409156066236 0.0
3.7217591619286274 0.0
3.722777686911682 0.0
3.723796490632048 0.0
3.7248155731660058 0.0
3.7258349345898587 0.0
3.72685457497993 0.0
3.7278744944125624 0.0
3.728894692964121 0.0
3.729915170710993 0.0
3.730935927729584 0.0
3.731956964096322 0.0
3.7329782798876554 0.0
3.7339998751800536 0.0
3.7350217500500067 0.0
3.736043904574027 0.0
3.7370663388286465 0.0
3.7380890528904174 0.0
3.7391120468359147 0.0
3.740135320741733 0.0
3.7411588746844897 0.0
3.74218270874082 0.0
3.743206822987383 0.0
3.7442312175008583 0.0
3.745255892357944 0.0
3.7462808476353624 0.0
3.747306083409855 0.0
3.7483315997581856 0.0
3.749357396757137 0.0
3.750383474483515 0.0
3.751409833014146 0.0
3.7524364724258756 0.0
3.7534633927955725 0.0
3.754490594200126 0.0
3.7555180767164464 0.0
3.756545840421465 0.0
3.7575738853921337 0.0
3.7586022117054254 0.0
3.7596308194383345 0.0
3.7606597086678772 0.0
3.7616888794710897 0.0
3.7627183319250292 0.0
3.7637480661067757 0.0
3.7647780820934273 0.0
3.7658083799621056 0.0
3.7668389597899523 0.0
3.767869821654131 0.0
3.7689009656318264 0.0
3.769932391800242 0.0
3.770964100236606 0.0
3.7719960910181647 0.0
3.7730283642221876 0.0
3.774060919925965 0.0
3.775093758206807 0.0
3.776126879142047 0.0
3.777160282809037 0.0
3.7781939692851516 0.0
3.7792279386477876 0.0
3.7802621909743612 0.0
3.7812967263423105 0.0
3.782331544829095 0.0
3.783366646512195 0.0
3.784402031469112 0.0
3.7854376997773684 0.0
3.78647365151451 0.0
3.7875098867581 0.0
3.788546405585726 0.0
3.789583208074996 0.0
3.7906202943035394 0.0
3.791657664349005 0.0
3.7926953182890655 0.0
3.793733256201413 0.0
3.794771478163762 0.0
3.7958099842538466 0.0
3.7968487745494253 0.0
3.797887849128274 0.0
3.7989272080681933 0.0
3.799966851447003 0.0
3.8010067793425453 0.0
3.8020469918326825 0.0
3.803087488995299 0.0
3.8041282709083015 0.0
3.805169337649615 0.0
3.80621068929719 0.0
3.807252325928994 0.0
3.80829424762302 0.0
3.809336454457279 0.0
3.810378946509805 0.0
3.8114217238586523 0.0
3.8124647865818986 0.0
3.8135081347576407 0.0
3.814551768463998 0.0
3.8155956877791115 0.0
3.816639892781142 0.0
3.817684383548273 0.0
3.8187291601587106 0.0
3.8197742226906786 0.0
3.820819571222425 0.0
3.8218652058322204 0.0
3.8229111265983535 0.0
3.823957333599137 0.0
3.825003826912903 0.0
3.826050606618007 0.0
3.8270976727928243 0.0
3.8281450255157528 0.0
3.8291926648652113 0.0
3.83024059091964 0.0
3.8312888037575017 0.0
3.8323373034572787 0.0
3.833386090097477 0.0
3.834435163756621 0.0
3.83548452451326 0.0
3.8365341724459627 0.0
3.8375841076333206 0.0
3.838634330153945 0.0
3.8396848400864703 0.0
3.8407356375095523 0.0
3.8417867225018667 0.0
3.8428380951421124 0.0
3.84388975550901 0.0
3.8449417036813 0.0
3.845993939737745 0.0
3.847046463757131 0.0
3.8480992758182637 0.0
3.8491523759999704 0.0
3.8502057643811005 0.0
3.8512594410405256 0.0
3.852313406057137 0.0
3.853367659509849 0.0
3.854422201477597 0.0
3.855477032039339 0.0
3.8565321512740534 0.0
3.8575875592607405 0.0
3.858643256078423 0.0
3.8596992418061444 0.0
3.8607555165229694 0.0
3.861812080307985 0.0
3.862868933240301 0.0
3.8639260753990454 0.0
3.8649835068633727 0.0
3.866041227712455 0.0
3.867099238025488 0.0
3.868157537881688 0.0
3.8692161273602945 0.0
3.8702750065405667 0.0
3.8713341755017874 0.0
3.8723936343232603 0.0
3.8734533830843105 0.0
3.8745134218642847 0.0
3.875573750742552 0.0
3.876634369798503 0.0
3.8776952791115504 0.0
3.8787564787611277 0.0
3.87981796882669 0.0
3.8808797493877156 0.0
3.8819418205237035 0.0
3.883004182314174 0.0
3.8840668348386718 0.0
3.8851297781767586 0.0
3.8861930124080226 0.0
3.8872565376120716 0.0
3.8883203538685347 0.0
3.889384461257064 0.0
3.890448859857333 0.0
3.891513549749037 0.0
3.8925785310118926 0.0
3.893643803725639 0.0
3.8947093679700364 0.0
3.895775223824868 0.0
3.8968413713699377 0.0
3.897907810685072 0.0
3.8989745418501194 0.0
3.9000415649449476 0.0
3.9011088800494504 0.0
3.902176487243541 0.0
3.9032443866071542 0.0
3.904312578220248 0.0
3.9053810621628013 0.0
3.906449838514816 0.0
3.907518907356314 0.0
3.908588268767341 0.0
3.9096579228279627 0.0
3.9107278696182686 0.0
3.91179810921837 0.0
3.912868641708398 0.0
3.9139394671685084 0.0
3.9150105856788766 0.0
3.9160819973197016 0.0
3.917153702171204 0.0
3.9182257003136254 0.0
3.91929799182723 0.0
3.9203705767923043 0.0
3.921443455289156 0.0
3.9225166273981165 0.0
3.9235900931995364 0.0
3.924663852773791 0.0
3.9257379062012756 0.0
3.9268122535624084 0.0
3.92788689493763 0.0
3.9289618304074025 0.0
3.93003706005221 0.0
3.931112583952558 0.0
3.9321884021889755 0.0
3.9332645148420124 0.0
3.9343409219922414 0.0
3.935417623720256 0.0
3.9364946201066733 0.0
3.937571911232132 0.0
3.938649497177292 0.0
3.9397273780228357 0.0
3.9408055538494686 0.0
3.9418840247379174 0.0
3.942962790768931 0.0
3.944041852023279 0.0
3.9451212085817557 0.0
3.946200860525176 0.0
3.9472808079343777 0.0
3.9483610508902194 0.0
3.949441589473583 0.0
3.9505224237653733 0.0
3.951603553846514 0.0
3.9526849797979544 0.0
3.9537667017006646 0.0
3.9548487196356357 0.0
3.9559310336838838 0.0
3.9570136439264445 0.0
3.9580965504443775 0.0
3.9591797533187627 0.0
3.9602632526307033 3.1496922735289195e-25
3.9613470484613256 1.1709806085722306e-22
3.962431140891776 1.0062453102101268e-21
3.963515530003226 2.538955679396321e-21
3.9646002158768656 2.927730022848802e-21
3.96568519859391 1.9891098113353068e-21
3.9667704782355955 2.2997583678114673e-21
3.967856054883181 2.3611957167209938e-21
3.968941928617948 1.5457814816317355e-21
3.9700280995211976 1.958913525272675e-21
3.971114567674257 1.8644478710057015e-21
3.9722013331584725 9.903038177601568e-22
3.9732883960552154 1.4053365882065904e-21
3.974375756445877 3.626437314581424e-21
3.9754634144118723 4.791709211776183e-21
3.976551370034638 2.8579820786499102e-21
3.9776396233956324 7.593820813375387e-22
3.978728174576337 9.744541462454524e-22
3.9798170236582564 1.9553141468386267e-21
3.980906170722915 1.742544281745614e-21
3.9819956158518623 9.46386716035921e-22
3.983085359126668 5.566734327685807e-22
3.984175400628926 1.4458273934760533e-21
3.9852657404402505 2.388941791622591e-21
3.9863563786422795 2.736429184765904e-21
3.9874473153166727 3.404323738684821e-21
3.9885385505451123 2.7195658554358205e-21
3.9896300844093036 1.2427885185134801e-21
3.990721916990972 1.5483114805486026e-21
3.991814048371868 2.137312854303861e-21
3.992906478633763 1.6356819936155027e-21
3.993999207858451 1.1694066524522956e-21
3.995092236127748 9.6632884108139e-22
3.9961855635234937 1.5433962927096756e-21
3.997279190127549 1.9717462109044085e-21
3.9983731160217975 2.3207520329240785e-21
3.999467341288145 2.0214742524963362e-21
4.000561866008519 9.949482602073061e-22
4.001656690264873 1.3026795484767054e-21
4.002751814139179 2.5379081215982497e-21
4.003847237713432 3.053829968259013e-21
4.00494296106965 3.515817507596442e-21
4.006038984289876 2.7093918548042304e-21
4.00713530745617 8.303389578010675e-22
4.008231930650618 2.9616812385360943e-22
4.009328853955331 1.881263609959034e-22
4.010426077452437 2.5021221410490086e-22
4.011523601224089 3.655445315298942e-22
4.012621425352462 4.862010930735592e-22
4.013719549919755 4.336217628063601e-22
4.014817975008189 1.0979269459257065e-21
4.0159167007000045 2.1705646662496823e-21
4.017015727077469 1.808169645846137e-21
4.01811505422287 1.8567915544585125e-21
4.019214682218517 2.0131275137755602e-21
4.020314611146745 1.3107842564602255e-21
4.021414841089907 1.0655153973048712e-21
4.022515372130382 9.060190822124742e-22
4.023616204350572 1.4483068027385637e-21
4.024717337832898 3.8397720862038825e-21
4.025818772659807 4.605478497483952e-21
4.026920508913768 3.382321620625099e-21
4.028022546677269 2.3382942730202675e-21
4.029124886032827 1.9641783401616795e-21
4.030227527062975 2.620788632470379e-21
4.031330469850273 1.7520386680388755e-21
4.0324337144773015 6.286593496026263e-22
4.033537261026664 5.95378794933436e-22
4.034641109580988 8.727857366769631e-22
4.035745260222923 1.1735170095370446e-21
4.036849713035139 1.9603897334327494e-21
4.03795446810033 3.581962460812883e-21
4.039059525501214 2.701863740975264e-21
4.0401648853205305 8.52497817986733e-22
4.041270547641041 2.056014935096419e-21
4.04237651254553 3.012078850516105e-21
4.043482780116806 1.737275780856302e-21
4.044589350437699 6.5389242642952645e-22
4.045696223591062 1.1988970190504175e-21
4.046803399659768 2.5089523556733354e-21
4.047910878726718 2.2711455320234076e-21
4.049018660874831 1.5499963370934029e-21
4.050126746187051 1.493126775985525e-21
4.051235134746346 9.307707949216302e-22
4.052343826635703 9.231568097801315e-22
4.053452821938133 2.5374331720509444e-21
4.054562120736671 3.532607573906174e-21
4.055671723114376 2.5002959668049867e-21
4.056781629154324 1.1042524206889195e-21
4.0578918389396215 9.556002764413369e-22
4.0590023525533905 2.6423559445592713e-21
4.0601131700787825 2.807177176910831e-21
4.061224291598965 2.932132849184542e-21
4.062335717197131 3.45519362270467e-21
4.063447446956501 2.545316766692798e-21
4.064559480960311 2.5366479002757227e-21
4.065671819291824 2.4476273778614363e-21
4.066784462034322 1.866116985724489e-21
4.067897409271116 1.736655542380649e-21
4.069010661085534 2.355874336779134e-21
4.070124217560931 2.40381272786899e-21
4.071238078780682 1.5030194827679462e-21
4.072352244828184 1.50475757425362e-21
4.07346671578686 1.931877627385234e-21
4.074581491740155 1.1502451538072137e-21
4.075696572771534 3.413740714029929e-22
4.076811958964488 1.1296566248600802e-21
4.077927650402531 2.6301624979570813e-21
4.079043647169199 2.6345474706335988e-21
4.080159949348047 1.4987750421193252e-21
4.08127655702266 2.3543359924878454e-21
4.082393470276641 4.214957216842725e-21
4.083510689193618 3.816976754992555e-21
4.084628213857239 2.005713000493565e-21
4.085746044351179 1.6435519702872817e-21
4.086864180759132 2.560022931482347e-21
4.0879826231648195 2.153426954041459e-21
4.0891013716519815 1.2302579444847268e-21
4.090220426304382 1.4133758912526581e-21
4.0913397872058095 1.9438934761300214e-21
4.092459454440074 1.639291086126465e-21
4.093579428091009 6.715876659219992e-22
4.09469970824247 4.698077424033594e-22
4.095820294978338 8.542163853260746e-22
4.096941188382514 8.518123476679796e-22
4.098062388538924 7.379801348692902e-22
4.099183895531516 1.3947552439705667e-21
4.100305709444259 2.548490467319328e-21
4.10142783036115 2.7093317046622213e-21
4.102550258366206 2.0027768862702276e-21
4.103672993543464 1.5509047275183102e-21
4.104796035976991 1.410598674651098e-21
4.1059193857508705 7.106784450396286e-22
4.107043042949212 5.6331022986696085e-22
4.1081670076561485 2.8301557938320234e-21
4.109291279955835 4.250166719215058e-21
4.1104158599324485 2.855460233289257e-21
4.111540747670191 2.0300873574602198e-21
4.112665943253287 3.4831982818433405e-21
4.113791446765984 2.915254385440161e-21
4.114917258292552 7.570097615192436e-22
4.1160433779172845 2.068198107630217e-21
4.117169805724497 4.594334960159759e-21
4.11829654179853 2.9504524299774126e-21
4.119423586223746 1.0959499140102534e-21
4.1205509390845325 1.4511847004002258e-21
4.1216786004652946 8.711689359302496e-22
4.122806570450466 1.0973230552353434e-21
4.123934849124504 2.4909030227910684e-21
4.125063436571884 3.063964401362177e-21
4.126192332877109 2.362882253037488e-21
4.127321538124701 1.6973352017712534e-21
4.128451052399209 1.6161898878944994e-21
4.129580875785203 1.8638967815102727e-21
4.130711008367278 1.70239682078543e-21
4.13184145023005 2.4149026927190806e-21
4.132972201458161 2.162920564321868e-21
4.134103262136271 6.46350244767858e-22
4.13523463234907 3.123270867382343e-22
4.136366312181265 7.137721896588809e-22
4.137498301717589 2.251384237346022e-21
4.138630601042798 2.365586067216893e-21
4.139763210241673 1.0759269226672e-21
4.140896129399016 1.4595205948902811e-21
4.14202935859965 2.5874798136878317e-21
4.143162897928427 2.5708086316464735e-21
4.144296747470216 1.1652571120723715e-21
4.145430907309915 2.4645910397485894e-22
4.146565377532442 5.815333958315033e-22
4.147700158222737 1.2313631225707762e-21
4.148835249465766 1.8713952181157922e-21
4.149970651346518 2.7659629118496972e-21
4.151106363950003 3.7836654625794215e-21
4.152242387361258 3.470613962258645e-21
4.153378721665339 3.0097956410389104e-21
4.154515366947328 3.247067232855926e-21
4.155652323292328 2.4966790221667284e-21
4.15678959078547 4.460106495862547e-21
4.157927169511902 4.6810029129775216e-21
4.159065059556802 1.9010469753399217e-21
4.160203261005364 2.0202868311454957e-21
4.161341773942812 2.511218287994127e-21
4.162480598454389 1.4558045958104427e-21
4.163619734625362 1.1554695227430048e-21
4.164759182541024 1.6400990721995288e-21
4.165898942286689 1.4422948967468003e-21
4.167039013947694 1.9411655455886993e-21
4.168179397609401 2.552501880636851e-21
4.169320093357193 2.3957056406543e-21
4.170461101276478 2.138612002795721e-21
4.171602421452691 2.722975411710307e-21
4.1727440539712815 3.099757679559773e-21
4.173885998917729 2.13789108013747e-21
4.175028256377537 6.788156728695752e-22
4.176170826436229 2.0632052474294524e-21
4.1773137091793515 3.0205865051837504e-21
4.178456904692479 1.2921129785972105e-21
4.1796004130612046 1.188618113867523e-21
4.180744234371147 2.878856947369686e-21
4.181888368707949 3.2854063398987308e-21
4.183032816157276 2.45031295438639e-21
4.184177576804815 2.6361368439216196e-21
4.185322650736278 3.0718947472462353e-21
4.186468038037404 2.7838412991508505e-21
4.187613738793949 3.711959348396135e-21
4.188759753091698 3.726041911411475e-21
4.189906081016455 1.910840879411987e-21
4.1910527226540495 1.264692710909815e-21
4.1921996780903354 9.470114636456815e-22
4.1933469474111895 9.508151464340894e-22
4.194494530702512 1.850920849108208e-21
4.195642428050226 2.2074470820335865e-21
4.1967906395402785 1.7211486497063727e-21
4.1979391652586395 2.114820360700964e-21
4.199088005291305 3.2164494982420967e-21
4.20023715972429 2.7557222500154903e-21
4.201386628643637 1.4464441087339268e-21
4.202536412135411 2.209016324482561e-21
4.203686510285701 4.498682675400634e-21
4.204836923180617 5.338564081520324e-21
4.205987650906296 2.941802907118802e-21
4.207138693548896 1.437573717740783e-21
4.2082900511946 2.8098593909491176e-21
4.209441723929614 3.937502408505439e-21
4.210593711840168 3.271706313675595e-21
4.211746015012515 1.4466819329507269e-21
4.212898633532933 1.8107708553510978e-21
4.21405156748772 3.1423152415329282e-21
4.215204816963205 2.4747938085699982e-21
4.21635838204573 1.5856449603603738e-21
4.217512262821669 2.2570196569779712e-21
4.218666459377417 3.559393228067933e-21
4.219820971799393 3.2629948752659626e-21
4.22097580017404 2.087528260822886e-21
4.222130944587823 2.692614452431475e-21
4.223286405127231 5.289530444949602e-21
4.224442181878779 4.4297593987000135e-21
4.225598274929004 1.3217368678864422e-21
4.226754684364465 6.736438050922686e-22
4.227911410271748 6.2130787883593765e-22
4.229068452737459 1.9027574485113285e-21
4.230225811848232 2.724554653720449e-21
4.231383487690723 1.928919286812211e-21
4.232541480351608 2.100872395720679e-21
4.233699789917592 3.177205030923369e-21
4.234858416475403 2.9023162367531177e-21
4.23601736011179 1.4490104282576487e-21
4.237176620913526 2.513481576843948e-21
4.23833619896741 4.689629035608183e-21
4.239496094360264 3.7631784793466696e-21
4.240656307178934 2.7490622972285483e-21
4.241816837510287 2.72282921179059e-21
4.242977685441218 2.312618033672943e-21
4.244138851058642 2.3089686635655585e-21
4.245300334449501 1.4137357992261687e-21
4.246462135700758 3.8054472514392666e-22
4.247624254899403 1.543539004688607e-21
4.248786692132445 2.693052748976162e-21
4.249949447486922 1.748787034236124e-21
4.251112521049894 1.2648662157499293e-21
4.252275912908442 2.6428578478842615e-21
4.253439623149674 4.075668627822491e-21
4.254603651860723 3.338456870189778e-21
4.255767999128743 1.8594539438686484e-21
4.25693266504091 2.3403637738484682e-21
4.25809764968443 4.199459078472646e-21
4.2592629531465285 3.452468672050002e-21
4.260428575514455 1.3781926203318775e-21
4.261594516875484 1.3151996156644107e-21
4.262760777316914 2.164656082993036e-21
4.263927356926066 3.1394372939155956e-21
4.265094255790288 3.1311280199351492e-21
4.2662614739969476 1.9300997812766835e-21
4.267429011633439 1.894254382788927e-21
4.268596868787181 5.013735924545081e-21
4.269765045545613 5.395903906076343e-21
4.270933541996204 2.8051492572686462e-21
4.272102358226439 3.006945767954355e-21
4.273271494323833 4.248512533692483e-21
4.274440950375925 3.696966968633365e-21
4.2756107264702745 1.637942803812624e-21
4.276780822694466 1.022939449128504e-21
4.277951239136112 2.1451184071300123e-21
4.279121975882842 3.1127960207070142e-21
4.280293033022315 1.8699727311743477e-21
4.2814644106422115 1.015780113278025e-21
4.2826361088302365 1.803078025258236e-21
4.283808127674121 3.133564499722767e-21
4.284980467261614 5.518970661895661e-21
4.286153127680497 5.023914247700051e-21
4.2873261090185695 2.3979565377596286e-21
4.288499411363656 1.8064881480756834e-21
4.289673034803606 2.6072228037359738e-21
4.290846979426293 3.070788883901598e-21
4.292021245319615 1.6284520449849936e-21
4.2931958325714925 6.8078446823823645e-22
4.294370741269871 1.6366915775985278e-21
4.295545971502721 2.5188734926899634e-21
4.296721523358035 2.982543317898527e-21
4.29789739692383 2.394531839864888e-21
4.299073592288149 1.5469756088568472e-21
4.300250109539057 2.5481343344963953e-21
4.301426948764647 4.5684610785388495e-21
4.302604110053028 3.780803944491596e-21
4.3037815934923405 2.5170967006376377e-21
4.304959399170748 2.8989959883657205e-21
4.3061375271764355 3.1802955604857514e-21
4.3073159775976135 3.799918564965489e-21
4.3084947505225175 3.440940956392996e-21
4.309673846039405 2.78681145187384e-21
4.31085326423656 2.6191160538813007e-21
4.312033005202291 2.4763705758778654e-21
4.313213069024926 2.8734727234167974e-21
4.314393455792823 2.057533614168886e-21
4.315574165594361 7.392961069738121e-22
4.316755198517944 1.0029278834834433e-21
4.317936554651999 2.0457307098926994e-21
4.31911823408498 2.8960390411433352e-21
4.3203002369053625 2.0121062072034105e-21
4.321482563201647 5.743105879402043e-22
4.322665213062358 8.837173676381355e-22
4.323848186576046 2.520402382947337e-21
4.3250314838312836 3.737910577225569e-21
4.326215104916667 2.659785356098628e-21
4.32739904992082 1.369437367428175e-21
4.328583318932388 1.825004879040983e-21
4.329767912040042 2.5975631175654975e-21
4.330952829332475 3.411531108103863e-21
4.332138070898408 2.8266168210135084e-21
4.333323636826581 1.2264788808509694e-21
4.334509527205764 1.0865234363632386e-21
4.33569574212475 2.3502553694093196e-21
4.336882281672352 2.9584652530421985e-21
4.3380691459374106 1.95324471649384e-21
4.339256335008792 7.336456829236753e-22
4.340443848975385 5.297490899502781e-22
4.341631687926102 2.8429550000151633e-21
4.342819851949882 3.8573841074075535e-21
4.344008341135686 2.742174028749907e-21
4.3451971555724995 3.0081568665263064e-21
4.346386295349335 3.351707555287391e-21
4.347575760555225 3.3363508667976356e-21
4.348765551279232 2.892575436991025e-21
4.349955667610438 2.274536912307e-21
4.35114610963795 2.2033386240081127e-21
4.352336877450904 1.5521967602572865e-21
4.353527971138453 9.642488324373307e-22
4.354719390789782 1.7538204633961866e-21
4.355911136494093 2.777417796711898e-21
4.35710320834062 2.6932830477149704e-21
4.358295606418614 2.1855693772672023e-21
4.359488330817356 2.225681014221463e-21
4.360681381626151 1.943975135653322e-21
4.361874758934322 1.0848024834102955e-21
4.363068462831226 1.2675558536437771e-21
4.364262493406238 1.6365970235148467e-21
4.3654568507487586 1.0455933442145363e-21
4.366651534948213 6.4255106604754455e-22
4.367846546094054 6.510452861540459e-22
4.369041884275754 1.1296274534112284e-21
4.3702375495828125 1.9627143198550038e-21
4.3714335421047545 2.709753912003762e-21
4.372629861931127 2.9401688253388414e-21
4.3738265091515025 2.6314554401393512e-21
4.375023483855477 3.1696159299682243e-21
4.376220786132675 3.57917162918286e-21
4.377418416072741 2.237423497064219e-21
4.378616373765345 9.0187933163486e-22
4.379814659300184 3.059379125510544e-21
4.381013272766977 4.379530949253343e-21
4.382212214255468 2.115737634639097e-21
4.383411483855426 1.7252598925318336e-21
4.3846110816566455 3.736896372212366e-21
4.385811007748943 4.498274551062123e-21
4.3870112622221615 3.833204609559677e-21
4.388211845166169 3.761873151181865e-21
4.389412756670858 2.596447909498787e-21
4.390613996826142 1.2005414935327193e-21
4.391815565721965 1.3645962346460507e-21
4.393017463448292 2.536598421311057e-21
4.394219690095112 3.976917051339525e-21
4.395422245752441 3.832208289508007e-21
4.3966251305103174 2.13885558285245e-21
4.397828344458807 1.5073866972280261e-21
4.399031887687999 2.7818601494191245e-21
4.400235760288004 4.2520899769797845e-21
4.401439962348961 3.1250920248571824e-21
4.402644493961034 1.6230597476901625e-21
4.403849355214412 2.2291202861665057e-21
4.4050545461993025 2.3912539281122384e-21
4.406260067005947 1.6614727177259535e-21
4.407465917724606 2.3060854660566022e-21
4.408672098445562 3.354385281230392e-21
4.409878609259131 2.0183353351229437e-21
4.411085450255646 7.027338236134438e-22
4.4122926215254665 1.6255685998210145e-21
4.41350012315898 3.430792696299533e-21
4.414707955246595 4.852494297967681e-21
4.415916117878746 4.307650916598007e-21
4.417124611145893 2.395590769968034e-21
4.41833343513852 1.3863335432819669e-21
4.419542589947136 1.822186827025483e-21
4.420752075662273 3.207801532807807e-21
4.421961892374491 2.7612185511505757e-21
4.423172040174373 9.181449261778766e-22
4.424382519152528 2.3168681785941957e-22
4.425593329399586 1.722964592541015e-22
4.426804471006207 4.681409788852188e-22
4.428015944063073 8.850598118329488e-22
4.42922774866089 1.969387771627541e-21
4.43043988489039 3.691596518037719e-21
4.431652352842331 2.7058019128223568e-21
4.432865152607496 9.110105096607002e-22
4.434078284276689 2.4762373149164407e-21
4.435291747940742 5.502059119144339e-21
4.436505543690511 5.9377490017848846e-21
4.437719671616877 3.3365091403669534e-21
4.438934131810749 1.5745661445133617e-21
4.4401489243630525 1.8185747148872905e-21
4.441364049364749 2.7005645451771966e-21
4.442579506906814 4.019731378240198e-21
4.443795297080257 3.728156407584835e-21
4.4450114199761055 1.4474589849263412e-21
4.446227875685416 4.396626993557504e-22
4.447444664299271 8.540491574877792e-22
4.448661785908772 1.6242782343705267e-21
4.44987924060505 2.4454205269044357e-21
4.4510970284792615 3.1051043647724846e-21
4.452315149622587 3.688383757285605e-21
4.453533604126228 3.680064105218995e-21
4.454752392081419 2.6255232106287546e-21
4.455971513579412 1.5955479153913062e-21
4.457190968711487 3.359149808710474e-21
4.458410757568949 5.118323166001517e-21
4.459630880243128 3.694243559463414e-21
4.460851336825379 1.4638254165176973e-21
4.462072127407081 3.5539157308958715e-22
4.463293252079641 1.0094793081533687e-21
4.464514710934488 2.6626043703426097e-21
4.465736504063075 4.507705244834902e-21
4.466958631556884 5.618979834888032e-21
4.468181093507419 3.656608393433283e-21
4.469403890006211 8.248512895542436e-22
4.4706270211448125 6.57809658644441e-22
4.471850487014806 2.159511652685097e-21
4.473074287707797 3.651033683364184e-21
4.474298423315413 4.224354310609906e-21
4.475522893929311 3.76352586056606e-21
4.476747699641173 1.953785141469564e-21
4.4779728405427015 7.436173301099596e-22
4.479198316725627 1.2580327854286851e-21
4.480424128281708 3.1880257809209134e-21
4.481650275302724 6.2306077729932035e-21
4.482876757880479 6.168456603688599e-21
4.484103576106808 3.367710113990188e-21
4.485330730073564 1.9539369578455176e-21
4.486558219872629 2.0207817285578245e-21
4.487786045595909 2.7511528211903237e-21
4.489014207335336 5.083089934037828e-21
4.490242705182867 7.426553880246428e-21
4.491471539230483 6.708742838645428e-21
4.492700709570194 4.540432134205648e-21
4.493930216294029 2.9039770842983493e-21
4.4951600594940455 1.7861348044500717e-21
4.496390239262329 1.3704044291732786e-21
4.497620755690984 3.783862960718005e-21
4.498851608872146 6.448424179876688e-21
4.500082798897971 5.776051264832175e-21
4.501314325860644 3.1967145973430735e-21
4.502546189852374 1.23953002144156e-21
4.503778390965396 7.089660107104917e-22
4.505010929291966 7.506390544620797e-22
4.50624380492437 1.4728857191579349e-21
4.507477017954917 3.4547128999816905e-21
4.5087105684759425 4.326169822125805e-21
4.509944456579808 2.928330129928073e-21
4.511178682358898 1.4009491492707276e-21
4.512413245905623 9.890784176905051e-22
4.51364814731242 1.805139619831488e-21
4.514883386671748 2.7508780452754756e-21
4.516118964076096 3.2778902562041513e-21
4.517354879617975 3.398946434499829e-21
4.518591133389923 2.826508582809139e-21
4.519827725484502 1.8495624782614927e-21
4.5210646559943 1.6534710022485105e-21
4.52230192501193 3.509104814926815e-21
4.523539532630032 5.446955261478376e-21
4.524777478941267 4.782725507586707e-21
4.526015764038329 2.922329865927476e-21
4.527254388013928 2.9611610633444165e-21
4.528493350960806 2.642586022093712e-21
4.52973265297173 1.0961941552043348e-21
4.530972294139488 9.262801148197266e-22
4.532212274556899 1.1372614114963669e-21
4.533452594316804 2.024001714595434e-21
4.534693253512068 3.246358042748834e-21
4.535934252235586 3.764718858318414e-21
4.537175590580274 3.966092436851721e-21
4.5384172686390745 2.993486263251273e-21
4.53965928650496 1.6065458470484589e-21
4.540901644270922 1.2235100240215179e-21
4.54214434202998 7.381001298834562e-22
4.543387379875181 8.585763657850716e-22
4.5446307578995935 2.3180414384035404e-21
4.545874476196315 3.762389613249197e-21
4.547118534858464 3.2912018626891284e-21
4.548362933979192 1.953610502070733e-21
4.5496076736516695 1.3129698207885105e-21
4.550852753969094 8.90616969635883e-22
4.55209817502469 1.5067616172419415e-21
4.5533439369117055 2.8966121724240973e-21
4.554590039723415 3.3408849206892512e-21
4.5558364835531195 2.345428583386107e-21
4.557083268494143 1.4668904441179616e-21
4.558330394639839 1.0770395758860315e-21
4.559577862083581 1.2729975525389755e-21
4.560825670918774 2.5333769933290377e-21
4.562073821238846 2.1807132053696067e-21
4.563322313137248 1.9628455674126367e-21
4.5645711467074594 3.2481961914538117e-21
4.5658203220429865 3.0316330480478228e-21
4.567069839237359 2.1907614856403386e-21
4.56831969838413 2.523651715457121e-21
4.569569899576884 3.237824099340202e-21
4.570820442909227 2.6494077875729406e-21
4.57207132847479 1.1829336754526322e-21
4.573322556367232 1.389481850488725e-21
4.574574126680239 3.672846433543921e-21
4.575826039507517 5.909031337405792e-21
4.577078294942803 5.620764031589241e-21
4.5783308930798565 3.1535547722742416e-21
4.579583834012467 1.2145624586722853e-21
4.5808371178344425 9.92664710849222e-22
4.582090744639623 3.3643992482669477e-21
4.583344714521871 4.640291950378745e-21
4.584599027575075 2.945892513850602e-21
4.585853683893152 2.9510445998434116e-21
4.587108683570042 3.6677255617371984e-21
4.588364026699709 3.589002020007429e-21
4.5896197133761465 4.230263047451693e-21
4.590875743693372 4.0583881333541705e-21
4.592132117745429 2.4196418805820688e-21
4.593388835626386 1.1613331673823407e-21
4.594645897430338 1.6183680549692993e-21
4.595903303251406 2.8286967451840946e-21
4.597161053183736 3.882763700306168e-21
4.598419147321501 4.731549987342273e-21
4.599677585758897 5.233923777377501e-21
4.60093636859015 4.3593167508545794e-21
4.602195495909508 2.6679469374317632e-21
4.6034549678112455 1.948913451379334e-21
4.604714784389666 2.6830023454448508e-21
4.605974945739094 3.985197811028349e-21
4.607235451953883 3.5725239072001845e-21
4.608496303128412 1.7515293804233052e-21
4.609757499357084 1.4435490932675317e-21
4.61101904073433 2.803075715467661e-21
4.612280927354607 4.078116166545418e-21
4.613543159312396 4.349590754291022e-21
4.614805736702204 2.551558704380433e-21
4.6160686596185645 8.386425882152534e-22
4.617331928156037 9.728613189181807e-22
4.618595542409208 1.7041712176175318e-21
4.619859502472688 2.825876066766648e-21
4.621123808441114 4.761959373286689e-21
4.62238846040915 6.463080270579611e-21
4.623653458471484 5.995130449823234e-21
4.62491880272283 3.663573208305347e-21
4.626184493257929 2.4558201409599636e-21
4.627450530171548 2.997538406951959e-21
4.62871691355848 2.572644667649074e-21
4.629983643513544 2.6009726115560377e-21
4.631250720131584 3.500144531297753e-21
4.632518143507469 3.76879582583959e-21
4.633785913736097 4.869737603030332e-21
4.63505403091239 5.0030688442465996e-21
4.636322495131296 3.851474890266528e-21
4.637591306487789 3.668673101014241e-21
4.6388604650768706 2.879170820966422e-21
4.640129970993567 2.0065401265110346e-21
4.64139982433293 2.3164616242043823e-21
4.6426700251900375 2.80349763571626e-21
4.643940573659995 2.4085313406243716e-21
4.64521146983793 2.052549406876939e-21
4.646482713819002 3.174245435646985e-21
4.647754305698393 5.399757322073836e-21
4.649026245571311 6.600445604564094e-21
4.65029853353299 6.630501342551998e-21
4.651571169678691 6.953674506777587e-21
4.652844154103702 6.006891271037761e-21
4.654117486903335 4.849508725296147e-21
4.655391168172927 4.3751408906005395e-21
4.656665198007845 3.1613494762501836e-21
4.6579395765034795 2.8773429090010287e-21
4.659214303755247 3.436434523224227e-21
4.660489379858593 3.937126197881677e-21
4.661764804908984 6.122718858757203e-21
4.663040579001917 7.144206801034852e-21
4.664316702232913 5.7955552516348655e-21
4.665593174697522 4.699968007315501e-21
4.6668699964913145 4.307785910724018e-21
4.6681471677098925 3.781488582602422e-21
4.669424688448882 2.703701859518324e-21
4.670702558803936 1.9905976268206707e-21
4.671980778870732 2.4098200418351966e-21
4.673259348744976 3.0794664831878183e-21
4.674538268522397 3.491080634272263e-21
4.675817538298754 5.359536559269744e-21
4.677097158169829 6.369315465464455e-21
4.678377128231434 6.1333219514890425e-21
4.679657448579404 6.938803524557684e-21
4.680938119309598 6.788633536771932e-21
4.6822191405179066 4.573703774024207e-21
4.683500512300245 2.17908500616839e-21
4.684782234752554 1.4421507767392083e-21
4.686064307970799 1.5698331031590849e-21
4.687346732050973 2.144948460086685e-21
4.688629507089098 3.3917258243842175e-21
4.689912633181218 4.139334335551701e-21
4.691196110423406 5.111821043390144e-21
4.6924799389117595 6.369430369083529e-21
4.693764118742404 6.810711629879198e-21
4.69504865001149 8.08674124736534e-21
4.696333532815196 8.765439142331606e-21
4.697618767249724 7.280252752830781e-21
4.6989043534113035 5.600996132232041e-21
4.700190291396193 4.694032019620256e-21
4.701476581300675 4.472240829082366e-21
4.702763223221056 4.358127810196207e-21
4.704050217253673 3.8301580504477745e-21
4.705337563494888 3.792020760996151e-21
4.70662526204109 4.582780043667513e-21
4.7079133129886905 5.075737235913357e-21
4.709201716434132 5.7704575236596114e-21
4.710490472473882 6.60163342295638e-21
4.711779581204436 6.929979852032747e-21
4.71306904272231 6.981841951342272e-21
4.7143588571240524 7.1739997206095e-21
4.715649024506238 6.986102285041101e-21
4.716939544965463 5.674549368790517e-21
4.718230418598354 4.721502878504911e-21
4.7195216455015645 4.2192824870307424e-21
4.720813225771772 3.5440531799337354e-21
4.722105159505681 3.953001577102467e-21
4.723397446800026 4.500952411948479e-21
4.724690087751561 4.342293142303717e-21
4.725983082457073 4.3334586892662665e-21
4.727276431013374 5.2206697420707585e-21
4.728570133517299 6.299455715812116e-21
4.729864190065713 6.569508739468402e-21
4.731158600755506 6.410357575723294e-21
4.732453365683597 6.025008803101723e-21
4.733748484946927 5.883299126917042e-21
4.735043958642468 6.0279901324345376e-21
4.736339786867216 5.044627645610708e-21
4.737635969718193 4.252408341305056e-21
4.73893250729245 4.9405843148936394e-21
4.740229399687063 5.536258268076814e-21
4.7415266469991355 6.1385092158288576e-21
4.742824249325796 6.203448672595365e-21
4.744122206764201 5.1442417558449354e-21
4.745420519411532 4.822329450205574e-21
4.746719187365 5.57274715780439e-21
4.748018210721839 6.0448494240140644e-21
4.749317589579313 5.734642121180223e-21
4.75061732403471 6.541413610472697e-21
4.751917414185346 8.214894174963923e-21
4.753217860128562 8.560067197156179e-21
4.75451866196173 7.849914299322226e-21
4.755819819782243 6.925195460360251e-21
4.7571213336875235 5.9696284119579e-21
4.7584232037750205 4.234203769210484e-21
4.759725430142209 4.3430934280142806e-21
4.761028012886593 5.565160463000973e-21
4.7623309521057005 4.9025361948556956e-21
4.7636342478970874 4.684197549412462e-21
4.764937900358333 5.34753179197307e-21
4.766241909587052 5.4149911672363765e-21
4.767546275680876 4.538319281533335e-21
4.768850998737467 3.5531868614676124e-21
4.770156078854516 4.100162471649074e-21
4.771461516129739 6.278287107930911e-21
4.772767310660878 7.479597704822102e-21
4.774073462545703 7.485249739777737e-21
4.775379971882009 7.626671862242847e-21
4.776686838767619 7.009417685988345e-21
4.777994063300383 4.99647848271803e-21
4.779301645578178 2.889428734433891e-21
4.780609585698906 2.221850638749365e-21
4.781917883760499 2.2485708952218254e-21
4.783226539860912 2.2824571001191565e-21
4.784535554098129 2.3376485089668948e-21
4.785844926570162 2.3766815628150135e-21
4.787154657375046 2.4010402278524494e-21
4.788464746610845 2.4371258842882543e-21
4.789775194375653 2.4906431627238874e-21
4.791086000767585 2.5395008821736973e-21
4.792397165884786 2.5703798652881856e-21
4.793708689825428 2.6021584382154406e-21
4.795020572687711 2.6667484967286615e-21
4.7963328145698565 2.7386037339270476e-21
4.797645415570118 2.7870923209279902e-21
4.798958375786777 2.8344606061178217e-21
4.800271695318138 2.89436953886738e-21
4.801585374262531 2.948785196487687e-21
4.80289941271832 2.9772674196148604e-21
4.804213810783889 3.0076817881404577e-21
4.805528568557652 3.050044290340282e-21
4.80684368613805 3.098051292174806e-21
4.80815916362355 3.1636899439483725e-21
4.809475001112647 3.2221784904484027e-21
4.8107911987038605 3.2629109153316113e-21
4.812107756495742 3.309353768734771e-21
4.813424674586864 3.369981088833965e-21
4.814741953075829 3.433597297288462e-21
4.816059592061267 3.490663695840516e-21
4.817377591641835 3.561606717720189e-21
4.818695951916214 3.631863498785223e-21
4.820014672983117 3.68860170939673e-21
4.8213337549412785 3.7525243289444984e-21
4.822653197889464 3.816075383937631e-21
4.823973001926465 3.86873303031336e-21
4.8252931671510995 3.9180314409720485e-21
4.826613693662214 3.995751082966838e-21
4.827934581558679 4.079005719862013e-21
4.829255830939394 4.134521894611556e-21
4.830577441903286 4.1946146661844535e-21
4.831899414549311 4.2678317338794186e-21
4.833221748976447 4.335498959653401e-21
4.8345444452837025 4.382690044098625e-21
4.835867503570112 4.435387295343177e-21
4.837190923934738 4.505527621141946e-21
4.838514706476669 4.577798895305914e-21
4.839838851295021 4.664069408245257e-21
4.841163358488938 4.754554770285346e-21
4.842488228157592 4.836602646606851e-21
4.8438134604001775 4.922759227862378e-21
4.84513905531592 4.995494991241218e-21
4.846465013004074 5.051854650398844e-21
4.847791333563915 5.116001329320686e-21
4.849118017094752 5.18597391975942e-21
4.850445063695917 5.264101446584094e-21
4.851772473466771 5.354578948694069e-21
4.853100246506702 5.440353249754732e-21
4.854428382915124 5.529887899945302e-21
4.855756882791479 5.629704137366075e-21
4.857085746235239 5.7098654301627765e-21
4.858414973345899 5.781741947582745e-21
4.859744564222981 5.864072117424846e-21
4.8610745189660385 5.9478380955544436e-21
4.862404837674649 6.0315755286369346e-21
4.863735520448419 6.1192124960676795e-21
4.865066567386981 6.2138091372026945e-21
4.866397978589993 6.311424652923095e-21
4.867729754157146 6.404164659765183e-21
4.869061894188151 6.4917253430099565e-21
4.870394398782754 6.5841049653039e-21
4.871727268040719 6.690218247735847e-21
4.873060502061847 6.802695880847495e-21
4.8743941009459615 6.906545997946809e-21
4.875728064792911 7.013901342010114e-21
4.877062393702577 7.133447454786295e-21
4.878397087774863 7.255100326921776e-21
4.879732147109703 7.354073026272661e-21
4.881067571807058 7.441616701430739e-21
4.882403361966915 7.548590816867052e-21
4.883739517689291 7.67224922625444e-21
4.885076039074226 7.777848977411356e-21
4.886412926221793 7.865320833221088e-21
4.887750179232087 7.996482107543873e-21
4.889087798205233 8.120368703023482e-21
4.890425783241385 8.215361125317589e-21
4.891764134440721 8.349528651121533e-21
4.893102851903448 8.481410991040824e-21
4.894441935729801 8.591263494230193e-21
4.895781386020042 8.71366189734685e-21
4.89712120287446 8.861452220771671e-21
4.898461386393372 9.004604252007104e-21
4.89980193667712 9.116951388540892e-21
4.901142853826079 9.235033119857297e-21
4.902484137940648 9.35576427748112e-21
4.903825789121251 9.474129747962646e-21
4.905167807468343 9.623982754138574e-21
4.906510193082406 9.77847022621066e-21
4.90785294606395 9.910375040730921e-21
4.909196066513511 1.0035839128435864e-20
4.910539554531652 1.0200166580046382e-20
4.911883410218966 1.0388157290480451e-20
4.913227633676071 1.0542464838772676e-20
4.914572225003614 1.0680547606979247e-20
4.91591718430227 1.0818583255857628e-20
4.917262511672739 1.095659179293162e-20
4.918608207215753 1.1094563374206506e-20
4.919954271032067 1.1257847722569756e-20
4.921300703222466 1.1445739613676648e-20
4.922647503887763 1.1608240186189876e-20
4.923994673128795 1.174605355756815e-20
4.925342211046431 1.1897006732195822e-20
4.9266901177415665 1.2082367402326792e-20
4.9280383933151235 1.2288920826090551e-20
4.92938703786805 1.2478968539131185e-20
4.930736051501327 1.2635423844993744e-20
4.932085434315959 1.2808251587835986e-20
4.933435186412977 1.2994948498604622e-20
4.934785307893444 1.3151229697275e-20
4.936135798858446 1.332706948204306e-20
4.937486659409101 1.3533219385044814e-20
4.938837889646552 1.3739326717533975e-20
4.940189489671971 1.3945380545580815e-20
4.9415414595865546 1.4125640836381608e-20
4.942893799491532 1.4281574544428527e-20
4.944246509488156 1.4463185123290047e-20
4.945599589677709 1.4697650638615065e-20
4.946953040161501 1.4940471876407275e-20
4.948306861040871 1.5120322374376476e-20
4.9496610524171825 1.528891222489841e-20
4.951015614391829 1.550747267244353e-20
4.952370547066231 1.576302735154578e-20
4.9537258505418365 1.6002760677006878e-20
4.955081524920124 1.6208174987608444e-20
4.956437570302596 1.6413556917742066e-20
4.957793986790783 1.6618875182199365e-20
4.959150774486247 1.684524599944812e-20
4.960507933490575 1.7105776994745023e-20
4.961865463905381 1.737931312224481e-20
4.963223365832309 1.762907357161537e-20
4.964581639373029 1.7852456462176423e-20
4.965940284629241 1.809945334510593e-20
4.967299301702669 1.8398832368241516e-20
4.9686586906950705 1.871168662217855e-20
4.970018451708227 1.896419103857587e-20
4.971378584843947 1.922603951863201e-20
4.972739090204069 1.9518070721084932e-20
4.974099967890458 1.9718858858288607e-20
4.975461218005011 1.9978675589520815e-20
4.976822840649644 2.0344905902827664e-20
4.978184835926311 2.0655842817979792e-20
4.979547203936988 2.0928400267566587e-20
4.980909944783679 2.121800411873747e-20
4.98227305856842 2.1539242763334297e-20
4.98363654539327 2.1809222255827348e-20
4.985000405360317 2.2051900267292786e-20
4.98636463857168 2.235931850362848e-20
4.987729245129503 2.2662185996711484e-20
4.989094225135959 2.29554837556355e-20
4.990459578693249 2.3282723212865595e-20
4.9918253059036015 2.362259108478149e-20
4.993191406869274 2.3962342808607802e-20
4.994557881692549 2.4302021720477226e-20
4.995924730475741 2.4641613468313495e-20
4.997291953321191 2.500616912018161e-20
4.998659550331267 2.5377530622501315e-20
5.000027521608365 2.56558801546362e-20
5.001395867254912 2.5966827559208872e-20
5.002764587373359 2.639182605849083e-20
5.004133682066187 2.677715206691874e-20
5.005503151435905 2.7116075964424696e-20
5.00687299558505 2.746733632535779e-20
5.008243214616188 2.7852403414934003e-20
5.0096138086319115 2.828894159055986e-20
5.010984777734841 2.87311857890708e-20
5.012356122027626 2.9109353213526754e-20
5.013727841612942 2.944772571346998e-20
5.015099936593498 2.980150235273236e-20
5.016472407072026 3.018904455046534e-20
5.017845253151288 3.059476088960772e-20
5.019218474934071 3.101726823612517e-20
5.020592072523195 3.1472789196626726e-20
5.021966046021509 3.1911248557415406e-20
5.023340395531882 3.229823721762081e-20
5.02471512115722 3.265342130375331e-20
5.026090223000452 3.302673524036972e-20
5.027465701164536 3.345115971361981e-20
5.028841555752459 3.390924985054081e-20
5.030217786867238 3.4381429108239393e-20
5.031594394611914 3.485344693828319e-20
5.03297137908956 3.5316616678628075e-20
5.034348740403273 3.571226537226382e-20
5.035726478656185 3.6092658911506187e-20
5.037104593951448 3.6540343589024305e-20
5.038483086392249 3.7011752577089597e-20
5.039861956081799 3.7483000386694677e-20
5.04124120312334 3.7941333895464756e-20
5.042620827620139 3.833226655070112e-20
5.044000829675496 3.876118186895941e-20
5.045381209392735 3.930853302349415e-20
5.046761966875209 3.983043433182843e-20
5.048143102226302 4.032491987467577e-20
5.049524615549424 4.085289476641128e-20
5.050906506948012 4.1390327555907026e-20
5.052288776525534 4.19028167553457e-20
5.053671424385486 4.239826713114766e-20
5.055054450631392 4.2951904330541736e-20
5.056437855366803 4.3504957672414075e-20
5.057821638695299 4.39907839587904e-20
5.059205800720489 4.4460268845694714e-20
5.060590341546011 4.4981623632474585e-20
5.0619752612755295 4.556988560582677e-20
5.063360560012738 4.6173015088743396e-20
5.064746237861359 4.6775938320041687e-20
5.066132294925143 4.73586989037213e-20
5.067518731307869 4.787437740045669e-20
5.068905547113344 4.84237552768241e-20
5.070292742445405 4.905258646266109e-20
5.071680317407914 4.9633942965701774e-20
5.073068272104765 5.0223556408830536e-20
5.0744566066398775 5.086917734639071e-20
5.075845321117203 5.149354667186052e-20
5.077234415640719 5.2094989738061416e-20
5.078623890314432 5.2685332083652456e-20
5.080013745242375 5.324215650952759e-20
5.081403980528612 5.3859466028646044e-20
5.082794596277236 5.455458365845214e-20
5.084185592592366 5.51998252403017e-20
5.085576969578151 5.58002825191238e-20
5.086968727338768 5.6411725511404e-20
5.088360865978424 5.705638375320278e-20
5.089753385601352 5.766738555180576e-20
5.091146286311814 5.824496305248532e-20
5.092539568214105 5.891134051697091e-20
5.0939332314125405 5.961628806942774e-20
5.09532727601147 6.029877610716156e-20
5.096721702115271 6.100885416592234e-20
5.098116509828351 6.171335416288967e-20
5.099511699255142 6.239524203297662e-20
5.100907270500107 6.310456456612933e-20
5.102303223667737 6.380869918995808e-20
5.1036995588625516 6.448998788743486e-20
5.105096276189101 6.519847321444666e-20
5.10649337575196 6.598342376604775e-20
5.107890857655736 6.68141142888045e-20
5.109288722005061 6.759058161384637e-20
5.110686968904602 6.832086523646945e-20
5.112085598459048 6.907059321724607e-20
5.113484610773119 6.988650786859691e-20
5.114884005951565 7.069655630904124e-20
5.116283784099162 7.144938043118612e-20
5.117683945320717 7.222116768192352e-20
5.119084489721066 7.301653071386123e-20
5.120485417405073 7.382041543399858e-20
5.121886728477628 7.465723324755481e-20
5.123288423043654 7.549322281031572e-20
5.124690501208098 7.630395028122477e-20
5.126092963075943 7.713941445029454e-20
5.127495808752193 7.80480767835264e-20
5.128899038341883 7.900810326806748e-20
5.13030265195008 7.99194770762136e-20
5.131706649681878 8.077899389069737e-20
5.133111031642397 8.165770013586918e-20
5.134515797936789 8.263528977870428e-20
5.135920948670234 8.362471884298751e-20
5.137326483947939 8.452040374957693e-20
5.138732403875144 8.541735033710087e-20
5.140138708557112 8.634145880721054e-20
5.14154539809914 8.726083717021261e-20
5.1429524726065505 8.814697172851118e-20
5.144359932184698 8.900436487686099e-20
5.145767776938962 8.986159944677731e-20
5.147176006974754 9.071857831926454e-20
5.148584622397513 9.163336742417643e-20
5.149993623312705 9.264683547965605e-20
5.151403009825828 9.370070831502163e-20
5.152812782042409 9.47542208748163e-20
5.154222940068 9.580756964896528e-20
5.155633484008188 9.686057248640023e-20
5.157044413968581 9.787949682895132e-20
5.158455730054824 9.883249489409505e-20
5.159867432372585 9.985096426228948e-20
5.161279521027564 1.0085933482049023e-19
5.162691996125487 1.0163827637985133e-19
5.164104857772114 1.0260719212034524e-19
5.16551810607323 1.0390429126862032e-19
5.166931741134648 1.0521773432367034e-19
5.168345763062213 1.0623396142973595e-19
5.169760171961799 1.071714551160555e-19
5.171174967939304 1.0873352472723234e-19
5.172590151100663 1.1042053721520157e-19
5.174005721551834 1.1167041552491904e-19
5.175421679398804 1.125452010755926e-19
5.176838024747593 1.134647394941249e-19
5.178254757704247 1.1471170735362484e-19
5.179671878374842 1.1602189424224777e-19
5.181089386865482 1.173316333275848e-19
5.182507283282301 1.1856712649845432e-19
5.183925567731462 1.1947508117781968e-19
5.185344240319157 1.203576696376346e-19
5.186763301151607 1.2156609457245002e-19
5.188182750335061 1.2286654036693087e-19
5.1896025879758 1.241652089638615e-19
5.191022814180131 1.254701074452129e-19
5.192443429054391 1.2677704021285478e-19
5.193864432704947 1.2808352640325214e-19
5.195285825238194 1.2938980481309487e-19
5.196707606760556 1.306956547778804e-19
5.1981297773784885 1.3200105857576064e-19
5.199552337198474 1.3330627228515042e-19
5.200975286327024 1.3461103997233835e-19
5.202398624870678 1.35915379164476e-19
5.20382235293601 1.37219510712012e-19
5.205246470629617 1.3881691718294483e-19
5.206670978058127 1.405006866465741e-19
5.208095875328199 1.415647705384361e-19
5.20952116254652 1.4275772771393016e-19
5.2109468398198056 1.4450522497707519e-19
5.212372907254802 1.4603636638625942e-19
5.213799364958284 1.4733789042323408e-19
5.215226213037054 1.4871151871055616e-19
5.2166534515979475 1.5040998448750844e-19
5.218081080747824 1.5213801107244255e-19
5.219509100593577 1.535406056918388e-19
5.220937511242127 1.5484041392292666e-19
5.222366312800423 1.563371239467616e-19
5.223795505375446 1.5813625920824337e-19
5.225225089074204 1.5973764222151751e-19
5.226655064003733 1.6120718105918126e-19
5.228085430271104 1.6300103095556132e-19
5.2295161879834104 1.6462742715910249e-19
5.230947337247778 1.6607324796043734e-19
5.232378878171363 1.6783884805059694e-19
5.233810810861351 1.6949105583858785e-19
5.235243135424954 1.7093532848627635e-19
5.236675851969415 1.7267188202471248e-19
5.238108960602008 1.7435069902678833e-19
5.239542461430034 1.757934264871261e-19
5.2409763545608214 1.7750013750232468e-19
5.2424106401017365 1.7920636058064036e-19
5.243845318160165 1.8064754582811983e-19
5.245280388843528 1.823236191255125e-19
5.246715852259274 1.8426362851542496e-19
5.2481517085148806 1.8617443383211084e-19
5.249587957717855 1.8776155436936146e-19
5.251024599975735 1.8940376263722914e-19
5.252461635396086 1.9169177510275284e-19
5.2538990640865055 1.9363345892373554e-19
5.255336886154618 1.9507227447711917e-19
5.256775101708078 1.9682955201054952e-19
5.25821371085457 1.9876538180519619e-19
5.259652713701808 2.0070063676999253e-19
5.2610921103575325 2.0263551457545033e-19
5.26253190092952 2.0456973203547727e-19
5.263972085525571 2.065034580652296e-19
5.265412664253516 2.0843672374434062e-19
5.266853637221217 2.1036932972858688e-19
5.268295004536567 2.1230152984351028e-19
5.2697367663074814 2.1423318425762665e-19
5.271178922641914 2.1616417962972186e-19
5.272621473647842 2.180948568583147e-19
5.274064419433275 2.2002490087358216e-19
5.275507760106251 2.219542865019525e-19
5.276951495774838 2.238833791378332e-19
5.278395626547134 2.2581181362519963e-19
5.279840152531265 2.2785690938182397e-19
5.281285073835388 2.3022285126846535e-19
5.282730390567691 2.325324228481217e-19
5.284176102836389 2.345202903015452e-19
5.285622210749725 2.3644616519414365e-19
5.287068714415978 2.3837138325780855e-19
5.288515613943449 2.403392892051826e-19
5.289962909440476 2.426272855839008e-19
5.291410601015421 2.450078044009434e-19
5.292858688776678 2.470722100345235e-19
5.294307172832671 2.4932005369656327e-19
5.295756053291852 2.5173722843429457e-19
5.297205330262704 2.5383375562339307e-19
5.298655003853739 2.560406610120476e-19
5.3001050741735005 2.58461148861722e-19
5.3015555413305595 2.605954030155205e-19
5.303006405433518 2.6276058539169365e-19
5.304457666591007 2.65179571376684e-19
5.305909324911686 2.673523390321391e-19
5.307361380504248 2.6947501447736274e-19
5.308813833477412 2.718925016937634e-19
5.310266683939927 2.741045685769327e-19
5.311719932000576 2.761839539964077e-19
5.313173577768168 2.7858234401740483e-19
5.3146276213515415 2.8113606859052938e-19
5.316082062859565 2.8368898324747913e-19
5.31753690240114 2.862414416957537e-19
5.318992140085195 2.8879303038890727e-19
5.320447776020686 2.912665370239103e-19
5.321903810316604 2.9342070975521393e-19
5.323360243081967 2.9554758355593345e-19
5.324817074425822 2.979926760166239e-19
5.3262743044572485 3.005408645750783e-19
5.327731933285355 3.032584010815151e-19
5.329189961019276 3.0629388532645894e-19
5.330648387768182 3.088629951495322e-19
5.33210721364127 3.1104452984953847e-19
5.333566438747766 3.138389772354915e-19
5.3350260631969295 3.1675803273179495e-19
5.336486087098045 3.193583592688922e-19
5.337946510560433 3.219010180528188e-19
5.339407333693437 3.246463921281471e-19
5.340868556606435 3.276676839146204e-19
5.342330179408835 3.304846280304388e-19
5.343792202210073 3.3302428704782853e-19
5.345254625119615 3.355635464171722e-19
5.346717448246959 3.3780559115119805e-19
5.348180671701631 3.398431940435489e-19
5.349644295593188 3.4217667489810113e-19
5.351108320031216 3.4520814743342534e-19
5.352572745125331 3.486792472720178e-19
5.354037570985181 3.513376916896088e-19
5.355502797720442 3.5403061269950566e-19
5.356968425440822 3.579456546624121e-19
5.358434454256056 3.6138429527880736e-19
5.359900884275911 3.642118698343762e-19
5.361367715610182 3.6767188686615025e-19
5.3628349483686995 3.711875478644047e-19
5.364302582661318 3.742891600520998e-19
5.365770618597924 3.7703818174196206e-19
5.367239056288437 3.795668106232537e-19
5.3687078958428 3.82184596631375e-19
5.370177137370993 3.8543337124882717e-19
5.371646780983022 3.890466469216554e-19
5.373116826788927 3.9234357192882303e-19
5.374587274898772 3.9580792261581786e-19
5.376058125422656 3.9958677167055834e-19
5.377529378470706 4.0337274449803017e-19
5.379001034153081 4.0690331586206335e-19
5.380473092579968 4.101870334956049e-19
5.381945553861586 4.13723940192002e-19
5.3834184181081834 4.1730578529941235e-19
5.384891685430038 4.205718913551852e-19
5.386365355937457 4.2372156984888835e-19
5.387839429740781 4.270146163231967e-19
5.389313906950379 4.3062193531940166e-19
5.390788787676652 4.343983731667932e-19
5.3922640720300254 4.381737406732084e-19
5.393739760120962 4.419482866407334e-19
5.39521585205995 4.455042274336154e-19
5.396692347957511 4.488083997023852e-19
5.398169247924194 4.526429793269585e-19
5.39964655207058 4.565613222088775e-19
5.401124260507281 4.595366552687664e-19
5.402602373344937 4.626249202119761e-19
5.404080890694219 4.662382651094039e-19
5.40555981266583 4.695887908600702e-19
5.407039139370502 4.731852750728665e-19
5.408518870918996 4.773652520498253e-19
5.4099990074221065 4.8139891324951505e-19
5.411479548990654 4.849906495774935e-19
5.4129604957354935 4.88268355519985e-19
5.41444184776751 4.91698455528012e-19
5.415923605197614 4.954407834663329e-19
5.417405768136753 4.99198867354664e-19
5.4188883366959 5.031918187797866e-19
5.420371310986059 5.073986297532956e-19
5.421854691118269 5.110554430131739e-19
5.423338477203593 5.147076801390027e-19
5.424822669353127 5.192976098836769e-19
5.426307267678 5.230998486634633e-19
5.427792272289366 5.259880223321895e-19
5.429277683298416 5.297629470154937e-19
5.430763500816365 5.341363097174859e-19
5.432249724954463 5.383597771079621e-19
5.433736355823987 5.416456054107789e-19
5.435223393536248 5.448380190860006e-19
5.436710838202584 5.492782236853077e-19
5.438198689934367 5.536740475635251e-19
5.439686948842997 5.57444575275606e-19
5.441175615039905 5.611862395507506e-19
5.442664688636551 5.649266352589934e-19
5.444154169744429 5.686215205496435e-19
5.445644058475063 5.72003905404781e-19
5.447134354940002 5.757883952037654e-19
5.448625059250833 5.808178276150469e-19
5.45011617151917 5.85550593171887e-19
5.451607691856656 5.895506344332019e-19
5.453099620374967 5.9410877496921175e-19
5.45459195718581 5.984151604451475e-19
5.456084702400922 6.019588373128185e-19
5.457577856132066 6.067925200612377e-19
5.459071418491044 6.1269612519835575e-19
5.460565389589682 6.179773399939056e-19
5.46205976953984 6.223930225656627e-19
5.463554558453406 6.264485772589266e-19
5.465049756442301 6.313673316821634e-19
5.466545363618476 6.363290474507043e-19
5.468041380093911 6.403956346208945e-19
5.46953780598062 6.447747088882021e-19
5.471034641390643 6.494588460182088e-19
5.472531886436055 6.535221747510922e-19
5.474029541228959 6.5801623639034695e-19
5.47552760588149 6.63370606721791e-19
5.477026080505815 6.685684094585009e-19
5.4785249652141275 6.731479133072301e-19
5.480024260118656 6.771074011269666e-19
5.481523965331656 6.81434346361916e-19
5.483024080965416 6.862629512906476e-19
5.484524607132258 6.907872448078778e-19
5.486025543944528 6.953508990402411e-19
5.487526891514609 7.001792110261008e-19
5.489028649954909 7.047719867008949e-19
5.490530819377872 7.089361935090805e-19
5.492033399895971 7.127907684465702e-19
5.493536391621708 7.176129291091875e-19
5.495039794667617 7.234054587290752e-19
5.496543609146266 7.283894707872889e-19
5.498047835170247 7.333240264753586e-19
5.499552472852189 7.39155358596924e-19
5.50105752230475 7.446544437129824e-19
5.502562983640615 7.495482604551818e-19
5.504068856972507 7.544656475001301e-19
5.505575142413173 7.593958790095296e-19
5.507081840075395 7.6432491961739005e-19
5.508588950071985 7.692526453521443e-19
5.5100964725157855 7.743437996205564e-19
5.511604407519671 7.797419175991585e-19
5.513112755196543 7.847198436205885e-19
5.5146215156593374 7.89169032577642e-19
5.516130689021024 7.938706218476407e-19
5.517640275394596 7.989930946174621e-19
5.5191502748930805 8.044220451614847e-19
5.52066068762954 8.09953542435002e-19
5.522171513717064 8.15233410002071e-19
5.523682753268771 8.19898108293283e-19
5.525194406397813 8.24674685865471e-19
5.526706473217375 8.300182285852552e-19
5.5282189538406685 8.35189478161951e-19
5.529731848380939 8.405765604418341e-19
5.531245156951461 8.468829229405114e-19
5.532758879665543 8.536287599491906e-19
5.534273016636523 8.599761748771252e-19
5.535787567977768 8.647900278039758e-19
5.537302533802679 8.6923459595029e-19
5.538817914224685 8.749037568058959e-19
5.54033370935725 8.80114635574172e-19
5.541849919313866 8.847368454256762e-19
5.543366544208056 8.90271359844935e-19
5.544883584153375 8.966128998021491e-19
5.54640103926341 9.031456072979776e-19
5.547918909651779 9.085368918123374e-19
5.549437195432128 9.133755620816778e-19
5.550955896718138 9.194359225694465e-19
5.5524750136235195 9.256561335473145e-19
5.553994546262015 9.312637153390871e-19
5.555514494747392 9.367605909073742e-19
5.557034859193459 9.425892630382762e-19
5.558555639714051 9.490273871287526e-19
5.560076836423033 9.549088841925612e-19
5.561598449434302 9.601196073615975e-19
5.563120478861787 9.661600907977656e-19
5.564642924819448 9.720998103415997e-19
5.566165787421275 9.768191473575853e-19
5.5676890667812895 9.831937469259006e-19
5.569212763013546 9.909582490821395e-19
5.570736876232129 9.966132981493574e-19
5.572261406551153 1.0036672164080598e-18
5.573786354084767 1.014294800810967e-18
5.575311718947146 1.02e-18
5.5768375012525 1.0212750366442542e-18
5.578363701115073 1.0255910747665007e-18
5.579890318649134 1.0340275393719343e-18
5.581417353968987 1.0451068246476893e-18
5.582944807188965 1.053828670848732e-18
5.584472678423436 1.0599042247407789e-18
5.586000967786795 1.065978704638987e-18
5.587529675393471 1.0720511426856036e-18
5.589058801357925 1.0781219838925309e-18
5.5905883457946475 1.0841913063257483e-18
5.592118308818158 1.0902585896373446e-18
5.593648690543013 1.096324796691714e-18
5.595179491083798 1.1023889657138556e-18
5.5967107105551275 1.1084513880538164e-18
5.598242349071651 1.1145124430260748e-18
5.599774406748045 1.120571462709302e-18
5.6013068836990225 1.1266294038738113e-18
5.602839780039323 1.1326853108458135e-18
5.604373095883722 1.1387393396359417e-18
5.605906831347024 1.1447921341438979e-18
5.607440986544065 1.1508428972158097e-18
5.60897556158971 1.1568925795094376e-18
5.610510556598861 1.1659217923204207e-18
5.612045971686448 1.1769674529934352e-18
5.6135818069674315 1.185030433249175e-18
5.615118062556806 1.1910729467920317e-18
5.616654738569596 1.1971817874279499e-18
5.618191835120857 1.2063074403753337e-18
5.6197293523256775 1.2161724977842816e-18
5.621267290299178 1.22e-18
5.622805649156506 1.2221391217280409e-18
5.6243444290128455 1.2274502984287451e-18
5.625883629983413 1.2366517467955293e-18
5.62742325218345 1.247525300887701e-18
5.6289632957282345 1.255383071587659e-18
5.630503760733076 1.2636198743672065e-18
5.632044647313313 1.2746446200232226e-18
5.6335859555843175 1.2834567830563545e-18
5.635127685661493 1.2882336966055555e-18
5.636669837660274 1.29e-18
5.638212411696126 1.2922618074255582e-18
5.639755407884549 1.2978017935643312e-18
5.641298826341071 1.307093008232015e-18
5.642842667181252 1.3178357057834333e-18
5.644386930520687 1.3255707941601378e-18
5.645931616474998 1.3338726529711193e-18
5.647476725159844 1.3448808783703271e-18
5.649022256690911 1.3535950919103674e-18
5.650568211183916 1.3595995676701046e-18
5.652114588754614 1.3656029499842254e-18
5.653661389518787 1.3716043244120681e-18
5.655208613592246 1.3779064714651861e-18
5.65675626109084 1.3872052043106254e-18
5.658304332130447 1.3978993299600296e-18
5.659852826826976 1.4055940431708503e-18
5.6614017452963665 1.4115872119439416e-18
5.662951087654594 1.417866463071772e-18
5.664500854017661 1.4271381819002568e-18
5.666051044501604 1.4378388087488878e-18
5.667601659222493 1.4455441299524531e-18
5.669152698296426 1.453789581367528e-18
5.670704161839536 1.464770723585027e-18
5.672256049967986 1.4734599987980514e-18
5.6738083627979705 1.4793923855766968e-18
5.675361100445718 1.4853532632441552e-18
5.676914263027486 1.4913300344671326e-18
5.678467850659565 1.4973055702531547e-18
5.680021863458281 1.5032792458092466e-18
5.681576301539984 1.5114875940527125e-18
5.683131165021061 1.525664525970411e-18
5.684686454017933 1.5393964488261977e-18
5.686242168647047 1.5471575175281304e-18
5.687798309024885 1.553123012155022e-18
5.689354875267961 1.560120619969982e-18
5.690911867492821 1.5700978381087167e-18
5.692469285816042 1.5800241495261309e-18
5.6940271303542325 1.5869686404579427e-18
5.695585401224037 1.595877798881705e-18
5.697144098542125 1.6068331593540077e-18
5.698703222425203 1.6148355522170946e-18
5.700262772990008 1.6226695301682787e-18
5.70182275035331 1.633477873978206e-18
5.703383154631908 1.6425452984258974e-18
5.704943985942635 1.6494399120323081e-18
5.706505244402358 1.6591629326298825e-18
5.708066930127972 1.6710511065067566e-18
5.709629043236406 1.6829370604394578e-18
5.711191583844622 1.6921294601285997e-18
5.712754552069611 1.6990080203249303e-18
5.714317948028398 1.7085734398171457e-18
5.715881771838043 1.7204453109578224e-18
5.717446023615633 1.7323149576928e-18
5.719010703478286 1.7416526601174204e-18
5.72057581154316 1.7485152210717806e-18
5.722141347927437 1.7579027439013228e-18
5.723707312748335 1.768336923650255e-18
5.725273706123103 1.7758058419580716e-18
5.726840528169022 1.7840766623916225e-18
5.7284077790034065 1.795307715780925e-18
5.729975458743601 1.8071509635739763e-18
5.731543567506984 1.8177628751992712e-18
5.7331121054109655 1.825413679037273e-18
5.734681072572986 1.833474230470123e-18
5.736250469110519 1.8444912331625364e-18
5.7378202951410735 1.856318218315342e-18
5.739390550782186 1.8681412780008647e-18
5.740961236151427 1.8799620999225635e-18
5.742532351366399 1.8898573798123574e-18
5.744103896544738 1.8967968291484063e-18
5.74567587180411 1.9055291870860806e-18
5.747248277262215 1.9172114503054117e-18
5.748821113036783 1.9290160300065973e-18
5.750394379245579 1.9391376259174667e-18
5.751968076006399 1.9463075582242985e-18
5.753542203437071 1.9547811366994867e-18
5.755116761655455 1.9656767816649088e-18
5.756691750779444 1.9739946348336325e-18
5.7582671709269615 1.982719574781108e-18
5.759843022215968 1.997333876166603e-18
5.76141930476445 2.0126958144076297e-18
5.76299601869043 2.0248604040000166e-18
5.764573164111962 2.03344097052091e-18
5.7661507411471336 2.0404586101095544e-18
5.767728749914061 2.050416183698689e-18
5.7693071905308955 2.0621782837002896e-18
5.7708860631158245 2.0739381292553933e-18
5.77246536778706 2.082801540083188e-18
5.77404510466285 2.0895536890464087e-18
5.7756252738614755 2.0991960384257775e-18
5.7772058755012505 2.110941959184723e-18
5.778786909700519 2.1226856210694156e-18
5.780368376577657 2.134425399158828e-18
5.781950276251079 2.1461619693691445e-18
5.783532608839222 2.15789560564226e-18
5.785115374460564 2.168252923063429e-18
5.786698573233611 2.1756764297853958e-18
5.788282205276903 2.183772491176822e-18
5.789866270709011 2.194797527513143e-18
5.7914507696485416 2.2065150101693093e-18
5.793035702214131 2.2182286238729146e-18
5.794621068524448 2.2299399698608755e-18
5.796206868698192 2.2397723903415924e-18
5.7977931028541025 2.2466763298282757e-18
5.799379771110945 2.2579784676159124e-18
5.800966873587516 2.2738273965046273e-18
5.8025544104026485 2.2842235389244723e-18
5.804142381675209 2.291565094943243e-18
5.805730787524093 2.3018275168743434e-18
5.807319628068228 2.3111742528453684e-18
5.80890890342658 2.3181158327676895e-18
5.810498613718142 2.330311465381938e-18
5.812088759061938 2.3456308633337774e-18
5.813679339577032 2.3551112668240876e-18
5.815270355382515 2.362877132321032e-18
5.816861806597512 2.3735585064976155e-18
5.818453693341178 2.382458705616166e-18
5.820046015732707 2.3897958287805622e-18
5.82163877389132 2.4028067566902633e-18
5.823231967936271 2.4172779281316767e-18
5.82482559798685 2.425920819684345e-18
5.826419664162376 2.4363995985065248e-18
5.828014166582204 2.4522216929227713e-18
5.829609105365718 2.4633867789709162e-18
5.831204480632339 2.4713196803080395e-18
5.832800292501516 2.4850678360696316e-18
5.834396541092733 2.502514130427319e-18
5.83599322652551 2.519956989242249e-18
5.837590348919393 2.532024088387363e-18
5.839187908393964 2.5388657409835877e-18
5.84078590506884 2.5481693902659825e-18
5.842384339063668 2.5597842102586394e-18
5.843983210498127 2.5713967354990068e-18
5.84558251949193 2.5830054465640935e-18
5.847182266164825 2.594611665459766e-18
5.848782450636589 2.6062142685843535e-18
5.850383073027033 2.617813063898928e-18
5.8519841334560025 2.629409560075797e-18
5.853585632043375 2.6409685828182155e-18
5.855187568909058 2.6524679028316233e-18
5.856789944172995 2.666430899779863e-18
5.858392757955161 2.6830055606709747e-18
5.859996010375565 2.6971432909318513e-18
5.861599701554248 2.7098469726372084e-18
5.863203831611284 2.725441502235071e-18
5.864808400666781 2.7389727759203743e-18
5.8664134088408755 2.7467165900075458e-18
5.868018856253743 2.7578878981675907e-18
5.869624743025588 2.774253254925566e-18
5.8712310692766465 2.7881171025614895e-18
5.872837835127192 2.799671700458695e-18
5.87444504069753 2.811223987122791e-18
5.876052686107997 2.824908869652741e-18
5.8776607714789595 2.841455018410802e-18
5.879269296930822 2.8558610546074626e-18
5.880878262584025 2.867399693142893e-18
5.8824876685590315 2.8789360160776473e-18
5.884097514976346 2.890468566740019e-18
5.885707801956503 2.9019988001356657e-18
5.887318529620071 2.9158470337164906e-18
5.888929698087649 2.932370793222964e-18
5.890541307479872 2.9465694016213545e-18
5.892153357917406 2.95904706629005e-18
5.8937658495209515 2.9744004652784366e-18
5.895378782411241 2.9916662650637716e-18
5.896992156709041 3.0089285799108014e-18
5.898605972535149 3.023716716117483e-18
5.900220230010399 3.0359689246008615e-18
5.901834929255655 3.0506850259377877e-18
5.903450070391816 3.066835700990714e-18
5.905065653539811 3.0801102663449317e-18
5.906681678820607 3.0915988121804856e-18
5.9082981463552 3.1030850287066164e-18
5.90991505626462 3.1171442657479915e-18
5.911532408669931 3.1336235535868133e-18
5.913150203692232 3.1475231851324718e-18
5.914768441452651 3.1601788009948936e-18
5.91638712207235 3.175699253171555e-18
5.918006245672527 3.1909828849167515e-18
5.919625812374411 3.2033970113721458e-18
5.921245822299264 3.21485753176523e-18
5.922866275568383 3.226825595802438e-18
5.924487172303095 3.241653787146763e-18
5.926108512624766 3.2588298766906874e-18
5.927730296654787 3.2760024567455167e-18
5.92935252451459 3.2931694511039438e-18
5.930975196325633 3.310332933484223e-18
5.932598312209414 3.3248129821135034e-18
5.934221872287463 3.3364291191180243e-18
5.935845876681336 3.347861658595559e-18
5.937470325512633 3.360541603628057e-18
5.939095218902979 3.376075444928003e-18
5.940720556974038 3.3932095969996255e-18
5.942346339847504 3.410340228105235e-18
5.943972567645103 3.4247944363278794e-18
5.945599240488598 3.4369144717726217e-18
5.947226358499784 3.4517013177468677e-18
5.948853921800488 3.468811750906753e-18
5.950481930512571 3.485918656609506e-18
5.95211038475793 3.5010918330000105e-18
5.95373928465849 3.513411893930032e-18
5.955368630336213 3.5274323575301156e-18
5.956998421913096 3.544297508269296e-18
5.958628659511167 3.561380718730544e-18
5.960259343252485 3.578458395026095e-18
5.961890473259145 3.595532534900023e-18
5.963522049653278 3.612601144927253e-18
5.965154072557045 3.629666216051735e-18
5.96678654209264 3.6441835899397634e-18
5.968419458382291 3.656623195313953e-18
5.970052821548264 3.674441516133635e-18
5.971686631712851 3.696101770873585e-18
5.973320888998382 3.714917527146938e-18
5.97495559352722 3.73020843251376e-18
5.97659074542176 3.742657201343619e-18
5.9782263448044315 3.758849689186092e-18
5.979862391797699 3.780198062611835e-18
5.98149888652406 3.796702015574755e-18
5.98313582910604 3.809900655625561e-18
5.984773219666206 3.828765446603649e-18
5.986411058327155 3.849840157555157e-18
5.988049345211517 3.868077051486265e-18
5.989688080441956 3.887332312464708e-18
5.991327264141171 3.909322701139604e-18
5.992966896431892 3.929046832290875e-18
5.994606977436884 3.946026529859615e-18
5.996247507278946 3.96300266419315e-18
5.997888486080912 3.979973325671746e-18
5.999529913965644 3.996940421442228e-18
6.001171791056044 4.015965553040202e-18
6.002814117475046 4.0378134772629985e-18
6.004456893345614 4.060416937490229e-18
6.006100118790749 4.082474529376146e-18
6.007743793933486 4.101703725034909e-18
6.009387918896893 4.1198268909031316e-18
6.01103249380407 4.140768497542997e-18
6.012677518778152 4.161512530656161e-18
6.014322993942309 4.1794309712961394e-18
6.015968919419743 4.198819142806078e-18
6.017615295333689 4.2210222477957405e-18
6.019262121807419 4.243570309271955e-18
6.0209093989642355 4.266111125122187e-18
6.022557126927476 4.288647162958979e-18
6.024205305820509 4.311175961162174e-18
6.025853935766745 4.3336999780631236e-18
6.027503016889618 4.356216761334533e-18
6.029152549312602 4.378728760015568e-18
6.0308025331592034 4.401233531082772e-18
6.032452968552962 4.42373108979452e-18
6.034103855617452 4.4462238513975405e-18
6.0357551944762795 4.468709399427264e-18
6.037406985253089 4.4911901543185664e-18
6.039059228071554 4.513663701685669e-18
6.040711923055381 4.536132452630117e-18
6.042365070328318 4.5585940021111686e-18
6.04401867001414 4.581619090700457e-18
6.045672722236656 4.6102487928285405e-18
6.047327227119712 4.6411997867703885e-18
6.048982184787187 4.663647798014669e-18
6.050637595362993 4.684705985737955e-18
6.052293458971075 4.714252572187235e-18
6.053949775735416 4.741707586955971e-18
6.055606545780028 4.760750238251418e-18
6.05726376922896 4.78553237441667e-18
6.058921446206295 4.818250563946352e-18
6.0605795768361475 4.848584470036261e-18
6.062238161242668 4.8755125548255595e-18
6.0638971995500395 4.899637278271481e-18
6.065556691882483 4.923662385609909e-18
6.067216638364247 4.950478800106484e-18
6.068877039119618 4.978432958698989e-18
6.070537894272919 5.006380909960471e-18
6.0721992039485 5.034320115067858e-18
6.073860968270752 5.062250410095312e-18
6.075523187364096 5.090174665359075e-18
6.077185861352989 5.118090018289431e-18
6.0788489903619185 5.145999327366909e-18
6.08051257451541 5.173899741872298e-18
6.0821766139380244 5.201794108436672e-18
6.083841108754351 5.2320414321493865e-18
6.085506059089018 5.2649201241172454e-18
6.087171465066685 5.295428828908374e-18
6.0888373268120475 5.323290508871848e-18
6.090503644449833 5.351146130293892e-18
6.092170418104806 5.3802843909394664e-18
6.093837647901763 5.41220030632845e-18
6.095505333965537 5.445598519998024e-18
6.09717347642099 5.478989453619949e-18
6.098842075393025 5.507527261574077e-18
6.100511131006574 5.530899100449584e-18
6.102180643386605 5.55910404125399e-18
6.103850612658119 5.592455878179447e-18
6.105521038946156 5.625800422365495e-18
6.107191922375785 5.659134383484226e-18
6.108863263072109 5.692461046971455e-18
6.1105350611602685 5.725777136878697e-18
6.1122073167654385 5.759085924263704e-18
6.113880030012823 5.7899651160695255e-18
6.115553201027666 5.8180615989113826e-18
6.117226829935245 5.845795233367357e-18
6.118900916860868 5.874258340867327e-18
6.12057546192988 5.905486603300098e-18
6.12225046526766 5.938738574768985e-18
6.123925926999624 5.9719832261684854e-18
6.125601847251216 6.005217354574567e-18
6.12727822614792 6.038444158028207e-18
6.128955063815253 6.069305124945161e-18
6.130632360378763 6.0976361461958475e-18
6.132310115964035 6.13107832496918e-18
6.133988330696692 6.167835264841947e-18
6.135667004702386 6.1962904855882346e-18
6.137346138106804 6.219586391443229e-18
6.1390257310356695 6.2456405647827956e-18
6.140705783614741 6.273267507670694e-18
6.142386295969806 6.300888327777208e-18
6.144067268226692 6.328500429299633e-18
6.1457487005112625 6.3561064039791345e-18
6.147430592949409 6.3837036681571566e-18
6.149112945667059 6.411292276924869e-18
6.15079575879018 6.4388747077957275e-18
6.152479032444767 6.4644015143335026e-18
6.154162766756855 6.484409629023144e-18
6.155846961852509 6.504015479275504e-18
6.157531617857832 6.529127742636831e-18
6.159216734898959 6.552583703556506e-18
6.160902313102062 6.570525879257112e-18
6.162588352593344 6.587043451965788e-18
6.164274853499046 6.603254216093998e-18
6.165961815945443 6.616710080199736e-18
6.167649240058842 6.628515795147576e-18
6.169337125965587 6.6430684230580546e-18
6.171025473792056 6.656959864126281e-18
6.172714283664661 6.665351322533399e-18
6.1744035557098496 6.6726434087110275e-18
6.176093290054103 6.682681172617245e-18
6.177783486823939 6.689087496841901e-18
6.179474146145906 6.6900695415733886e-18
6.181165268146592 6.695626466419449e-18
6.182856852952616 6.70555692484606e-18
6.184548900690632 6.71e-18
6.186241411487331 6.71e-18
6.187934385469437 6.71e-18
6.189627822763708 6.71e-18
6.191321723496937 6.71e-18
6.193016087795955 6.708032500264409e-18
6.1947109157876215 6.70332625331961e-18
6.1964062075988355 6.7027370535617305e-18
6.19810196335653 6.707082042745525e-18
6.199798183187674 6.703806441429426e-18
6.201494867219266 6.6922123946764486e-18
6.203192015578342 6.677886544606824e-18
6.204889628391978 6.664841849120805e-18
6.206587705787276 6.66e-18
6.208286247891378 6.6584147973890425e-18
6.2099852548314605 6.654097793881793e-18
6.211684726734734 6.646587997489996e-18
6.2133846637284424 6.636348883846758e-18
6.215085065939867 6.625430181505155e-18
6.216785933496325 6.614986298655642e-18
6.2184872665251625 6.61e-18
6.2201890651537655 6.608618726710359e-18
6.221891329509555 6.601785287960529e-18
6.223594059719986 6.592024160600116e-18
6.225297255912542 6.584990360674734e-18
6.227000918214755 6.581132761324789e-18
6.228705046754181 6.58e-18
6.23040964165841 6.575925789161796e-18
6.2321147030550765 6.5664068859222795e-18
6.233820231071842 6.560481096760483e-18
6.235526225836407 6.56020094480524e-18
6.237232687476503 6.5631209966372e-18
6.2389396161199 6.567920051831959e-18
6.240647011894401 6.57e-18
6.242354874927845 6.57e-18
6.244063205348105 6.57e-18
6.245772003283093 6.57301416170351e-18
6.2474812688607475 6.5814590423260545e-18
6.24919100220905 6.590381470425559e-18
6.2509012034560145 6.596587288270126e-18
6.252611872729689 6.604377029291489e-18
6.254323010158156 6.61487671780494e-18
6.256034615869536 6.625668791993529e-18
6.2577466899919845 6.636862197464436e-18
6.259459232653687 6.6508163326087454e-18
6.261172243982868 6.6670734242583464e-18
6.2628857241077895 6.683326754918911e-18
6.264599673156743 6.698291997014851e-18
6.266314091258058 6.710546401276101e-18
6.2680289785401 6.72306898591133e-18
6.269744335131268 6.73829487919018e-18
6.271460161159997 6.7566321037165966e-18
6.273176456754756 6.777670123150958e-18
6.274893222044052 6.79929940669062e-18
6.276610457156423 6.820705892587426e-18
6.278328162220444 6.839405275313795e-18
6.280046337364729 6.8568527068693694e-18
6.28176498271792 6.879696466428667e-18
6.283484098408701 6.9036372181755345e-18
6.2852036845657855 6.919475298511301e-18
6.286923741317928 6.9331016996117385e-18
6.288644268793911 6.952120646347324e-18
6.290365267122558 6.975506788689348e-18
6.292086736432728 7.001584160959761e-18
6.293808676853313 7.024136738966322e-18
6.295531088513238 7.041292988971768e-18
6.297253971541469 7.057457371529964e-18
6.2989773260670034 7.073900019390909e-18
6.300701152218872 7.09303031283834e-18
6.302425450126147 7.115231010997646e-18
6.304150219917933 7.14011714131519e-18
6.305875461723367 7.161784784763743e-18
6.307601175671625 7.17e-18
6.309327361891917 7.174274523637963e-18
6.311054020513489 7.186612916798473e-18
6.312781151665622 7.199138049520063e-18
6.314508755477631 7.206286003463273e-18
6.31623683207887 7.211657906717624e-18
6.317965381598723 7.217028543411737e-18
6.319694404166615 7.227478639686166e-18
6.321423899912003 7.242621655888332e-18
6.323153868964381 7.25e-18
6.3248843114532765 7.249411078143064e-18
6.326615227508254 7.246141270233246e-18
6.328346617258916 7.241730192090183e-18
6.330078480834894 7.24e-18
6.3318108183658595 7.237381828590442e-18
6.333543629981521 7.229406964256528e-18
6.335276915811619 7.218695516781233e-18
6.337010675985928 7.207986611282037e-18
6.338744910634263 7.193245713906705e-18
6.340479619886473 7.173155752714326e-18
6.342214803872439 7.151756086638934e-18
6.343950462722082 7.130361683043907e-18
6.345686596565358 7.108973625324567e-18
6.347423205532256 7.087204655789813e-18
6.349160289752801 7.062769528980627e-18
6.350897849357055 7.036057089378603e-18
6.3526358844751165 7.009351022827855e-18
6.354374395237118 6.983722572819611e-18
6.356113381773226 6.960769202356524e-18
6.357852844213646 6.936610050545713e-18
6.359592782688617 6.9071211508563975e-18
6.361333197328415 6.873378385699753e-18
6.363074088263351 6.836977133133387e-18
6.364815455623771 6.80380260170864e-18
6.366557299540056 6.775966757875664e-18
6.368299620142626 6.746927826910475e-18
6.370042417561934 6.715232080938098e-18
6.371785691928469 6.68328139671841e-18
6.373529443372754 6.651340385698341e-18
6.375273672025354 6.619407053515062e-18
6.377018378016864 6.587483383486849e-18
6.378763561477912 6.555567397041149e-18
6.380509222539171 6.5236610616863775e-18
6.382255361331344 6.491762414658006e-18
6.38400197798517 6.462551597424531e-18
6.385749072631422 6.438661395789478e-18
6.387496645400915 6.415762563354871e-18
6.389244696424493 6.390213684496285e-18
6.390993225833038 6.3656284805922085e-18
6.392742233757472 6.343703590016695e-18
6.394491720328746 6.3224788831676595e-18
6.396241685677852 6.301259314508477e-18
6.397992129935815 6.280046142832825e-18
6.399743053233697 6.258839024312809e-18
6.401494455702595 6.237637383512503e-18
6.403246337473645 6.218000579327317e-18
6.404998698678014 6.206313002197363e-18
6.40675153944691 6.199386225278924e-18
6.408504859911572 6.1871672565398155e-18
6.410258660203277 6.171288086546294e-18
6.412012940453339 6.15541278096675e-18
6.413767700793108 6.145136869827831e-18
6.4155229413539665 6.145441475553166e-18
6.4172786622673375 6.14398494180491e-18
6.419034863664679 6.131955627107016e-18
6.420791545677481 6.1220135043396585e-18
6.422548708437273 6.12e-18
6.424306352075622 6.12e-18
6.426064476724128 6.12e-18
6.427823082514426 6.117469381291764e-18
6.429582169578191 6.112808264908635e-18
6.4313417380471325 6.115951736103936e-18
6.4331017880529915 6.125612852487065e-18
6.434862319727554 6.13e-18
6.436623333202634 6.1307150323885916e-18
6.438384828610086 6.134064461846527e-18
6.440146806081799 6.137365904298447e-18
6.441909265749699 6.135399847472016e-18
6.443672207745745 6.133881674786607e-18
6.445435632201938 6.1402602174384204e-18
6.44719953925031 6.149273826550619e-18
6.4489639290229315 6.155654332669554e-18
6.450728801651907 6.15737061454535e-18
6.45249415726938 6.153827173364351e-18
6.454259996007529 6.152627819199429e-18
6.456026317998568 6.156685592881451e-18
6.457793123374747 6.15737374513668e-18
6.459560412268354 6.152807366321782e-18
6.461328184811713 6.1526246924496755e-18
6.463096441137179 6.157374849780539e-18
6.464865181377151 6.157057766514155e-18
6.4666344056640614 6.1518108761026e-18
6.468404114130378 6.146565286463248e-18
6.4701743069086 6.1406708615927e-18
6.471944984131274 6.132157042278153e-18
6.473716145930975 6.12078311798611e-18
6.475487792440315 6.1067924047028435e-18
6.477259923791944 6.092229713631882e-18
6.479032540118549 6.080340892933182e-18
6.480805641552848 6.068632170397682e-18
6.482579228227603 6.054257480624e-18
6.4843533002756075 6.0385596365420614e-18
6.4861278578296915 6.022865706497134e-18
6.487902901022724 6.0036209121684856e-18
6.489678429987608 5.979151735925353e-18
6.491454444857283 5.95502183342133e-18
6.493230945764726 5.933511305020312e-18
6.495007932842948 5.9103863156432205e-18
6.496785406225001 5.884655018453365e-18
6.498563366043969 5.853649037785707e-18
6.500341812432975 5.8175498062546665e-18
6.5021207455251755 5.786357847293838e-18
6.503900165453769 5.7599967278793386e-18
6.505680072351982 5.731035256718657e-18
6.507460466353086 5.6992603712251766e-18
6.509241347590384 5.6648877574273234e-18
6.511022716197218 5.629111800685694e-18
6.512804572306963 5.5959492942228835e-18
6.514586916053034 5.563789049105532e-18
6.516369747568882 5.529033706899591e-18
6.518153066987994 5.492595426833468e-18
6.519936874443891 5.456166331523476e-18
6.521721170070135 5.418429426566369e-18
6.523505954000321 5.3781013717219145e-18
6.525291226368083 5.339539603155393e-18
6.5270769873070895 5.306186396718703e-18
6.528863236951048 5.269858924492085e-18
6.5306499754337 5.225746202942927e-18
6.532437202888826 5.184727202819203e-18
6.534224919450242 5.1515092299218764e-18
6.536013125251799 5.118260845858292e-18
6.5378018204273864 5.082425276946438e-18
6.539591005110932 5.048395195475986e-18
6.541380679436396 5.016968095368947e-18
6.543170843537778 4.983379611976062e-18
6.544961497549116 4.947408414795947e-18
6.546752641604481 4.919101439905001e-18
6.54854427583798 4.898127905240958e-18
6.550336400383761 4.874570544957493e-18
6.552129015376008 4.849105107525822e-18
6.553922120948939 4.826234048618415e-18
6.555715717236808 4.805531517723388e-18
6.557509804373911 4.784834267920843e-18
6.5593043824945765 4.764143033819077e-18
6.5610994517331696 4.743457083901396e-18
6.562895012224095 4.722777141592522e-18
6.564691064101791 4.702102486557899e-18
6.5664876075007355 4.682546275145891e-18
6.568284642555442 4.6655778493932975e-18
6.570082169400459 4.652638394186233e-18
6.5718801881703754 4.644865252934462e-18
6.573678698999815 4.636827104988958e-18
6.575477702023438 4.623630585578519e-18
6.577277197375942 4.6097514846927116e-18
6.579077185192062 4.598454881417097e-18
6.580877665606568 4.5881431019753506e-18
6.58267863875427 4.5778339738858845e-18
6.584480104770014 4.569433807452114e-18
6.586282063788677 4.5636121646830475e-18
6.588084515945183 4.556405661885408e-18
6.589887461374487 4.546625942749801e-18
6.59169090021158 4.5385347378327255e-18
6.593494832591492 4.533019404456882e-18
6.595299258649291 4.525526442616265e-18
6.597104178520081 4.515462922719352e-18
6.598909592339 4.505179271340969e-18
6.600715500241228 4.494898408242328e-18
6.60252190236198 4.484620374754356e-18
6.604328798836505 4.474543479237243e-18
6.606136189800093 4.4670364384896765e-18
6.607944075388071 4.4615687859989745e-18
6.6097524557358 4.453536603066027e-18
6.611561330978679 4.442807894987365e-18
6.613370701252147 4.429517321700231e-18
6.615180566691677 4.414723915988485e-18
6.616990927432779 4.4024977059520364e-18
6.618801783611002 4.391524754870219e-18
6.620613135361932 4.377992608414749e-18
6.6224249828211885 4.362622033542033e-18
6.624237326124432 4.347255462269324e-18
6.626050165407361 4.332857835840685e-18
6.627863500805707 4.321023408384972e-18
6.629677332455239 4.308622592738515e-18
6.631491660491768 4.291108735202123e-18
6.63330648505114 4.2706482077943925e-18
6.635121806269233 4.2501930277076895e-18
6.636937624281969 4.22974368048399e-18
6.638753939225305 4.209299683640946e-18
6.640570751235234 4.1888615112635136e-18
6.642388060447786 4.168428692324962e-18
6.644205866999031 4.146475447372387e-18
6.646024171025075 4.121975053814496e-18
6.647842972662058 4.096455255363877e-18
6.649662272046163 4.07094215635182e-18
6.651482069313605 4.045436306325405e-18
6.6533023646006395 4.019937159554794e-18
6.655123158043558 3.992615497768207e-18
6.65694444977869 3.96275205990501e-18
6.658766239942403 3.9341038398903325e-18
6.660588528671099 3.908010813908175e-18
6.662411316101219 3.88052861138313e-18
6.664234602369243 3.850507325522888e-18
6.666058387611686 3.822075358684145e-18
6.667882671965099 3.796195908383191e-18
6.669707455566078 3.768564274922715e-18
6.671532738551246 3.738396253908879e-18
6.673358521057269 3.7078894915978855e-18
6.67518480322085 3.677390800631145e-18
6.677011585178731 3.646900719231007e-18
6.678838867067688 3.6164187137401425e-18
6.680666649024534 3.5883857709700434e-18
6.682494931186126 3.562899980585218e-18
6.68432371368935 3.5350027702010375e-18
6.686152996671135 3.504683436082249e-18
6.687982780268445 3.479423223947148e-18
6.689813064618283 3.459009357558409e-18
6.691643849857689 3.436066552237934e-18
6.6934751361237375 3.4107208040783076e-18
6.695306923553547 3.3853818029891873e-18
6.6971392122842675 3.3603116163661805e-18
6.69897200245309 3.337779814572081e-18
6.700805294197241 3.3175253789865194e-18
6.702639087653987 3.2972763471226247e-18
6.704473382960627 3.277419140311654e-18
6.706308180254505 3.260096271600926e-18
6.708143479672998 3.244477820751285e-18
6.709979281353519 3.22633584833422e-18
6.71181558543352 3.2066141528185733e-18
6.713652392050497 3.1894240958119856e-18
6.715489701341974 3.1742828702269102e-18
6.7173275134455155 3.1592207433536662e-18
6.719165828498728 3.144756813031924e-18
6.721004646639251 3.1327454817673044e-18
6.7228439680047645 3.122052536924219e-18
6.724683792732982 3.1088401688248408e-18
6.7265241209616615 3.094350552947436e-18
6.728364952828593 3.0823857837178243e-18
6.730206288471605 3.0723027796475688e-18
6.7320481280285644 3.062222489538016e-18
6.7338904716373795 3.0514215868582157e-18
6.735733319435989 3.038105336391908e-18
6.737576671562376 3.02375676914016e-18
6.739420528154557 3.011928982122304e-18
6.741264889350589 3.0018625104884473e-18
6.743109755288565 2.9917987573396866e-18
6.744955126106618 2.981737790731945e-18
6.746801001942915 2.9716795441158414e-18
6.7486473829356655 2.9616240796277395e-18
6.750494269223111 2.9515713366370375e-18
6.752341660943539 2.941521371354012e-18
6.754189558235268 2.9314741290733325e-18
6.756037961236655 2.921429660072719e-18
6.757886870086098 2.9113879155786018e-18
6.759736284922033 2.9004313815126556e-18
6.761586205882926 2.8869690354357353e-18
6.7634366331072915 2.8719188075813593e-18
6.765287566733679 2.8568726709955746e-18
6.767139006900673 2.8427789742600952e-18
6.768990953746894 2.8311951808034106e-18
6.770843407411007 2.819253554442603e-18
6.7726963680317125 2.8023057695968206e-18
6.774549835747745 2.784207850984746e-18
6.776403810697882 2.7711215533879253e-18
6.778258293020938 2.759162302300041e-18
6.780113282855762 2.742202361256326e-18
6.781968780341244 2.72316709392007e-18
6.7838247856163125 2.7066376408384968e-18
6.785681298819933 2.6906595432268447e-18
6.787538320091109 2.6721865744078793e-18
6.789395849568882 2.652196303766504e-18
6.791253887392331 2.632211509140192e-18
6.793112433700577 2.6132017639437856e-18
6.79497148863277 2.5966937349723005e-18
6.796831052328109 2.580755732508787e-18
6.798691124925824 2.562326974825057e-18
6.8005517065651855 2.5423694857403337e-18
6.802412797385501 2.5224174816419157e-18
6.804274397526118 2.5024709076490937e-18
6.806136507126421 2.4825298216297094e-18
6.80799912632583 2.4625941566545633e-18
6.809862255263811 2.44266398263828e-18
6.811725894079856 2.4236420379029433e-18
6.813590042913507 2.4071149643633358e-18
6.815454701904339 2.3912982818218e-18
6.817319871191965 2.3729977189519373e-18
6.8191855509160355 2.3530947444191e-18
6.821051741216241 2.3331972697914615e-18
6.822918442232311 2.314135229561678e-18
6.82478565410401 2.2975639445404297e-18
6.8266533769711435 2.2818526832138414e-18
6.828521610973555 2.263661675423658e-18
6.830390356251125 2.244559273550476e-18
6.832259612943773 2.227944879163935e-18
6.834129381191456 2.2130502741744246e-18
6.835999661134172 2.1981598030424553e-18
6.837870452911952 2.1832733429238747e-18
6.839741756664871 2.1683910188918352e-18
6.841613572533043 2.153512698976562e-18
6.8434859006566136 2.138638517375529e-18
6.845358741175769 2.123768332983462e-18
6.847232094230738 2.1089022891320643e-18
6.849105959961786 2.0946053807104122e-18
6.850980338509213 2.082788216516565e-18
6.852855230013361 2.07236914394056e-18
6.8547306346146115 2.059478614892236e-18
6.856606552453382 2.0450978651584784e-18
6.858482983670125 2.03319410003165e-18
6.860359928405342 2.0233023071308636e-18
6.862237386799563 2.0134132805190837e-18
6.8641153589933595 2.003526895574594e-18
6.865993845127341 1.9936432783990962e-18
6.867872845342159 1.9837622982405655e-18
6.869752359778499 1.9738840873301482e-18
6.871632388577085 1.9642409333511573e-18
6.873512931878685 1.9570678504769586e-18
6.875393989824101 1.951965245773433e-18
6.877275562554173 1.944398112895189e-18
6.879157650209781 1.9345333279884523e-18
6.881040252931845 1.9246713167619317e-18
6.88292337086132 1.9148119238756494e-18
6.884807004139201 1.904955306145219e-18
6.886691152906527 1.8951013985477537e-18
6.888575817304366 1.8876685282168654e-18
6.890460997473831 1.8827008605213935e-18
6.892346693556071 1.8754366630177555e-18
6.8942329056922755 1.86571281913389e-18
6.896119634023672 1.855872362577692e-18
6.898006878691527 1.846034686359594e-18
6.899894639837144 1.8361996103952263e-18
6.9017829176018655 1.8263673162414645e-18
6.903671712127074 1.8165376176216744e-18
6.90556102355419 1.806710702284084e-18
6.907450852024676 1.796886377753084e-18
6.909341197680025 1.787064837975007e-18
6.911232060661777 1.7772458842685234e-18
6.913123441111506 1.7674297167847774e-18
6.915015339170827 1.757616130629997e-18
6.916907754981393 1.7478053321668785e-18
6.918800688684895 1.7362706742637053e-18
6.920694140423065 1.7222875163365862e-18
6.922588110337671 1.7075832249806676e-18
6.924482598570521 1.6928831195649745e-18
6.926377605263464 1.6797134828137861e-18
6.928273130558383 1.6689965320258714e-18
6.930169174597202 1.6592043831789982e-18
6.932065737521889 1.6494150278904718e-18
6.933962819474442 1.6396282301030388e-18
6.935860420596903 1.6298442273383906e-18
6.937758541031353 1.6188559608613453e-18
6.939657180919911 1.6054261855805695e-18
6.941556340404733 1.5918568963558641e-18
6.943456019628016 1.5807347103700265e-18
6.945356218731998 1.5699836942376436e-18
6.947256937858953 1.556793970905499e-18
6.949158177151192 1.5421458305896018e-18
6.951059936751069 1.5275018915806533e-18
6.952962216800975 1.5136047640385322e-18
6.954865017443341 1.5021505450022007e-18
6.956768338820634 1.4917753914482646e-18
6.958672181075366 1.4789657385703297e-18
6.960576544350082 1.4648366966550168e-18
6.962481428787367 1.4531477631018073e-18
6.964386834529849 1.4434036533968089e-18
6.966292761720192 1.4336623503969271e-18
6.968199210501099 1.423923561523622e-18
6.970106181015311 1.4141875808115764e-18
6.972013673405611 1.4044561559446176e-18
6.973921687814819 1.3947757200327931e-18
6.9758302243857955 1.3851440079521564e-18
6.977739283261439 1.3754684328320759e-18
6.9796488645846875 1.3657475317609882e-18
6.981558968498515 1.3560274943056626e-18
6.983469595145942 1.3463102701432461e-18
6.985380744670023 1.3365955412488946e-18
6.987292417213849 1.3268836271002416e-18
6.989204612920557 1.3190939552310181e-18
6.991117331933319 1.3137337978778129e-18
6.993030574395346 1.307109923881718e-18
6.994944340449889 1.2980621692155746e-18
6.99685863024024 1.2899845702282503e-18
6.998773443909728 1.2843336702843794e-18
7.000688781601722 1.2794869057269347e-18
7.0026046434596285 1.2746415514431842e-18
7.004521029626895 1.2684853241705889e-18
7.006437940247008 1.2599094492220538e-18
7.008355375463495 1.25138008256654e-18
7.010273335419919 1.2452731863059578e-18
7.012191820259887 1.2404343534494278e-18
7.01411083012704 1.2355969330372429e-18
7.01603036516506 1.2307607405878324e-18
7.0179504255176735 1.2259259613053574e-18
7.019871011328639 1.2204302450361443e-18
7.021792122741756 1.2125205352039335e-18
7.02371375990087 1.2033517807755548e-18
7.025635922949856 1.196599848409914e-18
7.027558612032633 1.191771566640659e-18
7.029481827293163 1.186944700203235e-18
7.031405568875442 1.1819720422509839e-18
7.033329836923507 1.1745896388942084e-18
7.035254631581433 1.164943673352436e-18
7.037179952993338 1.157680244319125e-18
7.0391058013033785 1.1528300537600737e-18
7.041032176655747 1.1480110842588346e-18
7.04295907919468 1.1431935326378965e-18
7.044886509064451 1.1363621106031319e-18
7.046814466409372 1.1271245394946347e-18
7.0487429513737965 1.1193259070098352e-18
7.0506719641021185 1.1139362615170991e-18
7.052601504738767 1.1091251729235783e-18
7.054531573428214 1.1043155043671102e-18
7.056462170314973 1.09805869029576e-18
7.058393295543593 1.089399989416611e-18
7.060324949258663 1.0797883021786166e-18
7.062257131604813 1.0701794578854874e-18
7.064189842726715 1.0616304265346492e-18
7.066123082769074 1.0554847034635404e-18
7.068056851876641 1.049826075431318e-18
7.069991150194202 1.0417698293097938e-18
7.071925977866587 1.0321738499251575e-18
7.073861335038661 1.0225807177841147e-18
7.075797221855332 1.0132607994228954e-18
7.077733638461547 1.00538144555784e-18
7.07967058500229 9.986715776143658e-19
7.08160806162259 9.919637047440018e-19
7.083546068467511 9.852574917828446e-19
7.085484605682158 9.785532748950497e-19
7.087423673411676 9.718509997145774e-19
7.089363271801252 9.647076840219063e-19
7.091303400996108 9.570878518833942e-19
7.093244061141508 9.496339644771334e-19
7.095185252382757 9.424214754805506e-19
7.0971269748652 9.35427938152042e-19
7.099069228734219 9.286755147146825e-19
7.101012014135238 9.219858960661714e-19
7.102955331213718 9.152982780323494e-19
7.104899180115165 9.087455193981765e-19
7.10684356098512 9.024334479467687e-19
7.108788473969165 8.96228422560072e-19
7.110733919212924 8.900252567379209e-19
7.112679896862058 8.839111857592586e-19
7.11462640706227 8.780373746827257e-19
7.116573449959301 8.724446260808393e-19
7.118521025698934 8.673301081611861e-19
7.120469134426989 8.625239045110335e-19
7.12241777628933 8.574810204561046e-19
7.124366951431858 8.522420354821896e-19
7.126316660000512 8.470046271115656e-19
7.128266902141276 8.417685785879824e-19
7.130217678000172 8.369960351208335e-19
7.13216898772326 8.327008521290142e-19
7.134120831456641 8.284203632660787e-19
7.136073209346456 8.241411659805358e-19
7.138026121538889 8.198630062944715e-19
7.139979568180159 8.155861388232246e-19
7.141933549416526 8.113103066130438e-19
7.143888065394297 8.070357672546274e-19
7.145843116259808 8.031579441979611e-19
7.147798702159441 7.999933652427084e-19
7.149754823239618 7.967200292014173e-19
7.151711479646805 7.924988635917871e-19
7.153668671527496 7.878364738427973e-19
7.155626399028238 7.834125519331039e-19
7.157584662295612 7.790911645391862e-19
7.15954346147624 7.745341872556865e-19
7.161502796716782 7.698248147608235e-19
7.163462668163943 7.653536235799738e-19
7.165423075964464 7.610851350231667e-19
7.1673840202651276 7.561081515076007e-19
7.1693455012127565 7.504290415403153e-19
7.1713075189542135 7.460229349153908e-19
7.173270073636403 7.430376651308424e-19
7.175233165406268 7.38906594146735e-19
7.17719679441079 7.331217740541069e-19
7.1791609607969935 7.276073981881456e-19
7.181125664711944 7.230398153164064e-19
7.183090906302743 7.186586388558386e-19
7.185056685716539 7.14042677146223e-19
7.187023003100514 7.093215175976193e-19
7.188989858601892 7.046018026967368e-19
7.190957252367941 6.997356083407262e-19
7.192925184545965 6.943992677333402e-19
7.194893655283311 6.888762349631039e-19
7.196862664727362 6.840618910393016e-19
7.19883221302555 6.798030142004162e-19
7.200802300325339 6.753099329171788e-19
7.202772926774235 6.705991580077688e-19
7.204744092519788 6.658896891805721e-19
7.2067157977095855 6.611816682004662e-19
7.208688042491254 6.560869665554418e-19
7.210660827012463 6.505231507944865e-19
7.212634151420925 6.45699574091394e-19
7.2146080158643855 6.420534185171237e-19
7.216582420490637 6.380896002834636e-19
7.218557365447509 6.329518399493933e-19
7.220532850882872 6.276260440653169e-19
7.222508876944639 6.230065279964149e-19
7.224485443780762 6.18779493065221e-19
7.226462551539233 6.145537643400316e-19
7.228440200368083 6.104160670705613e-19
7.230418390415387 6.067487886550749e-19
7.23239712182926 6.034266062150816e-19
7.234376394757856 5.994022084773825e-19
7.236356209349367 5.947133522306432e-19
7.238336565752034 5.904574478303771e-19
7.2403174641141295 5.866716562670069e-19
7.24229890458397 5.829235951185421e-19
7.244280887309913 5.791766975880765e-19
7.24626341244036 5.752780498986043e-19
7.248246480123747 5.711465278521367e-19
7.250230090508551 5.670647057340988e-19
7.252214243743296 5.632366238898032e-19
7.25419893997654 5.5944171127622825e-19
7.2561841793568815 5.553957042800863e-19
7.258169962032968 5.513408426161672e-19
7.260156288153478 5.479880889601756e-19
7.262143157867137 5.451846469419818e-19
7.264130571322706 5.42382079718213e-19
7.266118528668993 5.395802602168494e-19
7.268107030054841 5.365608162364747e-19
7.2700960756291355 5.333088767108463e-19
7.272085665540805 5.300427554801212e-19
7.274075799938817 5.267776560911211e-19
7.276066478972178 5.23210663697766e-19
7.278057702789938 5.191785356888167e-19
7.280049471541188 5.154533953928153e-19
7.282041785375057 5.126613015571371e-19
7.284034644440716 5.100824385526895e-19
7.286028048887379 5.0680594645997765e-19
7.2880219988643 5.03130124128248e-19
7.290016494520771 4.996881122418211e-19
7.292011536006125 4.964591022419433e-19
7.294007123469743 4.936961046880665e-19
7.296003257061038 4.913708456134674e-19
7.2979999369294655 4.890461961139323e-19
7.299997163224528 4.867222787712074e-19
7.301994936095765 4.836939065671992e-19
7.3039932556927525 4.797372077081101e-19
7.305992122165115 4.754166901418998e-19
7.307991535662514 4.708653734758894e-19
7.309991496334652 4.666430048197723e-19
7.311992004331271 4.633499888695745e-19
7.3139930598021605 4.60772757915618e-19
7.315994662897143 4.588918818277591e-19
7.317996813766087 4.573386132954886e-19
7.3199995125589 4.546273945807901e-19
7.322002759425532 4.509200377363368e-19
7.324006554515972 4.47668625675488e-19
7.326010897980249 4.448815779241875e-19
7.32801578996844 4.424842773804425e-19
7.330021230630656 4.405507538860432e-19
7.332027220117048 4.380868071925866e-19
7.334033758577817 4.3469824598813055e-19
7.336040846163198 4.313452361242221e-19
7.3380484830234645 4.2868686364891715e-19
7.340056669308939 4.263754739127075e-19
7.342065405169982 4.240648199620761e-19
7.344074690756993 4.2171463384371153e-19
7.346084526220412 4.1913432467528533e-19
7.348094911710728 4.1635635755037345e-19
7.350105847378462 4.126564266534686e-19
7.352117333374178 4.0804155760297144e-19
7.354129369848486 4.04203397803034e-19
7.356141956952035 4.0128922250207924e-19
7.35815509483551 3.989875728013185e-19
7.360168783649646 3.973782483699772e-19
7.362183023545212 3.9564777914899485e-19
7.364197814673023 3.932267547082325e-19
7.366213157183932 3.904629314526661e-19
7.368229051228836 3.8769999383389783e-19
7.370245496958672 3.850115870762593e-19
7.372262494524417 3.827841410253928e-19
7.374280044077089 3.8094359056047737e-19
7.376298145767755 3.7842263420201424e-19
7.3783167997475125 3.752124114649624e-19
7.380336006167505 3.7274115238811375e-19
7.38235576517892 3.711901468723767e-19
7.384376076932982 3.6937293987367968e-19
7.38639694158096 3.6686720642505515e-19
7.388418359274161 3.644281681627731e-19
7.390440330163939 3.6267854406106666e-19
7.392462854401684 3.6110805910768174e-19
7.394485932138828 3.5884993622707495e-19
7.396509563526847 3.561903899555188e-19
7.39853374871726 3.5444858270835843e-19
7.4005584878616215 3.5353160695293407e-19
7.402583781111531 3.5198241770554374e-19
7.404609628618632 3.497461436941202e-19
7.406636030534602 3.4728663217607612e-19
7.408662987011169 3.4459888336250756e-19
7.410690498200096 3.4197847763885084e-19
7.412718564253192 3.3958779251188267e-19
7.414747185322302 3.373841084363856e-19
7.416776361559319 3.354098484993665e-19
7.418806093116174 3.3362214699113187e-19
7.420836380144839 3.320635729609015e-19
7.422867222797327 3.3069218442993696e-19
7.424898621225699 3.290939176327514e-19
7.42693057558205 3.2726764923483733e-19
7.428963086018517 3.2525664571878457e-19
7.430996152687285 3.2301793815075886e-19
7.433029775740578 3.211571258789098e-19
7.435063955330656 3.1998150732740425e-19
7.437098691609826 3.18681837144776e-19
7.439133984730439 3.164704597865894e-19
7.441169834844882 3.139456347093271e-19
7.443206242105585 3.12333112172834e-19
7.445243206665023 3.1141304620937087e-19
7.447280728675711 3.102655747482231e-19
7.449318808290204 3.0889916751582016e-19
7.4513574456611 3.075330776629291e-19
7.453396640941039 3.061674349583438e-19
7.455436394282703 3.046553397263142e-19
7.4574767058388165 3.029162243126039e-19
7.459517575762144 3.010967244528587e-19
7.461559004205491 2.992778213254029e-19
7.463600991321708 2.9734680814481726e-19
7.465643537263684 2.9496205376809797e-19
7.467686642184355 2.9225699218568926e-19
7.469730306236691 2.9000686606446093e-19
7.471774529573711 2.8819045930299654e-19
7.473819312348473 2.8637448012212296e-19
7.475864654714077 2.8455909863703577e-19
7.477910556823662 2.827440922913028e-19
7.479957018830415 2.809296839075892e-19
7.482004040887562 2.7951127596436747e-19
7.484051623148369 2.79e-19
7.486099765766145 2.785826202286609e-19
7.488148468894245 2.763533699430944e-19
7.49019773268606 2.7276555391561386e-19
7.492247557295023 2.707632742778888e-19
7.494297942874615 2.7031054408862267e-19
7.496348889578357 2.6930542921583125e-19
7.498400397559807 2.676217253370487e-19
7.500452466972569 2.6594871910559616e-19
7.50250509797029 2.645024087319244e-19
7.504558290706656 2.632346645916614e-19
7.506612045335398 2.6219331671485746e-19
7.508666362010288 2.613301087288325e-19
7.51072124088514 2.606929972132801e-19
7.512776682113808 2.602413424619486e-19
7.514832685850191 2.5957191469338583e-19
7.51688925224823 2.586769288582466e-19
7.518946381461907 2.5794356976581724e-19
7.521004073645244 2.57436069011676e-19
7.523062328952311 2.5650416428257355e-19
7.525121147537216 2.5467077872546247e-19
7.527180529554107 2.5255884239168005e-19
7.529240475157181 2.5089817249153264e-19
7.531300984500672 2.4952496184786747e-19
7.533362057738856 2.4792709520553235e-19
7.535423695026053 2.4612599200025295e-19
7.537485896516627 2.4432535364247124e-19
7.539548662364982 2.425253171787612e-19
7.541611992725562 2.4116587647734573e-19
7.543675887752857 2.404816410033892e-19
7.5457403476014 2.397426861399574e-19
7.547805372425761 2.383297306256903e-19
7.549870962380557 2.367154311423484e-19
7.5519371176204455 2.36e-19
7.554003838300128 2.36e-19
7.556071124574346 2.355710374295304e-19
7.558138976597885 2.3469312614419053e-19
7.5602073945255714 2.33795504353743e-19
7.562276378512275 2.3289818424852046e-19
7.564345928712909 2.3200104057126464e-19
7.566416045282427 2.311041987100765e-19
7.5684867283758255 2.305085178640092e-19
7.570557978148143 2.3103324713171206e-19
7.572629794754464 2.323360730620691e-19
7.574702178349911 2.3251909290280517e-19
7.576775129089649 2.316234879916808e-19
7.578848647128887 2.305482109446346e-19
7.580922732622881 2.292494554725257e-19
7.582997385726921 2.282890566628836e-19
7.585072606596343 2.28e-19
7.587148395386529 2.277763116592414e-19
7.5892247522529 2.268821886297124e-19
7.591301677350918 2.25605876970471e-19
7.59337917083609 2.25e-19
7.595457232863966 2.25e-19
7.597535863590138 2.25e-19
7.599615063170239 2.25e-19
7.601694831759947 2.251378483030515e-19
7.603775169514982 2.2549878165345733e-19
7.605856076591104 2.2594490970139754e-19
7.6079375531441205 2.2639088617251714e-19
7.610019599329878 2.2680690982152544e-19
7.612102215304264 2.27e-19
7.614185401223214 2.27e-19
7.616269157242703 2.26603695105066e-19
7.618353483518749 2.257620081117092e-19
7.6204383802074105 2.251583130066432e-19
7.622523847464796 2.25e-19
7.624609885447048 2.246462015738431e-19
7.6266964943103535 2.2340285370979495e-19
7.628783674210948 2.217234078899239e-19
7.630871425305106 2.207112760902023e-19
7.63295974774914 2.2026674443608055e-19
7.635048641699415 2.2042199742665647e-19
7.637138107312332 2.212438350307414e-19
7.639228144744337 2.217000034935063e-19
7.641318754151918 2.2148989150282937e-19
7.643409935691604 2.2113394971325833e-19
7.645501689519975 2.21e-19
7.647594015793641 2.2109508779402097e-19
7.649686914669266 2.2185523856435843e-19
7.65178038630355 2.231855465231948e-19
7.653874430853241 2.2412209370535533e-19
7.655969048475125 2.2461499188566757e-19
7.658064239326036 2.254774050748471e-19
7.660160003562847 2.270039965619688e-19
7.6622563413424745 2.285275087573774e-19
7.664353252821877 2.293865377686923e-19
7.666450738158064 2.2998055842525627e-19
7.668548797508075 2.3190125787467327e-19
7.670647431029 2.3499762127865894e-19
7.672746638877973 2.377160001191925e-19
7.674846421212168 2.399912175875134e-19
7.676946778188803 2.4324589590176045e-19
7.679047709965138 2.48266960431993e-19
7.681149216698481 2.541545134171336e-19
7.683251298546176 2.6048156225169017e-19
7.685353955665611 2.6721542551967347e-19
7.687457188214223 2.7571170112670916e-19
7.689560996349488 2.858601426843686e-19
7.691665380228924 2.967087509515123e-19
7.693770340010094 3.084358236974413e-19
7.695875875850604 3.2010728934033143e-19
7.697981987908102 3.3133393876663806e-19
7.700088676340279 3.415502507904881e-19
7.702195941304874 3.486800836198571e-19
7.704303782959662 3.535249146189024e-19
7.706412201462465 3.546678691928144e-19
7.708521196971148 3.5206749757150192e-19
7.710630769643619 3.480076995498317e-19
7.712740919637829 3.419693311929716e-19
7.71485164711177 3.357621217069791e-19
7.716962952223485 3.304363717681053e-19
7.71907483513105 3.256379755508673e-19
7.721187295992587 3.210609029892505e-19
7.723300334966269 3.166675691045635e-19
7.725413952210305 3.1305940621688005e-19
7.727528147882947 3.103309511426189e-19
7.729642922142493 3.079670029741619e-19
7.731758275147285 3.060427554950201e-19
7.733874207055704 3.046563064616215e-19
7.735990718026178 3.043666525525803e-19
7.73810780821718 3.0484184524630726e-19
7.740225477787222 3.0597413174387777e-19
7.742343726894861 3.077270314698269e-19
7.744462555698698 3.0947956373555535e-19
7.746581964357378 3.1123148094213146e-19
7.748701953029586 3.131977806738357e-19
7.750822521874056 3.1560113479678285e-19
7.752943671049561 3.184972766489394e-19
7.755065400714919 3.2270458092023485e-19
7.75718771102899 3.279536421225576e-19
7.759310602150681 3.3360309504887006e-19
7.76143407423894 3.3968787364997825e-19
7.763558127452756 3.464969612856202e-19
7.765682761951164 3.5439605586710066e-19
7.7678079778932485 3.340169481787938e-19
7.769933775438128 2.300341963384345e-19
7.772060154744965 7.529038724178391e-20
7.774187115972975 0.0
7.776314659281409 0.0
7.778442784829561 0.0
7.780571492776774 0.0
7.782700783282431 0.0
7.78483065650596 0.0
7.78696111260683 0.0
7.7890921517445575 0.0
7.791223774078701 0.0
7.793355979768861 0.0
7.795488768974684 0.0
7.797622141855859 0.0
7.79975609857212 0.0
7.801890639283241 0.0
7.804025764149046 0.0
7.806161473329398 0.0
7.808297766984204 0.0
7.810434645273417 0.0
7.812572108357032 0.0
7.814710156395088 0.0
7.816848789547667 0.0
7.8189880079749 0.0
7.821127811836954 0.0
7.823268201294042 0.0
7.825409176506428 0.0
7.827550737634411 0.0
7.829692884838336 0.0
7.831835618278594 0.0
7.833978938115619 0.0
7.836122844509891 0.0
7.838267337621929 0.0
7.840412417612298 0.0
7.842558084641611 0.0
7.844704338870518 0.0
7.846851180459719 0.0
7.848998609569954 0.0
7.851146626362009 0.0
7.853295230996714 0.0
7.8554444236349426 0.0
7.857594204437612 0.0
7.859744573565683 0.0
7.86189553118016 0.0
7.8640470774420965 0.0
7.866199212512585 0.0
7.868351936552759 0.0
7.8705052497238075 0.0
7.8726591521869524 0.0
7.874813644103462 0.0
7.876968725634654 0.0
7.879124396941888 0.0
7.881280658186563 0.0
7.883437509530127 0.0
7.885594951134071 0.0
7.887752983159933 0.0
7.889911605769287 0.0
7.89207081912376 0.0
7.89423062338502 0.0
7.896391018714778 0.0
7.89855200527479 0.0
7.9007135832268585 0.0
7.902875752732825 0.0
7.905038513954581 0.0
7.907201867054059 0.0
7.90936581219324 0.0
7.911530349534141 0.0
7.9136954792388305 0.0
7.915861201469422 0.0
7.918027516388068 0.0
7.920194424156966 0.0
7.9223619249383646 0.0
7.92453001889455 0.0
7.926698706187853 0.0
7.928867986980652 0.0
7.931037861435372 0.0
7.933208329714474 0.0
7.9353793919804705 0.0
7.9375510483959175 0.0
7.939723299123413 0.0
7.941896144325602 0.0
7.944069584165172 0.0
7.946243618804857 0.0
7.948418248407434 0.0
7.950593473135726 0.0
7.952769293152597 0.0
7.9549457086209605 0.0
7.957122719703772 0.0
7.959300326564032 0.0
7.961478529364786 0.0
7.963657328269122 0.0
7.965836723440173 0.0
7.968016715041123 0.0
7.970197303235192 0.0
7.972378488185647 0.0
7.974560270055804 0.0
7.976742649009019 0.0
7.978925625208694 0.0
7.981109198818277 0.0
7.98329337000126 0.0
7.985478138921177 0.0
7.987663505741612 0.0
7.98984947062619 0.0
7.992036033738582 0.0
7.994223195242503 0.0
7.996410955301714 0.0
7.998599314080021 0.0
8.000788271741271 0.0
8.00297782844936 0.0
8.005167984368232 0.0
8.007358739661868 0.0
8.009550094494296 0.0
8.011742049029593 0.0
8.013934603431878 0.0
8.016127757865313 0.0
8.018321512494106 0.0
8.020515867482517 0.0
8.022710822994842 0.0
8.024906379195423 0.0
8.027102536248652 0.0
8.02929929431896 0.0
8.031496653570827 0.0
8.033694614168779 0.0
8.035893176277384 0.0
8.038092340061253 0.0
8.040292105685047 0.0
8.04249247331347 0.0
8.044693443111273 0.0
8.046895015243248 0.0
8.049097189874235 0.0
8.05129996716912 0.0
8.05350334729283 0.0
8.055707330410339 0.0
8.05791191668667 0.0
8.060117106286889 0.0
8.062322899376102 0.0
8.064529296119469 0.0
8.066736296682187 0.0
8.068943901229503 0.0
8.071152109926704 0.0
8.073360922939134 0.0
8.075570340432172 0.0
8.07778036257124 0.0
8.079990989521814 0.0
8.082202221449412 0.0
8.084414058519595 0.0
8.086626500897971 0.0
8.088839548750194 0.0
8.091053202241962 0.0
8.093267461539018 0.0
8.095482326807154 0.0
8.097697798212202 0.0
8.099913875920045 0.0
8.102130560096604 0.0
8.104347850907857 0.0
8.106565748519813 0.0
8.108784253098534 0.0
8.11100336481013 0.0
8.113223083820758 0.0
8.115443410296606 0.0
8.117664344403924 0.0
8.119885886309003 0.0
8.122108036178172 0.0
8.124330794177812 0.0
8.126554160474354 0.0
8.128778135234263 0.0
8.131002718624059 0.0
8.133227910810302 0.0
8.135453711959602 0.0
8.137680122238613 0.0
8.139907141814032 0.0
8.142134770852604 0.0
8.144363009521118 0.0
8.146591857986413 0.0
8.148821316415368 0.0
8.151051384974917 0.0
8.153282063832023 0.0
8.155513353153712 0.0
8.157745253107045 0.0
8.159977763859132 0.0
8.162210885577128 0.0
8.16444461842824 0.0
8.16667896257971 0.0
8.168913918198832 0.0
8.171149485452947 0.0
8.17338566450944 0.0
8.175622455535738 0.0
8.177859858699318 0.0
8.180097874167704 0.0
8.182336502108466 0.0
8.184575742689212 0.0
8.186815596077604 0.0
8.189056062441352 0.0
8.191297141948205 0.0
8.193538834765956 0.0
8.195781141062453 0.0
8.198024061005583 0.0
8.200267594763284 0.0
8.202511742503535 0.0
8.204756504394364 0.0
8.207001880603844 0.0
8.209247871300093 0.0
8.211494476651279 0.0
8.213741696825608 0.0
8.21598953199134 0.0
8.218237982316783 0.0
8.22048704797028 0.0
8.222736729120225 0.0
8.224987025935064 0.0
8.227237938583286 0.0
8.229489467233421 0.0
8.231741612054048 0.0
8.233994373213797 0.0
8.236247750881336 0.0
8.238501745225385 0.0
8.24075635641471 0.0
8.243011584618118 0.0
8.245267430004468 0.0
8.247523892742663 0.0
8.249780973001652 0.0
8.25203867095043 0.0
8.254296986758039 0.0
8.256555920593566 0.0
8.258815472626146 0.0
8.261075643024963 0.0
8.263336431959235 0.0
8.265597839598247 0.0
8.267859866111309 0.0
8.27012251166779 0.0
8.272385776437101 0.0
8.274649660588704 0.0
8.276914164292098 0.0
8.27917928771684 0.0
8.281445031032526 0.0
8.283711394408797 0.0
8.285978378015347 0.0
8.288245982021913 0.0
8.290514206598278 0.0
8.292783051914268 0.0
8.295052518139764 0.0
8.297322605444688 0.0
8.299593313999008 0.0
8.30186464397274 0.0
8.304136595535947 0.0
8.306409168858739 0.0
8.308682364111268 0.0
8.310956181463741 0.0
8.313230621086403 0.0
8.31550568314955 0.0
8.317781367823521 0.0
8.320057675278711 0.0
8.322334605685551 0.0
8.32461215921452 0.0
8.326890336036154 0.0
8.32916913632102 0.0
8.331448560239744 0.0
8.333728607962993 0.0
8.336009279661484 0.0
8.338290575505978 0.0
8.340572495667281 0.0
8.342855040316252 0.0
8.34513820962379 0.0
8.347422003760848 0.0
8.349706422898414 0.0
8.35199146720754 0.0
8.35427713685931 0.0
8.356563432024856 0.0
8.358850352875368 0.0
8.361137899582072 0.0
8.363426072316248 0.0
8.365714871249214 0.0
8.368004296552346 0.0
8.37029434839706 0.0
8.372585026954814 0.0
8.374876332397129 0.0
8.377168264895555 0.0
8.379460824621699 0.0
8.381754011747216 0.0
8.384047826443801 0.0
8.386342268883201 0.0
8.38863733923721 0.0
8.39093303767767 0.0
8.393229364376463 0.0
8.395526319505525 0.0
8.397823903236837 0.0
8.400122115742427 0.0
8.402420957194373 0.0
8.40472042776479 0.0
8.407020527625855 0.0
8.40932125694978 0.0
8.411622615908833 0.0
8.413924604675321 0.0
8.416227223421604 0.0
8.418530472320082 0.0
8.420834351543213 0.0
8.423138861263496 0.0
8.425444001653474 0.0
8.427749772885743 0.0
8.430056175132947 0.0
8.432363208567772 0.0
8.434670873362949 0.0
8.436979169691266 0.0
8.439288097725555 0.0
8.441597657638688 0.0
8.443907849603594 0.0
8.446218673793243 0.0
8.448530130380657 0.0
8.450842219538899 0.0
8.453154941441085 0.0
8.455468296260376 0.0
8.457782284169982 0.0
8.460096905343159 0.0
8.46241215995321 0.0
8.464728048173487 0.0
8.467044570177388 0.0
8.46936172613836 0.0
8.471679516229894 0.0
8.473997940625535 0.0
8.47631699949887 0.0
8.478636693023534 0.0
8.480957021373209 0.0
8.483277984721628 0.0
8.485599583242571 0.0
8.487921817109862 0.0
8.490244686497373 0.0
8.49256819157903 0.0
8.494892332528801 0.0
8.497217109520701 0.0
8.499542522728792 0.0
8.50186857232719 0.0
8.504195258490052 0.0
8.506522581391586 0.0
8.508850541206044 0.0
8.511179138107734 0.0
8.513508372271001 0.0
8.515838243870245 0.0
8.51816875307991 0.0
8.520499900074492 0.0
8.522831685028532 0.0
8.525164108116616 0.0
8.527497169513383 0.0
8.529830869393516 0.0
8.532165207931747 0.0
8.53450018530286 0.0
8.536835801681677 0.0
8.539172057243077 0.0
8.541508952161983 0.0
8.543846486613369 0.0
8.54618466077225 0.0
8.548523474813695 0.0
8.55086292891282 0.0
8.553203023244787 0.0
8.555543757984804 0.0
8.557885133308137 0.0
8.560227149390089 0.0
8.562569806406014 0.0
8.564913104531318 0.0
8.567257043941447 0.0
8.569601624811906 0.0
8.571946847318236 0.0
8.574292711636033 0.0
8.576639217940944 0.0
8.578986366408659 0.0
8.581334157214915 0.0
8.5836825905355 0.0
8.586031666546248 0.0
8.588381385423045 0.0
8.590731747341822 0.0
8.593082752478558 0.0
8.595434401009282 0.0
8.59778669311007 0.0
8.600139628957045 0.0
8.60249320872638 0.0
8.604847432594294 0.0
8.60720230073706 0.0
8.609557813330992 0.0
8.611913970552457 0.0
8.614270772577868 0.0
8.616628219583689 0.0
8.618986311746426 0.0
8.621345049242638 0.0
8.623704432248939 0.0
8.626064460941976 0.0
8.628425135498453 0.0
8.630786456095128 0.0
8.633148422908796 0.0
8.63551103611631 0.0
8.637874295894562 0.0
8.640238202420502 0.0
8.64260275587112 0.0
8.644967956423459 0.0
8.647333804254615 0.0
8.64970029954172 0.0
8.652067442461965 0.0
8.654435233192586 0.0
8.65680367191087 0.0
8.659172758794146 0.0
8.6615424940198 0.0
8.66391287776526 0.0
8.666283910208005 0.0
8.66865559152556 0.0
8.671027921895504 0.0
8.673400901495464 0.0
8.675774530503109 0.0
8.678148809096163 0.0
8.680523737452393 0.0
8.682899315749623 0.0
8.68527554416572 0.0
8.687652422878598 0.0
8.690029952066224 0.0
8.69240813190661 0.0
8.69478696257782 0.0
8.697166444257967 0.0
8.699546577125208 0.0
8.701927361357754 0.0
8.704308797133862 0.0
8.706690884631836 0.0
8.709073624030033 0.0
8.71145701550686 0.0
8.713841059240766 0.0
8.716225755410253 0.0
8.718611104193869 0.0
8.720997105770222 0.0
8.723383760317954 0.0
8.72577106801576 0.0
8.728159029042391 0.0
8.730547643576639 0.0
8.73293691179735 0.0
8.735326833883413 0.0
8.737717410013776 0.0
8.740108640367422 0.0
8.742500525123397 0.0
8.744893064460786 0.0
8.74728625855873 0.0
8.749680107596415 0.0
8.752074611753073 0.0
8.754469771207996 0.0
8.75686558614051 0.0
8.759262056730002 0.0
8.761659183155905 0.0
8.764056965597698 0.0
8.766455404234911 0.0
8.768854499247126 0.0
8.771254250813971 0.0
8.773654659115124 0.0
8.776055724330309 0.0
8.778457446639305 0.0
8.780859826221935 0.0
8.783262863258074 0.0
8.785666557927648 0.0
8.788070910410628 0.0
8.790475920887037 0.0
8.792881589536947 0.0
8.795287916540476 0.0
8.797694902077797 0.0
8.800102546329128 0.0
8.80251084947474 0.0
8.80491981169495 0.0
8.807329433170121 0.0
8.809739714080676 0.0
8.812150654607079 0.0
8.814562254929843 0.0
8.816974515229536 0.0
8.819387435686771 0.0
8.821801016482212 0.0
8.82421525779657 0.0
8.826630159810612 0.0
8.829045722705146 0.0
8.831461946661037 0.0
8.833878831859195 0.0
8.83629637848058 0.0
8.8387145867062 0.0
8.84113345671712 0.0
8.843552988694444 0.0
8.845973182819336 0.0
8.848394039272996 0.0
8.85081555823669 0.0
8.853237739891725 0.0
8.855660584419454 0.0
8.858084092001283 0.0
8.860508262818673 0.0
8.86293309705313 0.0
8.865358594886207 0.0
8.867784756499507 0.0
8.870211582074694 0.0
8.872639071793465 0.0
8.875067225837576 0.0
8.877496044388835 0.0
8.879925527629094 0.0
8.882355675740254 0.0
8.884786488904272 0.0
8.887217967303151 0.0
8.889650111118943 0.0
8.892082920533749 0.0
8.894516395729728 0.0
8.89695053688908 0.0
8.899385344194055 0.0
8.901820817826957 0.0
8.90425695797014 0.0
8.906693764806006 0.0
8.909131238517006 0.0
8.911569379285641 0.0
8.914008187294465 0.0
8.91644766272608 0.0
8.918887805763138 0.0
8.92132861658834 0.0
8.923770095384441 0.0
8.926212242334238 0.0
8.928655057620585 0.0
8.931098541426387 0.0
8.933542693934593 0.0
8.935987515328208 0.0
8.93843300579028 0.0
8.940879165503912 0.0
8.94332599465226 0.0
8.945773493418528 0.0
8.948221661985961 0.0
8.950670500537868 0.0
8.9531200092576 0.0
8.955570188328561 0.0
8.958021037934206 0.0
8.960472558258035 0.0
8.962924749483605 0.0
8.965377611794516 0.0
8.967831145374427 0.0
8.970285350407043 0.0
8.972740227076113 0.0
8.975195775565444 0.0
8.977651996058896 0.0
8.980108888740371 0.0
8.98256645379383 0.0
8.985024691403268 0.0
8.987483601752754 0.0
8.989943185026391 0.0
8.992403441408335 0.0
8.994864371082794 0.0
8.997325974234029 0.0
8.999788251046345 0.0
9.002251201704105 0.0
9.004714826391716 0.0
9.00717912529364 0.0
9.009644098594384 0.0
9.012109746478513 0.0
9.014576069130639 0.0
9.017043066735422 0.0
9.019510739477575 0.0
9.021979087541862 0.0
9.024448111113097 0.0
9.02691781037614 0.0
9.029388185515913 0.0
9.03185923671738 0.0
9.034330964165553 0.0
9.036803368045502 0.0
9.039276448542346 0.0
9.041750205841247 0.0
9.044224640127428 0.0
9.04669975158616 0.0
9.049175540402764 0.0
9.051652006762602 0.0
9.054129150851104 0.0
9.056606972853743 0.0
9.05908547295604 0.0
9.061564651343566 0.0
9.06404450820195 0.0
9.066525043716865 0.0
9.069006258074037 0.0
9.071488151459246 0.0
9.073970724058318 0.0
9.076453976057131 0.0
9.078937907641617 0.0
9.081422518997755 0.0
9.083907810311574 0.0
9.08639378176916 0.0
9.088880433556648 0.0
9.09136776586022 0.0
9.093855778866107 0.0
9.096344472760602 0.0
9.098833847730042 0.0
9.101323903960807 0.0
9.103814641639346 0.0
9.106306060952143 0.0
9.10879816208574 0.0
9.111290945226735 0.0
9.113784410561763 0.0
9.116278558277521 0.0
9.118773388560758 0.0
9.121268901598267 0.0
9.123765097576896 0.0
9.126261976683548 0.0
9.128759539105168 0.0
9.131257785028762 0.0
9.133756714641375 0.0
9.136256328130116 0.0
9.138756625682142 0.0
9.141257607484652 0.0
9.143759273724909 0.0
9.146261624590217 0.0
9.14876466026794 0.0
9.151268380945488 0.0
9.153772786810322 0.0
9.156277878049956 0.0
9.158783654851954 0.0
9.161290117403933 0.0
9.16379726589356 0.0
9.166305100508556 0.0
9.16881362143669 0.0
9.171322828865783 0.0
9.173832722983708 0.0
9.176343303978392 0.0
9.178854572037807 0.0
9.181366527349983 0.0
9.183879170102998 0.0
9.186392500484985 0.0
9.188906518684119 0.0
9.191421224888641 0.0
9.193936619286832 0.0
9.196452702067027 0.0
9.198969473417616 0.0
9.20148693352704 0.0
9.204005082583787 0.0
9.206523920776398 0.0
9.209043448293475 0.0
9.211563665323656 0.0
9.21408457205564 0.0
9.216606168678176 0.0
9.21912845538007 0.0
9.221651432350166 0.0
9.224175099777373 0.0
9.226699457850648 0.0
9.229224506758994 0.0
9.231750246691474 0.0
9.234276677837197 0.0
9.236803800385326 0.0
9.239331614525076 0.0
9.241860120445713 0.0
9.244389318336555 0.0
9.24691920838697 0.0
9.249449790786384 0.0
9.251981065724266 0.0
9.254513033390147 0.0
9.257045693973597 0.0
9.259579047664248 0.0
9.262113094651784 0.0
9.264647835125935 0.0
9.267183269276485 0.0
9.269719397293272 0.0
9.272256219366188 0.0
9.274793735685169 0.0
9.277331946440206 0.0
9.27987085182135 0.0
9.282410452018695 0.0
9.284950747222389 0.0
9.28749173762263 0.0
9.290033423409678 0.0
9.292575804773833 0.0
9.295118881905449 0.0
9.297662654994943 0.0
9.30020712423277 0.0
9.302752289809444 0.0
9.305298151915533 0.0
9.307844710741652 0.0
9.31039196647847 0.0
9.312939919316715 0.0
9.315488569447155 0.0
9.318037917060614 0.0
9.320587962347979 0.0
9.323138705500174 0.0
9.325690146708185 0.0
9.328242286163045 0.0
9.330795124055847 0.0
9.333348660577723 0.0
9.335902895919869 0.0
9.338457830273532 0.0
9.341013463830006 0.0
9.343569796780638 0.0
9.346126829316836 0.0
9.348684561630048 0.0
9.35124299391178 0.0
9.353802126353596 0.0
9.356361959147105 0.0
9.358922492483968 0.0
9.361483726555903 0.0
9.364045661554677 0.0
9.366608297672112 0.0
9.369171635100084 0.0
9.371735674030516 0.0
9.374300414655387 0.0
9.37686585716673 0.0
9.379432001756625 0.0
9.38199884861721 0.0
9.384566397940674 0.0
9.38713464991926 0.0
9.389703604745257 0.0
9.392273262611017 0.0
9.394843623708937 0.0
9.397414688231468 0.0
9.399986456371115 0.0
9.402558928320438 0.0
9.405132104272042 0.0
9.407705984418591 0.0
9.410280568952803 0.0
9.412855858067445 0.0
9.41543185195534 0.0
9.418008550809354 0.0
9.420585954822421 0.0
9.423164064187517 0.0
9.425742879097676 0.0
9.42832239974598 0.0
9.43090262632557 0.0
9.433483559029632 0.0
9.436065198051415 0.0
9.438647543584212 0.0
9.44123059582137 0.0
9.443814354956293 0.0
9.446398821182441 0.0
9.448983994693316 0.0
9.451569875682479 0.0
9.454156464343546 0.0
9.456743760870186 0.0
9.459331765456113 0.0
9.461920478295106 0.0
9.464509899580989 0.0
9.467100029507638 0.0
9.469690868268987 0.0
9.47228241605902 0.0
9.474874673071778 0.0
9.477467639501352 0.0
9.480061315541883 0.0
9.482655701387571 0.0
9.485250797232668 0.0
9.487846603271475 0.0
9.49044311969835 0.0
9.493040346707705 0.0
9.495638284494003 0.0
9.498236933251757 0.0
9.500836293175539 0.0
9.503436364459974 0.0
9.506037147299736 0.0
9.508638641889556 0.0
9.511240848424219 0.0
9.513843767098555 0.0
9.516447398107458 0.0
9.519051741645871 0.0
9.521656797908792 0.0
9.524262567091263 0.0
9.526869049388395 0.0
9.529476244995344 0.0
9.532084154107313 0.0
9.53469277691957 0.0
9.537302113627433 0.0
9.539912164426273 0.0
9.542522929511506 0.0
9.545134409078617 0.0
9.547746603323134 0.0
9.550359512440636 0.0
9.552973136626768 0.0
9.555587476077221 0.0
9.558202530987732 0.0
9.560818301554107 0.0
9.563434787972197 0.0
9.566051990437902 0.0
9.568669909147186 0.0
9.57128854429606 0.0
9.573907896080591 0.0
9.576527964696897 0.0
9.579148750341155 0.0
9.58177025320959 0.0
9.584392473498482 0.0
9.58701541140417 0.0
9.589639067123038 0.0
9.59226344085153 0.0
9.594888532786143 0.0
9.597514343123427 0.0
9.600140872059981 0.0
9.602768119792469 0.0
9.605396086517597 0.0
9.608024772432131 0.0
9.610654177732894 0.0
9.613284302616751 0.0
9.615915147280637 0.0
9.618546711921526 0.0
9.621178996736456 0.0
9.623812001922515 0.0
9.626445727676844 0.0
9.62908017419664 0.0
9.63171534167915 0.0
9.634351230321684 0.0
9.636987840321598 0.0
9.6396251718763 0.0
9.64226322518326 0.0
9.644902000440002 0.0
9.647541497844092 0.0
9.650181717593163 0.0
9.652822659884897 0.0
9.655464324917034 0.0
9.658106712887355 0.0
9.660749823993712 0.0
9.663393658434005 0.0
9.666038216406186 0.0
9.668683498108255 0.0
9.671329503738285 0.0
9.673976233494386 0.0
9.676623687574725 0.0
9.679271866177531 0.0
9.68192076950108 0.0
9.684570397743704 0.0
9.68722075110379 0.0
9.689871829779783 0.0
9.692523633970175 0.0
9.695176163873514 0.0
9.697829419688409 0.0
9.700483401613516 0.0
9.703138109847545 0.0
9.705793544589268 0.0
9.708449706037506 0.0
9.711106594391131 0.0
9.713764209849078 0.0
9.716422552610329 0.0
9.719081622873924 0.0
9.721741420838958 0.0
9.724401946704578 0.0
9.727063200669988 0.0
9.729725182934446 0.0
9.732387893697261 0.0
9.735051333157802 0.0
9.73771550151549 0.0
9.740380398969798 0.0
9.743046025720258 0.0
9.745712381966456 0.0
9.748379467908027 0.0
9.751047283744668 0.0
9.753715829676128 0.0
9.756385105902213 0.0
9.759055112622775 0.0
9.761725850037731 0.0
9.764397318347047 0.0
9.767069517750745 0.0
9.769742448448898 0.0
9.772416110641645 0.0
9.77509050452917 0.0
9.777765630311709 0.0
9.780441488189563 0.0
9.783118078363085 0.0
9.785795401032676 0.0
9.788473456398794 0.0
9.791152244661962 0.0
9.793831766022748 0.0
9.79651202068177 0.0
9.799193008839719 0.0
9.801874730697325 0.0
9.804557186455373 0.0
9.807240376314713 0.0
9.809924300476245 0.0
9.81260895914092 0.0
9.815294352509753 0.0
9.817980480783806 0.0
9.820667344164196 0.0
9.823354942852099 0.0
9.82604327704875 0.0
9.828732346955432 0.0
9.831422152773479 0.0
9.834112694704293 0.0
9.836803972949323 0.0
9.83949598771007 0.0
9.842188739188096 0.0
9.844882227585021 0.0
9.847576453102516 0.0
9.850271415942299 0.0
9.852967116306157 0.0
9.855663554395928 0.0
9.858360730413501 0.0
9.86105864456082 0.0
9.863757297039893 0.0
9.866456688052777 0.0
9.869156817801581 0.0
9.871857686488475 0.0
9.874559294315684 0.0
9.877261641485486 0.0
9.87996472820021 0.0
9.882668554662251 0.0
9.885373121074055 0.0
9.88807842763812 0.0
9.890784474557002 0.0
9.893491262033312 0.0
9.896198790269715 0.0
9.898907059468932 0.0
9.901616069833748 0.0
9.90432582156699 0.0
9.907036314871545 0.0
9.909747549950364 0.0
9.91245952700644 0.0
9.915172246242829 0.0
9.917885707862641 0.0
9.92059991206905 0.0
9.923314859065272 0.0
9.92603054905458 0.0
9.928746982240316 0.0
9.931464158825866 0.0
9.934182079014668 0.0
9.936900743010234 0.0
9.939620151016111 0.0
9.942340303235909 0.0
9.945061199873305 0.0
9.947782841132014 0.0
9.950505227215814 0.0
9.953228358328541 0.0
9.95595223467409 0.0
9.958676856456405 0.0
9.961402223879485 0.0
9.964128337147388 0.0
9.96685519646423 0.0
9.969582802034182 0.0
9.972311154061462 0.0
9.97504025275036 0.0
9.977770098305207 0.0
9.980500690930398 0.0
9.98323203083038 0.0
9.985964118209663 0.0
9.988696953272806 0.0
9.99143053622442 0.0
9.994164867269184 0.0
9.996899946611828 0.0
9.999635774457133 0.0
10.00237235100994 0.0
10.00510967647515 0.0
10.007847751057714 0.0
10.010586574962636 0.0
10.013326148394984 0.0
10.016066471559888 0.0
10.018807544662517 0.0
10.021549367908104 0.0
10.024291941501943 0.0
10.027035265649378 0.0
10.029779340555809 0.0
10.0325241664267 0.0
10.035269743467563 0.0
10.038016071883964 0.0
10.040763151881535 0.0
10.043510983665964 0.0
10.046259567442984 0.0
10.04900890341839 0.0
10.051758991798039 0.0
10.05450983278784 0.0
10.057261426593751 0.0
10.060013773421801 0.0
10.062766873478065 0.0
10.065520726968675 0.0
10.068275334099827 0.0
10.071030695077765 0.0
10.073786810108789 0.0
10.076543679399261 0.0
10.079301303155603 0.0
10.082059681584282 0.0
10.084818814891825 0.0
10.087578703284827 0.0
10.090339346969923 0.0
10.093100746153814 0.0
10.095862901043255 0.0
10.09862581184506 0.0
10.101389478766098 0.0
10.104153902013287 0.0
10.10691908179362 0.0
10.109685018314131 0.0
10.112451711781913 0.0
10.11521916240412 0.0
10.117987370387961 0.0
10.120756335940701 0.0
10.12352605926966 0.0
10.126296540582217 0.0
10.129067780085814 0.0
10.131839777987938 0.0
10.134612534496135 0.0
10.137386049818016 0.0
10.140160324161245 0.0
10.142935357733538 0.0
10.14571115074267 0.0
10.14848770339648 0.0
10.151265015902855 0.0
10.154043088469738 0.0
10.15682192130514 0.0
10.159601514617119 0.0
10.162381868613789 0.0
10.165162983503329 0.0
10.167944859493973 0.0
10.170727496794004 0.0
10.173510895611772 0.0
10.176295056155677 0.0
10.17907997863418 0.0
10.181865663255797 0.0
10.184652110229106 0.0
10.187439319762733 0.0
10.190227292065366 0.0
10.193016027345754 0.0
10.195805525812698 0.0
10.198595787675053 0.0
10.201386813141742 0.0
10.204178602421738 0.0
10.206971155724066 0.0
10.209764473257817 0.0
10.212558555232143 0.0
10.215353401856238 0.0
10.218149013339364 0.0
10.22094538989084 0.0
10.223742531720042 0.0
10.226540439036398 0.0
10.229339112049399 0.0
10.232138550968592 0.0
10.23493875600358 0.0
10.23773972736402 0.0
10.240541465259636 0.0
10.243343969900202 0.0
10.246147241495553 0.0
10.248951280255575 0.0
10.25175608639022 0.0
10.254561660109493 0.0
10.257368001623458 0.0
10.260175111142232 0.0
10.262982988875999 0.0
10.26579163503499 0.0
10.268601049829496 0.0
10.27141123346987 0.0
10.274222186166526 0.0
10.277033908129923 0.0
10.279846399570584 0.0
10.282659660699094 0.0
10.28547369172609 0.0
10.288288492862266 0.0
10.29110406431838 0.0
10.293920406305244 0.0
10.29673751903372 0.0
10.299555402714741 0.0
10.302374057559295 0.0
10.305193483778414 0.0
10.308013681583207 0.0
10.31083465118483 0.0
10.313656392794499 0.0
10.316478906623486 0.0
10.319302192883125 0.0
10.322126251784802 0.0
10.324951083539965 0.0
10.327776688360121 0.0
10.330603066456833 0.0
