#xsec (eV,cm2) for H2SO4 -> SO2 + OH + OH
3.1000290654125155 0.0
3.1008774429979375 0.0
3.1017260527568364 0.0
3.102574894752751 0.0
3.103423969049237 0.0
3.1042732757098674 0.0
3.105122814798232 0.0
3.1059725863779404 0.0
3.1068225905126168 0.0
3.1076728272659047 0.0
3.1085232967014633 0.0
3.1093739988829707 0.0
3.1102249338741217 0.0
3.1110761017386297 0.0
3.1119275025402233 0.0
3.1127791363426507 0.0
3.113631003209677 0.0
3.114483103205083 0.0
3.1153354363926695 0.0
3.116188002836253 0.0
3.1170408025996696 0.0
3.1178938357467696 0.0
3.1187471023414233 0.0
3.119600602447518 0.0
3.1204543361289576 0.0
3.1213083034496645 0.0
3.122162504473578 0.0
3.123016939264656 0.0
3.123871607886872 0.0
3.1247265104042174 0.0
3.125581646880703 0.0
3.1264370173803555 0.0
3.1272926219672197 0.0
3.128148460705357 0.0
3.129004533658848 0.0
3.129860840891788 0.0
3.130717382468294 0.0
3.131574158452497 0.0
3.1324311689085467 0.0
3.133288413900611 0.0
3.134145893492875 0.0
3.1350036077495402 0.0
3.1358615567348274 0.0
3.1367197405129734 0.0
3.1375781591482346 0.0
3.1384368127048834 0.0
3.13929570124721 0.0
3.140154824839522 0.0
3.1410141835461456 0.0
3.141873777431423 0.0
3.1427336065597165 0.0
3.1435936709954033 0.0
3.1444539708028802 0.0
3.14531450604656 0.0
3.1461752767908746 0.0
3.1470362831002725 0.0
3.1478975250392205 0.0
3.148759002672203 0.0
3.1496207160637213 0.0
3.1504826652782953 0.0
3.151344850380462 0.0
3.1522072714347757 0.0
3.1530699285058095 0.0
3.1539328216581537 0.0
3.154795950956416 0.0
3.155659316465221 0.0
3.1565229182492125 0.0
3.157386756373052 0.0
3.158250830901417 0.0
3.1591151418990044 0.0
3.159979689430528 0.0
3.1608444735607195 0.0
3.1617094943543282 0.0
3.1625747518761216 0.0
3.1634402461908837 0.0
3.164305977363418 0.0
3.1651719454585443 0.0
3.1660381505411004 0.0
3.1669045926759427 0.0
3.1677712719279443 0.0
3.1686381883619976 0.0
3.16950534204301 0.0
3.170372733035909 0.0
3.171240361405639 0.0
3.1721082272171626 0.0
3.1729763305354606 0.0
3.1738446714255293 0.0
3.1747132499523856 0.0
3.1755820661810628 0.0
3.176451120176612 0.0
3.1773204120041023 0.0
3.1781899417286206 0.0
3.179059709415272 0.0
3.1799297151291785 0.0
3.1807999589354807 0.0
3.181670440899337 0.0
3.182541161085923 0.0
3.1834121195604332 0.0
3.184283316388078 0.0
3.185154751634088 0.0
3.1860264253637105 0.0
3.1868983376422104 0.0
3.1877704885348708 0.0
3.188642878106993 0.0
3.1895155064238967 0.0
3.190388373550917 0.0
3.1912614795534084 0.0
3.192134824496745 0.0
3.1930084084463153 0.0
3.193882231467529 0.0
3.194756293625812 0.0
3.195630594986608 0.0
3.196505135615379 0.0
3.1973799155776055 0.0
3.1982549349387845 0.0
3.1991301937644323 0.0
3.200005692120082 0.0
3.200881430071286 0.0
3.2017574076836133 0.0
3.2026336250226515 0.0
3.203510082154006 0.0
3.2043867791433005 0.0
3.2052637160561757 0.0
3.206140892958292 0.0
3.207018309915326 0.0
3.2078959669929725 0.0
3.208773864256945 0.0
3.209652001772975 0.0
3.210530379606812 0.0
3.211408997824223 0.0
3.2122878564909927 0.0
3.2131669556729245 0.0
3.21404629543584 0.0
3.2149258758455783 0.0
3.215805696967996 0.0
3.2166857588689695 0.0
3.2175660616143915 0.0
3.218446605270173 0.0
3.2193273899022437 0.0
3.220208415576551 0.0
3.221089682359061 0.0
3.2219711903157555 0.0
3.2228529395126375 0.0
3.223734930015726 0.0
3.22461716189106 0.0
3.2254996352046934 0.0
3.2263823500227007 0.0
3.2272653064111747 0.0
3.2281485044362244 0.0
3.229031944163978 0.0
3.229915625660582 0.0
3.2307995489922003 0.0
3.2316837142250163 0.0
3.2325681214252295 0.0
3.233452770659059 0.0
3.2343376619927415 0.0
3.2352227954925317 0.0
3.2361081712247026 0.0
3.236993789255546 0.0
3.2378796496513704 0.0
3.238765752478504 0.0
3.2396520978032917 0.0
3.2405386856920977 0.0
3.2414255162113035 0.0
3.2423125894273097 0.0
3.2431999054065344 0.0
3.2440874642154136 0.0
3.2449752659204023 0.0
3.2458633105879735 0.0
3.246751598284618 0.0
3.2476401290768444 0.0
3.2485289030311812 0.0
3.2494179202141735 0.0
3.250307180692385 0.0
3.251196684532397 0.0
3.2520864318008114 0.0
3.2529764225642452 0.0
3.2538666568893353 0.0
3.2547571348427384 0.0
3.2556478564911253 0.0
3.256538821901189 0.0
3.257430031139638 0.0
3.2583214842732007 0.0
3.2592131813686245 0.0
3.2601051224926723 0.0
3.2609973077121266 0.0
3.2618897370937896 0.0
3.2627824107044807 0.0
3.2636753286110363 0.0
3.264568490880313 0.0
3.265461897579185 0.0
3.2663555487745444 0.0
3.2672494445333022 0.0
3.2681435849223877 0.0
3.269037970008748 0.0
3.269932599859349 0.0
3.2708274745411745 0.0
3.271722594121227 0.0
3.272617958666527 0.0
3.273513568244114 0.0
3.274409422921045 0.0
3.2753055227643957 0.0
3.2762018678412614 0.0
3.2770984582187532 0.0
3.2779952939640022 0.0
3.278892375144158 0.0
3.2797897018263877 0.0
3.280687274077878 0.0
3.2815850919658325 0.0
3.282483155557474 0.0
3.283381464920044 0.0
3.2842800201208022 0.0
3.285178821227026 0.0
3.286077868306012 0.0
3.286977161425076 0.0
3.287876700651549 0.0
3.288776486052784 0.0
3.2896765176961518 0.0
3.2905767956490393 0.0
3.2914773199788545 0.0
3.2923780907530222 0.0
3.2932791080389867 0.0
3.2941803719042095 0.0
3.2950818824161727 0.0
3.2959836396423743 0.0
3.2968856436503327 0.0
3.297787894507584 0.0
3.298690392281683 0.0
3.299593137040202 0.0
3.300496128850733 0.0
3.3013993677808866 0.0
3.302302853898291 0.0
3.3032065872705934 0.0
3.3041105679654605 0.0
3.305014796050575 0.0
3.3059192715936403 0.0
3.306823994662377 0.0
3.3077289653245256 0.0
3.3086341836478446 0.0
3.3095396497001097 0.0
3.3104453635491176 0.0
3.311351325262681 0.0
3.3122575349086336 0.0
3.3131639925548253 0.0
3.314070698269127 0.0
3.3149776521194263 0.0
3.315884854173629 0.0
3.3167923044996623 0.0
3.317700003165469 0.0
3.318607950239012 0.0
3.319516145788273 0.0
3.3204245898812506 0.0
3.321333282585963 0.0
3.3222422239704485 0.0
3.323151414102762 0.0
3.324060853050978 0.0
3.3249705408831893 0.0
3.325880477667507 0.0
3.3267906634720616 0.0
3.3277010983650017 0.0
3.328611782414495 0.0
3.329522715688727 0.0
3.3304338982559027 0.0
3.3313453301842464 0.0
3.3322570115419996 0.0
3.333168942397422 0.0
3.334081122818794 0.0
3.3349935528744137 0.0
3.335906232632598 0.0
3.3368191621616825 0.0
3.337732341530021 0.0
3.3386457708059862 0.0
3.33955945005797 0.0
3.3404733793543833 0.0
3.341387558763655 0.0
3.3423019883542318 0.0
3.3432166681945814 0.0
3.3441315983531883 0.0
3.345046778898557 0.0
3.3459622098992106 0.0
3.3468778914236896 0.0
3.3477938235405555 0.0
3.3487100063183863 0.0
3.34962643982578 0.0
3.350543124131353 0.0
3.351460059303741 0.0
3.352377245411598 0.0
3.3532946825235967 0.0
3.3542123707084297 0.0
3.3551303100348067 0.0
3.356048500571457 0.0
3.356966942387129 0.0
3.3578856355505895 0.0
3.3588045801306246 0.0
3.359723776196038 0.0
3.3606432238156536 0.0
3.361562923058314 0.0
3.36248287399288 0.0
3.3634030766882312 0.0
3.364323531213267 0.0
3.3652442376369045 0.0
3.3661651960280805 0.0
3.3670864064557504 0.0
3.3680078689888875 0.0
3.3689295836964863 0.0
3.3698515506475584 0.0
3.3707737699111346 0.0
3.371696241556264 0.0
3.3726189656520154 0.0
3.3735419422674773 0.0
3.3744651714717557 0.0
3.3753886533339754 0.0
3.3763123879232815 0.0
3.377236375308837 0.0
3.378160615559824 0.0
3.3790851087454428 0.0
3.3800098549349147 0.0
3.380934854197478 0.0
3.3818601066023906 0.0
3.38278561221893 0.0
3.3837113711163913 0.0
3.3846373833640895 0.0
3.385563649031358 0.0
3.38649016818755 0.0
3.387416940902037 0.0
3.3883439672442104 0.0
3.389271247283479 0.0
3.3901987810892713 0.0
3.391126568731036 0.0
3.3920546102782394 0.0
3.392982905800366 0.0
3.3939114553669225 0.0
3.3948402590474314 0.0
3.3957693169114354 0.0
3.396698629028497 0.0
3.3976281954681964 0.0
3.3985580163001345 0.0
3.3994880915939287 0.0
3.400418421419218 0.0
3.401349005845659 0.0
3.4022798449429272 0.0
3.4032109387807195 0.0
3.4041422874287486 0.0
3.405073890956749 0.0
3.406005749434472 0.0
3.4069378629316898 0.0
3.4078702315181926 0.0
3.40880285526379 0.0
3.4097357342383114 0.0
3.4106688685116042 0.0
3.4116022581535352 0.0
3.412535903233991 0.0
3.413469803822876 0.0
3.414403959990116 0.0
3.415338371805653 0.0
3.416273039339451 0.0
3.4172079626614913 0.0
3.4181431418417745 0.0
3.419078576950321 0.0
3.4200142680571703 0.0
3.4209502152323807 0.0
3.4218864185460296 0.0
3.4228228780682137 0.0
3.4237595938690495 0.0
3.424696566018672 0.0
3.4256337945872355 0.0
3.426571279644913 0.0
3.4275090212618986 0.0
3.4284470195084027 0.0
3.4293852744546576 0.0
3.4303237861709133 0.0
3.4312625547274394 0.0
3.4322015801945245 0.0
3.4331408626424778 0.0
3.434080402141626 0.0
3.4350201987623152 0.0
3.4359602525749118 0.0
3.4369005636498002 0.0
3.437841132057386 0.0
3.438781957868092 0.0
3.4397230411523614 0.0
3.440664381980656 0.0
3.441605980423457 0.0
3.442547836551266 0.0
3.443489950434603 0.0
3.4444323221440065 0.0
3.4453749517500363 0.0
3.446317839323269 0.0
3.447260984934303 0.0
3.448204388653754 0.0
3.4491480505522585 0.0
3.4500919707004725 0.0
3.4510361491690684 0.0
3.4519805860287422 0.0
3.4529252813502067 0.0
3.4538702352041937 0.0
3.4548154476614554 0.0
3.4557609187927643 0.0
3.45670664866891 0.0
3.457652637360703 0.0
3.458598884938972 0.0
3.459545391474567 0.0
3.4604921570383556 0.0
3.461439181701226 0.0
3.4623864655340837 0.0
3.4633340086078572 0.0
3.4642818109934908 0.0
3.4652298727619506 0.0
3.4661781939842204 0.0
3.4671267747313053 0.0
3.4680756150742287 0.0
3.469024715084033 0.0
3.4699740748317813 0.0
3.4709236943885546 0.0
3.471873573825455 0.0
3.472823713213603 0.0
3.4737741126241386 0.0
3.474724772128222 0.0
3.475675691797032 0.0
3.476626871701767 0.0
3.4775783119136463 0.0
3.478530012503906 0.0
3.4794819735438045 0.0
3.480434195104618 0.0
3.4813866772576425 0.0
3.4823394200741937 0.0
3.483292423625606 0.0
3.484245687983236 0.0
3.485199213218456 0.0
3.4861529994026617 0.0
3.4871070466072642 0.0
3.4880613549036976 0.0
3.489015924363414 0.0
3.4899707550578856 0.0
3.490925847058604 0.0
3.4918812004370796 0.0
3.492836815264843 0.0
3.4937926916134447 0.0
3.494748829554455 0.0
3.495705229159463 0.0
3.4966618905000773 0.0
3.4976188136479265 0.0
3.498575998674659 0.0
3.4995334456519425 0.0
3.5004911546514643 0.0
3.5014491257449314 0.0
3.502407359004071 0.0
3.503365854500629 0.0
3.5043246123063705 0.0
3.5052836324930814 0.0
3.506242915132568 0.0
3.5072024602966536 0.0
3.5081622680571836 0.0
3.5091223384860224 0.0
3.510082671655053 0.0
3.511043267636179 0.0
3.512004126501324 0.0
3.5129652483224305 0.0
3.5139266331714616 0.0
3.5148882811203985 0.0
3.5158501922412437 0.0
3.516812366606019 0.0
3.517774804286766 0.0
3.5187375053555447 0.0
3.5197004698844365 0.0
3.5206636979455426 0.0
3.521627189610982 0.0
3.5225909449528956 0.0
3.5235549640434423 0.0
3.524519246954802 0.0
3.5254837937591743 0.0
3.5264486045287775 0.0
3.527413679335851 0.0
3.528379018252652 0.0
3.52934462135146 0.0
3.5303104887045733 0.0
3.531276620384309 0.0
3.5322430164630054 0.0
3.533209677013019 0.0
3.5341766021067276 0.0
3.5351437918165276 0.0
3.536111246214837 0.0
3.537078965374092 0.0
3.5380469493667484 0.0
3.539015198265284 0.0
3.539983712142194 0.0
3.540952491069994 0.0
3.5419215351212205 0.0
3.542890844368429 0.0
3.5438604188841953 0.0
3.5448302587411145 0.0
3.545800364011802 0.0
3.5467707347688924 0.0
3.5477413710850416 0.0
3.548712273032925 0.0
3.549683440685236 0.0
3.5506548741146897 0.0
3.551626573394021 0.0
3.552598538595984 0.0
3.553570769793354 0.0
3.554543267058924 0.0
3.55551603046551 0.0
3.5564890600859447 0.0
3.5574623559930827 0.0
3.558435918259798 0.0
3.5594097469589845 0.0
3.5603838421635565 0.0
3.5613582039464475 0.0
3.562332832380612 0.0
3.563307727539023 0.0
3.5642828894946743 0.0
3.56525831832058 0.0
3.5662340140897744 0.0
3.5672099768753105 0.0
3.568186206750262 0.0
3.5691627037877227 0.0
3.5701394680608067 0.0
3.571116499642647 0.0
3.5720937986063994 0.0
3.5730713650252346 0.0
3.5740491989723484 0.0
3.5750273005209543 0.0
3.5760056697442857 0.0
3.5769843067155973 0.0
3.577963211508162 0.0
3.578942384195275 0.0
3.579921824850249 0.0
3.5809015335464194 0.0
3.5818815103571398 0.0
3.5828617553557844 0.0
3.583842268615748 0.0
3.584823050210444 0.0
3.5858041002133083 0.0
3.586785418697795 0.0
3.5877670057373785 0.0
3.588748861405554 0.0
3.5897309857758355 0.0
3.59071337892176 0.0
3.5916960409168803 0.0
3.5926789718347742 0.0
3.5936621717490356 0.0
3.5946456407332796 0.0
3.595629378861144 0.0
3.596613386206283 0.0
3.5975976628423725 0.0
3.59858220884311 0.0
3.5995670242822113 0.0
3.600552109233412 0.0
3.6015374637704705 0.0
3.602523087967163 0.0
3.6035089818972863 0.0
3.604495145634658 0.0
3.6054815792531154 0.0
3.6064682828265164 0.0
3.6074552564287385 0.0
3.6084425001336804 0.0
3.609430014015261 0.0
3.6104177981474175 0.0
3.61140585260411 0.0
3.6123941774593167 0.0
3.613382772787037 0.0
3.614371638661291 0.0
3.615360775156118 0.0
3.6163501823455793 0.0
3.617339860303753 0.0
3.6183298091047416 0.0
3.6193200288226652 0.0
3.6203105195316656 0.0
3.621301281305903 0.0
3.6222923142195604 0.0
3.62328361834684 0.0
3.6242751937619637 0.0
3.625267040539174 0.0
3.6262591587527346 0.0
3.627251548476928 0.0
3.6282442097860583 0.0
3.629237142754449 0.0
3.630230347456446 0.0
3.631223823966412 0.0
3.6322175723587327 0.0
3.633211592707815 0.0
3.6342058850880825 0.0
3.6352004495739827 0.0
3.636195286239981 0.0
3.637190395160565 0.0
3.638185776410242 0.0
3.6391814300635397 0.0
3.6401773561950064 0.0
3.6411735548792095 0.0
3.6421700261907386 0.0
3.643166770204203 0.0
3.6441637869942323 0.0
3.645161076635476 0.0
3.6461586392026053 0.0
3.647156474770312 0.0
3.648154583413306 0.0
3.64915296520632 0.0
3.650151620224106 0.0
3.6511505485414366 0.0
3.652149750233106 0.0
3.6531492253739266 0.0
3.6541489740387334 0.0
3.6551489963023807 0.0
3.6561492922397436 0.0
3.657149861925719 0.0
3.658150705435221 0.0
3.659151822843187 0.0
3.6601532142245747 0.0
3.6611548796543616 0.0
3.662156819207545 0.0
3.663159032959145 0.0
3.6641615209842 0.0
3.6651642833577696 0.0
3.6661673201549343 0.0
3.6671706314507952 0.0
3.668174217320473 0.0
3.6691780778391108 0.0
3.6701822130818704 0.0
3.671186623123935 0.0
3.6721913080405084 0.0
3.673196267906815 0.0
3.6742015027980988 0.0
3.6752070127896257 0.0
3.676212797956682 0.0
3.677218858374574 0.0
3.67822519411863 0.0
3.6792318052641964 0.0
3.6802386918866423 0.0
3.6812458540613564 0.0
3.6822532918637494 0.0
3.6832610053692507 0.0
3.6842689946533116 0.0
3.6852772597914036 0.0
3.68628580085902 0.0
3.6872946179316726 0.0
3.6883037110848953 0.0
3.6893130803942427 0.0
3.6903227259352898 0.0
3.691332647783632 0.0
3.692342846014886 0.0
3.6933533207046887 0.0
3.694364071928697 0.0
3.6953750997625914 0.0
3.6963864042820695 0.0
3.6973979855628514 0.0
3.698409843680677 0.0
3.6994219787113094 0.0
3.7004343907305293 0.0
3.70144707981414 0.0
3.7024600460379657 0.0
3.7034732894778495 0.0
3.704486810209657 0.0
3.705500608309274 0.0
3.706514683852607 0.0
3.7075290369155836 0.0
3.708543667574152 0.0
3.70955857590428 0.0
3.710573761981959 0.0
3.7115892258831984 0.0
3.7126049676840305 0.0
3.713620987460506 0.0
3.714637285288699 0.0
3.7156538612447023 0.0
3.7166707154046312 0.0
3.7176878478446214 0.0
3.7187052586408287 0.0
3.71972294786943 0.0
3.7207409156066236 0.0
3.7217591619286274 0.0
3.722777686911682 0.0
3.723796490632048 0.0
3.7248155731660058 0.0
3.7258349345898587 0.0
3.72685457497993 0.0
3.7278744944125624 0.0
3.728894692964121 0.0
3.729915170710993 0.0
3.730935927729584 0.0
3.731956964096322 0.0
3.7329782798876554 0.0
3.7339998751800536 0.0
3.7350217500500067 0.0
3.736043904574027 0.0
3.7370663388286465 0.0
3.7380890528904174 0.0
3.7391120468359147 0.0
3.740135320741733 0.0
3.7411588746844897 0.0
3.74218270874082 0.0
3.743206822987383 0.0
3.7442312175008583 0.0
3.745255892357944 0.0
3.7462808476353624 0.0
3.747306083409855 0.0
3.7483315997581856 0.0
3.749357396757137 0.0
3.750383474483515 0.0
3.751409833014146 0.0
3.7524364724258756 0.0
3.7534633927955725 0.0
3.754490594200126 0.0
3.7555180767164464 0.0
3.756545840421465 0.0
3.7575738853921337 0.0
3.7586022117054254 0.0
3.7596308194383345 0.0
3.7606597086678772 0.0
3.7616888794710897 0.0
3.7627183319250292 0.0
3.7637480661067757 0.0
3.7647780820934273 0.0
3.7658083799621056 0.0
3.7668389597899523 0.0
3.767869821654131 0.0
3.7689009656318264 0.0
3.769932391800242 0.0
3.770964100236606 0.0
3.7719960910181647 0.0
3.7730283642221876 0.0
3.774060919925965 0.0
3.775093758206807 0.0
3.776126879142047 0.0
3.777160282809037 0.0
3.7781939692851516 0.0
3.7792279386477876 0.0
3.7802621909743612 0.0
3.7812967263423105 0.0
3.782331544829095 0.0
3.783366646512195 0.0
3.784402031469112 0.0
3.7854376997773684 0.0
3.78647365151451 0.0
3.7875098867581 0.0
3.788546405585726 0.0
3.789583208074996 0.0
3.7906202943035394 0.0
3.791657664349005 0.0
3.7926953182890655 0.0
3.793733256201413 0.0
3.794771478163762 0.0
3.7958099842538466 0.0
3.7968487745494253 0.0
3.797887849128274 0.0
3.7989272080681933 0.0
3.799966851447003 0.0
3.8010067793425453 0.0
3.8020469918326825 0.0
3.803087488995299 0.0
3.8041282709083015 0.0
3.805169337649615 0.0
3.80621068929719 0.0
3.807252325928994 0.0
3.80829424762302 0.0
3.809336454457279 0.0
3.810378946509805 0.0
3.8114217238586523 0.0
3.8124647865818986 0.0
3.8135081347576407 0.0
3.814551768463998 0.0
3.8155956877791115 0.0
3.816639892781142 0.0
3.817684383548273 0.0
3.8187291601587106 0.0
3.8197742226906786 0.0
3.820819571222425 0.0
3.8218652058322204 0.0
3.8229111265983535 0.0
3.823957333599137 0.0
3.825003826912903 0.0
3.826050606618007 0.0
3.8270976727928243 0.0
3.8281450255157528 0.0
3.8291926648652113 0.0
3.83024059091964 0.0
3.8312888037575017 0.0
3.8323373034572787 0.0
3.833386090097477 0.0
3.834435163756621 0.0
3.83548452451326 0.0
3.8365341724459627 0.0
3.8375841076333206 0.0
3.838634330153945 0.0
3.8396848400864703 0.0
3.8407356375095523 0.0
3.8417867225018667 0.0
3.8428380951421124 0.0
3.84388975550901 0.0
3.8449417036813 0.0
3.845993939737745 0.0
3.847046463757131 0.0
3.8480992758182637 0.0
3.8491523759999704 0.0
3.8502057643811005 0.0
3.8512594410405256 0.0
3.852313406057137 0.0
3.853367659509849 0.0
3.854422201477597 0.0
3.855477032039339 0.0
3.8565321512740534 0.0
3.8575875592607405 0.0
3.858643256078423 0.0
3.8596992418061444 0.0
3.8607555165229694 0.0
3.861812080307985 0.0
3.862868933240301 0.0
3.8639260753990454 0.0
3.8649835068633727 0.0
3.866041227712455 0.0
3.867099238025488 0.0
3.868157537881688 0.0
3.8692161273602945 0.0
3.8702750065405667 0.0
3.8713341755017874 0.0
3.8723936343232603 0.0
3.8734533830843105 0.0
3.8745134218642847 0.0
3.875573750742552 0.0
3.876634369798503 0.0
3.8776952791115504 0.0
3.8787564787611277 0.0
3.87981796882669 0.0
3.8808797493877156 0.0
3.8819418205237035 0.0
3.883004182314174 0.0
3.8840668348386718 0.0
3.8851297781767586 0.0
3.8861930124080226 0.0
3.8872565376120716 0.0
3.8883203538685347 0.0
3.889384461257064 0.0
3.890448859857333 0.0
3.891513549749037 0.0
3.8925785310118926 0.0
3.893643803725639 0.0
3.8947093679700364 0.0
3.895775223824868 0.0
3.8968413713699377 0.0
3.897907810685072 0.0
3.8989745418501194 0.0
3.9000415649449476 0.0
3.9011088800494504 0.0
3.902176487243541 0.0
3.9032443866071542 0.0
3.904312578220248 0.0
3.9053810621628013 0.0
3.906449838514816 0.0
3.907518907356314 0.0
3.908588268767341 0.0
3.9096579228279627 0.0
3.9107278696182686 0.0
3.91179810921837 0.0
3.912868641708398 0.0
3.9139394671685084 0.0
3.9150105856788766 0.0
3.9160819973197016 0.0
3.917153702171204 0.0
3.9182257003136254 0.0
3.91929799182723 0.0
3.9203705767923043 0.0
3.921443455289156 0.0
3.9225166273981165 0.0
3.9235900931995364 0.0
3.924663852773791 0.0
3.9257379062012756 0.0
3.9268122535624084 0.0
3.92788689493763 0.0
3.9289618304074025 0.0
3.93003706005221 0.0
3.931112583952558 0.0
3.9321884021889755 0.0
3.9332645148420124 0.0
3.9343409219922414 0.0
3.935417623720256 0.0
3.9364946201066733 0.0
3.937571911232132 0.0
3.938649497177292 0.0
3.9397273780228357 0.0
3.9408055538494686 0.0
3.9418840247379174 0.0
3.942962790768931 0.0
3.944041852023279 0.0
3.9451212085817557 0.0
3.946200860525176 0.0
3.9472808079343777 0.0
3.9483610508902194 0.0
3.949441589473583 0.0
3.9505224237653733 0.0
3.951603553846514 0.0
3.9526849797979544 0.0
3.9537667017006646 0.0
3.9548487196356357 0.0
3.9559310336838838 0.0
3.9570136439264445 0.0
3.9580965504443775 0.0
3.9591797533187627 0.0
3.9602632526307033 0.0
3.9613470484613256 0.0
3.962431140891776 0.0
3.963515530003226 0.0
3.9646002158768656 0.0
3.96568519859391 0.0
3.9667704782355955 0.0
3.967856054883181 0.0
3.968941928617948 0.0
3.9700280995211976 0.0
3.971114567674257 0.0
3.9722013331584725 0.0
3.9732883960552154 0.0
3.974375756445877 0.0
3.9754634144118723 0.0
3.976551370034638 0.0
3.9776396233956324 0.0
3.978728174576337 0.0
3.9798170236582564 0.0
3.980906170722915 0.0
3.9819956158518623 0.0
3.983085359126668 0.0
3.984175400628926 0.0
3.9852657404402505 0.0
3.9863563786422795 0.0
3.9874473153166727 0.0
3.9885385505451123 0.0
3.9896300844093036 0.0
3.990721916990972 0.0
3.991814048371868 0.0
3.992906478633763 0.0
3.993999207858451 0.0
3.995092236127748 0.0
3.9961855635234937 0.0
3.997279190127549 0.0
3.9983731160217975 0.0
3.999467341288145 0.0
4.000561866008519 0.0
4.001656690264873 0.0
4.002751814139179 0.0
4.003847237713432 0.0
4.00494296106965 0.0
4.006038984289876 0.0
4.00713530745617 0.0
4.008231930650618 0.0
4.009328853955331 0.0
4.010426077452437 0.0
4.011523601224089 0.0
4.012621425352462 0.0
4.013719549919755 0.0
4.014817975008189 0.0
4.0159167007000045 0.0
4.017015727077469 0.0
4.01811505422287 0.0
4.019214682218517 0.0
4.020314611146745 0.0
4.021414841089907 0.0
4.022515372130382 0.0
4.023616204350572 0.0
4.024717337832898 0.0
4.025818772659807 0.0
4.026920508913768 0.0
4.028022546677269 0.0
4.029124886032827 0.0
4.030227527062975 0.0
4.031330469850273 0.0
4.0324337144773015 0.0
4.033537261026664 0.0
4.034641109580988 0.0
4.035745260222923 0.0
4.036849713035139 0.0
4.03795446810033 0.0
4.039059525501214 0.0
4.0401648853205305 0.0
4.041270547641041 0.0
4.04237651254553 0.0
4.043482780116806 0.0
4.044589350437699 0.0
4.045696223591062 0.0
4.046803399659768 0.0
4.047910878726718 0.0
4.049018660874831 0.0
4.050126746187051 0.0
4.051235134746346 0.0
4.052343826635703 0.0
4.053452821938133 0.0
4.054562120736671 0.0
4.055671723114376 0.0
4.056781629154324 0.0
4.0578918389396215 0.0
4.0590023525533905 0.0
4.0601131700787825 0.0
4.061224291598965 0.0
4.062335717197131 0.0
4.063447446956501 0.0
4.064559480960311 0.0
4.065671819291824 0.0
4.066784462034322 0.0
4.067897409271116 0.0
4.069010661085534 0.0
4.070124217560931 0.0
4.071238078780682 0.0
4.072352244828184 0.0
4.07346671578686 0.0
4.074581491740155 0.0
4.075696572771534 0.0
4.076811958964488 0.0
4.077927650402531 0.0
4.079043647169199 0.0
4.080159949348047 0.0
4.08127655702266 0.0
4.082393470276641 0.0
4.083510689193618 0.0
4.084628213857239 0.0
4.085746044351179 0.0
4.086864180759132 0.0
4.0879826231648195 0.0
4.0891013716519815 0.0
4.090220426304382 0.0
4.0913397872058095 0.0
4.092459454440074 0.0
4.093579428091009 0.0
4.09469970824247 0.0
4.095820294978338 0.0
4.096941188382514 0.0
4.098062388538924 0.0
4.099183895531516 0.0
4.100305709444259 0.0
4.10142783036115 0.0
4.102550258366206 0.0
4.103672993543464 0.0
4.104796035976991 0.0
4.1059193857508705 0.0
4.107043042949212 0.0
4.1081670076561485 0.0
4.109291279955835 0.0
4.1104158599324485 0.0
4.111540747670191 0.0
4.112665943253287 0.0
4.113791446765984 0.0
4.114917258292552 0.0
4.1160433779172845 0.0
4.117169805724497 0.0
4.11829654179853 0.0
4.119423586223746 0.0
4.1205509390845325 0.0
4.1216786004652946 0.0
4.122806570450466 0.0
4.123934849124504 0.0
4.125063436571884 0.0
4.126192332877109 0.0
4.127321538124701 0.0
4.128451052399209 0.0
4.129580875785203 0.0
4.130711008367278 0.0
4.13184145023005 0.0
4.132972201458161 0.0
4.134103262136271 0.0
4.13523463234907 0.0
4.136366312181265 0.0
4.137498301717589 0.0
4.138630601042798 0.0
4.139763210241673 0.0
4.140896129399016 0.0
4.14202935859965 0.0
4.143162897928427 0.0
4.144296747470216 0.0
4.145430907309915 0.0
4.146565377532442 0.0
4.147700158222737 0.0
4.148835249465766 0.0
4.149970651346518 0.0
4.151106363950003 0.0
4.152242387361258 0.0
4.153378721665339 0.0
4.154515366947328 0.0
4.155652323292328 0.0
4.15678959078547 0.0
4.157927169511902 0.0
4.159065059556802 0.0
4.160203261005364 0.0
4.161341773942812 0.0
4.162480598454389 0.0
4.163619734625362 0.0
4.164759182541024 0.0
4.165898942286689 0.0
4.167039013947694 0.0
4.168179397609401 0.0
4.169320093357193 0.0
4.170461101276478 0.0
4.171602421452691 0.0
4.1727440539712815 0.0
4.173885998917729 0.0
4.175028256377537 0.0
4.176170826436229 0.0
4.1773137091793515 0.0
4.178456904692479 0.0
4.1796004130612046 0.0
4.180744234371147 0.0
4.181888368707949 0.0
4.183032816157276 0.0
4.184177576804815 0.0
4.185322650736278 0.0
4.186468038037404 0.0
4.187613738793949 0.0
4.188759753091698 0.0
4.189906081016455 0.0
4.1910527226540495 0.0
4.1921996780903354 0.0
4.1933469474111895 0.0
4.194494530702512 0.0
4.195642428050226 0.0
4.1967906395402785 0.0
4.1979391652586395 0.0
4.199088005291305 0.0
4.20023715972429 0.0
4.201386628643637 0.0
4.202536412135411 0.0
4.203686510285701 0.0
4.204836923180617 0.0
4.205987650906296 0.0
4.207138693548896 0.0
4.2082900511946 0.0
4.209441723929614 0.0
4.210593711840168 0.0
4.211746015012515 0.0
4.212898633532933 0.0
4.21405156748772 0.0
4.215204816963205 0.0
4.21635838204573 0.0
4.217512262821669 0.0
4.218666459377417 0.0
4.219820971799393 0.0
4.22097580017404 0.0
4.222130944587823 0.0
4.223286405127231 0.0
4.224442181878779 0.0
4.225598274929004 0.0
4.226754684364465 0.0
4.227911410271748 0.0
4.229068452737459 0.0
4.230225811848232 0.0
4.231383487690723 0.0
4.232541480351608 0.0
4.233699789917592 0.0
4.234858416475403 0.0
4.23601736011179 0.0
4.237176620913526 0.0
4.23833619896741 0.0
4.239496094360264 0.0
4.240656307178934 0.0
4.241816837510287 0.0
4.242977685441218 0.0
4.244138851058642 0.0
4.245300334449501 0.0
4.246462135700758 0.0
4.247624254899403 0.0
4.248786692132445 0.0
4.249949447486922 0.0
4.251112521049894 0.0
4.252275912908442 0.0
4.253439623149674 0.0
4.254603651860723 0.0
4.255767999128743 0.0
4.25693266504091 0.0
4.25809764968443 0.0
4.2592629531465285 0.0
4.260428575514455 0.0
4.261594516875484 0.0
4.262760777316914 0.0
4.263927356926066 0.0
4.265094255790288 0.0
4.2662614739969476 0.0
4.267429011633439 0.0
4.268596868787181 0.0
4.269765045545613 0.0
4.270933541996204 0.0
4.272102358226439 0.0
4.273271494323833 0.0
4.274440950375925 0.0
4.2756107264702745 0.0
4.276780822694466 0.0
4.277951239136112 0.0
4.279121975882842 0.0
4.280293033022315 0.0
4.2814644106422115 0.0
4.2826361088302365 0.0
4.283808127674121 0.0
4.284980467261614 0.0
4.286153127680497 0.0
4.2873261090185695 0.0
4.288499411363656 0.0
4.289673034803606 0.0
4.290846979426293 0.0
4.292021245319615 0.0
4.2931958325714925 0.0
4.294370741269871 0.0
4.295545971502721 0.0
4.296721523358035 0.0
4.29789739692383 0.0
4.299073592288149 0.0
4.300250109539057 0.0
4.301426948764647 0.0
4.302604110053028 0.0
4.3037815934923405 0.0
4.304959399170748 0.0
4.3061375271764355 0.0
4.3073159775976135 0.0
4.3084947505225175 0.0
4.309673846039405 0.0
4.31085326423656 0.0
4.312033005202291 0.0
4.313213069024926 0.0
4.314393455792823 0.0
4.315574165594361 0.0
4.316755198517944 0.0
4.317936554651999 0.0
4.31911823408498 0.0
4.3203002369053625 0.0
4.321482563201647 0.0
4.322665213062358 0.0
4.323848186576046 0.0
4.3250314838312836 0.0
4.326215104916667 0.0
4.32739904992082 0.0
4.328583318932388 0.0
4.329767912040042 0.0
4.330952829332475 0.0
4.332138070898408 0.0
4.333323636826581 0.0
4.334509527205764 0.0
4.33569574212475 0.0
4.336882281672352 0.0
4.3380691459374106 0.0
4.339256335008792 0.0
4.340443848975385 0.0
4.341631687926102 0.0
4.342819851949882 0.0
4.344008341135686 0.0
4.3451971555724995 0.0
4.346386295349335 0.0
4.347575760555225 0.0
4.348765551279232 0.0
4.349955667610438 0.0
4.35114610963795 0.0
4.352336877450904 0.0
4.353527971138453 0.0
4.354719390789782 0.0
4.355911136494093 0.0
4.35710320834062 0.0
4.358295606418614 0.0
4.359488330817356 0.0
4.360681381626151 0.0
4.361874758934322 0.0
4.363068462831226 0.0
4.364262493406238 0.0
4.3654568507487586 0.0
4.366651534948213 0.0
4.367846546094054 0.0
4.369041884275754 0.0
4.3702375495828125 0.0
4.3714335421047545 0.0
4.372629861931127 0.0
4.3738265091515025 0.0
4.375023483855477 0.0
4.376220786132675 0.0
4.377418416072741 0.0
4.378616373765345 0.0
4.379814659300184 0.0
4.381013272766977 0.0
4.382212214255468 0.0
4.383411483855426 0.0
4.3846110816566455 0.0
4.385811007748943 0.0
4.3870112622221615 0.0
4.388211845166169 0.0
4.389412756670858 0.0
4.390613996826142 0.0
4.391815565721965 0.0
4.393017463448292 0.0
4.394219690095112 0.0
4.395422245752441 0.0
4.3966251305103174 0.0
4.397828344458807 0.0
4.399031887687999 0.0
4.400235760288004 0.0
4.401439962348961 0.0
4.402644493961034 0.0
4.403849355214412 0.0
4.4050545461993025 0.0
4.406260067005947 0.0
4.407465917724606 0.0
4.408672098445562 0.0
4.409878609259131 0.0
4.411085450255646 0.0
4.4122926215254665 0.0
4.41350012315898 0.0
4.414707955246595 0.0
4.415916117878746 0.0
4.417124611145893 0.0
4.41833343513852 0.0
4.419542589947136 0.0
4.420752075662273 0.0
4.421961892374491 0.0
4.423172040174373 0.0
4.424382519152528 0.0
4.425593329399586 0.0
4.426804471006207 0.0
4.428015944063073 0.0
4.42922774866089 0.0
4.43043988489039 0.0
4.431652352842331 0.0
4.432865152607496 0.0
4.434078284276689 0.0
4.435291747940742 0.0
4.436505543690511 0.0
4.437719671616877 0.0
4.438934131810749 0.0
4.4401489243630525 0.0
4.441364049364749 0.0
4.442579506906814 0.0
4.443795297080257 0.0
4.4450114199761055 0.0
4.446227875685416 0.0
4.447444664299271 0.0
4.448661785908772 0.0
4.44987924060505 0.0
4.4510970284792615 0.0
4.452315149622587 0.0
4.453533604126228 0.0
4.454752392081419 0.0
4.455971513579412 0.0
4.457190968711487 0.0
4.458410757568949 0.0
4.459630880243128 0.0
4.460851336825379 0.0
4.462072127407081 0.0
4.463293252079641 0.0
4.464514710934488 0.0
4.465736504063075 0.0
4.466958631556884 0.0
4.468181093507419 0.0
4.469403890006211 0.0
4.4706270211448125 0.0
4.471850487014806 0.0
4.473074287707797 0.0
4.474298423315413 0.0
4.475522893929311 0.0
4.476747699641173 0.0
4.4779728405427015 0.0
4.479198316725627 0.0
4.480424128281708 0.0
4.481650275302724 0.0
4.482876757880479 0.0
4.484103576106808 0.0
4.485330730073564 0.0
4.486558219872629 0.0
4.487786045595909 0.0
4.489014207335336 0.0
4.490242705182867 0.0
4.491471539230483 0.0
4.492700709570194 0.0
4.493930216294029 0.0
4.4951600594940455 0.0
4.496390239262329 0.0
4.497620755690984 0.0
4.498851608872146 0.0
4.500082798897971 0.0
4.501314325860644 0.0
4.502546189852374 0.0
4.503778390965396 0.0
4.505010929291966 0.0
4.50624380492437 0.0
4.507477017954917 0.0
4.5087105684759425 0.0
4.509944456579808 0.0
4.511178682358898 0.0
4.512413245905623 0.0
4.51364814731242 0.0
4.514883386671748 0.0
4.516118964076096 0.0
4.517354879617975 0.0
4.518591133389923 0.0
4.519827725484502 0.0
4.5210646559943 0.0
4.52230192501193 0.0
4.523539532630032 0.0
4.524777478941267 0.0
4.526015764038329 0.0
4.527254388013928 0.0
4.528493350960806 0.0
4.52973265297173 0.0
4.530972294139488 0.0
4.532212274556899 0.0
4.533452594316804 0.0
4.534693253512068 0.0
4.535934252235586 0.0
4.537175590580274 0.0
4.5384172686390745 0.0
4.53965928650496 0.0
4.540901644270922 0.0
4.54214434202998 0.0
4.543387379875181 0.0
4.5446307578995935 0.0
4.545874476196315 0.0
4.547118534858464 0.0
4.548362933979192 0.0
4.5496076736516695 0.0
4.550852753969094 0.0
4.55209817502469 0.0
4.5533439369117055 0.0
4.554590039723415 0.0
4.5558364835531195 0.0
4.557083268494143 0.0
4.558330394639839 0.0
4.559577862083581 0.0
4.560825670918774 0.0
4.562073821238846 0.0
4.563322313137248 0.0
4.5645711467074594 0.0
4.5658203220429865 0.0
4.567069839237359 0.0
4.56831969838413 0.0
4.569569899576884 0.0
4.570820442909227 0.0
4.57207132847479 0.0
4.573322556367232 0.0
4.574574126680239 0.0
4.575826039507517 0.0
4.577078294942803 0.0
4.5783308930798565 0.0
4.579583834012467 0.0
4.5808371178344425 0.0
4.582090744639623 0.0
4.583344714521871 0.0
4.584599027575075 0.0
4.585853683893152 0.0
4.587108683570042 0.0
4.588364026699709 0.0
4.5896197133761465 0.0
4.590875743693372 0.0
4.592132117745429 0.0
4.593388835626386 0.0
4.594645897430338 0.0
4.595903303251406 0.0
4.597161053183736 0.0
4.598419147321501 0.0
4.599677585758897 0.0
4.60093636859015 0.0
4.602195495909508 0.0
4.6034549678112455 0.0
4.604714784389666 0.0
4.605974945739094 0.0
4.607235451953883 0.0
4.608496303128412 0.0
4.609757499357084 0.0
4.61101904073433 0.0
4.612280927354607 0.0
4.613543159312396 0.0
4.614805736702204 0.0
4.6160686596185645 0.0
4.617331928156037 0.0
4.618595542409208 0.0
4.619859502472688 0.0
4.621123808441114 0.0
4.62238846040915 0.0
4.623653458471484 0.0
4.62491880272283 0.0
4.626184493257929 0.0
4.627450530171548 0.0
4.62871691355848 0.0
4.629983643513544 0.0
4.631250720131584 0.0
4.632518143507469 0.0
4.633785913736097 0.0
4.63505403091239 0.0
4.636322495131296 0.0
4.637591306487789 0.0
4.6388604650768706 0.0
4.640129970993567 0.0
4.64139982433293 0.0
4.6426700251900375 0.0
4.643940573659995 0.0
4.64521146983793 0.0
4.646482713819002 0.0
4.647754305698393 0.0
4.649026245571311 0.0
4.65029853353299 0.0
4.651571169678691 0.0
4.652844154103702 0.0
4.654117486903335 0.0
4.655391168172927 0.0
4.656665198007845 0.0
4.6579395765034795 0.0
4.659214303755247 0.0
4.660489379858593 0.0
4.661764804908984 0.0
4.663040579001917 0.0
4.664316702232913 0.0
4.665593174697522 0.0
4.6668699964913145 0.0
4.6681471677098925 0.0
4.669424688448882 0.0
4.670702558803936 0.0
4.671980778870732 0.0
4.673259348744976 0.0
4.674538268522397 0.0
4.675817538298754 0.0
4.677097158169829 0.0
4.678377128231434 0.0
4.679657448579404 0.0
4.680938119309598 0.0
4.6822191405179066 0.0
4.683500512300245 0.0
4.684782234752554 0.0
4.686064307970799 0.0
4.687346732050973 0.0
4.688629507089098 0.0
4.689912633181218 0.0
4.691196110423406 0.0
4.6924799389117595 0.0
4.693764118742404 0.0
4.69504865001149 0.0
4.696333532815196 0.0
4.697618767249724 0.0
4.6989043534113035 0.0
4.700190291396193 0.0
4.701476581300675 0.0
4.702763223221056 0.0
4.704050217253673 0.0
4.705337563494888 0.0
4.70662526204109 0.0
4.7079133129886905 0.0
4.709201716434132 0.0
4.710490472473882 0.0
4.711779581204436 0.0
4.71306904272231 0.0
4.7143588571240524 0.0
4.715649024506238 0.0
4.716939544965463 0.0
4.718230418598354 0.0
4.7195216455015645 0.0
4.720813225771772 0.0
4.722105159505681 0.0
4.723397446800026 0.0
4.724690087751561 0.0
4.725983082457073 0.0
4.727276431013374 0.0
4.728570133517299 0.0
4.729864190065713 0.0
4.731158600755506 0.0
4.732453365683597 0.0
4.733748484946927 0.0
4.735043958642468 0.0
4.736339786867216 0.0
4.737635969718193 0.0
4.73893250729245 0.0
4.740229399687063 0.0
4.7415266469991355 0.0
4.742824249325796 0.0
4.744122206764201 0.0
4.745420519411532 0.0
4.746719187365 0.0
4.748018210721839 0.0
4.749317589579313 0.0
4.75061732403471 0.0
4.751917414185346 0.0
4.753217860128562 0.0
4.75451866196173 0.0
4.755819819782243 0.0
4.7571213336875235 0.0
4.7584232037750205 0.0
4.759725430142209 0.0
4.761028012886593 0.0
4.7623309521057005 0.0
4.7636342478970874 0.0
4.764937900358333 0.0
4.766241909587052 0.0
4.767546275680876 0.0
4.768850998737467 0.0
4.770156078854516 0.0
4.771461516129739 0.0
4.772767310660878 0.0
4.774073462545703 0.0
4.775379971882009 0.0
4.776686838767619 0.0
4.777994063300383 0.0
4.779301645578178 0.0
4.780609585698906 0.0
4.781917883760499 0.0
4.783226539860912 0.0
4.784535554098129 0.0
4.785844926570162 0.0
4.787154657375046 0.0
4.788464746610845 0.0
4.789775194375653 0.0
4.791086000767585 0.0
4.792397165884786 0.0
4.793708689825428 0.0
4.795020572687711 0.0
4.7963328145698565 0.0
4.797645415570118 0.0
4.798958375786777 0.0
4.800271695318138 0.0
4.801585374262531 0.0
4.80289941271832 0.0
4.804213810783889 0.0
4.805528568557652 0.0
4.80684368613805 0.0
4.80815916362355 0.0
4.809475001112647 0.0
4.8107911987038605 0.0
4.812107756495742 0.0
4.813424674586864 0.0
4.814741953075829 0.0
4.816059592061267 0.0
4.817377591641835 0.0
4.818695951916214 0.0
4.820014672983117 0.0
4.8213337549412785 0.0
4.822653197889464 0.0
4.823973001926465 0.0
4.8252931671510995 0.0
4.826613693662214 0.0
4.827934581558679 0.0
4.829255830939394 0.0
4.830577441903286 0.0
4.831899414549311 0.0
4.833221748976447 0.0
4.8345444452837025 0.0
4.835867503570112 0.0
4.837190923934738 0.0
4.838514706476669 0.0
4.839838851295021 0.0
4.841163358488938 0.0
4.842488228157592 0.0
4.8438134604001775 0.0
4.84513905531592 0.0
4.846465013004074 0.0
4.847791333563915 0.0
4.849118017094752 0.0
4.850445063695917 0.0
4.851772473466771 0.0
4.853100246506702 0.0
4.854428382915124 0.0
4.855756882791479 0.0
4.857085746235239 0.0
4.858414973345899 0.0
4.859744564222981 0.0
4.8610745189660385 0.0
4.862404837674649 0.0
4.863735520448419 0.0
4.865066567386981 0.0
4.866397978589993 0.0
4.867729754157146 0.0
4.869061894188151 0.0
4.870394398782754 0.0
4.871727268040719 0.0
4.873060502061847 0.0
4.8743941009459615 0.0
4.875728064792911 0.0
4.877062393702577 0.0
4.878397087774863 0.0
4.879732147109703 0.0
4.881067571807058 0.0
4.882403361966915 0.0
4.883739517689291 0.0
4.885076039074226 0.0
4.886412926221793 0.0
4.887750179232087 0.0
4.889087798205233 0.0
4.890425783241385 0.0
4.891764134440721 0.0
4.893102851903448 0.0
4.894441935729801 0.0
4.895781386020042 0.0
4.89712120287446 0.0
4.898461386393372 0.0
4.89980193667712 0.0
4.901142853826079 0.0
4.902484137940648 0.0
4.903825789121251 0.0
4.905167807468343 0.0
4.906510193082406 0.0
4.90785294606395 0.0
4.909196066513511 0.0
4.910539554531652 0.0
4.911883410218966 0.0
4.913227633676071 0.0
4.914572225003614 0.0
4.91591718430227 0.0
4.917262511672739 0.0
4.918608207215753 0.0
4.919954271032067 0.0
4.921300703222466 0.0
4.922647503887763 0.0
4.923994673128795 0.0
4.925342211046431 0.0
4.9266901177415665 0.0
4.9280383933151235 0.0
4.92938703786805 0.0
4.930736051501327 0.0
4.932085434315959 0.0
4.933435186412977 0.0
4.934785307893444 0.0
4.936135798858446 0.0
4.937486659409101 0.0
4.938837889646552 0.0
4.940189489671971 0.0
4.9415414595865546 0.0
4.942893799491532 0.0
4.944246509488156 0.0
4.945599589677709 0.0
4.946953040161501 0.0
4.948306861040871 0.0
4.9496610524171825 0.0
4.951015614391829 0.0
4.952370547066231 0.0
4.9537258505418365 0.0
4.955081524920124 0.0
4.956437570302596 0.0
4.957793986790783 0.0
4.959150774486247 0.0
4.960507933490575 0.0
4.961865463905381 0.0
4.963223365832309 0.0
4.964581639373029 0.0
4.965940284629241 0.0
4.967299301702669 0.0
4.9686586906950705 0.0
4.970018451708227 0.0
4.971378584843947 0.0
4.972739090204069 0.0
4.974099967890458 0.0
4.975461218005011 0.0
4.976822840649644 0.0
4.978184835926311 0.0
4.979547203936988 0.0
4.980909944783679 0.0
4.98227305856842 0.0
4.98363654539327 0.0
4.985000405360317 0.0
4.98636463857168 0.0
4.987729245129503 0.0
4.989094225135959 0.0
4.990459578693249 0.0
4.9918253059036015 0.0
4.993191406869274 0.0
4.994557881692549 0.0
4.995924730475741 0.0
4.997291953321191 0.0
4.998659550331267 0.0
5.000027521608365 0.0
5.001395867254912 0.0
5.002764587373359 0.0
5.004133682066187 0.0
5.005503151435905 0.0
5.00687299558505 0.0
5.008243214616188 0.0
5.0096138086319115 0.0
5.010984777734841 0.0
5.012356122027626 0.0
5.013727841612942 0.0
5.015099936593498 0.0
5.016472407072026 0.0
5.017845253151288 0.0
5.019218474934071 0.0
5.020592072523195 0.0
5.021966046021509 0.0
5.023340395531882 0.0
5.02471512115722 0.0
5.026090223000452 0.0
5.027465701164536 0.0
5.028841555752459 0.0
5.030217786867238 0.0
5.031594394611914 0.0
5.03297137908956 0.0
5.034348740403273 0.0
5.035726478656185 0.0
5.037104593951448 0.0
5.038483086392249 0.0
5.039861956081799 0.0
5.04124120312334 0.0
5.042620827620139 0.0
5.044000829675496 0.0
5.045381209392735 0.0
5.046761966875209 0.0
5.048143102226302 0.0
5.049524615549424 0.0
5.050906506948012 0.0
5.052288776525534 0.0
5.053671424385486 0.0
5.055054450631392 0.0
5.056437855366803 0.0
5.057821638695299 0.0
5.059205800720489 0.0
5.060590341546011 0.0
5.0619752612755295 0.0
5.063360560012738 0.0
5.064746237861359 0.0
5.066132294925143 0.0
5.067518731307869 0.0
5.068905547113344 0.0
5.070292742445405 0.0
5.071680317407914 0.0
5.073068272104765 0.0
5.0744566066398775 0.0
5.075845321117203 0.0
5.077234415640719 0.0
5.078623890314432 0.0
5.080013745242375 0.0
5.081403980528612 0.0
5.082794596277236 0.0
5.084185592592366 0.0
5.085576969578151 0.0
5.086968727338768 0.0
5.088360865978424 0.0
5.089753385601352 0.0
5.091146286311814 0.0
5.092539568214105 0.0
5.0939332314125405 0.0
5.09532727601147 0.0
5.096721702115271 0.0
5.098116509828351 0.0
5.099511699255142 0.0
5.100907270500107 0.0
5.102303223667737 0.0
5.1036995588625516 0.0
5.105096276189101 0.0
5.10649337575196 0.0
5.107890857655736 0.0
5.109288722005061 0.0
5.110686968904602 0.0
5.112085598459048 0.0
5.113484610773119 0.0
5.114884005951565 0.0
5.116283784099162 0.0
5.117683945320717 0.0
5.119084489721066 0.0
5.120485417405073 0.0
5.121886728477628 0.0
5.123288423043654 0.0
5.124690501208098 0.0
5.126092963075943 0.0
5.127495808752193 0.0
5.128899038341883 0.0
5.13030265195008 0.0
5.131706649681878 0.0
5.133111031642397 0.0
5.134515797936789 0.0
5.135920948670234 0.0
5.137326483947939 0.0
5.138732403875144 0.0
5.140138708557112 0.0
5.14154539809914 0.0
5.1429524726065505 0.0
5.144359932184698 0.0
5.145767776938962 0.0
5.147176006974754 0.0
5.148584622397513 0.0
5.149993623312705 0.0
5.151403009825828 0.0
5.152812782042409 0.0
5.154222940068 0.0
5.155633484008188 0.0
5.157044413968581 0.0
5.158455730054824 0.0
5.159867432372585 0.0
5.161279521027564 0.0
5.162691996125487 0.0
5.164104857772114 0.0
5.16551810607323 0.0
5.166931741134648 0.0
5.168345763062213 0.0
5.169760171961799 0.0
5.171174967939304 0.0
5.172590151100663 0.0
5.174005721551834 0.0
5.175421679398804 0.0
5.176838024747593 0.0
5.178254757704247 0.0
5.179671878374842 0.0
5.181089386865482 0.0
5.182507283282301 0.0
5.183925567731462 0.0
5.185344240319157 0.0
5.186763301151607 0.0
5.188182750335061 0.0
5.1896025879758 0.0
5.191022814180131 0.0
5.192443429054391 0.0
5.193864432704947 0.0
5.195285825238194 0.0
5.196707606760556 0.0
5.1981297773784885 0.0
5.199552337198474 0.0
5.200975286327024 0.0
5.202398624870678 0.0
5.20382235293601 0.0
5.205246470629617 0.0
5.206670978058127 0.0
5.208095875328199 0.0
5.20952116254652 0.0
5.2109468398198056 0.0
5.212372907254802 0.0
5.213799364958284 0.0
5.215226213037054 0.0
5.2166534515979475 0.0
5.218081080747824 0.0
5.219509100593577 0.0
5.220937511242127 0.0
5.222366312800423 0.0
5.223795505375446 0.0
5.225225089074204 0.0
5.226655064003733 0.0
5.228085430271104 0.0
5.2295161879834104 0.0
5.230947337247778 0.0
5.232378878171363 0.0
5.233810810861351 0.0
5.235243135424954 0.0
5.236675851969415 0.0
5.238108960602008 0.0
5.239542461430034 0.0
5.2409763545608214 0.0
5.2424106401017365 0.0
5.243845318160165 0.0
5.245280388843528 0.0
5.246715852259274 0.0
5.2481517085148806 0.0
5.249587957717855 0.0
5.251024599975735 0.0
5.252461635396086 0.0
5.2538990640865055 0.0
5.255336886154618 0.0
5.256775101708078 0.0
5.25821371085457 0.0
5.259652713701808 0.0
5.2610921103575325 0.0
5.26253190092952 0.0
5.263972085525571 0.0
5.265412664253516 0.0
5.266853637221217 0.0
5.268295004536567 0.0
5.2697367663074814 0.0
5.271178922641914 0.0
5.272621473647842 0.0
5.274064419433275 0.0
5.275507760106251 0.0
5.276951495774838 0.0
5.278395626547134 0.0
5.279840152531265 0.0
5.281285073835388 0.0
5.282730390567691 0.0
5.284176102836389 0.0
5.285622210749725 0.0
5.287068714415978 0.0
5.288515613943449 0.0
5.289962909440476 0.0
5.291410601015421 0.0
5.292858688776678 0.0
5.294307172832671 0.0
5.295756053291852 0.0
5.297205330262704 0.0
5.298655003853739 1.0376372260309077e-23
5.3001050741735005 3.017865645105901e-23
5.3015555413305595 4.459609568070664e-23
5.303006405433518 5.460180913349274e-23
5.304457666591007 6.463053625544267e-23
5.305909324911686 7.463216296712323e-23
5.307361380504248 8.460496255051871e-23
5.308813833477412 9.602982233720085e-23
5.310266683939927 1.2648785232844608e-22
5.311719932000576 1.777518968340559e-22
5.313173577768168 2.353306704133646e-22
5.3146276213515415 2.9598162902507223e-22
5.316082062859565 3.5661335212762956e-22
5.31753690240114 4.172342402741502e-22
5.318992140085195 4.612860278926331e-22
5.320447776020686 4.763220715891466e-22
5.321903810316604 4.521144065276285e-22
5.323360243081967 4.0112532573767555e-22
5.324817074425822 3.5014647966752167e-22
5.3262743044572485 2.9918270849843493e-22
5.327731933285355 2.482362961244005e-22
5.329189961019276 1.972978347766575e-22
5.330648387768182 1.6232667268581102e-22
5.33210721364127 1.4404012771627996e-22
5.333566438747766 1.2666952292834591e-22
5.3350260631969295 1.0944586873057699e-22
5.336486087098045 9.216315697153305e-23
5.337946510560433 7.487307724083223e-23
5.339407333693437 6.49841260424554e-23
5.340868556606435 6.660194006190275e-23
5.342330179408835 7.813258630774486e-23
5.343792202210073 9.553045966861799e-23
5.345254625119615 1.1305255893891733e-22
5.346717448246959 1.304234983143065e-22
5.348180671701631 1.4733985138842877e-22
5.349644295593188 1.636042181131321e-22
5.351108320031216 1.7797027159226764e-22
5.352572745125331 1.9049532520807577e-22
5.354037570985181 2.0291794459739193e-22
5.355502797720442 2.155886480578471e-22
5.356968425440822 2.282423145830876e-22
5.358434454256056 2.405754025743349e-22
5.359900884275911 2.4373570520034627e-22
5.361367715610182 2.279087730813067e-22
5.3628349483686995 2.014076256036969e-22
5.364302582661318 1.7428155637059057e-22
5.365770618597924 1.4708954627390796e-22
5.367239056288437 1.1992967207067535e-22
5.3687078958428 9.445367255790063e-23
5.370177137370993 8.058551637621194e-23
5.371646780983022 7.989909368531816e-23
5.373116826788927 8.499144406775173e-23
5.374587274898772 9.259952842094062e-23
5.376058125422656 1.0017354334111671e-22
5.377529378470706 1.0774548899606035e-22
5.379001034153081 1.1175726163732772e-22
5.380473092579968 1.096315719222629e-22
5.381945553861586 9.883306714239109e-23
5.3834184181081834 8.200223588469493e-23
5.384891685430038 6.526897581751842e-23
5.386365355937457 4.857567980089183e-23
5.387839429740781 3.1882279204531506e-23
5.389313906950379 1.5178972770513304e-23
5.390788787676652 4.571954496728378e-24
5.3922640720300254 1.3539146168312001e-24
5.393739760120962 3.9337071660183332e-25
5.39521585205995 4.025865526408547e-25
5.396692347957511 4.1151777396289923e-25
5.398169247924194 4.206635271291968e-25
5.39964655207058 4.299287227454574e-25
5.401124260507281 4.388782934406824e-25
5.402602373344937 4.479588267371236e-25
5.404080890694219 4.572486241048931e-25
5.40555981266583 4.662486144081965e-25
5.407039139370502 4.752631652811585e-25
5.408518870918996 4.845462823415147e-25
5.4099990074221065 4.935974642488685e-25
5.411479548990654 5.025452710544158e-25
5.4129604957354935 5.11805066559955e-25
5.41444184776751 5.209082112050873e-25
5.415923605197614 5.298051698210949e-25
5.417405768136753 5.3899716838666e-25
5.4188883366959 5.481530460379503e-25
5.420371310986059 5.570428874368545e-25
5.421854691118269 5.6616632903952155e-25
5.423338477203593 5.753757090968927e-25
5.424822669353127 5.842708172964345e-25
5.426307267678 5.933249428328175e-25
5.427792272289366 6.026887861623536e-25
5.429277683298416 6.120634578903437e-25
5.430763500816365 6.211976235091409e-25
5.432249724954463 6.3006692205782715e-25
5.433736355823987 6.391710202904211e-25
5.435223393536248 6.483607524027414e-25
5.436710838202584 6.572368914492886e-25
5.438198689934367 6.662696333334923e-25
5.439686948842997 6.755017978869304e-25
5.441175615039905 6.844345589517513e-25
5.442664688636551 6.933951885244432e-25
5.444154169744429 7.026207862827766e-25
5.445644058475063 7.116109351333866e-25
5.447134354940002 7.204986973656159e-25
5.448625059250833 7.296963793584116e-25
5.45011617151917 7.387446808762899e-25
5.451607691856656 7.475801863219156e-25
5.453099620374967 7.567039530672719e-25
5.45459195718581 7.658111712447404e-25
5.456084702400922 7.746396819509745e-25
5.457577856132066 7.8368878009185645e-25
5.459071418491044 7.928556780289126e-25
5.460565389589682 8.0171034498933485e-25
5.46205976953984 8.1068402211286465e-25
5.463554558453406 8.198782279279772e-25
5.465049756442301 8.28793627061143e-25
5.466545363618476 8.376911317018343e-25
5.468041380093911 8.468788477342109e-25
5.46953780598062 8.558557405543538e-25
5.471034641390643 8.646763221973955e-25
5.472531886436055 8.738054368777303e-25
5.474029541228959 8.828445839970145e-25
5.47552760588149 8.916396205369816e-25
5.477026080505815 9.006907677346891e-25
5.4785249652141275 9.097929288600625e-25
5.480024260118656 9.18583935962922e-25
5.481523965331656 9.27556366869446e-25
5.483024080965416 9.368352870659838e-25
5.484524607132258 9.461155245883097e-25
5.486025543944528 9.551582811807834e-25
5.487526891514609 9.63933235436197e-25
5.489028649954909 9.729399715019176e-25
5.490530819377872 9.820477830921789e-25
5.492033399895971 9.908451263753302e-25
5.493536391621708 9.99492045996663e-25
5.495039794667617 1.0086632223433736e-24
5.496543609146266 1.019684202249397e-24
5.498047835170247 1.0299773322909286e-24
5.499552472852189 1.0371819058717189e-24
5.50105752230475 1.0433180546412278e-24
5.502562983640615 1.0506853328707016e-24
5.504068856972507 1.0611641187503253e-24
5.505575142413173 1.0710769008353502e-24
5.507081840075395 1.0783995023550017e-24
5.508588950071985 1.0881316133803608e-24
5.5100964725157855 1.1037486256472696e-24
5.511604407519671 1.1255196337740377e-24
5.513112755196543 1.1501374161631908e-24
5.5146215156593374 1.1756294379550192e-24
5.516130689021024 1.204191386547754e-24
5.517640275394596 1.2329067502087032e-24
5.5191502748930805 1.2585424229399317e-24
5.52066068762954 1.2831268552666754e-24
5.522171513717064 1.3089518046025758e-24
5.523682753268771 1.3378436306663066e-24
5.525194406397813 1.3661584375048828e-24
5.526706473217375 1.3918556345430521e-24
5.5282189538406685 1.4199342385121936e-24
5.529731848380939 1.4490177121734685e-24
5.531245156951461 1.475028810692769e-24
5.532758879665543 1.499559127087966e-24
5.534273016636523 1.5248753343871543e-24
5.535787567977768 1.5532502316997994e-24
5.537302533802679 1.581966814728553e-24
5.538817914224685 1.6076150272235834e-24
5.54033370935725 1.6351566667835234e-24
5.541849919313866 1.6646455061895407e-24
5.543366544208056 1.69108543937974e-24
5.544883584153375 1.715561721406683e-24
5.54640103926341 1.7403162304671063e-24
5.547918909651779 1.7681206558024092e-24
5.549437195432128 1.797292707398277e-24
5.550955896718138 1.823403354797987e-24
5.5524750136235195 1.8503545429203943e-24
5.553994546262015 1.879791317718082e-24
5.555514494747392 1.9067137373661077e-24
5.557034859193459 1.9311360677417825e-24
5.558555639714051 1.9555541350136462e-24
5.560076836423033 1.982734678735344e-24
5.561598449434302 2.012137308440931e-24
5.563120478861787 2.0387639665373296e-24
5.564642924819448 2.0650713503281694e-24
5.566165787421275 2.09442248112561e-24
5.5676890667812895 2.1218809071998276e-24
5.569212763013546 2.146283233241155e-24
5.570736876232129 2.1706474179963282e-24
5.572261406551153 2.197150805439376e-24
5.573786354084767 2.2265018231653454e-24
5.575311718947146 2.253697935102061e-24
5.5768375012525 2.279308297185404e-24
5.578363701115073 2.307955373832504e-24
5.579890318649134 2.3360031931106086e-24
5.581417353968987 2.3610042960913814e-24
5.582944807188965 2.385314683394928e-24
5.584472678423436 2.4110877762531633e-24
5.586000967786795 2.4398935231949345e-24
5.587529675393471 2.467712398091353e-24
5.589058801357925 2.4930666041259888e-24
5.5905883457946475 2.520956531628741e-24
5.592118308818158 2.549646996319261e-24
5.593648690543013 2.575299186766856e-24
5.595179491083798 2.599555862855422e-24
5.5967107105551275 2.6245468193794786e-24
5.598242349071651 2.652562215130374e-24
5.599774406748045 2.6810570266990707e-24
5.6013068836990225 2.706517615495246e-24
5.602839780039323 2.733597437202697e-24
5.604373095883722 2.762813552363209e-24
5.605906831347024 2.789168536575591e-24
5.607440986544065 2.8133715888632388e-24
5.60897556158971 2.83757031803775e-24
5.610510556598861 2.864742486732591e-24
5.612045971686448 2.893925129424649e-24
5.6135818069674315 2.9201217329967e-24
5.615118062556806 2.9463386320050237e-24
5.616654738569596 2.975504109366592e-24
5.618191835120857 3.0026148807506674e-24
5.6197293523256775 3.0267643978348918e-24
5.621267290299178 3.0509095771551427e-24
5.622805649156506 3.077185783529018e-24
5.6243444290128455 3.106317962041613e-24
5.625883629983413 3.1333034935910587e-24
5.62742325218345 3.15860479415403e-24
5.6289632957282345 3.186915357938295e-24
5.630503760733076 3.2148347711187626e-24
5.632044647313313 3.2397354129480436e-24
5.6335859555843175 3.263827132225418e-24
5.635127685661493 3.55163863981311e-24
5.636669837660274 4.477464287588536e-24
5.638212411696126 5.331734775283252e-24
5.639755407884549 5.593374202473336e-24
5.641298826341071 5.71093008232015e-24
5.642842667181252 5.829901211046057e-24
5.644386930520687 5.9458450890426175e-24
5.645931616474998 6.062319523940709e-24
5.647476725159844 6.181772142394813e-24
5.649022256690911 6.3019018382073484e-24
5.650568211183916 6.420690541773201e-24
5.652114588754614 6.536456049700281e-24
5.653661389518787 6.652784349886025e-24
5.655208613592246 6.771784432514974e-24
5.65675626109084 6.888449440950942e-24
5.658304332130447 7.003676950727774e-24
5.659852826826976 7.121880863417007e-24
5.6614017452963665 7.241744238878835e-24
5.662951087654594 7.361292987406785e-24
5.664500854017661 7.47781272805244e-24
5.666051044501604 7.592861539053714e-24
5.667601659222493 7.710882599049063e-24
5.669152698296426 7.828321531552996e-24
5.670704161839536 7.94294437590297e-24
5.672256049967986 8.059199975961025e-24
5.6738083627979705 8.176665562674792e-24
5.675361100445718 8.291712001638949e-24
5.676914263027486 8.407429574957642e-24
5.678467850659565 8.526111405063097e-24
5.680021863458281 8.645584916184932e-24
5.681576301539984 8.763900236056068e-24
5.683131165021061 8.87920866447927e-24
5.684686454017933 8.994698766593186e-24
5.686242168647047 9.113079754304763e-24
5.687798309024885 9.229337230945418e-24
5.689354875267961 9.343677942774436e-24
5.690911867492821 9.460978381087165e-24
5.692469285816042 9.580186650163472e-24
5.6940271303542325 9.699372809158853e-24
5.695585401224037 9.81556740153732e-24
5.697144098542125 9.925027183783233e-24
5.698703222425203 1.002253328325642e-23
5.700262772990008 1.0121225635568115e-23
5.70182275035331 1.023477873978206e-23
5.703383154631908 1.0353761862648019e-23
5.704943985942635 1.0472707998712127e-23
5.706505244402358 1.0591629326298825e-23
5.708066930127972 1.0710511065067568e-23
5.709629043236406 1.0829370604394578e-23
5.711191583844622 1.0948190578880197e-23
5.712754552069611 1.1066976180843503e-23
5.714317948028398 1.1185734398171457e-23
5.715881771838043 1.1304453109578224e-23
5.717446023615633 1.1423149576928e-23
5.719010703478286 1.1541806562482278e-23
5.72057581154316 1.1660432172025883e-23
5.722141347927437 1.1779027439013231e-23
5.723707312748335 1.1897583283401603e-23
5.725273706123103 1.2016116839161431e-23
5.726840528169022 1.2134610996597884e-23
5.7284077790034065 1.2253077157809247e-23
5.729975458743601 1.237150963573976e-23
5.731543567506984 1.2489902774820354e-23
5.7331121054109655 1.2608273580745456e-23
5.734681072572986 1.2726605072246319e-23
5.736250469110519 1.2844912331625366e-23
5.7378202951410735 1.296318218315342e-23
5.739390550782186 1.3081412780008647e-23
5.740961236151427 1.3199620999225634e-23
5.742532351366399 1.3317789988345964e-23
5.744103896544738 1.3435936582968126e-23
5.74567587180411 1.355404397212248e-23
5.747248277262215 1.3672114503054113e-23
5.748821113036783 1.379016030006597e-23
5.750394379245579 1.390816695173834e-23
5.751968076006399 1.402615116448596e-23
5.753542203437071 1.4144096256674173e-23
5.755116761655455 1.426200915598261e-23
5.756691750779444 1.437989269667265e-23
5.7582671709269615 1.4497737177211123e-23
5.759843022215968 1.4615559174444022e-23
5.76141930476445 1.471028707584777e-23
5.76299601869043 1.4778042898172522e-23
5.764573164111962 1.48688194104182e-23
5.7661507411471336 1.5031842516859166e-23
5.767728749914061 1.5312485510960677e-23
5.7693071905308955 1.5645202853666654e-23
5.7708860631158245 1.5948453231384838e-23
5.77246536778706 1.6271277482446777e-23
5.77404510466285 1.6623386940278323e-23
5.7756252738614755 1.697588115277333e-23
5.7772058755012505 1.7311223437995927e-23
5.778786909700519 1.761714052673539e-23
5.780368376577657 1.7936369206963518e-23
5.781950276251079 1.8284859081074333e-23
5.783532608839222 1.8636868169267805e-23
5.785115374460564 1.8975036515737865e-23
5.786698573233611 1.9283821489269788e-23
5.788282205276903 1.9599254507177585e-23
5.789866270709011 1.994392582539429e-23
5.7914507696485416 2.0295450305079277e-23
5.793035702214131 2.0636645523019578e-23
5.794621068524448 2.0948499246521876e-23
5.796206868698192 2.1259936827539948e-23
5.7977931028541025 2.1600579789696558e-23
5.799379771110945 2.1951620180877697e-23
5.800966873587516 2.229605391817358e-23
5.8025544104026485 2.261117694622363e-23
5.804142381675209 2.291841963473272e-23
5.805730787524093 2.325482550623029e-23
5.807319628068228 2.3605382333135956e-23
5.80890890342658 2.3953265181803026e-23
5.810498613718142 2.427185775636564e-23
5.812088759061938 2.457470641773433e-23
5.813679339577032 2.4906676009445233e-23
5.815270355382515 2.5256749800542617e-23
5.816861806597512 2.5606755194928462e-23
5.818453693341178 2.5929017243335515e-23
5.820046015732707 2.6228800687887055e-23
5.82163877389132 2.6556135133805275e-23
5.823231967936271 2.6905726421811484e-23
5.82482559798685 2.7255249181060686e-23
5.826419664162376 2.758138031398757e-23
5.828014166582204 2.788070597896238e-23
5.829609105365718 2.820320673825499e-23
5.831204480632339 2.855231606015172e-23
5.832800292501516 2.890135672139263e-23
5.834396541092733 2.925028260854638e-23
5.83599322652551 2.959913978484498e-23
5.837590348919393 2.9921032141579287e-23
5.839187908393964 3.021967247872899e-23
5.84078590506884 3.054508170797948e-23
5.842384339063668 3.089352630775918e-23
5.843983210498127 3.1241902064970204e-23
5.84558251949193 3.1568142099021487e-23
5.847182266164825 3.1866328665891656e-23
5.848782450636589 3.2186428057530605e-23
5.850383073027033 3.2534391916967837e-23
5.8519841334560025 3.288228680227391e-23
5.853585632043375 3.321223136486399e-23
5.855187568909058 3.351169757079058e-23
5.856789944172995 3.382413139007289e-23
5.858392757955161 3.4166884611281896e-23
5.859996010375565 3.4514298727955544e-23
5.861599701554248 3.4850328892561625e-23
5.863203831611284 3.515735837058452e-23
5.864808400666781 3.5465745723005254e-23
5.8664134088408755 3.580299540045274e-23
5.868018856253743 3.614992975657762e-23
5.869624743025588 3.649091335645443e-23
5.8712310692766465 3.680292756403724e-23
5.872837835127192 3.710541375889651e-23
5.87444504069753 3.743671961368373e-23
5.876052686107997 3.7783174769424476e-23
5.8776607714789595 3.812932980019118e-23
5.879269296930822 3.8446526365186573e-23
5.880878262584025 3.87429149532246e-23
5.8824876685590315 3.9068080482329413e-23
5.884097514976346 3.941405700220057e-23
5.885707801956503 3.975996400406997e-23
5.887318529620071 4.008254022251268e-23
5.888929698087649 4.037825300770688e-23
5.890541307479872 4.0697082048640633e-23
5.892153357917406 4.1042580501521436e-23
5.8937658495209515 4.1388009305568736e-23
5.895378782411241 4.171616213959763e-23
5.896992156709041 4.201547633184669e-23
5.898605972535149 4.232777306475836e-23
5.900220230010399 4.2668749339117466e-23
5.901834929255655 4.301370051875576e-23
5.903450070391816 4.342401461756486e-23
5.905065653539811 4.400661598069591e-23
5.906681678820607 4.471428403472572e-23
5.9082981463552 4.5450526865930054e-23
5.90991505626462 4.6196887487504426e-23
5.911532408669931 4.694304119702786e-23
5.913150203692232 4.768900703361069e-23
5.914768441452651 4.842290027395453e-23
5.91638712207235 4.9127970126862215e-23
5.918006245672527 4.98351279810135e-23
5.919625812374411 5.057080573918948e-23
5.921245822299264 5.1315739564739966e-23
5.922866275568383 5.2060457999720114e-23
5.924487172303095 5.280499744302639e-23
5.926108512624766 5.354929465659645e-23
5.927730296654787 5.429343979230573e-23
5.92935252451459 5.50373428811709e-23
5.930975196325633 5.578109378431633e-23
5.932598312209414 5.652460282387554e-23
5.934221872287463 5.726789274267159e-23
5.935845876681336 5.801100780871133e-23
5.937470325512633 5.875388144485276e-23
5.939095218902979 5.949660261354678e-23
5.940720556974038 6.023908253665042e-23
5.942346339847504 6.098140988456017e-23
5.943972567645103 6.17234961715548e-23
5.945599240488598 6.246536437416031e-23
5.947226358499784 6.320705710236426e-23
5.948853921800488 6.394850920595927e-23
5.950481930512571 6.468980845307858e-23
5.95211038475793 6.543086726131898e-23
5.95373928465849 6.617177310545207e-23
5.955368630336213 6.691243869680382e-23
5.956998421913096 6.765289202500283e-23
5.958628659511167 6.839316447832356e-23
5.960259343252485 6.91215359193998e-23
5.961890473259145 6.982130139600094e-23
5.963522049653278 7.052260236224522e-23
5.965154072557045 7.125220269557519e-23
5.96678654209264 7.199144967180504e-23
5.968419458382291 7.273049500932642e-23
5.970052821548264 7.346934927434316e-23
5.971686631712851 7.420796454176781e-23
5.973320888998382 7.494642617636726e-23
5.97495559352722 7.568464900196332e-23
5.97659074542176 7.642271808733527e-23
5.9782263448044315 7.716054855266502e-23
5.979862391797699 7.789819282533831e-23
5.98149888652406 7.863563101235908e-23
5.98313582910604 7.937283102355659e-23
5.984773219666206 8.010987701461861e-23
5.986411058327155 8.084668501988554e-23
5.988049345211517 8.158333889773813e-23
5.989688080441956 8.231975498019459e-23
5.991327264141171 8.305600515610674e-23
5.992966896431892 8.379202939927129e-23
5.994606977436884 8.452781629391669e-23
5.996247507278946 8.526344878170316e-23
5.997888486080912 8.59988441124423e-23
5.999529913965644 8.673408492916325e-23
6.001171791056044 8.746908878068163e-23
6.002814117475046 8.820393801104745e-23
6.004456893345614 8.893855046843245e-23
6.006100118790749 8.966755009568438e-23
6.007743793933486 9.036814900139637e-23
6.009387918896893 9.105752400115398e-23
6.01103249380407 9.17749761701474e-23
6.012677518778152 9.250856996667638e-23
6.014322993942309 9.324200875616604e-23
6.015968919419743 9.397521160988788e-23
6.017615295333689 9.470822305336159e-23
6.019262121807419 9.544103505133857e-23
6.0209093989642355 9.617361156647109e-23
6.022557126927476 9.690603279616684e-23
6.024205305820509 9.763821873777066e-23
6.025853935766745 9.83702492870515e-23
6.027503016889618 9.90583636308658e-23
6.029152549312602 9.969004090042814e-23
6.0308025331592034 1.0028081962085497e-22
6.032452968552962 1.0090552965051334e-22
6.034103855617452 1.0181119256987702e-22
6.0357551944762795 1.0281107886496978e-22
6.037406985253089 1.0352975385796417e-22
6.039059228071554 1.0409159254214172e-22
6.040711923055381 1.0465331131575295e-22
6.042365070328318 1.0546261858037649e-22
6.04401867001414 1.0652400954847064e-22
6.045672722236656 1.0733747988047567e-22
6.047327227119712 1.0807494174104107e-22
6.048982184787187 1.0936477980146697e-22
6.050637595362993 1.1118001419840552e-22
6.052293458971075 1.1328350481248235e-22
6.053949775735416 1.1531959066474588e-22
6.055606545780028 1.1707502382514177e-22
6.05726376922896 1.1902141470181077e-22
6.058921446206295 1.2120139838475235e-22
6.0605795768361475 1.2311506820217564e-22
6.062238161242668 1.2489971195113193e-22
6.0638971995500395 1.269637278271481e-22
6.065556691882483 1.2903627560585536e-22
6.067216638364247 1.3082872800638902e-22
6.068877039119618 1.3250597752193936e-22
6.070537894272919 1.3418640814741978e-22
6.0721992039485 1.3614560920542865e-22
6.073860968270752 1.3831787335728436e-22
6.075523187364096 1.4021047992154452e-22
6.077185861352989 1.4200586760631368e-22
6.0788489903619185 1.440799461893527e-22
6.08051257451541 1.4613350455072826e-22
6.0821766139380244 1.4790764650620032e-22
6.083841108754351 1.4981695968673308e-22
6.085506059089018 1.5198968120480463e-22
6.087171465066685 1.5392572973450242e-22
6.0888373268120475 1.5566964534061545e-22
6.090503644449833 1.5769169042351138e-22
6.092170418104806 1.5979028124333324e-22
6.093837647901763 1.6161001531642253e-22
6.095505333965537 1.6346571291207414e-22
6.09717347642099 1.6559929690799657e-22
6.098842075393025 1.6758252596064267e-22
6.100511131006574 1.693073152190098e-22
6.102180643386605 1.7127360275026598e-22
6.103850612658119 1.7342095996712086e-22
6.105521038946156 1.7529002111827476e-22
6.107191922375785 1.7708838377103244e-22
6.108863263072109 1.7916406979809695e-22
6.1105350611602685 1.8119820969663797e-22
6.1122073167654385 1.829542962131852e-22
6.113880030012823 1.8486111052914622e-22
6.115553201027666 1.8702559908512964e-22
6.117226829935245 1.8894771400204142e-22
6.118900916860868 1.9061120496314942e-22
6.12057546192988 1.9227433016500488e-22
6.12225046526766 1.9406495407774772e-22
6.123925926999624 1.9613221507789905e-22
6.125601847251216 1.9816589615890463e-22
6.12727822614792 1.9992220790141034e-22
6.128955063815253 2.018185547176864e-22
6.130632360378763 2.0397896627654285e-22
6.132310115964035 2.0590335678439344e-22
6.133988330696692 2.076281668010931e-22
6.135667004702386 2.0962904855882344e-22
6.137346138106804 2.1172214409461636e-22
6.1390257310356695 2.1353843388696773e-22
6.140705783614741 2.1536683684285293e-22
6.142386295969806 2.174710662221766e-22
6.144067268226692 2.194570059309109e-22
6.1457487005112625 2.211663842387481e-22
6.147430592949409 2.2309719378604964e-22
6.149112945667059 2.2525251031211235e-22
6.15079575879018 2.2713248246774365e-22
6.152479032444767 2.2888925342633e-22
6.154162766756855 2.309212838697524e-22
6.155846961852509 2.3297247231857426e-22
6.157531617857832 2.3474766455820984e-22
6.159216734898959 2.3660471759899283e-22
6.160902313102062 2.3873678390094824e-22
6.162588352593344 2.406841341783603e-22
6.164274853499046 2.4235564328848224e-22
6.165961815945443 2.440065120299603e-22
6.167649240058842 2.457372001299782e-22
6.169337125965587 2.4774245640774066e-22
6.171025473792056 2.498115801497899e-22
6.172714283664661 2.516053967600198e-22
6.1744035557098496 2.53433655035774e-22
6.176093290054103 2.5553623452344903e-22
6.177783486823939 2.575042379332356e-22
6.179474146145906 2.59200646879533e-22
6.181165268146592 2.6112529328388975e-22
6.182856852952616 2.632681000519777e-22
6.184548900690632 2.6513616718814887e-22
6.186241411487331 2.668822689619258e-22
6.187934385469437 2.689021221288017e-22
6.189627822763708 2.7094592944202576e-22
6.191321723496937 2.727152436980134e-22
6.193016087795955 2.7455561942248304e-22
6.1947109157876215 2.7666949867215573e-22
6.1964062075988355 2.7861548892987836e-22
6.19810196335653 2.803774932563607e-22
6.199798183187674 2.8347742342822944e-22
6.201494867219266 2.8785433486088936e-22
6.203192015578342 2.9223025477151365e-22
6.204889628391978 2.9660480753453233e-22
6.206587705787276 3.0097836813002187e-22
6.208286247891378 3.0535056291870784e-22
6.2099852548314605 3.09721764894566e-22
6.211684726734734 3.138868524567637e-22
6.2133846637284424 3.1777789065363465e-22
6.215085065939867 3.2185012154041375e-22
6.216785933496325 3.2619422483590483e-22
6.2184872665251625 3.305593499001787e-22
6.2201890651537655 3.349231149178737e-22
6.221891329509555 3.392858848157884e-22
6.223594059719986 3.4364729601997533e-22
6.225297255912542 3.4800771146021245e-22
6.227000918214755 3.5236676956206795e-22
6.228705046754181 3.5672483125600775e-22
6.23040964165841 3.6108153696939036e-22
6.2321147030550765 3.654372456310883e-22
6.233820231071842 3.6979159967256206e-22
6.235526225836407 3.741447942209479e-22
6.237232687476503 3.7849679730976023e-22
6.2389396161199 3.8284744887636993e-22
6.240647011894401 3.8719710173446597e-22
6.242354874927845 3.9154540443781555e-22
6.244063205348105 3.958927077898478e-22
6.245772003283093 4.002386623570999e-22
6.2474812688607475 4.0458361693042177e-22
6.24919100220905 4.0892722409142903e-22
6.2509012034560145 4.1326983061610046e-22
6.252611872729689 4.1761109110343984e-22
6.254323010158156 4.219506871219756e-22
6.256034615869536 4.262675167974116e-22
6.2577466899919845 4.305657066589117e-22
6.259459232653687 4.34884355362332e-22
6.261172243982868 4.392195798022257e-22
6.2628857241077895 4.435538013117096e-22
6.264599673156743 4.4788668269689515e-22
6.266314091258058 4.522185605104405e-22
6.2680289785401 4.5654909958690015e-22
6.269744335131268 4.608786344507146e-22
6.271460161159997 4.652068319671819e-22
6.273176456754756 4.695340246301915e-22
6.274893222044052 4.738598813381239e-22
6.276610457156423 4.7818455676342575e-22
6.278328162220444 4.825080734170122e-22
6.280046337364729 4.868302572723991e-22
6.28176498271792 4.911514346285867e-22
6.283484098408701 4.954712805860575e-22
6.2852036845657855 4.997901194045203e-22
6.286923741317928 5.041076282262978e-22
6.288644268793911 5.084241292694647e-22
6.290365267122558 5.127393017205089e-22
6.292086736432728 5.170534657535617e-22
6.293808676853313 5.213663026016063e-22
6.295531088513238 5.2567813039247145e-22
6.297253971541469 5.299886324079902e-22
6.2989773260670034 5.342978946114332e-22
6.300701152218872 5.38606062567668e-22
6.302425450126147 5.428462608064425e-22
6.304150219917933 5.468163997841267e-22
6.305875461723367 5.506875604186139e-22
6.307601175671625 5.548267582823377e-22
6.309327361891917 5.5912894070077135e-22
6.311054020513489 5.634301111462596e-22
6.312781151665622 5.677299632637769e-22
6.314508755477631 5.720288027706186e-22
6.31623683207887 5.76326325374099e-22
6.317965381598723 5.8062283472939e-22
6.319694404166615 5.849180286084902e-22
6.321423899912003 5.892120253636204e-22
6.323153868964381 5.935048913107874e-22
6.3248843114532765 5.977964450029381e-22
6.326615227508254 6.020869838134024e-22
6.328346617258916 6.063762118033462e-22
6.330078480834894 6.106644242751326e-22
6.3318108183658595 6.149513273634616e-22
6.333543629981521 6.192372142973886e-22
6.335276915811619 6.23521793287507e-22
6.337010675985928 6.278053554871857e-22
6.338744910634263 6.320876111852812e-22
6.340479619886473 6.363688494571347e-22
6.342214803872439 6.406487826722131e-22
6.343950462722082 6.449276633912189e-22
6.345686596565358 6.492052749350867e-22
6.347423205532256 6.534815846758265e-22
6.349160289752801 6.577568753630995e-22
6.350897849357055 6.620308656994237e-22
6.3526358844751165 6.663038363475433e-22
6.354374395237118 6.705755080994839e-22
6.356113381773226 6.748461595286949e-22
6.357852844213646 6.803810853555538e-22
6.359592782688617 6.883156739240209e-22
6.361333197328415 6.97557126389682e-22
6.363074088263351 7.070630229085577e-22
6.364815455623771 7.168657338828726e-22
6.366557299540056 7.269326320072479e-22
6.368299620142626 7.3681595592418465e-22
6.370042417561934 7.464303757185705e-22
6.371785691928469 7.560155809844769e-22
6.373529443372754 7.656364769064817e-22
6.375273672025354 7.755210997202301e-22
6.377018378016864 7.855596081127101e-22
6.378763561477912 7.953297808876552e-22
6.380509222539171 8.049016814940868e-22
6.382255361331344 8.144712756025984e-22
6.38400197798517 8.241718871983528e-22
6.385749072631422 8.341358369999977e-22
6.387496645400915 8.440634330252742e-22
6.389244696424493 8.537230735813371e-22
6.390993225833038 8.63279384419081e-22
6.392742233757472 8.728333844924871e-22
6.394491720328746 8.823845025745534e-22
6.396241685677852 8.91933308471185e-22
6.397992129935815 9.017361930862003e-22
6.399743053233697 9.117793964202075e-22
6.401494455702595 9.215631774193737e-22
6.403246337473645 9.311010446379413e-22
6.404998698678014 9.40636596044747e-22
6.40675153944691 9.502508217540002e-22
6.408504859911572 9.601274041914504e-22
6.410258660203277 9.700733641091653e-22
6.412012940453339 9.797523314199502e-22
6.413767700793108 9.896942506954612e-22
6.4155229413539665 1.0004270986616492e-21
6.4172786622673375 1.0113618381339527e-21
6.419034863664679 1.0220295819286553e-21
6.420791545677481 1.0306280500036457e-21
6.422548708437273 1.0365823547697896e-21
6.424306352075622 1.0441158466849853e-21
6.426064476724128 1.0542883383373656e-21
6.427823082514426 1.0648456976085571e-21
6.429582169578191 1.0754001210333438e-21
6.4313417380471325 1.0859517361039364e-21
6.4331017880529915 1.0965001957750323e-21
6.434862319727554 1.1070460688655587e-21
6.436623333202634 1.1175887903547757e-21
6.438384828610086 1.1281289236930553e-21
6.440146806081799 1.1376823840753587e-21
6.441909265749699 1.1446001525279844e-21
6.443672207745745 1.1511149295236e-21
6.445435632201938 1.1602602174384212e-21
6.44719953925031 1.1707857378179205e-21
6.4489639290229315 1.1813086653391062e-21
6.450728801651907 1.1918284565183074e-21
6.45249415726938 1.2023456532712996e-21
6.454259996007529 1.21285971751385e-21
6.456026317998568 1.223371185762902e-21
6.457793123374747 1.2338795253397348e-21
6.459560412268354 1.2443852673564346e-21
6.461328184811713 1.252353567184546e-21
6.463096441137179 1.2578532525228191e-21
6.464865181377151 1.2658844669716911e-21
6.4666344056640614 1.2763782477947995e-21
6.468404114130378 1.2868694270735027e-21
6.4701743069086 1.2973574939517366e-21
6.471944984131274 1.3078429577218476e-21
6.473716145930975 1.3183253129622549e-21
6.475487792440315 1.3288050635314375e-21
6.477259923791944 1.3392593236540343e-21
6.479032540118549 1.3496591070668179e-21
6.480805641552848 1.3587370824280737e-21
6.482579228227603 1.3652475064586667e-21
6.4843533002756075 1.372028109433748e-21
6.4861278578296915 1.381422862335244e-21
6.487902901022724 1.3918823894418221e-21
6.489678429987608 1.402339305629859e-21
6.491454444857283 1.4127931327990658e-21
6.493230945764726 1.4232443474898442e-21
6.495007932842948 1.433692477073083e-21
6.496785406225001 1.4441379926186541e-21
6.498563366043969 1.452130479586102e-21
6.500341812432975 1.4575701721985182e-21
6.5021207455251755 1.465456861082465e-21
6.503900165453769 1.4758905300856576e-21
6.505680072351982 1.4863215810937808e-21
6.507460466353086 1.4967495635471989e-21
6.509241347590384 1.5071749264493363e-21
6.511022716197218 1.5175972247409549e-21
6.512804572306963 1.5280169019257052e-21
6.514586916053034 1.5384335184509384e-21
6.516369747568882 1.5488475123144027e-21
6.518153066987994 1.5581425853536247e-21
6.519936874443891 1.5648333812109321e-21
6.521721170070135 1.571354505542104e-21
6.523505954000321 1.5804746570695213e-21
6.525291226368083 1.592392529806482e-21
6.5270769873070895 1.6069068016406484e-21
6.528863236951048 1.6224976719859676e-21
6.5306499754337 1.6380845990190245e-21
6.532437202888826 1.6536669648488761e-21
6.534224919450242 1.669245385039062e-21
6.536013125251799 1.686919904127657e-21
6.5378018204273864 1.7071855560306067e-21
6.539591005110932 1.7256502697090296e-21
6.541380679436396 1.7415159523155266e-21
6.543170843537778 1.757072826607785e-21
6.544961497549116 1.7726255355842096e-21
6.546752641604481 1.7881739200712493e-21
6.54854427583798 1.8037177746378542e-21
6.550336400383761 1.8192576730255044e-21
6.552129015376008 1.8347930475306836e-21
6.553922120948939 1.850324463536188e-21
6.555715717236808 1.865851361707459e-21
6.557509804373911 1.8813742990593675e-21
6.5593043824945765 1.8968927246356926e-21
6.5610994517331696 1.9124071870739532e-21
6.562895012224095 1.927917143805609e-21
6.564691064101791 1.943423135081576e-21
6.5664876075007355 1.958924626730296e-21
6.568284642555442 1.974422150606702e-21
6.570082169400459 1.9899151809456127e-21
6.5718801881703754 2.0054042411966142e-21
6.573678698999815 2.020888814010272e-21
6.575477702023438 2.036369414421481e-21
6.577277197375942 2.051845533505906e-21
6.579077185192062 2.0673176778743545e-21
6.580877665606568 2.084538254956465e-21
6.58267863875427 2.1043320522282314e-21
6.584480104770014 2.123038367368523e-21
6.586282063788677 2.1391635059508573e-21
6.588084515945183 2.1546142867381897e-21
6.589887461374487 2.1700610858752983e-21
6.59169090021158 2.185503428232112e-21
6.593494832591492 2.2009417866293524e-21
6.595299258649291 2.2163756944090773e-21
6.597104178520081 2.231805615920971e-21
6.598909592339 2.247231092988547e-21
6.600715500241228 2.2626523876365083e-21
6.60252190236198 2.2780694378684664e-21
6.604328798836505 2.2934820572466118e-21
6.606136189800093 2.3088906845309725e-21
6.607944075388071 2.324294887164549e-21
6.6097524557358 2.33969509540096e-21
6.611561330978679 2.3555557334126727e-21
6.613370701252147 2.3739769043996924e-21
6.615180566691677 2.395087387423017e-21
6.616990927432779 2.418755735119908e-21
6.618801783611002 2.4436670611546674e-21
6.620613135361932 2.4660098554470016e-21
6.6224249828211885 2.4865039552772883e-21
6.624237326124432 2.506992716974235e-21
6.626050165407361 2.5284401720671194e-21
6.627863500805707 2.55244147903757e-21
6.629677332455239 2.5769486405851286e-21
6.631491660491768 2.598891264797877e-21
6.63330648505114 2.6193517922056074e-21
6.635121806269233 2.6398069722923102e-21
6.636937624281969 2.6615662677686317e-21
6.638753939225305 2.6858753954488167e-21
6.640570751235234 2.710003619573628e-21
6.642388060447786 2.7315713076750383e-21
6.644205866999031 2.7519983105595138e-21
6.646024171025075 2.7724199569484026e-21
6.647842972662058 2.7944659974671217e-21
6.649662272046163 2.81905784364818e-21
6.651482069313605 2.8428323219110893e-21
6.6533023646006395 2.8640502723561645e-21
6.655123158043558 2.884443799038219e-21
6.65694444977869 2.904831960063327e-21
6.658766239942403 2.9252143388222845e-21
6.660588528671099 2.94559134887346e-21
6.662411316101219 2.9679807423316237e-21
6.664234602369243 2.99291056206426e-21
6.666058387611686 3.0162525040971263e-21
6.667882671965099 3.037043273293447e-21
6.669707455566078 3.0573922409360873e-21
6.671532738551246 3.0777358307274143e-21
6.673358521057269 3.1003535565604186e-21
6.67518480322085 3.125507666140713e-21
6.677011585178731 3.148554502781796e-21
6.678838867067688 3.169054190839905e-21
6.680666649024534 3.1893697966765423e-21
6.682494931186126 3.2096800155318262e-21
6.68432371368935 3.2325011018494525e-21
6.686152996671135 3.2577999738663397e-21
6.687982780268445 3.2805767760528518e-21
6.689813064618283 3.300864464441987e-21
6.691643849857689 3.3211467582096533e-21
6.6934751361237375 3.3416186843688836e-21
6.695306923553547 3.3646181970108125e-21
6.6971392122842675 3.3896883836338196e-21
6.69897200245309 3.412220185427919e-21
6.700805294197241 3.432799936105036e-21
6.702639087653987 3.45590456609672e-21
6.704473382960627 3.481208769267594e-21
6.706308180254505 3.506506213998457e-21
6.708143479672998 3.532240812410054e-21
6.709979281353519 3.560496227498669e-21
6.71181558543352 3.590328539695886e-21
6.713652392050497 3.617626506980024e-21
6.715489701341974 3.6428618829551494e-21
6.7173275134455155 3.66796542774389e-21
6.719165828498728 3.692991786154538e-21
6.721004646639251 3.718136295581739e-21
6.7228439680047645 3.7433713957791375e-21
6.724683792732982 3.768599718625266e-21
6.7265241209616615 3.794464185313985e-21
6.728364952828593 3.822842648846527e-21
6.730206288471605 3.852406993937274e-21
6.7320481280285644 3.879443776154959e-21
6.7338904716373795 3.904637502087927e-21
6.735733319435989 3.92982443934682e-21
6.737576671562376 3.955004388242723e-21
6.739420528154557 3.98017754469424e-21
6.741264889350589 4.006136361681603e-21
6.743109755288565 4.0346037279809394e-21
6.744955126106618 4.0639635065975725e-21
6.746801001942915 4.0908011397103965e-21
6.7486473829356655 4.11593980093065e-21
6.750494269223111 4.141071658407406e-21
6.752341660943539 4.16619657161497e-21
6.754189558235268 4.191314677316668e-21
6.756037961236655 4.217323920410667e-21
6.757886870086098 4.245836253264195e-21
6.759736284922033 4.275035621794202e-21
6.761586205882926 4.301718274273774e-21
6.7634366331072915 4.326801987364401e-21
6.765287566733679 4.351878881674042e-21
6.767139006900673 4.37694887610045e-21
6.768990953746894 4.4020120479914726e-21
6.770843407411007 4.428027887691955e-21
6.7726963680317125 4.456541345604769e-21
6.774549835747745 4.485624368336493e-21
6.776403810697882 4.512196116530186e-21
6.778258293020938 4.537224999373026e-21
6.780113282855762 4.562247048429593e-21
6.781968780341244 4.587262242282309e-21
6.7838247856163125 4.612270598602506e-21
6.785681298819933 4.637272110934674e-21
6.787538320091109 4.662266781990151e-21
6.789395849568882 4.688229378164565e-21
6.791253887392331 4.716682736289712e-21
6.793112433700577 4.746651742427913e-21
6.79497148863277 4.776612530055399e-21
6.796831052328109 4.8075268401947514e-21
6.798691124925824 4.84092779405615e-21
6.8005517065651855 4.875853399954416e-21
6.802412797385501 4.910769407126648e-21
6.804274397526118 4.9456759116140865e-21
6.806136507126421 4.980572812148009e-21
6.80799912632583 5.015460225854515e-21
6.809862255263811 5.05033803038301e-21
6.811725894079856 5.08520636396744e-21
6.813590042913507 5.120065083152216e-21
6.815454701904339 5.154914347302312e-21
6.817319871191965 5.1897539918341095e-21
6.8191855509160355 5.2237271700133e-21
6.821051741216241 5.255204095312808e-21
6.822918442232311 5.285872280026554e-21
6.82478565410401 5.319017462738998e-21
6.8266533769711435 5.353809583002177e-21
6.828521610973555 5.388592068008598e-21
6.830390356251125 5.423365161878214e-21
6.832259612943773 5.458128615284152e-21
6.834129381191456 5.49288269359301e-21
6.835999661134172 5.527627126234271e-21
6.837870452911952 5.562362199844292e-21
6.839741756664871 5.597087622585718e-21
6.841613572533043 5.631803702388023e-21
6.8434859006566136 5.6665101261237665e-21
6.845358741175769 5.7012072230385886e-21
6.847232094230738 5.73589465869185e-21
6.849105959961786 5.770007638528863e-21
6.850980338509213 5.801635350450306e-21
6.852855230013361 5.831859659607826e-21
6.8547306346146115 5.8645498985847824e-21
6.856606552453382 5.8991901126512996e-21
6.858482983670125 5.933820649889225e-21
6.860359928405342 5.968441925041977e-21
6.862237386799563 6.003053518183208e-21
6.8641153589933595 6.03765586548892e-21
6.865993845127341 6.072248525603163e-21
6.867872845342159 6.106831956158021e-21
6.869752359778499 6.141405694344481e-21
6.871632388577085 6.175970219273987e-21
6.873512931878685 6.21052504666129e-21
6.875393989824101 6.244903162482682e-21
6.877275562554173 6.2768056613144336e-21
6.879157650209781 6.3064999231259225e-21
6.881040252931845 6.338650391333239e-21
6.88292337086132 6.3731582664352265e-21
6.884807004139201 6.407656428491733e-21
6.886691152906527 6.442145105082863e-21
6.888575817304366 6.48387947250035e-21
6.890460997473831 6.5329913947860655e-21
6.892346693556071 6.579879319409884e-21
6.8942329056922755 6.624292313897495e-21
6.896119634023672 6.6708358739887186e-21
6.898006878691527 6.7198265682020295e-21
6.899894639837144 6.769001948023867e-21
6.9017829176018655 6.818163418792677e-21
6.903671712127074 6.865218019011217e-21
6.90556102355419 6.909801839721622e-21
6.907450852024676 6.956017355257032e-21
6.909341197680025 7.004675810124964e-21
6.911232060661777 7.053770578657383e-21
6.913123441111506 7.102851416076114e-21
6.915015339170827 7.150097021773472e-21
6.916907754981393 7.194876005249047e-21
6.918800688684895 7.240739439747691e-21
6.920694140423065 7.28904161221138e-21
6.922588110337671 7.338055916731108e-21
6.924482598570521 7.387056268116752e-21
6.926377605263464 7.434517166144638e-21
6.928273130558383 7.479515605883579e-21
6.930169174597202 7.525002968199629e-21
6.932065737521889 7.57292486054764e-21
6.933962819474442 7.621858849484805e-21
6.935860420596903 7.670778863308045e-21
6.937758541031353 7.71847929714384e-21
6.939657180919911 7.76372144325829e-21
6.941556340404733 7.808808787931252e-21
6.943456019628016 7.856326448149867e-21
6.945356218731998 7.905180271092105e-21
6.947256937858953 7.95402009698167e-21
6.949158177151192 8.002847231367994e-21
6.951059936751069 8.051660361397823e-21
6.952962216800975 8.099717812776353e-21
6.954865017443341 8.145322547490098e-21
6.956768338820634 8.189839366431756e-21
6.958672181075366 8.236780871432235e-21
6.960576544350082 8.285528041081731e-21
6.962481428787367 8.334261184490965e-21
6.964386834529849 8.38261456918392e-21
6.966292761720192 8.428519423213828e-21
6.968199210501099 8.47258053141239e-21
6.970106181015311 8.51906209594212e-21
6.972013673405611 8.567719220276914e-21
6.973921687814819 8.616121399836035e-21
6.9758302243857955 8.664279960239218e-21
6.977739283261439 8.710310178998145e-21
6.9796488645846875 8.754136107075554e-21
6.981558968498515 8.800083951193657e-21
6.983469595145942 8.84844864928377e-21
6.985380744670023 8.901152373788157e-21
6.987292417213849 8.958698237398549e-21
6.989204612920557 9.018874531926865e-21
6.991117331933319 9.081460627588432e-21
6.993030574395346 9.142765608252028e-21
6.994944340449889 9.201626984706551e-21
6.99685863024024 9.259819927942138e-21
6.998773443909728 9.31799595658745e-21
7.000688781601722 9.377625120719502e-21
7.0026046434596285 9.439659831238605e-21
7.004521029626895 9.501321268775153e-21
7.006437940247008 9.560543304667677e-21
7.008355375463495 9.619794588196547e-21
7.010273335419919 9.681448578022549e-21
7.012191820259887 9.743360988930083e-21
7.01411083012704 9.802836803553086e-21
7.01603036516506 9.860871112946013e-21
7.0179504255176735 9.918888464335712e-21
7.019871011328639 9.976228947417394e-21
7.021792122741756 1.0031137056378366e-20
7.02371375990087 1.0083784062919064e-20
7.025635922949856 1.013400151590086e-20
7.027558612032633 1.0185497945029553e-20
7.029481827293163 1.0261105995935302e-20
7.031405568875442 1.0356148868542344e-20
7.033329836923507 1.0427051805528959e-20
7.035254631581433 1.047528163323782e-20
7.037179952993338 1.0523497633620563e-20
7.0391058013033785 1.0571699462399262e-20
7.041032176655747 1.0619889157411654e-20
7.04295907919468 1.0668064673621036e-20
7.044886509064451 1.073637889396868e-20
7.046814466409372 1.0828754605053655e-20
7.0487429513737965 1.0906740929901647e-20
7.0506719641021185 1.0960637384829008e-20
7.052601504738767 1.1008748270764217e-20
7.054531573428214 1.1056844956328897e-20
7.056462170314973 1.110492960839784e-20
7.058393295543593 1.1153000052916945e-20
7.060324949258663 1.1213600413941448e-20
7.062257131604813 1.1298205421145127e-20
7.064189842726715 1.1383695734653507e-20
7.066123082769074 1.1445152965364596e-20
7.068056851876641 1.1493159023936986e-20
7.069991150194202 1.154115085345103e-20
7.071925977866587 1.1589130750374212e-20
7.073861335038661 1.1637096411079425e-20
7.075797221855332 1.1689564036632442e-20
7.077733638461547 1.1765979349173715e-20
7.07967058500229 1.185939310522837e-20
7.08160806162259 1.1928830680399986e-20
7.083546068467511 1.1976732201551109e-20
7.085484605682158 1.2024619465035361e-20
7.087423673411676 1.2072492859181589e-20
7.089363271801252 1.2120354026810341e-20
7.091303400996108 1.2168200925728786e-20
7.093244061141508 1.2216036015852678e-20
7.095185252382757 1.2263856830129662e-20
7.0971269748652 1.2311665861144452e-20
7.099069228734219 1.235946060918084e-20
7.101012014135238 1.2407243599527346e-20
7.102955331213718 1.2455012299768933e-20
7.104899180115165 1.2502769267933146e-20
7.10684356098512 1.2550511938871009e-20
7.108788473969165 1.2598242903384062e-20
7.110733919212924 1.2645959563554457e-20
7.112679896862058 1.2693664542992871e-20
7.11462640706227 1.2741355210977288e-20
7.116573449959301 1.2789034223962787e-20
7.118521025698934 1.283669891838814e-20
7.120469134426989 1.288435198358783e-20
7.12241777628933 1.293199072312632e-20
7.124366951431858 1.2977901010107964e-20
7.126316660000512 1.3e-20
7.128266902141276 1.3e-20
7.130217678000172 1.3023100699440545e-20
7.13216898772326 1.3069990531899842e-20
7.134120831456641 1.3117551519265793e-20
7.136073209346456 1.3165098155771824e-20
7.138026121538889 1.3212633263394762e-20
7.139979568180159 1.3260154013075283e-20
7.141933549416526 1.3307663259855068e-20
7.143888065394297 1.3355158141615251e-20
7.145843116259808 1.3402641546497628e-20
7.147798702159441 1.3450110579288191e-20
7.149754823239618 1.3497568161264464e-20
7.151711479646805 1.3545011364082129e-20
7.153668671527496 1.3592443142189556e-20
7.155626399028238 1.3639860534076622e-20
7.157584662295612 1.368726652739827e-20
7.15954346147624 1.3734658127443138e-20
7.161502796716782 1.3782038355107942e-20
7.163462668163943 1.3829404182444735e-20
7.165423075964464 1.3876758663627692e-20
7.1673840202651276 1.3924098737436662e-20
7.1693455012127565 1.3971424653830706e-20
7.1713075189542135 1.4018738993338073e-20
7.173270073636403 1.406603891448596e-20
7.175233165406268 1.4113327538964075e-20
7.17719679441079 1.416060173804533e-20
7.1791609607969935 1.420786466681265e-20
7.181125664711944 1.425511316315104e-20
7.183090906302743 1.430235041557224e-20
7.185056685716539 1.434957322853777e-20
7.187023003100514 1.4396784824023806e-20
7.188989858601892 1.4443981973032632e-20
7.190957252367941 1.4498547858800807e-20
7.192925184545965 1.4576678871110997e-20
7.194893655283311 1.4666459283384677e-20
7.196862664727362 1.4732645655118873e-20
7.19883221302555 1.4781455406131663e-20
7.200802300325339 1.4853801341656425e-20
7.202772926774235 1.4948016839844626e-20
7.204744092519788 1.50198858666917e-20
7.2067157977095855 1.5068183317995336e-20
7.208688042491254 1.511525244008773e-20
7.210660827012463 1.5162307076712612e-20
7.212634151420925 1.5225783699717718e-20
7.2146080158643855 1.5312759470939322e-20
7.216582420490637 1.5393344472407155e-20
7.218557365447509 1.5450401333755056e-20
7.220532850882872 1.550783751383818e-20
7.222508876944639 1.5588743822301892e-20
7.224485443780762 1.5675267238920277e-20
7.226462551539233 1.5738291507332983e-20
7.228440200368083 1.5785233094886474e-20
7.230418390415387 1.583216016207036e-20
7.23239712182926 1.58803447230771e-20
7.234376394757856 1.595195583045235e-20
7.236356209349367 1.6045732955387135e-20
7.238336565752034 1.6117899639542302e-20
7.2403174641141295 1.6166604296662412e-20
7.24229890458397 1.623189149845762e-20
7.244280887309913 1.6320582560298086e-20
7.24626341244036 1.6398971493026226e-20
7.248246480123747 1.6453927468309594e-20
7.250230090508551 1.6512550280769208e-20
7.252214243743296 1.659408440275492e-20
7.25419893997654 1.667853642064656e-20
7.2561841793568815 1.6740047730221263e-20
7.258169962032968 1.6786797076932344e-20
7.260156288153478 1.6833531850663742e-20
7.262143157867137 1.6882065902606132e-20
7.264130571322706 1.6953930676059568e-20
7.266118528668993 1.7047324659438353e-20
7.268107030054841 1.7118853493759186e-20
7.2700960756291355 1.7167016046987906e-20
7.272085665540805 1.7232173270205945e-20
7.274075799938817 1.7320638397396537e-20
7.276066478972178 1.7398773664719674e-20
7.278057702789938 1.7453571825679815e-20
7.280049471541188 1.7500180203047775e-20
7.282041785375057 1.7546773968857256e-20
7.284034644440716 1.7601680629387916e-20
7.286028048887379 1.767985133850056e-20
7.2880219988643 1.7768085799435895e-20
7.290016494520771 1.7833026967973986e-20
7.292011536006125 1.7880974001628068e-20
7.294007123469743 1.795215581247734e-20
7.296003257061038 1.8045166175461303e-20
7.2979999369294655 1.8138152155442706e-20
7.299997163224528 1.82311088491517e-20
7.301994936095765 1.8324044544502648e-20
7.3039932556927525 1.8416950939819776e-20
7.305992122165115 1.8495769170425425e-20
7.307991535662514 1.8551346265241103e-20
7.309991496334652 1.8608248737552238e-20
7.311992004331271 1.8688333704347518e-20
7.3139930598021605 1.878111879520646e-20
7.315994662897143 1.8873874544816056e-20
7.317996813766087 1.896660951763066e-20
7.3199995125589 1.9059315135480246e-20
7.322002759425532 1.915199905659158e-20
7.324006554515972 1.9244654584579267e-20
7.326010897980249 1.9337280735860413e-20
7.32801578996844 1.9410843022987572e-20
7.330021230630656 1.9461231152848922e-20
7.332027220117048 1.9522829820185336e-20
7.334033758577817 1.9607543850296737e-20
7.336040846163198 1.9700049361050743e-20
7.3380484830234645 1.9792525454043315e-20
7.340056669308939 1.9884981043491702e-20
7.342065405169982 1.9977407201516956e-20
7.344074690756993 2.0069812912040467e-20
7.346084526220412 2.0162189177490492e-20
7.348094911710728 2.025436277900086e-20
7.350105847378462 2.0323435733465313e-20
7.352117333374178 2.0369584423970286e-20
7.354129369848486 2.0435114492733908e-20
7.356141956952035 2.0523692583264026e-20
7.35815509483551 2.0615919426311287e-20
7.360168783649646 2.0708116775334855e-20
7.362183023545212 2.0800293896345696e-20
7.364197814673023 2.0892441509725584e-20
7.366213157183932 2.0984568951577797e-20
7.368229051228836 2.1076666872203405e-20
7.370245496958672 2.1165048307250984e-20
7.372262494524417 2.1230396474365177e-20
7.374280044077089 2.1276410235988068e-20
7.376298145767755 2.1345109003907596e-20
7.3783167997475125 2.1436788243858217e-20
7.380336006167505 2.1528737344532928e-20
7.38235576517892 2.162065687517489e-20
7.384376076932982 2.1712556455628967e-20
7.38639694158096 2.1804426452498163e-20
7.388418359274161 2.189627655610935e-20
7.390440330163939 2.198809706259555e-20
7.392462854401684 2.207344856951595e-20
7.394485932138828 2.2135834396215418e-20
7.396509563526847 2.2184034839990922e-20
7.39853374871726 2.2255141729164157e-20
7.4005584878616215 2.23468393047066e-20
7.402583781111531 2.2438511601363406e-20
7.404609628618632 2.2530154252235192e-20
7.406636030534602 2.262177723304975e-20
7.408662987011169 2.271337055458308e-20
7.410690498200096 2.2804944263436556e-20
7.412718564253192 2.2896488299524693e-20
7.414747185322302 2.2988012780396922e-20
7.416776361559319 2.3079507575031674e-20
7.418806093116174 2.3170982872001232e-20
7.420836380144839 2.326242846927323e-20
7.422867222797327 2.3353854371337535e-20
7.424898621225699 2.3445250815436332e-20
7.42693057558205 2.3536617538258134e-20
7.428963086018517 2.36279648734721e-20
7.430996152687285 2.3719282473969645e-20
7.433029775740578 2.381058074468658e-20
7.435063955330656 2.3901849267259577e-20
7.437098691609826 2.3993098517966104e-20
7.439133984730439 2.4084318007113683e-20
7.441169834844882 2.4175518282396208e-20
7.443206242105585 2.4266688782716595e-20
7.445243206665023 2.4357840127260585e-20
7.447280728675711 2.4448961683451795e-20
7.449318808290204 2.4540055498945323e-20
7.4513574456611 2.4631128155804727e-20
7.453396640941039 2.4722171002777082e-20
7.455436394282703 2.4798520985636234e-20
7.4574767058388165 2.4852094392184902e-20
7.459517575762144 2.4907743204737855e-20
7.461559004205491 2.4986108933729852e-20
7.463600991321708 2.5077035162376493e-20
7.465643537263684 2.51679315410634e-20
7.467686642184355 2.525880905056648e-20
7.469730306236691 2.534965669677695e-20
7.471774529573711 2.544047703485017e-20
7.473819312348473 2.553127599389385e-20
7.475864654714077 2.562204506814821e-20
7.477910556823662 2.5712795385434857e-20
7.479957018830415 2.580351580462054e-20
7.482004040887562 2.5894217525660712e-20
7.484051623148369 2.5984889335300673e-20
7.486099765766145 2.6075542505705063e-20
7.488148468894245 2.616616575142264e-20
7.49019773268606 2.6256770416903075e-20
7.492247557295023 2.6347345144422233e-20
7.494297942874615 2.6437891182275474e-20
7.496348889578357 2.65284174374213e-20
7.498400397559807 2.6618913733147566e-20
7.500452466972569 2.6709391561845784e-20
7.50250509797029 2.6799839417871704e-20
7.504558290706656 2.6890268866149194e-20
7.506612045335398 2.6980668328514256e-20
7.508666362010288 2.7071049442499092e-20
7.51072124088514 2.7161400557343983e-20
7.512776682113808 2.725173150761028e-20
7.514832685850191 2.734203432117691e-20
7.51688925224823 2.743230711417534e-20
7.518946381461907 2.752256167280713e-20
7.521004073645244 2.7612786197664805e-20
7.523062328952311 2.770299254780673e-20
7.525121147537216 2.77931688509815e-20
7.527180529554107 2.788332703918009e-20
7.529240475157181 2.797345516723115e-20
7.531300984500672 2.806356524013486e-20
7.533362057738856 2.815364523972338e-20
7.535423695026053 2.824370039998735e-20
7.537485896516627 2.8353414941671705e-20
7.539548662364982 2.848560121159291e-20
7.541611992725562 2.860590247085236e-20
7.543675887752857 2.870367179932216e-20
7.5457403476014 2.879360769450981e-20
7.547805372425761 2.888351346871549e-20
7.549870962380557 2.897331054617626e-20
7.5519371176204455 2.906263253259227e-20
7.554003838300128 2.9151581354143187e-20
7.556071124574346 2.924092718189156e-20
7.558138976597885 2.933068738558095e-20
7.5602073945255714 2.94204495646257e-20
7.562276378512275 2.951018157514796e-20
7.564345928712909 2.961108234478218e-20
7.566416045282427 2.973437019348852e-20
7.5684867283758255 2.9862850395479917e-20
7.570557978148143 2.996888314211414e-20
7.572629794754464 3.005850202978513e-20
7.574702178349911 3.0148090709719484e-20
7.576775129089649 3.023765120083192e-20
7.578848647128887 3.032719219919128e-20
7.580922732622881 3.041670296849829e-20
7.582997385726921 3.0506196333098484e-20
7.585072606596343 3.059565945561036e-20
7.587148395386529 3.06851052343702e-20
7.5892247522529 3.0774520758019177e-20
7.591301677350918 3.0863918998961105e-20
7.59337917083609 3.0953286971782536e-20
7.595457232863966 3.104262995084534e-20
7.597535863590138 3.115109874343985e-20
7.599615063170239 3.128186090256123e-20
7.601694831759947 3.1401985595787e-20
7.603775169514982 3.1499756330691465e-20
7.605856076591104 3.1588981940279507e-20
7.6079375531441205 3.1678177234503437e-20
7.610019599329878 3.176735548644267e-20
7.612102215304264 3.185650341005751e-20
7.614185401223214 3.1945628335256903e-20
7.616269157242703 3.203472893683038e-20
7.618353483518749 3.2123799188829074e-20
7.6204383802074105 3.221285251703293e-20
7.622523847464796 3.230187548272494e-20
7.624609885447048 3.239972654698945e-20
7.6266964943103535 3.2519785971765375e-20
7.628783674210948 3.264657551440641e-20
7.630871425305106 3.2728872390979774e-20
7.63295974774914 3.277332555639195e-20
7.635048641699415 3.2837754922695594e-20
7.637138107312332 3.292438350307414e-20
7.639228144744337 3.2998811991436413e-20
7.641318754151918 3.305101084971706e-20
7.643409935691604 3.310420393885145e-20
7.645501689519975 3.317956580029319e-20
7.647594015793641 3.326513648324994e-20
7.649686914669266 3.3328507952145276e-20
7.65178038630355 3.337285155077316e-20
7.653874430853241 3.343685278226152e-20
7.655969048475125 3.352299837713351e-20
7.658064239326036 3.359763656517584e-20
7.660160003562847 3.365009991404922e-20
7.6622563413424745 3.370264680292453e-20
7.664353252821877 3.3777307553738453e-20
7.666450738158064 3.386330637194478e-20
7.668548797508075 3.3927160826781047e-20
7.670647431029 3.397139458969513e-20
7.672746638877973 3.4034476957399916e-20
7.674846421212168 3.4119648703500526e-20
7.676946778188803 3.420804701057371e-20
7.679047709965138 3.4296414775876814e-20
7.681149216698481 3.4377531586747667e-20
7.683251298546176 3.44365437483446e-20
7.685353955665611 3.448208359361594e-20
7.687457188214223 3.454966696631921e-20
7.689560996349488 3.46379142842119e-20
7.691665380228924 3.470858207184042e-20
7.693770340010094 3.475716971739793e-20
7.695875875850604 3.4812911137510354e-20
7.697981987908102 3.48906715101331e-20
7.700088676340279 3.4973088187892994e-20
7.702195941304874 3.503345530563507e-20
7.704303782959662 3.5077499223808203e-20
7.706412201462465 3.514329415051208e-20
7.708521196971148 3.523108341428327e-20
7.710630769643619 3.530332309235051e-20
7.712740919637829 3.5353537792046854e-20
7.71485164711177 3.5407274590211426e-20
7.716962952223485 3.548297505876172e-20
7.71907483513105 3.556718018296135e-20
7.721187295992587 3.56293909701075e-20
7.723300334966269 3.5673324308954364e-20
7.725413952210305 3.5736843478396045e-20
7.727528147882947 3.5822301628579373e-20
7.729642922142493 3.5896601211160495e-20
7.731758275147285 3.5948931112624496e-20
7.733874207055704 3.600017668402381e-20
7.735990718026178 3.6073330510516055e-20
7.73810780821718 3.6161033914826176e-20
7.740225477787222 3.624870658719388e-20
7.742343726894861 3.633635157349134e-20
7.744462555698698 3.640703410894349e-20
7.746581964357378 3.645578702355328e-20
7.748701953029586 3.649957732647026e-20
7.750822521874056 3.654335224661305e-20
7.752943671049561 3.6582617865861793e-20
7.755065400714919 3.66e-20
7.75718771102899 3.66e-20
7.759310602150681 3.662009877963797e-20
7.76143407423894 3.6662056240356986e-20
7.763558127452756 3.670576228590301e-20
7.765682761951164 3.674945292561632e-20
7.7678079778932485 3.678564810043233e-20
7.769933775438128 3.68e-20
7.772060154744965 3.680114822377913e-20
7.774187115972975 3.682410889234231e-20
7.776314659281409 3.686773975127031e-20
7.778442784829561 3.691136173193945e-20
7.780571492776774 3.6954968283770035e-20
7.782700783282431 3.698838563453771e-20
7.78483065650596 3.7e-20
7.78696111260683 3.700375813481421e-20
7.7890921517445575 3.7029288378517165e-20
7.791223774078701 3.707283855461593e-20
7.793355979768861 3.711637666454244e-20
7.795488768974684 3.715989932267771e-20
7.797622141855859 3.719083096904825e-20
7.79975609857212 3.72e-20
7.801890639283241 3.7206076316058637e-20
7.804025764149046 3.723388432527372e-20
7.806161473329398 3.727735365884743e-20
7.808297766984204 3.732080809381249e-20
7.810434645273417 3.736424705408717e-20
7.812572108357032 3.739298460990703e-20
7.814710156395088 3.74e-20
7.816848789547667 3.740810327661725e-20
7.8189880079749 3.7437897750961e-20
7.821127811836954 3.7481284201694853e-20
7.823268201294042 3.7524655159133207e-20
7.825409176506428 3.756801249993376e-20
7.827550737634411 3.7594847068151645e-20
7.829692884838336 3.76e-20
7.831835618278594 3.7609839530701404e-20
7.833978938115619 3.764132968414236e-20
7.836122844509891 3.768463287922911e-20
7.838267337621929 3.772792055823604e-20
7.840412417612298 3.777119669238371e-20
7.842558084641611 3.779641885993583e-20
7.844704338870518 3.78e-20
7.846851180459719 3.7811285597650707e-20
7.848998609569954 3.7844181163639225e-20
7.851146626362009 3.788740130378637e-20
7.853295230996714 3.793060590512424e-20
7.8554444236349426 3.7973800673877514e-20
7.857594204437612 3.7997700506551123e-20
7.859744573565683 3.8e-20
7.86189553118016 3.8012442001954826e-20
7.8640470774420965 3.804645323857447e-20
7.866199212512585 3.808959052616302e-20
7.868351936552759 3.8132712252268184e-20
7.8705052497238075 3.817582549717362e-20
7.8726591521869524 3.8218924833627146e-20
7.874813644103462 3.826200859821128e-20
7.876968725634654 3.83181311280781e-20
7.879124396941888 3.839533992543382e-20
7.881280658186563 3.847484924884894e-20
7.883437509530127 3.8533240869082484e-20
7.885594951134071 3.8576271884698685e-20
7.887752983159933 3.8639682261589776e-20
7.889911605769287 3.87245799010378e-20
7.89207081912376 3.87971808985782e-20
7.89423062338502 3.8848263438565455e-20
7.896391018714778 3.8897596101590493e-20
7.89855200527479 3.8968384807795734e-20
7.9007135832268585 3.905428315926296e-20
7.902875752732825 3.911938557493789e-20
7.905038513954581 3.916299484770287e-20
7.907201867054059 3.921958578382581e-20
7.90936581219324 3.9297607382721015e-20
7.911530349534141 3.937681873186261e-20
7.9136954792388305 3.9434568166014816e-20
7.915861201469422 3.947743534429548e-20
7.918027516388068 3.954113928162105e-20
7.920194424156966 3.9626248461554637e-20
7.9223619249383646 3.9711908723621106e-20
7.92453001889455 3.9797537694603305e-20
7.926698706187853 3.987666391618848e-20
7.928867986980652 3.993436924963108e-20
7.931037861435372 3.997715427318786e-20
7.933208329714474 4.004057427686046e-20
7.9353793919804705 4.0125358395294256e-20
7.9375510483959175 4.019745692381611e-20
7.939723299123413 4.024816000770561e-20
7.941896144325602 4.0297010382950754e-20
7.944069584165172 4.0367193518959225e-20
7.946243618804857 4.045259894268799e-20
7.948418248407434 4.051781488043472e-20
7.950593473135726 4.056166085676912e-20
7.952769293152597 4.061715510673248e-20
7.9549457086209605 4.069395656891027e-20
7.957122719703772 4.07737734893087e-20
7.959300326564032 4.083225181087332e-20
7.961478529364786 4.0874872054381894e-20
7.963657328269122 4.093686554234612e-20
7.965836723440173 4.1020140654393473e-20
7.968016715041123 4.109333924886497e-20
7.970197303235192 4.114522480004344e-20
7.972378488185647 4.119232283931175e-20
7.974560270055804 4.126067105949888e-20
7.976742649009019 4.134574629709409e-20
7.978925625208694 4.1430797616038026e-20
7.981109198818277 4.1515817477249645e-20
7.98329337000126 4.158999494506611e-20
7.985478138921177 4.164290068761891e-20
7.987663505741612 4.168869500952883e-20
7.98984947062619 4.17556981054289e-20
7.992036033738582 4.1840607781513806e-20
7.994223195242503 4.1908515543632375e-20
7.996410955301714 4.195517723143415e-20
7.998599314080021 4.198819590181116e-20
8.000788271741271 4.2e-20
8.00297782844936 4.199819476256591e-20
8.005167984368232 4.1975206472911e-20
8.007358739661868 4.193283457135387e-20
8.009550094494296 4.190582286100877e-20
8.011742049029593 4.19e-20
8.013934603431878 4.189230606606663e-20
8.016127757865313 4.1863454835129215e-20
8.018321512494106 4.182114876906258e-20
8.020515867482517 4.18e-20
8.022710822994842 4.18e-20
8.024906379195423 4.18e-20
8.027102536248652 4.18e-20
8.02929929431896 4.179429981335588e-20
8.031496653570827 4.1767483925475234e-20
8.033694614168779 4.172524674431838e-20
8.035893176277384 4.170206263219903e-20
8.038092340061253 4.17e-20
8.040292105685047 4.168875754400921e-20
8.04249247331347 4.1656425236804504e-20
8.044693443111273 4.161766769279529e-20
8.046895015243248 4.16e-20
8.049097189874235 4.16e-20
8.05129996716912 4.158335875374348e-20
8.05350334729283 4.1545653545561256e-20
8.055707330410339 4.1512294791817776e-20
8.05791191668667 4.15e-20
8.060117106286889 4.15e-20
8.062322899376102 4.15e-20
8.064529296119469 4.15e-20
8.066736296682187 4.1486039655396783e-20
8.068943901229503 4.145105713268728e-20
8.071152109926704 4.14150174772905e-20
8.073360922939134 4.14e-20
8.075570340432172 4.14e-20
8.07778036257124 4.138098595750775e-20
8.079990989521814 4.1340975720637984e-20
8.082202221449412 4.130998976313024e-20
8.084414058519595 4.13e-20
8.086626500897971 4.1297039658899024e-20
8.088839548750194 4.127311488356116e-20
8.091053202241962 4.123118027780047e-20
8.093267461539018 4.120510505313834e-20
8.095482326807154 4.12e-20
8.097697798212202 4.1192245692453085e-20
8.099913875920045 4.1163553005478174e-20
8.102130560096604 4.1121670516465633e-20
8.104347850907857 4.110036320344054e-20
8.106565748519813 4.11e-20
8.108784253098534 4.11e-20
8.11100336481013 4.11e-20
8.113223083820758 4.109576960961619e-20
8.115443410296606 4.1070642854329875e-20
8.117664344403924 4.102884440586636e-20
8.119885886309003 4.100397116115268e-20
8.122108036178172 4.1e-20
8.124330794177812 4.09913188883612e-20
8.126554160474354 4.096176756056384e-20
8.128778135234263 4.092002197669381e-20
8.131002718624059 4.0878292335171394e-20
8.133227910810302 4.0836578080409955e-20
8.135453711959602 4.0794869467136725e-20
8.137680122238613 4.0753176806328754e-20
8.139907141814032 4.071148919094151e-20
8.142134770852604 4.0669817533765944e-20
8.144363009521118 4.0628155693250336e-20
8.146591857986413 4.058650500927637e-20
8.148821316415368 4.0544870293621037e-20
8.151051384974917 4.049445485886831e-20
8.153282063832023 4.0423253570292114e-20
8.155513353153712 4.0340430434681957e-20
8.157745253107045 4.027842510671819e-20
8.159977763859132 4.0236847722103514e-20
8.162210885577128 4.0195275760043855e-20
8.16444461842824 4.015371978784644e-20
8.16667896257971 4.0112168682377793e-20
8.168913918198832 4.00706335724792e-20
8.171149485452947 4.0029108789098476e-20
8.17338566450944 3.99875945107539e-20
8.175622455535738 3.994609623805776e-20
8.177859858699318 3.989653201522212e-20
8.180097874167704 3.9826250588417774e-20
8.182336502108466 3.974330637916008e-20
8.184575742689212 3.968065364902604e-20
8.186815596077604 3.963875582961954e-20
8.189056062441352 3.959731988357229e-20
8.191297141948205 3.95558999646105e-20
8.193538834765956 3.951448473220822e-20
8.195781141062453 3.9473085532560006e-20
8.198024061005583 3.943169825401282e-20
8.200267594763284 3.93903197426175e-20
8.202511742503535 3.934895727402562e-20
8.204756504394364 3.930106041634822e-20
8.207001880603844 3.923251522791185e-20
8.209247871300093 3.914984640070617e-20
8.211494476651279 3.9085728609125503e-20
8.213741696825608 3.9042296910426827e-20
8.21598953199134 3.9000996336562805e-20
8.218237982316783 3.8959711826831164e-20
8.22048704797028 3.891843182200381e-20
8.222736729120225 3.887716788693799e-20
8.224987025935064 3.8835918559410527e-20
8.227237938583286 3.879467516763179e-20
8.229489467233421 3.8753447855634364e-20
8.231741612054048 3.870811481627321e-20
8.233994373213797 3.864261064105271e-20
8.236247750881336 3.856103439697752e-20
8.238501745225385 3.8494645345896006e-20
8.24075635641471 3.8448465409694406e-20
8.243011584618118 3.840729943790448e-20
8.245267430004468 3.836614956708321e-20
8.247523892742663 3.8325006964915124e-20
8.249780973001652 3.828387752200976e-20
8.25203867095043 3.824276419006981e-20
8.254296986758039 3.820165514338124e-20
8.256555920593566 3.8160562213239887e-20
8.258815472626146 3.8119473531008233e-20
8.261075643024963 3.8078400970896905e-20
8.263336431959235 3.803734382182828e-20
8.265597839598247 3.799629159991757e-20
8.267859866111309 3.795525551010515e-20
8.27012251166779 3.791422359450474e-20
8.272385776437101 3.7873207816559793e-20
8.274649660588704 3.783220397981752e-20
8.276914164292098 3.7791208481779995e-20
8.27917928771684 3.775022913136427e-20
8.281445031032526 3.7709253881212997e-20
8.283711394408797 3.7668294784224713e-20
8.285978378015347 3.76273443364692e-20
8.288245982021913 3.758640546081732e-20
8.290514206598278 3.7545482748282943e-20
8.292783051914268 3.75045640618152e-20
8.295052518139764 3.7463661543990085e-20
8.297322605444688 3.742276456179126e-20
8.299593313999008 3.7381882206453e-20
8.30186464397274 3.7341016029700033e-20
8.304136595535947 3.730015380456484e-20
8.306409168858739 3.725930776352392e-20
8.308682364111268 3.7218465636246564e-20
8.310956181463741 3.7177639698563617e-20
8.313230621086403 3.713682864202002e-20
8.31550568314955 3.7096022775279456e-20
8.317781367823521 3.705523310805663e-20
8.320057675278711 3.7014447279781173e-20
8.322334605685551 3.697367765650736e-20
8.32461215921452 3.693292024920578e-20
8.326890336036154 3.6892170637333203e-20
8.32916913632102 3.68514372403735e-20
8.331448560239744 3.68155359817607e-20
8.333728607962993 3.68e-20
8.336009279661484 3.68e-20
8.338290575505978 3.678412910793876e-20
8.340572495667281 3.674791982080745e-20
8.342855040316252 3.670724627852262e-20
8.34513820962379 3.666658897196844e-20
8.347422003760848 3.6625939091772565e-20
8.349706422898414 3.658530167669307e-20
8.35199146720754 3.654468050723107e-20
8.35427713685931 3.6504062950750987e-20
8.356563432024856 3.6463461645323065e-20
8.358850352875368 3.642286564280372e-20
8.361137899582072 3.638228416846343e-20
8.363426072316248 3.6341718955049826e-20
8.365714871249214 3.6301157278788596e-20
8.368004296552346 3.626061186887209e-20
8.37029434839706 3.622006995761895e-20
8.372585026954814 3.617954431811965e-20
8.374876332397129 3.6139034817194004e-20
8.377168264895555 3.609852891496946e-20
8.379460824621699 3.605803929435329e-20
8.381754011747216 3.6017553096198786e-20
8.384047826443801 3.597708318504495e-20
8.386342268883201 3.593662774411149e-20
8.38863733923721 3.5896177509143653e-20
8.39093303767767 3.5855743571018413e-20
8.393229364376463 3.581531297889746e-20
8.395526319505525 3.57748986889948e-20
8.397823903236837 3.573449738376011e-20
8.400122115742427 3.569410270866915e-20
8.402420957194373 3.5653724345625785e-20
8.40472042776479 3.561334925187297e-20
8.407020527625855 3.557299047552653e-20
8.40932125694978 3.553264338160016e-20
8.411622615908833 3.5478374779514333e-20
8.413924604675321 3.540396252486561e-20
8.416227223421604 3.532332311756082e-20
8.418530472320082 3.524271637538574e-20
8.420834351543213 3.516213076117353e-20
8.423138861263496 3.508156300140627e-20
8.425444001653474 3.5001027926376325e-20
8.427749772885743 3.4920499081529364e-20
8.430056175132947 3.4840002932069375e-20
8.432363208567772 3.475952604232472e-20
8.434670873362949 3.467906875080247e-20
8.436979169691266 3.459864417424905e-20
8.439288097725555 3.451822567290546e-20
8.441597657638688 3.4437839897146404e-20
8.443907849603594 3.43574718824984e-20
8.446218673793243 3.427712483962964e-20
8.448530130380657 3.419681054190121e-20
8.450842219538899 3.4116502163892057e-20
8.453154941441085 3.4036226541604533e-20
8.455468296260376 3.395596755248245e-20
8.457782284169982 3.3891823410629947e-20
8.460096905343159 3.384776314884387e-20
8.46241215995321 3.3801471799611244e-20
8.464728048173487 3.3735162131361845e-20
8.467044570177388 3.365501231799435e-20
8.46936172613836 3.357488510878895e-20
8.471679516229894 3.3494790704885206e-20
8.473997940625535 3.341470190816132e-20
8.47631699949887 3.3334645927251386e-20
8.478636693023534 3.3254605439664683e-20
8.480957021373209 3.3174587813025304e-20
8.483277984721628 3.3094603021676865e-20
8.485599583242571 3.301462368045702e-20
8.487921817109862 3.293467718500558e-20
8.490244686497373 3.285474617302239e-20
8.49256819157903 3.2774837904470405e-20
8.494892332528801 3.2694962501137034e-20
8.497217109520701 3.2615092390358595e-20
8.499542522728792 3.2535255155241417e-20
8.50186857232719 3.24554337684791e-20
8.504195258490052 3.2375634632305133e-20
8.506522581391586 3.2295868391215883e-20
8.508850541206044 3.222204992542556e-20
8.511179138107734 3.2168189541722053e-20
8.513508372271001 3.212833373565685e-20
8.515838243870245 3.2072775687481317e-20
8.51816875307991 3.199731993472392e-20
8.520499900074492 3.191766760470788e-20
8.522831685028532 3.183804820995262e-20
8.525164108116616 3.1758446521657296e-20
8.527497169513383 3.1678864968171884e-20
8.529830869393516 3.1599316369316554e-20
8.532165207931747 3.151977258714665e-20
8.53450018530286 3.1440261769943483e-20
8.536835801681677 3.1360770154477056e-20
8.539172057243077 3.128129704882343e-20
8.541508952161983 3.120185692747841e-20
8.543846486613369 3.1122421463142065e-20
8.54618466077225 3.104301899341566e-20
8.548523474813695 3.09636375995612e-20
8.55086292891282 3.0898121723623136e-20
8.553203023244787 3.085247041825397e-20
8.555543757984804 3.0812806729373246e-20
8.557885133308137 3.0773159552587355e-20
8.560227149390089 3.073352404075158e-20
8.562569806406014 3.068093939153162e-20
8.564913104531318 3.060856731850199e-20
8.567257043941447 3.053191375425496e-20
8.569601624811906 3.047508066240865e-20
8.571946847318236 3.043550040984302e-20
8.574292711636033 3.0395925834265285e-20
8.576639217940944 3.035636779516983e-20
8.578986366408659 3.0315327938057996e-20
8.581334157214915 3.0254544866715745e-20
8.5836825905355 3.0175495028267146e-20
8.586031666546248 3.010721787274578e-20
8.588381385423045 3.005872243183362e-20
8.590731747341822 3.0019220172780804e-20
8.593082752478558 2.9979734470000944e-20
8.595434401009282 2.994026495808098e-20
8.59778669311007 2.989133181359361e-20
8.600139628957045 2.982269434488206e-20
8.60249320872638 2.9743799990550674e-20
8.604847432594294 2.9683554735764056e-20
8.60720230073706 2.964305234351433e-20
8.609557813330992 2.960363869027571e-20
8.611913970552457 2.9564241617558623e-20
8.614270772577868 2.9524849966033426e-20
8.616628219583689 2.946836692276467e-20
8.618986311746426 2.939221853925237e-20
8.621345049242638 2.932002674041578e-20
8.623704432248939 2.926772830884205e-20
8.626064460941976 2.9228781993539443e-20
8.628425135498453 2.91896976722078e-20
8.630786456095128 2.91504353341072e-20
8.633148422908796 2.910686569004005e-20
8.63551103611631 2.904367542668584e-20
8.637874295894562 2.8965115762680016e-20
8.640238202420502 2.889974330943215e-20
8.64260275587112 2.8854030078452314e-20
8.644967956423459 2.881477612556223e-20
8.647333804254615 2.8775538796898426e-20
8.64970029954172 2.873631471128684e-20
8.652067442461965 2.8685841226163296e-20
8.654435233192586 2.861578628253832e-20
8.65680367191087 2.853783975419478e-20
8.659172758794146 2.847950795685859e-20
8.6615424940198 2.844033969100216e-20
8.66391287776526 2.840117357692573e-20
8.666283910208005 2.8362024111114293e-20
8.66865559152556 2.83228784272577e-20
8.671027921895504 2.8265842723390245e-20
8.673400901495464 2.8189264815297995e-20
8.675774530503109 2.811805593221347e-20
8.678148809096163 2.8066422573868173e-20
8.680523737452393 2.802733282725298e-20
8.682899315749623 2.798825430036398e-20
8.68527554416572 2.794919244570971e-20
8.687652422878598 2.790543309596824e-20
8.690029952066224 2.7842176225453724e-20
8.69240813190661 2.776410875288641e-20
8.69478696257782 2.769929595743334e-20
8.697166444257967 2.7654019386978115e-20
8.699546577125208 2.7612764735961245e-20
8.701927361357754 2.755204061638861e-20
8.704308797133862 2.747408531043485e-20
8.706690884631836 2.740684496354644e-20
8.709073624030033 2.7359112810551443e-20
8.71145701550686 2.732015789730217e-20
8.713841059240766 2.726209954012673e-20
8.716225755410253 2.718459448252752e-20
8.718611104193869 2.710675281869525e-20
8.720997105770222 2.7028944585644377e-20
8.723383760317954 2.695114715962855e-20
8.72577106801576 2.6873374564533867e-20
8.728159029042391 2.6795635419122505e-20
8.730547643576639 2.6723140402128463e-20
8.73293691179735 2.667009740747013e-20
8.735326833883413 2.6631254967398577e-20
8.737717410013776 2.657892631550321e-20
8.740108640367422 2.650720726474346e-20
8.742500525123397 2.642957461383529e-20
8.744893064460786 2.635197545090865e-20
8.74728625855873 2.6274403261793348e-20
8.749680107596415 2.6196839456717417e-20
8.752074611753073 2.611930915846388e-20
8.754469771207996 2.6041782763166552e-20
8.75686558614051 2.5982897444121137e-20
8.759262056730002 2.59434131384205e-20
8.761659183155905 2.5897343662358453e-20
8.764056965597698 2.5831940233890382e-20
8.766455404234911 2.5754526762358696e-20
8.768854499247126 2.56771356594809e-20
8.771254250813971 2.5599778110688516e-20
8.773654659115124 2.5522422083075542e-20
8.776055724330309 2.5445099619146945e-20
8.778457446639305 2.5367799215962077e-20
8.780859826221935 2.5302541812135747e-20
8.783262863258074 2.5256628944296298e-20
8.785666557927648 2.5217346371340092e-20
8.788070910410628 2.515878643685807e-20
8.790475920887037 2.508159924636127e-20
8.792881589536947 2.500441518295875e-20
8.795287916540476 2.4927264730301677e-20
8.797694902077797 2.4850123646858945e-20
8.800102546329128 2.477300799390784e-20
8.80251084947474 2.469592597042392e-20
8.80491981169495 2.4618845040747013e-20
8.807329433170121 2.454179775003992e-20
8.809739714080676 2.4464770110863352e-20
8.812150654607079 2.4400441493672677e-20
8.814562254929843 2.4355389249741997e-20
8.816974515229536 2.4315727177354678e-20
8.819387435686771 2.425685605649052e-20
8.821801016482212 2.417994200533402e-20
8.82421525779657 2.410303212943923e-20
8.826630159810612 2.402615593932609e-20
8.829045722705146 2.3949288220066135e-20
8.831461946661037 2.387244647439563e-20
8.833878831859195 2.379563843315184e-20
8.83629637848058 2.3723723782276205e-20
8.8387145867062 2.3671028695084134e-20
8.84113345671712 2.3632651744834866e-20
8.843552988694444 2.3581833802204697e-20
8.845973182819336 2.351185849162184e-20
8.848394039272996 2.3435153348228673e-20
8.85081555823669 2.3358481946645853e-20
8.853237739891725 2.3281842008065815e-20
8.855660584419454 2.3205204760066275e-20
8.858084092001283 2.3128601272457878e-20
8.860508262818673 2.30520078900294e-20
8.86293309705313 2.2959731241522022e-20
8.865358594886207 2.284835429606225e-20
8.867784756499507 2.2733551203156436e-20
8.870211582074694 2.2618798792647856e-20
8.872639071793465 2.2504080006717513e-20
8.875067225837576 2.2400704463576173e-20
8.877496044388835 2.2316485140766134e-20
8.879925527629094 2.2240052643118385e-20
8.882355675740254 2.214502118473695e-20
8.884786488904272 2.2030929725644237e-20
8.887217967303151 2.1923194990410117e-20
8.889650111118943 2.1834587915775398e-20
8.892082920533749 2.1758269839320335e-20
8.894516395729728 2.166793039645982e-20
8.89695053688908 2.1558559603703026e-20
8.899385344194055 2.144416210087018e-20
8.901820817826957 2.132981539143158e-20
8.90425695797014 2.1215510121822092e-20
8.906693764806006 2.1110534126288526e-20
8.909131238517006 2.1024645496188613e-20
8.911569379285641 2.094848889938897e-20
8.914008187294465 2.0855936728419838e-20
8.91644766272608 2.0744393652145893e-20
8.918887805763138 2.0634718883774486e-20
8.92132861658834 2.0544102828172384e-20
8.923770095384441 2.0468061023263686e-20
8.926212242334238 2.038053856285199e-20
8.928655057620585 2.027405394036665e-20
8.931098541426387 2.0160061811800944e-20
8.933542693934593 2.004611838546482e-20
8.935987515328208 1.993222587678882e-20
8.93843300579028 1.9824766993322088e-20
8.940879165503912 1.9736326378897357e-20
8.94332599465226 1.9660446646400073e-20
8.945773493418528 1.9571251584105583e-20
8.948221661985961 1.9463134952143993e-20
8.950670500537868 1.9350639083951018e-20
8.9531200092576 1.925713273957794e-20
8.955570188328561 1.9181368168157078e-20
8.958021037934206 1.9097539116154043e-20
8.960472558258035 1.8994817329749443e-20
8.962924749483605 1.8881241384885567e-20
8.965377611794516 1.8767698790762076e-20
8.967831145374427 1.865420722399361e-20
8.970285350407043 1.8543386335889696e-20
8.972740227076113 1.845151437985021e-20
8.975195775565444 1.837591247144004e-20
8.977651996058896 1.82909489533467e-20
8.980108888740371 1.818713344052856e-20
8.98256645379383 1.8073801693693647e-20
8.985024691403268 1.7976527095345306e-20
8.987483601752754 1.7898177769479864e-20
8.989943185026391 1.7818915143065354e-20
8.992403441408335 1.7720829448837962e-20
8.994864371082794 1.7607671124083362e-20
8.997325974234029 1.7494526878118997e-20
8.999788251046345 1.7381433768524757e-20
9.002251201704105 1.7268346762734867e-20
9.004714826391716 1.7172167485263857e-20
9.00717912529364 1.709487272988623e-20
9.009644098594384 1.7015011747572457e-20
9.012109746478513 1.6916368583838535e-20
9.014576069130639 1.6803455339150257e-20
9.017043066735422 1.6712516709235312e-20
9.019510739477575 1.6659238045045438e-20
9.021979087541862 1.6621624137421264e-20
9.024448111113097 1.6584025255345706e-20
9.02691781037614 1.6546443450435786e-20
9.029388185515913 1.65038957903376e-20
9.03185923671738 1.6442589843648563e-20
9.034330964165553 1.6367478094603052e-20
9.036803368045502 1.6303668634652375e-20
9.039276448542346 1.6258656771698025e-20
9.041750205841247 1.6221124805285066e-20
9.044224640127428 1.61836082165312e-20
9.04669975158616 1.6146108727463922e-20
9.049175540402764 1.6108658341314876e-20
9.051652006762602 1.6071410683293518e-20
9.054129150851104 1.6034308161384844e-20
9.056606972853743 1.5986331812465862e-20
9.05908547295604 1.5919465088168417e-20
9.061564651343566 1.584456649205967e-20
9.06404450820195 1.5786626485456345e-20
9.066525043716865 1.5747430811770313e-20
9.069006258074037 1.571001188053559e-20
9.071488151459246 1.567261007571317e-20
9.073970724058318 1.5635219035346842e-20
9.076453976057131 1.5587405602007723e-20
9.078937907641617 1.5520928361507885e-20
9.081422518997755 1.544619436642338e-20
9.083907810311574 1.5387949660355887e-20
9.08639378176916 1.5348408153675836e-20
9.088880433556648 1.5311070797679504e-20
9.09136776586022 1.527375059042e-20
9.093855778866107 1.5236441962462528e-20
9.096344472760602 1.5199137448799817e-20
9.098833847730042 1.51618500928618e-20
9.101323903960807 1.5124565574885732e-20
9.103814641639346 1.5071627367441854e-20
9.106306060952143 1.5000078683877163e-20
9.10879816208574 1.4928489105929112e-20
9.111290945226735 1.4875544341784572e-20
9.113784410561763 1.4838318305005636e-20
9.116278558277521 1.4801094967014737e-20
9.118773388560758 1.476388880896371e-20
9.121268901598267 1.472668694920512e-20
9.123765097576896 1.4689496329993908e-20
9.126261976683548 1.4652322899676632e-20
9.128759539105168 1.46134272475231e-20
9.131257785028762 1.4555979695766137e-20
9.133756714641375 1.4481693161293758e-20
9.136256328130116 1.4414840313202882e-20
9.138756625682142 1.436657884168052e-20
9.141257607484652 1.4329459818383668e-20
9.143759273724909 1.4292349970715562e-20
9.146261624590217 1.4255257334045967e-20
9.14876466026794 1.42179694825586e-20
9.151268380945488 1.4162171221614166e-20
9.153772786810322 1.4088050582135714e-20
9.156277878049956 1.401970967528279e-20
9.158783654851954 1.3969918687621382e-20
9.161290117403933 1.3932882678619103e-20
9.16379726589356 1.3895853290882544e-20
9.166305100508556 1.385884113616375e-20
9.16881362143669 1.382182946235659e-20
9.171322828865783 1.3784832571164884e-20
9.173832722983708 1.3747852921884213e-20
9.176343303978392 1.37070616056074e-20
9.178854572037807 1.364781365461326e-20
9.181366527349983 1.3573908020031938e-20
9.183879170102998 1.460794178147754e-20
9.186392500484985 1.7857411838318297e-20
9.188906518684119 2.221496486213271e-20
9.191421224888641 2.660037497210473e-20
9.193936619286832 3.10206468917955e-20
9.196452702067027 3.544885601745614e-20
9.198969473417616 3.9874992989108013e-20
9.20148693352704 4.429932681899021e-20
9.204005082583787 4.8730471021429385e-20
9.206523920776398 5.3177961977781713e-20
9.209043448293475 5.763620458599753e-20
9.211563665323656 6.208142355417791e-20
9.21408457205564 6.650614323531331e-20
9.216606168678176 7.092460173611147e-20
9.21912845538007 7.534118298918599e-20
9.221651432350166 7.975568890607632e-20
9.224175099777373 8.417455149412886e-20
9.226699457850648 8.860971642487735e-20
9.229224506758994 9.305784202120567e-20
9.231750246691474 9.745026364207453e-20
9.234276677837197 1.0173039572128113e-19
9.236803800385326 1.0595512881223334e-19
9.239331614525076 1.1039308777576332e-19
9.241860120445713 1.1510435940411082e-19
9.244389318336555 1.1986663019722577e-19
9.24691920838697 1.2444328654651438e-19
9.249449790786384 1.2884459625227636e-19
9.251981065724266 1.3324603018024041e-19
9.254513033390147 1.3764538462669225e-19
9.257045693973597 1.4204373929630233e-19
9.259579047664248 1.464413250126251e-19
9.262113094651784 1.5083683019430455e-19
9.264647835125935 1.552322269125172e-19
9.267183269276485 1.596259681291863e-19
9.269719397293272 1.6401762775909448e-19
9.272256219366188 1.6840961026888556e-19
9.274793735685169 1.7279951071061282e-19
9.277331946440206 1.771877818574903e-19
9.27987085182135 1.815759283795742e-19
9.282410452018695 1.8596199178381374e-19
9.284950747222389 1.9034729705264961e-19
9.28749173762263 1.947316113362241e-19
9.290033423409678 1.991138414531944e-19
9.292575804773833 2.0349617793451706e-19
9.295118881905449 2.078766637415579e-19
9.297662654994943 2.122550643342657e-19
9.30020712423277 2.1663381112981147e-19
9.302752289809444 2.2101047223510376e-19
9.305298151915533 2.2538566506942235e-19
9.307844710741652 2.297605919962075e-19
9.31039196647847 2.341334321873657e-19
9.312939919316715 2.385056483279909e-19
9.315488569447155 2.72726022265403e-19
9.318037917060614 3.495385363899118e-19
9.320587962347979 4.391078855285518e-19
9.323138705500174 5.293316233111816e-19
9.325690146708185 6.202401496628642e-19
9.328242286163045 7.111897217930329e-19
9.330795124055847 8.020957669708004e-19
9.333348660577723 8.929723270661047e-19
9.335902895919869 9.840077324846336e-19
9.338457830273532 1.075362796849484e-18
9.341013463830006 1.1669036322897915e-18
9.343569796780638 1.2581665217008441e-18
9.346126829316836 1.349022533827571e-18
9.348684561630048 1.4397745551128265e-18
9.35124299391178 1.5304866460820079e-18
9.353802126353596 1.6211551451077826e-18
9.356361959147105 1.711831838456145e-18
9.358922492483968 1.8024649301739307e-18
9.361483726555903 1.893067376338977e-18
9.364045661554677 1.9836651730459644e-18
9.366608297672112 2.0742193465308994e-18
9.369171635100084 2.1647593292696372e-18
9.371735674030516 2.255278310602931e-18
9.374300414655387 2.3457536471449453e-18
9.37686585716673 2.436231106218817e-18
9.379432001756625 2.526671353717637e-18
9.38199884861721 2.617067934878245e-18
9.384566397940674 2.7074732062638924e-18
9.38713464991926 2.797834801739592e-18
9.389703604745257 2.888162313165478e-18
9.392273262611017 2.9784890361079955e-18
9.394843623708937 3.06877206164435e-18
9.397414688231468 3.1590368860146316e-18
9.399986456371115 3.2492851428482213e-18
9.402558928320438 3.3394896808020534e-18
9.405132104272042 3.4296917580081986e-18
9.407705984418591 3.51986163134054e-18
9.410280568952803 3.609987764342062e-18
9.412855858067445 3.700123086841054e-18
9.41543185195534 3.790214659553757e-18
9.418008550809354 3.880266417970434e-18
9.420585954822421 3.97032354440522e-18
9.423164064187517 4.060336899654001e-18
9.425742879097676 4.150325747970552e-18
9.42832239974598 4.24030476174893e-18
9.43090262632557 4.330239982964388e-18
9.433483559029632 4.420165861204685e-18
9.436065198051415 4.51006684600953e-18
9.438647543584212 4.5999240168974594e-18
9.44123059582137 4.689786865114792e-18
9.443814354956293 4.779609904904554e-18
9.446398821182441 4.8693891094464784e-18
9.448983994693316 4.959459601421524e-18
9.451569875682479 5.051280244503389e-18
9.454156464343546 5.14458078395419e-18
9.456743760870186 5.237216588458196e-18
9.459331765456113 5.328014040503474e-18
9.461920478295106 5.417662905276254e-18
9.464509899580989 5.507296503627562e-18
9.467100029507638 5.596886214886866e-18
9.469690868268987 5.686471827457019e-18
9.47228241605902 5.776027840625579e-18
9.474874673071778 5.865539945469643e-18
9.477467639501352 5.955062246056163e-18
9.480061315541883 6.044540759362359e-18
9.482655701387571 6.1339753431348675e-18
9.485250797232668 6.223420380872224e-18
9.487846603271475 6.312821479914689e-18
9.49044311969835 6.402192519352554e-18
9.493040346707705 6.491560249860265e-18
9.495638284494003 6.580884020516568e-18
9.498236933251757 6.6701915861812524e-18
9.500836293175539 6.759482095592431e-18
9.503436364459974 6.848728624019315e-18
9.506037147299736 6.937972656268466e-18
9.508638641889556 7.02718603099608e-18
9.511240848424219 7.1163554036302e-18
9.513843767098555 7.205535741502011e-18
9.516447398107458 7.29467206823913e-18
9.519051741645871 7.38376447314775e-18
9.521656797908792 7.472781572243865e-18
9.524262567091263 7.561313624543923e-18
9.526869049388395 7.649460184825599e-18
9.529476244995344 7.737764748629952e-18
9.532084154107313 7.826465710532204e-18
9.53469277691957 7.91542929835067e-18
9.537302113627433 8.004379633152295e-18
9.539912164426273 8.093285893874897e-18
9.542522929511506 8.182185667927256e-18
9.545134409078617 8.271059326814826e-18
9.547746603323134 8.359888890639651e-18
9.550359512440636 8.448724791488932e-18
9.552973136626768 8.537521862541484e-18
9.555587476077221 8.626274817571672e-18
9.558202530987732 8.71503951403329e-18
9.560818301554107 8.803760085612766e-18
9.563434787972197 8.892443792014013e-18
9.566051990437902 8.981132098553396e-18
9.568669909147186 9.069776259305125e-18
9.57128854429606 9.1583959319088e-18
9.573907896080591 9.247007937430902e-18
9.576527964696897 9.335575776284143e-18
9.579148750341155 9.424131355798322e-18
9.58177025320959 9.512667149492358e-18
9.584392473498482 9.601158755660806e-18
9.58701541140417 9.689650182826157e-18
9.589639067123038 9.778109854166006e-18
9.59226344085153 9.866525317148088e-18
9.594888532786143 9.954952532738109e-18
9.597514343123427 1.0052086186817505e-17
9.600140872059981 1.0158010697275112e-17
9.602768119792469 1.0221136873436476e-17
9.605396086517597 1.0017657577334201e-17
9.608024772432131 9.590409205306497e-18
9.610654177732894 9.144000588697496e-18
9.613284302616751 8.639595492387541e-18
9.615915147280637 8.096221365152748e-18
9.618546711921526 7.552907137094886e-18
9.621178996736456 7.009865669663137e-18
9.623812001922515 6.466888434420211e-18
9.626445727676844 5.924040210318875e-18
9.62908017419664 5.381464874373784e-18
9.63171534167915 4.8388848948349984e-18
9.634351230321684 4.296502113097427e-18
9.636987840321598 3.754392346892232e-18
9.6396251718763 3.212209986561148e-18
9.64226322518326 2.6685696891788026e-18
9.644902000440002 2.1234437350265545e-18
9.647541497844092 1.5930134782493444e-18
9.650181717593163 1.1712666657641931e-18
9.652822659884897 8.43360839283419e-19
9.655464324917034 5.641140277795886e-19
9.658106712887355 4.520028775459514e-19
9.660749823993712 4.583243760162401e-19
9.663393658434005 4.646454162911203e-19
9.666038216406186 4.70963260412852e-19
9.668683498108255 4.772800956916226e-19
9.671329503738285 4.83595730342602e-19
9.673976233494386 4.899081673610911e-19
9.676623687574725 4.962203352130902e-19
9.679271866177531 5.026606901194847e-19
9.68192076950108 5.092730301723101e-19
9.684570397743704 5.159309428199143e-19
9.68722075110379 5.224304828571172e-19
9.689871829779783 5.287515901099384e-19
9.692523633970175 5.3505424927973315e-19
9.695176163873514 5.413537072660665e-19
9.697829419688409 5.476501243257869e-19
9.700483401613516 5.539474062179079e-19
9.703138109847545 5.602414854549754e-19
9.705793544589268 5.665332194536242e-19
9.708449706037506 5.728251308374049e-19
9.711106594391131 5.791138380964041e-19
9.713764209849078 5.854008848125148e-19
9.716422552610329 5.916874324783752e-19
9.719081622873924 5.979707745515805e-19
9.721741420838958 6.042531297662397e-19
9.724401946704578 6.105343205257141e-19
9.727063200669988 6.168123042265248e-19
9.729725182934446 6.230899637233988e-19
9.732387893697261 6.294908706843739e-19
9.735051333157802 6.360627941594774e-19
9.73771550151549 6.426842514784429e-19
9.740380398969798 6.491554576322398e-19
9.743046025720258 6.554491810842678e-19
9.745712381966456 6.617174365069119e-19
9.748379467908027 6.679825976280996e-19
9.751047283744668 6.74244547303824e-19
9.753715829676128 6.805075910015336e-19
9.756385105902213 6.867674226743155e-19
9.759055112622775 6.930245448168398e-19
9.761725850037731 6.992822674399807e-19
9.764397318347047 7.055367765819865e-19
9.767069517750745 7.11789183254551e-19
9.769742448448898 7.180415917401773e-19
9.772416110641645 7.242907852903668e-19
9.77509050452917 7.305384722934936e-19
9.777765630311709 7.367855736000295e-19
9.780441488189563 7.430294585187166e-19
9.783118078363085 7.492724216555744e-19
9.785795401032676 7.55615170408269e-19
9.788473456398794 7.62127961922388e-19
9.791152244661962 7.687127656141885e-19
9.793831766022748 7.751750652781839e-19
9.79651202068177 7.814608376396642e-19
9.799193008839719 7.876943404642149e-19
9.801874730697325 7.939255621980699e-19
9.804557186455373 8.00153563198347e-19
9.807240376314713 8.063823295822452e-19
9.809924300476245 8.126082721849469e-19
9.81260895914092 8.18830992609341e-19
9.815294352509753 8.250548858857526e-19
9.817980480783806 8.312755564230307e-19
9.820667344164196 8.374931358199779e-19
9.823354942852099 8.437117655587266e-19
9.82604327704875 8.499271711178879e-19
9.828732346955432 8.5614000282347265e-19
9.831422152773479 8.623533761315263e-19
9.834112694704293 8.685635238214764e-19
9.836803972949323 8.747716036589798e-19
9.83949598771007 8.809797276649404e-19
9.842188739188096 8.87184624616227e-19
9.844882227585021 8.933879484116945e-19
9.847576453102516 8.99665597651064e-19
9.850271415942299 9.061121771657371e-19
9.852967116306157 9.126551053914396e-19
9.855663554395928 9.19105826115931e-19
9.858360730413501 9.253811110396284e-19
9.86105864456082 9.31574910240258e-19
9.863757297039893 9.37767329328447e-19
9.866456688052777 9.439565170640415e-19
9.869156817801581 9.501455477174641e-19
9.871857686488475 9.563327462350483e-19
9.874559294315684 9.625167119713357e-19
9.877261641485486 9.687009699147521e-19
9.87996472820021 9.748829550990553e-19
9.882668554662251 9.810617060753384e-19
9.885373121074055 9.872411871487848e-19
9.88807842763812 9.935708713175867e-19
9.890784474557002 1.0000688158329099e-18
9.893491262033312 1.0065865547707133e-18
9.896198790269715 1.0132682672721156e-18
9.898907059468932 1.020117925957363e-18
9.901616069833748 1.026973066421088e-18
9.90432582156699 1.0338246095623491e-18
9.907036314871545 1.0406728748940023e-18
9.909747549950364 1.047285497383334e-18
9.91245952700644 1.0521840198540403e-18
9.915172246242829 1.0556054902032558e-18
9.917885707862641 1.0593963821001891e-18
9.92059991206905 1.0648946427540054e-18
9.923314859065272 1.0717322542141875e-18
9.92603054905458 1.078570143363086e-18
9.928746982240316 1.085404430468402e-18
9.931464158825866 1.0922367080885177e-18
9.934182079014668 1.0928578329485664e-18
9.936900743010234 1.076410341312864e-18
9.939620151016111 1.0491025845869764e-18
9.942340303235909 1.0108327469557263e-18
9.945061199873305 9.47340877497785e-19
9.947782841132014 8.695746814162684e-19
9.950505227215814 7.917329337016105e-19
9.953228358328541 7.137619199752982e-19
9.95595223467409 6.357158744045433e-19
9.958676856456405 5.576840963346623e-19
9.961402223879485 4.796936333792616e-19
9.964128337147388 4.0170887066826655e-19
9.96685519646423 3.2374236864411646e-19
9.969582802034182 2.458171995983218e-19
9.972311154061462 1.6789377225094798e-19
9.97504025275036 1.1629203560736315e-19
9.977770098305207 1.0268845038249015e-19
9.980500690930398 1.0075039961720205e-19
9.98323203083038 9.903000348317156e-20
9.985964118209663 9.759937705611828e-20
9.988696953272806 9.624041462362702e-20
9.99143053622442 9.486825350194951e-20
9.994164867269184 9.347984400523422e-20
9.996899946611828 9.20880084719956e-20
9.999635774457133 9.069675932428782e-20
10.00237235100994 8.930625147398777e-20
10.00510967647515 8.791551783810965e-20
10.007847751057714 8.652542879574096e-20
10.010586574962636 8.513608136826397e-20
10.013326148394984 8.374645056635574e-20
10.016066471559888 8.23575198955463e-20
10.018807544662517 8.096933115663564e-20
10.021549367908104 7.95808150731292e-20
10.024291941501943 7.819304103497988e-20
10.027035265649378 7.680599829674247e-20
10.029779340555809 7.541863678590036e-20
10.0325241664267 7.403201763638478e-20
10.035269743467563 7.264608023527303e-20
10.038016071883964 7.126149683657566e-20
10.040763151881535 6.989454198865526e-20
10.043510983665964 6.85434872272661e-20
10.046259567442984 6.719085004757195e-20
10.04900890341839 6.582892010072887e-20
10.051758991798039 6.445890752196396e-20
10.05450983278784 6.308769803119417e-20
10.057261426593751 6.171038645107668e-20
10.060013773421801 6.032779309558269e-20
10.062766873478065 5.89450214980859e-20
10.065520726968675 5.756299351802801e-20
10.068275334099827 5.618150922987603e-20
10.071030695077765 5.479988338299654e-20
10.073786810108789 5.3419001467111256e-20
10.076543679399261 5.2038627177015103e-20
10.079301303155603 5.0658145306235866e-20
10.082059681584282 4.927840767951825e-20
10.084818814891825 4.7899144317470576e-20
10.087578703284827 4.652431450892133e-20
10.090339346969923 4.5167033683269506e-20
10.093100746153814 4.3822495629880425e-20
10.095862901043255 4.247298207491638e-20
10.09862581184506 4.1107404363607327e-20
10.101389478766098 3.973036564475818e-20
10.104153902013287 3.835330500328395e-20
10.10691908179362 3.697698954215076e-20
10.109685018314131 3.5601064537003574e-20
10.112451711781913 3.422514072162314e-20
10.11521916240412 3.284996239769787e-20
10.117987370387961 3.1475152033350695e-20
10.120756335940701 3.0100363243537605e-20
10.12352605926966 2.8726320255799246e-20
10.126296540582217 2.735262545861868e-20
10.129067780085814 2.5978969888616857e-20
10.131839777987938 2.4606060430814198e-20
10.134612534496135 2.3233482126429123e-20
10.137386049818016 2.2258047663294134e-20
10.140160324161245 2.2320175981859807e-20
10.142935357733538 2.302263155797325e-20
10.14571115074267 2.3817119477371294e-20
10.14848770339648 2.484515383772175e-20
10.151265015902855 2.601495844918524e-20
10.154043088469738 2.7191404912825685e-20
10.15682192130514 2.8383909220094675e-20
10.159601514617119 2.958615405097178e-20
10.162381868613789 3.078832650741803e-20
10.165162983503329 3.1989842756101453e-20
10.167944859493973 3.319110400735258e-20
10.170727496794004 3.439228943835518e-20
10.173510895611772 3.559281839147788e-20
10.176295056155677 3.6793095253621494e-20
10.17907997863418 3.798644423419878e-20
10.181865663255797 3.9162481917455825e-20
10.184652110229106 4.032845992433262e-20
10.187439319762733 4.150118173680954e-20
10.190227292065366 4.268990564007152e-20
10.193016027345754 4.3888211298204033e-20
10.195805525812698 4.50864453509156e-20
10.198595787675053 4.628402211804863e-20
10.201386813141742 4.748134096260898e-20
10.204178602421738 4.867859447074034e-20
10.206971155724066 4.9875190424949974e-20
10.209764473257817 5.107152164911799e-20
10.212558555232143 5.226779624453171e-20
10.215353401856238 5.346341301812807e-20
10.218149013339364 5.465875581575888e-20
10.22094538989084 5.584778095047795e-20
10.223742531720042 5.701956202148662e-20
10.226540439036398 5.818073909917549e-20
10.229339112049399 5.934791894240346e-20
10.232138550968592 6.053103094285549e-20
10.23493875600358 6.172439447167667e-20
10.23773972736402 6.29177421668927e-20
10.240541465259636 6.411043123929306e-20
10.243343969900202 6.530280392719945e-20
10.246147241495553 6.649517928396743e-20
10.248951280255575 6.768689575182122e-20
10.25175608639022 6.88782767953827e-20
10.254561660109493 7.006460766176967e-20
10.257368001623458 7.123374846063578e-20
10.260175111142232 7.239107070720905e-20
10.262982988875999 7.308120098439771e-20
10.26579163503499 7.211897818668848e-20
10.268601049829496 6.997145880955503e-20
10.27141123346987 6.781957744374967e-20
10.274222186166526 6.565238385956934e-20
10.277033908129923 6.347364814870529e-20
10.279846399570584 6.129847426877976e-20
10.282659660699094 5.914099979478179e-20
10.28547369172609 5.699707149010841e-20
10.288288492862266 5.48496803519192e-20
10.29110406431838 5.268700559094724e-20
10.293920406305244 5.0511919134316235e-20
10.29673751903372 4.833652933753584e-20
10.299555402714741 4.616235041331046e-20
10.302374057559295 4.398909078242888e-20
10.305193483778414 4.181751815029023e-20
10.308013681583207 3.9663604859481846e-20
10.31083465118483 3.752507399325402e-20
10.313656392794499 3.538469953578231e-20
10.316478906623486 3.322908442591319e-20
10.319302192883125 3.1059482837355485e-20
10.322126251784802 2.888936733155827e-20
10.324951083539965 2.6720464141722263e-20
10.327776688360121 2.4552693767145578e-20
10.330603066456833 2.2384330144003863e-20
