#xsec (eV,cm2) for HO2 -> OH + O
3.1000290654125155 0.0
3.1008774429979375 0.0
3.1017260527568364 0.0
3.102574894752751 0.0
3.103423969049237 0.0
3.1042732757098674 0.0
3.105122814798232 0.0
3.1059725863779404 0.0
3.1068225905126168 0.0
3.1076728272659047 0.0
3.1085232967014633 0.0
3.1093739988829707 0.0
3.1102249338741217 0.0
3.1110761017386297 0.0
3.1119275025402233 0.0
3.1127791363426507 0.0
3.113631003209677 0.0
3.114483103205083 0.0
3.1153354363926695 0.0
3.116188002836253 0.0
3.1170408025996696 0.0
3.1178938357467696 0.0
3.1187471023414233 0.0
3.119600602447518 0.0
3.1204543361289576 0.0
3.1213083034496645 0.0
3.122162504473578 0.0
3.123016939264656 0.0
3.123871607886872 0.0
3.1247265104042174 0.0
3.125581646880703 0.0
3.1264370173803555 0.0
3.1272926219672197 0.0
3.128148460705357 0.0
3.129004533658848 0.0
3.129860840891788 0.0
3.130717382468294 0.0
3.131574158452497 0.0
3.1324311689085467 0.0
3.133288413900611 0.0
3.134145893492875 0.0
3.1350036077495402 0.0
3.1358615567348274 0.0
3.1367197405129734 0.0
3.1375781591482346 0.0
3.1384368127048834 0.0
3.13929570124721 0.0
3.140154824839522 0.0
3.1410141835461456 0.0
3.141873777431423 0.0
3.1427336065597165 0.0
3.1435936709954033 0.0
3.1444539708028802 0.0
3.14531450604656 0.0
3.1461752767908746 0.0
3.1470362831002725 0.0
3.1478975250392205 0.0
3.148759002672203 0.0
3.1496207160637213 0.0
3.1504826652782953 0.0
3.151344850380462 0.0
3.1522072714347757 0.0
3.1530699285058095 0.0
3.1539328216581537 0.0
3.154795950956416 0.0
3.155659316465221 0.0
3.1565229182492125 0.0
3.157386756373052 0.0
3.158250830901417 0.0
3.1591151418990044 0.0
3.159979689430528 0.0
3.1608444735607195 0.0
3.1617094943543282 0.0
3.1625747518761216 0.0
3.1634402461908837 0.0
3.164305977363418 0.0
3.1651719454585443 0.0
3.1660381505411004 0.0
3.1669045926759427 0.0
3.1677712719279443 0.0
3.1686381883619976 0.0
3.16950534204301 0.0
3.170372733035909 0.0
3.171240361405639 0.0
3.1721082272171626 0.0
3.1729763305354606 0.0
3.1738446714255293 0.0
3.1747132499523856 0.0
3.1755820661810628 0.0
3.176451120176612 0.0
3.1773204120041023 0.0
3.1781899417286206 0.0
3.179059709415272 0.0
3.1799297151291785 0.0
3.1807999589354807 0.0
3.181670440899337 0.0
3.182541161085923 0.0
3.1834121195604332 0.0
3.184283316388078 0.0
3.185154751634088 0.0
3.1860264253637105 0.0
3.1868983376422104 0.0
3.1877704885348708 0.0
3.188642878106993 0.0
3.1895155064238967 0.0
3.190388373550917 0.0
3.1912614795534084 0.0
3.192134824496745 0.0
3.1930084084463153 0.0
3.193882231467529 0.0
3.194756293625812 0.0
3.195630594986608 0.0
3.196505135615379 0.0
3.1973799155776055 0.0
3.1982549349387845 0.0
3.1991301937644323 0.0
3.200005692120082 0.0
3.200881430071286 0.0
3.2017574076836133 0.0
3.2026336250226515 0.0
3.203510082154006 0.0
3.2043867791433005 0.0
3.2052637160561757 0.0
3.206140892958292 0.0
3.207018309915326 0.0
3.2078959669929725 0.0
3.208773864256945 0.0
3.209652001772975 0.0
3.210530379606812 0.0
3.211408997824223 0.0
3.2122878564909927 0.0
3.2131669556729245 0.0
3.21404629543584 0.0
3.2149258758455783 0.0
3.215805696967996 0.0
3.2166857588689695 0.0
3.2175660616143915 0.0
3.218446605270173 0.0
3.2193273899022437 0.0
3.220208415576551 0.0
3.221089682359061 0.0
3.2219711903157555 0.0
3.2228529395126375 0.0
3.223734930015726 0.0
3.22461716189106 0.0
3.2254996352046934 0.0
3.2263823500227007 0.0
3.2272653064111747 0.0
3.2281485044362244 0.0
3.229031944163978 0.0
3.229915625660582 0.0
3.2307995489922003 0.0
3.2316837142250163 0.0
3.2325681214252295 0.0
3.233452770659059 0.0
3.2343376619927415 0.0
3.2352227954925317 0.0
3.2361081712247026 0.0
3.236993789255546 0.0
3.2378796496513704 0.0
3.238765752478504 0.0
3.2396520978032917 0.0
3.2405386856920977 0.0
3.2414255162113035 0.0
3.2423125894273097 0.0
3.2431999054065344 0.0
3.2440874642154136 0.0
3.2449752659204023 0.0
3.2458633105879735 0.0
3.246751598284618 0.0
3.2476401290768444 0.0
3.2485289030311812 0.0
3.2494179202141735 0.0
3.250307180692385 0.0
3.251196684532397 0.0
3.2520864318008114 0.0
3.2529764225642452 0.0
3.2538666568893353 0.0
3.2547571348427384 0.0
3.2556478564911253 0.0
3.256538821901189 0.0
3.257430031139638 0.0
3.2583214842732007 0.0
3.2592131813686245 0.0
3.2601051224926723 0.0
3.2609973077121266 0.0
3.2618897370937896 0.0
3.2627824107044807 0.0
3.2636753286110363 0.0
3.264568490880313 0.0
3.265461897579185 0.0
3.2663555487745444 0.0
3.2672494445333022 0.0
3.2681435849223877 0.0
3.269037970008748 0.0
3.269932599859349 0.0
3.2708274745411745 0.0
3.271722594121227 0.0
3.272617958666527 0.0
3.273513568244114 0.0
3.274409422921045 0.0
3.2753055227643957 0.0
3.2762018678412614 0.0
3.2770984582187532 0.0
3.2779952939640022 0.0
3.278892375144158 0.0
3.2797897018263877 0.0
3.280687274077878 0.0
3.2815850919658325 0.0
3.282483155557474 0.0
3.283381464920044 0.0
3.2842800201208022 0.0
3.285178821227026 0.0
3.286077868306012 0.0
3.286977161425076 0.0
3.287876700651549 0.0
3.288776486052784 0.0
3.2896765176961518 0.0
3.2905767956490393 0.0
3.2914773199788545 0.0
3.2923780907530222 0.0
3.2932791080389867 0.0
3.2941803719042095 0.0
3.2950818824161727 0.0
3.2959836396423743 0.0
3.2968856436503327 0.0
3.297787894507584 0.0
3.298690392281683 0.0
3.299593137040202 0.0
3.300496128850733 0.0
3.3013993677808866 0.0
3.302302853898291 0.0
3.3032065872705934 0.0
3.3041105679654605 0.0
3.305014796050575 0.0
3.3059192715936403 0.0
3.306823994662377 0.0
3.3077289653245256 0.0
3.3086341836478446 0.0
3.3095396497001097 0.0
3.3104453635491176 0.0
3.311351325262681 0.0
3.3122575349086336 0.0
3.3131639925548253 0.0
3.314070698269127 0.0
3.3149776521194263 0.0
3.315884854173629 0.0
3.3167923044996623 0.0
3.317700003165469 0.0
3.318607950239012 0.0
3.319516145788273 0.0
3.3204245898812506 0.0
3.321333282585963 0.0
3.3222422239704485 0.0
3.323151414102762 0.0
3.324060853050978 0.0
3.3249705408831893 0.0
3.325880477667507 0.0
3.3267906634720616 0.0
3.3277010983650017 0.0
3.328611782414495 0.0
3.329522715688727 0.0
3.3304338982559027 0.0
3.3313453301842464 0.0
3.3322570115419996 0.0
3.333168942397422 0.0
3.334081122818794 0.0
3.3349935528744137 0.0
3.335906232632598 0.0
3.3368191621616825 0.0
3.337732341530021 0.0
3.3386457708059862 0.0
3.33955945005797 0.0
3.3404733793543833 0.0
3.341387558763655 0.0
3.3423019883542318 0.0
3.3432166681945814 0.0
3.3441315983531883 0.0
3.345046778898557 0.0
3.3459622098992106 0.0
3.3468778914236896 0.0
3.3477938235405555 0.0
3.3487100063183863 0.0
3.34962643982578 0.0
3.350543124131353 0.0
3.351460059303741 0.0
3.352377245411598 0.0
3.3532946825235967 0.0
3.3542123707084297 0.0
3.3551303100348067 0.0
3.356048500571457 0.0
3.356966942387129 0.0
3.3578856355505895 0.0
3.3588045801306246 0.0
3.359723776196038 0.0
3.3606432238156536 0.0
3.361562923058314 0.0
3.36248287399288 0.0
3.3634030766882312 0.0
3.364323531213267 0.0
3.3652442376369045 0.0
3.3661651960280805 0.0
3.3670864064557504 0.0
3.3680078689888875 0.0
3.3689295836964863 0.0
3.3698515506475584 0.0
3.3707737699111346 0.0
3.371696241556264 0.0
3.3726189656520154 0.0
3.3735419422674773 0.0
3.3744651714717557 0.0
3.3753886533339754 0.0
3.3763123879232815 0.0
3.377236375308837 0.0
3.378160615559824 0.0
3.3790851087454428 0.0
3.3800098549349147 0.0
3.380934854197478 0.0
3.3818601066023906 0.0
3.38278561221893 0.0
3.3837113711163913 0.0
3.3846373833640895 0.0
3.385563649031358 0.0
3.38649016818755 0.0
3.387416940902037 0.0
3.3883439672442104 0.0
3.389271247283479 0.0
3.3901987810892713 0.0
3.391126568731036 0.0
3.3920546102782394 0.0
3.392982905800366 0.0
3.3939114553669225 0.0
3.3948402590474314 0.0
3.3957693169114354 0.0
3.396698629028497 0.0
3.3976281954681964 0.0
3.3985580163001345 0.0
3.3994880915939287 0.0
3.400418421419218 0.0
3.401349005845659 0.0
3.4022798449429272 0.0
3.4032109387807195 0.0
3.4041422874287486 0.0
3.405073890956749 0.0
3.406005749434472 0.0
3.4069378629316898 0.0
3.4078702315181926 0.0
3.40880285526379 0.0
3.4097357342383114 0.0
3.4106688685116042 0.0
3.4116022581535352 0.0
3.412535903233991 0.0
3.413469803822876 0.0
3.414403959990116 0.0
3.415338371805653 0.0
3.416273039339451 0.0
3.4172079626614913 0.0
3.4181431418417745 0.0
3.419078576950321 0.0
3.4200142680571703 0.0
3.4209502152323807 0.0
3.4218864185460296 0.0
3.4228228780682137 0.0
3.4237595938690495 0.0
3.424696566018672 0.0
3.4256337945872355 0.0
3.426571279644913 0.0
3.4275090212618986 0.0
3.4284470195084027 0.0
3.4293852744546576 0.0
3.4303237861709133 0.0
3.4312625547274394 0.0
3.4322015801945245 0.0
3.4331408626424778 0.0
3.434080402141626 0.0
3.4350201987623152 0.0
3.4359602525749118 0.0
3.4369005636498002 0.0
3.437841132057386 0.0
3.438781957868092 0.0
3.4397230411523614 0.0
3.440664381980656 0.0
3.441605980423457 0.0
3.442547836551266 0.0
3.443489950434603 0.0
3.4444323221440065 0.0
3.4453749517500363 0.0
3.446317839323269 0.0
3.447260984934303 0.0
3.448204388653754 0.0
3.4491480505522585 0.0
3.4500919707004725 0.0
3.4510361491690684 0.0
3.4519805860287422 0.0
3.4529252813502067 0.0
3.4538702352041937 0.0
3.4548154476614554 0.0
3.4557609187927643 0.0
3.45670664866891 0.0
3.457652637360703 0.0
3.458598884938972 0.0
3.459545391474567 0.0
3.4604921570383556 0.0
3.461439181701226 0.0
3.4623864655340837 0.0
3.4633340086078572 0.0
3.4642818109934908 0.0
3.4652298727619506 0.0
3.4661781939842204 0.0
3.4671267747313053 0.0
3.4680756150742287 0.0
3.469024715084033 0.0
3.4699740748317813 0.0
3.4709236943885546 0.0
3.471873573825455 0.0
3.472823713213603 0.0
3.4737741126241386 0.0
3.474724772128222 0.0
3.475675691797032 0.0
3.476626871701767 0.0
3.4775783119136463 0.0
3.478530012503906 0.0
3.4794819735438045 0.0
3.480434195104618 0.0
3.4813866772576425 0.0
3.4823394200741937 0.0
3.483292423625606 0.0
3.484245687983236 0.0
3.485199213218456 0.0
3.4861529994026617 0.0
3.4871070466072642 0.0
3.4880613549036976 0.0
3.489015924363414 0.0
3.4899707550578856 0.0
3.490925847058604 0.0
3.4918812004370796 0.0
3.492836815264843 0.0
3.4937926916134447 0.0
3.494748829554455 0.0
3.495705229159463 0.0
3.4966618905000773 0.0
3.4976188136479265 0.0
3.498575998674659 0.0
3.4995334456519425 0.0
3.5004911546514643 0.0
3.5014491257449314 0.0
3.502407359004071 0.0
3.503365854500629 0.0
3.5043246123063705 0.0
3.5052836324930814 0.0
3.506242915132568 0.0
3.5072024602966536 0.0
3.5081622680571836 0.0
3.5091223384860224 0.0
3.510082671655053 0.0
3.511043267636179 0.0
3.512004126501324 0.0
3.5129652483224305 0.0
3.5139266331714616 0.0
3.5148882811203985 0.0
3.5158501922412437 0.0
3.516812366606019 0.0
3.517774804286766 0.0
3.5187375053555447 0.0
3.5197004698844365 0.0
3.5206636979455426 0.0
3.521627189610982 0.0
3.5225909449528956 0.0
3.5235549640434423 0.0
3.524519246954802 0.0
3.5254837937591743 0.0
3.5264486045287775 0.0
3.527413679335851 0.0
3.528379018252652 0.0
3.52934462135146 0.0
3.5303104887045733 0.0
3.531276620384309 0.0
3.5322430164630054 0.0
3.533209677013019 0.0
3.5341766021067276 0.0
3.5351437918165276 0.0
3.536111246214837 0.0
3.537078965374092 0.0
3.5380469493667484 0.0
3.539015198265284 0.0
3.539983712142194 0.0
3.540952491069994 0.0
3.5419215351212205 0.0
3.542890844368429 0.0
3.5438604188841953 0.0
3.5448302587411145 0.0
3.545800364011802 0.0
3.5467707347688924 0.0
3.5477413710850416 0.0
3.548712273032925 0.0
3.549683440685236 0.0
3.5506548741146897 0.0
3.551626573394021 0.0
3.552598538595984 0.0
3.553570769793354 0.0
3.554543267058924 0.0
3.55551603046551 0.0
3.5564890600859447 0.0
3.5574623559930827 0.0
3.558435918259798 0.0
3.5594097469589845 0.0
3.5603838421635565 0.0
3.5613582039464475 0.0
3.562332832380612 0.0
3.563307727539023 0.0
3.5642828894946743 0.0
3.56525831832058 0.0
3.5662340140897744 0.0
3.5672099768753105 0.0
3.568186206750262 0.0
3.5691627037877227 0.0
3.5701394680608067 0.0
3.571116499642647 0.0
3.5720937986063994 0.0
3.5730713650252346 0.0
3.5740491989723484 0.0
3.5750273005209543 0.0
3.5760056697442857 0.0
3.5769843067155973 0.0
3.577963211508162 0.0
3.578942384195275 0.0
3.579921824850249 0.0
3.5809015335464194 0.0
3.5818815103571398 0.0
3.5828617553557844 0.0
3.583842268615748 0.0
3.584823050210444 0.0
3.5858041002133083 0.0
3.586785418697795 0.0
3.5877670057373785 0.0
3.588748861405554 0.0
3.5897309857758355 0.0
3.59071337892176 0.0
3.5916960409168803 0.0
3.5926789718347742 0.0
3.5936621717490356 0.0
3.5946456407332796 0.0
3.595629378861144 0.0
3.596613386206283 0.0
3.5975976628423725 0.0
3.59858220884311 0.0
3.5995670242822113 0.0
3.600552109233412 0.0
3.6015374637704705 0.0
3.602523087967163 0.0
3.6035089818972863 0.0
3.604495145634658 0.0
3.6054815792531154 0.0
3.6064682828265164 0.0
3.6074552564287385 0.0
3.6084425001336804 0.0
3.609430014015261 0.0
3.6104177981474175 0.0
3.61140585260411 0.0
3.6123941774593167 0.0
3.613382772787037 0.0
3.614371638661291 0.0
3.615360775156118 0.0
3.6163501823455793 0.0
3.617339860303753 0.0
3.6183298091047416 0.0
3.6193200288226652 0.0
3.6203105195316656 0.0
3.621301281305903 0.0
3.6222923142195604 0.0
3.62328361834684 0.0
3.6242751937619637 0.0
3.625267040539174 0.0
3.6262591587527346 0.0
3.627251548476928 0.0
3.6282442097860583 0.0
3.629237142754449 0.0
3.630230347456446 0.0
3.631223823966412 0.0
3.6322175723587327 0.0
3.633211592707815 0.0
3.6342058850880825 0.0
3.6352004495739827 0.0
3.636195286239981 0.0
3.637190395160565 0.0
3.638185776410242 0.0
3.6391814300635397 0.0
3.6401773561950064 0.0
3.6411735548792095 0.0
3.6421700261907386 0.0
3.643166770204203 0.0
3.6441637869942323 0.0
3.645161076635476 0.0
3.6461586392026053 0.0
3.647156474770312 0.0
3.648154583413306 0.0
3.64915296520632 0.0
3.650151620224106 0.0
3.6511505485414366 0.0
3.652149750233106 0.0
3.6531492253739266 0.0
3.6541489740387334 0.0
3.6551489963023807 0.0
3.6561492922397436 0.0
3.657149861925719 0.0
3.658150705435221 0.0
3.659151822843187 0.0
3.6601532142245747 0.0
3.6611548796543616 0.0
3.662156819207545 0.0
3.663159032959145 0.0
3.6641615209842 0.0
3.6651642833577696 0.0
3.6661673201549343 0.0
3.6671706314507952 0.0
3.668174217320473 0.0
3.6691780778391108 0.0
3.6701822130818704 0.0
3.671186623123935 0.0
3.6721913080405084 0.0
3.673196267906815 0.0
3.6742015027980988 0.0
3.6752070127896257 0.0
3.676212797956682 0.0
3.677218858374574 0.0
3.67822519411863 0.0
3.6792318052641964 0.0
3.6802386918866423 0.0
3.6812458540613564 0.0
3.6822532918637494 0.0
3.6832610053692507 0.0
3.6842689946533116 0.0
3.6852772597914036 0.0
3.68628580085902 0.0
3.6872946179316726 0.0
3.6883037110848953 0.0
3.6893130803942427 0.0
3.6903227259352898 0.0
3.691332647783632 0.0
3.692342846014886 0.0
3.6933533207046887 0.0
3.694364071928697 0.0
3.6953750997625914 0.0
3.6963864042820695 0.0
3.6973979855628514 0.0
3.698409843680677 0.0
3.6994219787113094 0.0
3.7004343907305293 0.0
3.70144707981414 0.0
3.7024600460379657 0.0
3.7034732894778495 0.0
3.704486810209657 0.0
3.705500608309274 0.0
3.706514683852607 0.0
3.7075290369155836 0.0
3.708543667574152 0.0
3.70955857590428 0.0
3.710573761981959 0.0
3.7115892258831984 0.0
3.7126049676840305 0.0
3.713620987460506 0.0
3.714637285288699 0.0
3.7156538612447023 0.0
3.7166707154046312 0.0
3.7176878478446214 0.0
3.7187052586408287 0.0
3.71972294786943 0.0
3.7207409156066236 0.0
3.7217591619286274 0.0
3.722777686911682 0.0
3.723796490632048 0.0
3.7248155731660058 0.0
3.7258349345898587 0.0
3.72685457497993 0.0
3.7278744944125624 0.0
3.728894692964121 0.0
3.729915170710993 0.0
3.730935927729584 0.0
3.731956964096322 0.0
3.7329782798876554 0.0
3.7339998751800536 0.0
3.7350217500500067 0.0
3.736043904574027 0.0
3.7370663388286465 0.0
3.7380890528904174 0.0
3.7391120468359147 0.0
3.740135320741733 0.0
3.7411588746844897 0.0
3.74218270874082 0.0
3.743206822987383 0.0
3.7442312175008583 0.0
3.745255892357944 0.0
3.7462808476353624 0.0
3.747306083409855 0.0
3.7483315997581856 0.0
3.749357396757137 0.0
3.750383474483515 0.0
3.751409833014146 0.0
3.7524364724258756 0.0
3.7534633927955725 0.0
3.754490594200126 0.0
3.7555180767164464 0.0
3.756545840421465 0.0
3.7575738853921337 0.0
3.7586022117054254 0.0
3.7596308194383345 0.0
3.7606597086678772 0.0
3.7616888794710897 0.0
3.7627183319250292 0.0
3.7637480661067757 0.0
3.7647780820934273 0.0
3.7658083799621056 0.0
3.7668389597899523 0.0
3.767869821654131 0.0
3.7689009656318264 0.0
3.769932391800242 0.0
3.770964100236606 0.0
3.7719960910181647 0.0
3.7730283642221876 0.0
3.774060919925965 0.0
3.775093758206807 0.0
3.776126879142047 0.0
3.777160282809037 0.0
3.7781939692851516 0.0
3.7792279386477876 0.0
3.7802621909743612 0.0
3.7812967263423105 0.0
3.782331544829095 0.0
3.783366646512195 0.0
3.784402031469112 0.0
3.7854376997773684 0.0
3.78647365151451 0.0
3.7875098867581 0.0
3.788546405585726 0.0
3.789583208074996 0.0
3.7906202943035394 0.0
3.791657664349005 0.0
3.7926953182890655 0.0
3.793733256201413 0.0
3.794771478163762 0.0
3.7958099842538466 0.0
3.7968487745494253 0.0
3.797887849128274 0.0
3.7989272080681933 0.0
3.799966851447003 0.0
3.8010067793425453 0.0
3.8020469918326825 0.0
3.803087488995299 0.0
3.8041282709083015 0.0
3.805169337649615 0.0
3.80621068929719 0.0
3.807252325928994 0.0
3.80829424762302 0.0
3.809336454457279 0.0
3.810378946509805 0.0
3.8114217238586523 0.0
3.8124647865818986 0.0
3.8135081347576407 0.0
3.814551768463998 0.0
3.8155956877791115 0.0
3.816639892781142 0.0
3.817684383548273 0.0
3.8187291601587106 0.0
3.8197742226906786 0.0
3.820819571222425 0.0
3.8218652058322204 0.0
3.8229111265983535 0.0
3.823957333599137 0.0
3.825003826912903 0.0
3.826050606618007 0.0
3.8270976727928243 0.0
3.8281450255157528 0.0
3.8291926648652113 0.0
3.83024059091964 0.0
3.8312888037575017 0.0
3.8323373034572787 0.0
3.833386090097477 0.0
3.834435163756621 0.0
3.83548452451326 0.0
3.8365341724459627 0.0
3.8375841076333206 0.0
3.838634330153945 0.0
3.8396848400864703 0.0
3.8407356375095523 0.0
3.8417867225018667 0.0
3.8428380951421124 0.0
3.84388975550901 0.0
3.8449417036813 0.0
3.845993939737745 0.0
3.847046463757131 0.0
3.8480992758182637 0.0
3.8491523759999704 0.0
3.8502057643811005 0.0
3.8512594410405256 0.0
3.852313406057137 0.0
3.853367659509849 0.0
3.854422201477597 0.0
3.855477032039339 0.0
3.8565321512740534 0.0
3.8575875592607405 0.0
3.858643256078423 0.0
3.8596992418061444 0.0
3.8607555165229694 0.0
3.861812080307985 0.0
3.862868933240301 0.0
3.8639260753990454 0.0
3.8649835068633727 0.0
3.866041227712455 0.0
3.867099238025488 0.0
3.868157537881688 0.0
3.8692161273602945 0.0
3.8702750065405667 0.0
3.8713341755017874 0.0
3.8723936343232603 0.0
3.8734533830843105 0.0
3.8745134218642847 0.0
3.875573750742552 0.0
3.876634369798503 0.0
3.8776952791115504 0.0
3.8787564787611277 0.0
3.87981796882669 0.0
3.8808797493877156 0.0
3.8819418205237035 0.0
3.883004182314174 0.0
3.8840668348386718 0.0
3.8851297781767586 0.0
3.8861930124080226 0.0
3.8872565376120716 0.0
3.8883203538685347 0.0
3.889384461257064 0.0
3.890448859857333 0.0
3.891513549749037 0.0
3.8925785310118926 0.0
3.893643803725639 0.0
3.8947093679700364 0.0
3.895775223824868 0.0
3.8968413713699377 0.0
3.897907810685072 0.0
3.8989745418501194 0.0
3.9000415649449476 0.0
3.9011088800494504 0.0
3.902176487243541 0.0
3.9032443866071542 0.0
3.904312578220248 0.0
3.9053810621628013 0.0
3.906449838514816 0.0
3.907518907356314 0.0
3.908588268767341 0.0
3.9096579228279627 0.0
3.9107278696182686 0.0
3.91179810921837 0.0
3.912868641708398 0.0
3.9139394671685084 0.0
3.9150105856788766 0.0
3.9160819973197016 0.0
3.917153702171204 0.0
3.9182257003136254 0.0
3.91929799182723 0.0
3.9203705767923043 0.0
3.921443455289156 0.0
3.9225166273981165 0.0
3.9235900931995364 0.0
3.924663852773791 0.0
3.9257379062012756 0.0
3.9268122535624084 0.0
3.92788689493763 0.0
3.9289618304074025 0.0
3.93003706005221 0.0
3.931112583952558 0.0
3.9321884021889755 0.0
3.9332645148420124 0.0
3.9343409219922414 0.0
3.935417623720256 0.0
3.9364946201066733 0.0
3.937571911232132 0.0
3.938649497177292 0.0
3.9397273780228357 0.0
3.9408055538494686 0.0
3.9418840247379174 0.0
3.942962790768931 0.0
3.944041852023279 0.0
3.9451212085817557 0.0
3.946200860525176 0.0
3.9472808079343777 0.0
3.9483610508902194 0.0
3.949441589473583 0.0
3.9505224237653733 0.0
3.951603553846514 0.0
3.9526849797979544 0.0
3.9537667017006646 0.0
3.9548487196356357 0.0
3.9559310336838838 0.0
3.9570136439264445 0.0
3.9580965504443775 0.0
3.9591797533187627 0.0
3.9602632526307033 0.0
3.9613470484613256 0.0
3.962431140891776 0.0
3.963515530003226 0.0
3.9646002158768656 0.0
3.96568519859391 0.0
3.9667704782355955 0.0
3.967856054883181 0.0
3.968941928617948 0.0
3.9700280995211976 0.0
3.971114567674257 0.0
3.9722013331584725 0.0
3.9732883960552154 0.0
3.974375756445877 0.0
3.9754634144118723 0.0
3.976551370034638 0.0
3.9776396233956324 0.0
3.978728174576337 0.0
3.9798170236582564 0.0
3.980906170722915 0.0
3.9819956158518623 0.0
3.983085359126668 0.0
3.984175400628926 0.0
3.9852657404402505 0.0
3.9863563786422795 0.0
3.9874473153166727 0.0
3.9885385505451123 0.0
3.9896300844093036 0.0
3.990721916990972 0.0
3.991814048371868 0.0
3.992906478633763 0.0
3.993999207858451 0.0
3.995092236127748 0.0
3.9961855635234937 0.0
3.997279190127549 0.0
3.9983731160217975 0.0
3.999467341288145 0.0
4.000561866008519 0.0
4.001656690264873 0.0
4.002751814139179 0.0
4.003847237713432 0.0
4.00494296106965 0.0
4.006038984289876 0.0
4.00713530745617 0.0
4.008231930650618 0.0
4.009328853955331 0.0
4.010426077452437 0.0
4.011523601224089 0.0
4.012621425352462 0.0
4.013719549919755 0.0
4.014817975008189 0.0
4.0159167007000045 0.0
4.017015727077469 0.0
4.01811505422287 0.0
4.019214682218517 0.0
4.020314611146745 0.0
4.021414841089907 0.0
4.022515372130382 0.0
4.023616204350572 0.0
4.024717337832898 0.0
4.025818772659807 0.0
4.026920508913768 0.0
4.028022546677269 0.0
4.029124886032827 0.0
4.030227527062975 0.0
4.031330469850273 0.0
4.0324337144773015 0.0
4.033537261026664 0.0
4.034641109580988 0.0
4.035745260222923 0.0
4.036849713035139 0.0
4.03795446810033 0.0
4.039059525501214 0.0
4.0401648853205305 0.0
4.041270547641041 0.0
4.04237651254553 0.0
4.043482780116806 0.0
4.044589350437699 0.0
4.045696223591062 0.0
4.046803399659768 0.0
4.047910878726718 0.0
4.049018660874831 0.0
4.050126746187051 0.0
4.051235134746346 0.0
4.052343826635703 0.0
4.053452821938133 0.0
4.054562120736671 0.0
4.055671723114376 0.0
4.056781629154324 0.0
4.0578918389396215 0.0
4.0590023525533905 0.0
4.0601131700787825 0.0
4.061224291598965 0.0
4.062335717197131 0.0
4.063447446956501 0.0
4.064559480960311 0.0
4.065671819291824 0.0
4.066784462034322 0.0
4.067897409271116 0.0
4.069010661085534 0.0
4.070124217560931 0.0
4.071238078780682 0.0
4.072352244828184 0.0
4.07346671578686 0.0
4.074581491740155 0.0
4.075696572771534 0.0
4.076811958964488 0.0
4.077927650402531 0.0
4.079043647169199 0.0
4.080159949348047 0.0
4.08127655702266 0.0
4.082393470276641 0.0
4.083510689193618 0.0
4.084628213857239 0.0
4.085746044351179 0.0
4.086864180759132 0.0
4.0879826231648195 0.0
4.0891013716519815 0.0
4.090220426304382 0.0
4.0913397872058095 0.0
4.092459454440074 0.0
4.093579428091009 0.0
4.09469970824247 0.0
4.095820294978338 0.0
4.096941188382514 0.0
4.098062388538924 0.0
4.099183895531516 0.0
4.100305709444259 0.0
4.10142783036115 0.0
4.102550258366206 0.0
4.103672993543464 0.0
4.104796035976991 0.0
4.1059193857508705 0.0
4.107043042949212 0.0
4.1081670076561485 0.0
4.109291279955835 0.0
4.1104158599324485 0.0
4.111540747670191 0.0
4.112665943253287 0.0
4.113791446765984 0.0
4.114917258292552 0.0
4.1160433779172845 0.0
4.117169805724497 0.0
4.11829654179853 0.0
4.119423586223746 0.0
4.1205509390845325 0.0
4.1216786004652946 0.0
4.122806570450466 0.0
4.123934849124504 0.0
4.125063436571884 0.0
4.126192332877109 0.0
4.127321538124701 0.0
4.128451052399209 0.0
4.129580875785203 0.0
4.130711008367278 0.0
4.13184145023005 0.0
4.132972201458161 0.0
4.134103262136271 0.0
4.13523463234907 0.0
4.136366312181265 0.0
4.137498301717589 0.0
4.138630601042798 0.0
4.139763210241673 0.0
4.140896129399016 0.0
4.14202935859965 0.0
4.143162897928427 0.0
4.144296747470216 0.0
4.145430907309915 0.0
4.146565377532442 0.0
4.147700158222737 0.0
4.148835249465766 0.0
4.149970651346518 0.0
4.151106363950003 0.0
4.152242387361258 0.0
4.153378721665339 0.0
4.154515366947328 0.0
4.155652323292328 0.0
4.15678959078547 0.0
4.157927169511902 0.0
4.159065059556802 0.0
4.160203261005364 0.0
4.161341773942812 0.0
4.162480598454389 0.0
4.163619734625362 0.0
4.164759182541024 0.0
4.165898942286689 0.0
4.167039013947694 0.0
4.168179397609401 0.0
4.169320093357193 0.0
4.170461101276478 0.0
4.171602421452691 0.0
4.1727440539712815 0.0
4.173885998917729 0.0
4.175028256377537 0.0
4.176170826436229 0.0
4.1773137091793515 0.0
4.178456904692479 0.0
4.1796004130612046 0.0
4.180744234371147 0.0
4.181888368707949 0.0
4.183032816157276 0.0
4.184177576804815 0.0
4.185322650736278 0.0
4.186468038037404 0.0
4.187613738793949 0.0
4.188759753091698 0.0
4.189906081016455 0.0
4.1910527226540495 0.0
4.1921996780903354 0.0
4.1933469474111895 0.0
4.194494530702512 0.0
4.195642428050226 0.0
4.1967906395402785 0.0
4.1979391652586395 0.0
4.199088005291305 0.0
4.20023715972429 0.0
4.201386628643637 0.0
4.202536412135411 0.0
4.203686510285701 0.0
4.204836923180617 0.0
4.205987650906296 0.0
4.207138693548896 0.0
4.2082900511946 0.0
4.209441723929614 0.0
4.210593711840168 0.0
4.211746015012515 0.0
4.212898633532933 0.0
4.21405156748772 0.0
4.215204816963205 0.0
4.21635838204573 0.0
4.217512262821669 0.0
4.218666459377417 0.0
4.219820971799393 0.0
4.22097580017404 0.0
4.222130944587823 0.0
4.223286405127231 0.0
4.224442181878779 0.0
4.225598274929004 0.0
4.226754684364465 0.0
4.227911410271748 0.0
4.229068452737459 0.0
4.230225811848232 0.0
4.231383487690723 0.0
4.232541480351608 0.0
4.233699789917592 0.0
4.234858416475403 0.0
4.23601736011179 0.0
4.237176620913526 0.0
4.23833619896741 0.0
4.239496094360264 0.0
4.240656307178934 0.0
4.241816837510287 0.0
4.242977685441218 0.0
4.244138851058642 0.0
4.245300334449501 0.0
4.246462135700758 0.0
4.247624254899403 0.0
4.248786692132445 0.0
4.249949447486922 0.0
4.251112521049894 0.0
4.252275912908442 0.0
4.253439623149674 0.0
4.254603651860723 0.0
4.255767999128743 0.0
4.25693266504091 0.0
4.25809764968443 0.0
4.2592629531465285 0.0
4.260428575514455 0.0
4.261594516875484 0.0
4.262760777316914 0.0
4.263927356926066 0.0
4.265094255790288 0.0
4.2662614739969476 0.0
4.267429011633439 0.0
4.268596868787181 0.0
4.269765045545613 0.0
4.270933541996204 0.0
4.272102358226439 0.0
4.273271494323833 0.0
4.274440950375925 0.0
4.2756107264702745 0.0
4.276780822694466 0.0
4.277951239136112 0.0
4.279121975882842 0.0
4.280293033022315 0.0
4.2814644106422115 0.0
4.2826361088302365 0.0
4.283808127674121 0.0
4.284980467261614 0.0
4.286153127680497 0.0
4.2873261090185695 0.0
4.288499411363656 0.0
4.289673034803606 0.0
4.290846979426293 0.0
4.292021245319615 0.0
4.2931958325714925 0.0
4.294370741269871 0.0
4.295545971502721 0.0
4.296721523358035 0.0
4.29789739692383 0.0
4.299073592288149 0.0
4.300250109539057 0.0
4.301426948764647 0.0
4.302604110053028 0.0
4.3037815934923405 0.0
4.304959399170748 0.0
4.3061375271764355 0.0
4.3073159775976135 0.0
4.3084947505225175 0.0
4.309673846039405 0.0
4.31085326423656 0.0
4.312033005202291 0.0
4.313213069024926 0.0
4.314393455792823 0.0
4.315574165594361 0.0
4.316755198517944 0.0
4.317936554651999 0.0
4.31911823408498 0.0
4.3203002369053625 0.0
4.321482563201647 0.0
4.322665213062358 0.0
4.323848186576046 0.0
4.3250314838312836 0.0
4.326215104916667 0.0
4.32739904992082 0.0
4.328583318932388 0.0
4.329767912040042 0.0
4.330952829332475 0.0
4.332138070898408 0.0
4.333323636826581 0.0
4.334509527205764 0.0
4.33569574212475 0.0
4.336882281672352 0.0
4.3380691459374106 0.0
4.339256335008792 0.0
4.340443848975385 0.0
4.341631687926102 0.0
4.342819851949882 0.0
4.344008341135686 0.0
4.3451971555724995 0.0
4.346386295349335 0.0
4.347575760555225 0.0
4.348765551279232 0.0
4.349955667610438 0.0
4.35114610963795 0.0
4.352336877450904 0.0
4.353527971138453 0.0
4.354719390789782 0.0
4.355911136494093 0.0
4.35710320834062 0.0
4.358295606418614 0.0
4.359488330817356 0.0
4.360681381626151 0.0
4.361874758934322 0.0
4.363068462831226 0.0
4.364262493406238 0.0
4.3654568507487586 0.0
4.366651534948213 0.0
4.367846546094054 0.0
4.369041884275754 0.0
4.3702375495828125 0.0
4.3714335421047545 0.0
4.372629861931127 0.0
4.3738265091515025 0.0
4.375023483855477 0.0
4.376220786132675 0.0
4.377418416072741 0.0
4.378616373765345 0.0
4.379814659300184 0.0
4.381013272766977 0.0
4.382212214255468 0.0
4.383411483855426 0.0
4.3846110816566455 0.0
4.385811007748943 0.0
4.3870112622221615 0.0
4.388211845166169 0.0
4.389412756670858 0.0
4.390613996826142 0.0
4.391815565721965 0.0
4.393017463448292 0.0
4.394219690095112 0.0
4.395422245752441 0.0
4.3966251305103174 0.0
4.397828344458807 0.0
4.399031887687999 0.0
4.400235760288004 0.0
4.401439962348961 0.0
4.402644493961034 0.0
4.403849355214412 0.0
4.4050545461993025 0.0
4.406260067005947 0.0
4.407465917724606 0.0
4.408672098445562 0.0
4.409878609259131 0.0
4.411085450255646 0.0
4.4122926215254665 0.0
4.41350012315898 0.0
4.414707955246595 0.0
4.415916117878746 0.0
4.417124611145893 0.0
4.41833343513852 0.0
4.419542589947136 0.0
4.420752075662273 0.0
4.421961892374491 0.0
4.423172040174373 0.0
4.424382519152528 0.0
4.425593329399586 0.0
4.426804471006207 0.0
4.428015944063073 0.0
4.42922774866089 0.0
4.43043988489039 0.0
4.431652352842331 0.0
4.432865152607496 0.0
4.434078284276689 0.0
4.435291747940742 0.0
4.436505543690511 0.0
4.437719671616877 0.0
4.438934131810749 0.0
4.4401489243630525 0.0
4.441364049364749 0.0
4.442579506906814 0.0
4.443795297080257 0.0
4.4450114199761055 0.0
4.446227875685416 0.0
4.447444664299271 0.0
4.448661785908772 0.0
4.44987924060505 0.0
4.4510970284792615 0.0
4.452315149622587 0.0
4.453533604126228 0.0
4.454752392081419 0.0
4.455971513579412 0.0
4.457190968711487 0.0
4.458410757568949 0.0
4.459630880243128 0.0
4.460851336825379 0.0
4.462072127407081 0.0
4.463293252079641 0.0
4.464514710934488 0.0
4.465736504063075 0.0
4.466958631556884 0.0
4.468181093507419 0.0
4.469403890006211 0.0
4.4706270211448125 0.0
4.471850487014806 0.0
4.473074287707797 0.0
4.474298423315413 0.0
4.475522893929311 0.0
4.476747699641173 0.0
4.4779728405427015 0.0
4.479198316725627 0.0
4.480424128281708 0.0
4.481650275302724 0.0
4.482876757880479 0.0
4.484103576106808 0.0
4.485330730073564 0.0
4.486558219872629 0.0
4.487786045595909 0.0
4.489014207335336 0.0
4.490242705182867 0.0
4.491471539230483 0.0
4.492700709570194 0.0
4.493930216294029 0.0
4.4951600594940455 0.0
4.496390239262329 0.0
4.497620755690984 0.0
4.498851608872146 0.0
4.500082798897971 0.0
4.501314325860644 0.0
4.502546189852374 0.0
4.503778390965396 0.0
4.505010929291966 0.0
4.50624380492437 0.0
4.507477017954917 0.0
4.5087105684759425 0.0
4.509944456579808 0.0
4.511178682358898 0.0
4.512413245905623 0.0
4.51364814731242 0.0
4.514883386671748 0.0
4.516118964076096 0.0
4.517354879617975 0.0
4.518591133389923 0.0
4.519827725484502 0.0
4.5210646559943 0.0
4.52230192501193 0.0
4.523539532630032 0.0
4.524777478941267 0.0
4.526015764038329 0.0
4.527254388013928 0.0
4.528493350960806 0.0
4.52973265297173 0.0
4.530972294139488 0.0
4.532212274556899 0.0
4.533452594316804 0.0
4.534693253512068 0.0
4.535934252235586 0.0
4.537175590580274 0.0
4.5384172686390745 0.0
4.53965928650496 0.0
4.540901644270922 0.0
4.54214434202998 0.0
4.543387379875181 0.0
4.5446307578995935 0.0
4.545874476196315 0.0
4.547118534858464 0.0
4.548362933979192 0.0
4.5496076736516695 0.0
4.550852753969094 0.0
4.55209817502469 0.0
4.5533439369117055 0.0
4.554590039723415 0.0
4.5558364835531195 0.0
4.557083268494143 0.0
4.558330394639839 0.0
4.559577862083581 0.0
4.560825670918774 0.0
4.562073821238846 0.0
4.563322313137248 0.0
4.5645711467074594 0.0
4.5658203220429865 0.0
4.567069839237359 0.0
4.56831969838413 0.0
4.569569899576884 0.0
4.570820442909227 0.0
4.57207132847479 0.0
4.573322556367232 0.0
4.574574126680239 0.0
4.575826039507517 0.0
4.577078294942803 0.0
4.5783308930798565 0.0
4.579583834012467 0.0
4.5808371178344425 0.0
4.582090744639623 0.0
4.583344714521871 0.0
4.584599027575075 0.0
4.585853683893152 0.0
4.587108683570042 0.0
4.588364026699709 0.0
4.5896197133761465 0.0
4.590875743693372 0.0
4.592132117745429 0.0
4.593388835626386 0.0
4.594645897430338 0.0
4.595903303251406 0.0
4.597161053183736 0.0
4.598419147321501 0.0
4.599677585758897 0.0
4.60093636859015 0.0
4.602195495909508 0.0
4.6034549678112455 0.0
4.604714784389666 0.0
4.605974945739094 0.0
4.607235451953883 0.0
4.608496303128412 0.0
4.609757499357084 0.0
4.61101904073433 0.0
4.612280927354607 0.0
4.613543159312396 0.0
4.614805736702204 0.0
4.6160686596185645 0.0
4.617331928156037 0.0
4.618595542409208 0.0
4.619859502472688 0.0
4.621123808441114 0.0
4.62238846040915 0.0
4.623653458471484 0.0
4.62491880272283 0.0
4.626184493257929 0.0
4.627450530171548 0.0
4.62871691355848 0.0
4.629983643513544 0.0
4.631250720131584 0.0
4.632518143507469 0.0
4.633785913736097 0.0
4.63505403091239 0.0
4.636322495131296 0.0
4.637591306487789 0.0
4.6388604650768706 0.0
4.640129970993567 0.0
4.64139982433293 0.0
4.6426700251900375 0.0
4.643940573659995 0.0
4.64521146983793 0.0
4.646482713819002 0.0
4.647754305698393 0.0
4.649026245571311 0.0
4.65029853353299 0.0
4.651571169678691 0.0
4.652844154103702 0.0
4.654117486903335 0.0
4.655391168172927 0.0
4.656665198007845 0.0
4.6579395765034795 0.0
4.659214303755247 0.0
4.660489379858593 0.0
4.661764804908984 0.0
4.663040579001917 0.0
4.664316702232913 0.0
4.665593174697522 0.0
4.6668699964913145 0.0
4.6681471677098925 0.0
4.669424688448882 0.0
4.670702558803936 0.0
4.671980778870732 0.0
4.673259348744976 0.0
4.674538268522397 0.0
4.675817538298754 0.0
4.677097158169829 0.0
4.678377128231434 0.0
4.679657448579404 0.0
4.680938119309598 0.0
4.6822191405179066 7.320615741982568e-22
4.683500512300245 2.3920299810036195e-21
4.684782234752554 4.290415072109919e-21
4.686064307970799 6.230945670673056e-21
4.687346732050973 8.168374929555673e-21
4.688629507089098 1.0104957787465298e-20
4.689912633181218 1.2050779638421512e-20
4.691196110423406 1.4003605121967673e-20
4.6924799389117595 1.5955835452474505e-20
4.693764118742404 1.7902438079127676e-20
4.69504865001149 1.9812359298556513e-20
4.696333532815196 2.1718249619687946e-20
4.697618767249724 2.3659784791406028e-20
4.6989043534113035 2.56095596252344e-20
4.700190291396193 2.755867468589984e-20
4.701476581300675 2.950713615841192e-20
4.702763223221056 3.144727551617072e-20
4.704050217253673 3.3350857534516365e-20
4.705337563494888 3.525573642529859e-20
4.70662526204109 3.7196139875220283e-20
4.7079133129886905 3.914216219435487e-20
4.709201716434132 4.108756937979934e-20
4.710490472473882 4.303231796869908e-20
4.711779581204436 4.4966489670443223e-20
4.71306904272231 4.686421853020183e-20
4.7143588571240524 4.876760522597674e-20
4.715649024506238 5.070640578580405e-20
4.716939544965463 5.264868198305699e-20
4.718230418598354 5.459038389124309e-20
4.7195216455015645 5.653142813400414e-20
4.720813225771772 5.846012700296734e-20
4.722105159505681 6.035248791934475e-20
4.723397446800026 6.225390258334973e-20
4.724690087751561 6.419063005042302e-20
4.725983082457073 6.61291725363184e-20
4.727276431013374 6.806717181574825e-20
4.728570133517299 7.000451437071833e-20
4.729864190065713 7.1928234432198e-20
4.731158600755506 7.381571178470986e-20
4.732453365683597 7.571467551694485e-20
4.733748484946927 7.764886066322351e-20
4.735043958642468 7.958368193663962e-20
4.736339786867216 8.151798128659284e-20
4.737635969718193 8.345162486293713e-20
4.73893250729245 8.537085933596811e-20
4.740229399687063 8.725393665999938e-20
4.7415266469991355 8.914997150613646e-20
4.742824249325796 9.108114608721998e-20
4.744122206764201 9.301225873572649e-20
4.745420519411532 9.494286090649014e-20
4.746719187365 9.687280826442764e-20
4.748018210721839 9.884485567086947e-20
4.749317589579313 1.0092370330587212e-19
4.75061732403471 1.0271015277592597e-19
4.751917414185346 1.043521248314955e-19
4.753217860128562 1.0634994661830342e-19
4.75451866196173 1.0849095527732106e-19
4.755819819782243 1.1034770434329287e-19
4.7571213336875235 1.119874285252076e-19
4.7584232037750205 1.1391028212456143e-19
4.759725430142209 1.160488765256921e-19
4.761028012886593 1.179774874831296e-19
4.7623309521057005 1.196149691697065e-19
4.7636342478970874 1.214611415149487e-19
4.764937900358333 1.2359732307848691e-19
4.766241909587052 1.2559951353335036e-19
4.767546275680876 1.272454534512106e-19
4.768850998737467 1.2901339509256547e-19
4.770156078854516 1.3113646992341445e-19
4.771461516129739 1.3321379388673665e-19
4.772767310660878 1.3493512131190176e-19
4.774073462545703 1.3662328509247407e-19
4.775379971882009 1.3866633077912897e-19
4.776686838767619 1.4079745325870357e-19
4.777994063300383 1.4292785184162334e-19
4.779301645578178 1.4486681635718267e-19
4.780609585698906 1.464811610189611e-19
4.781917883760499 1.4828563428327382e-19
4.783226539860912 1.5041361956781201e-19
4.784535554098129 1.5244033393249642e-19
4.785844926570162 1.5411210418766757e-19
4.787154657375046 1.5583920376172286e-19
4.788464746610845 1.5792013900073979e-19
4.789775194375653 1.600274381376148e-19
4.791086000767585 1.617800352869479e-19
4.792397165884786 1.634219280197638e-19
4.793708689825428 1.6541741704630035e-19
4.795020572687711 1.6754034992450757e-19
4.7963328145698565 1.6937531473448627e-19
4.797645415570118 1.7099695865618477e-19
4.798958375786777 1.7290545454790663e-19
4.800271695318138 1.750259827863035e-19
4.801585374262531 1.7694486686069915e-19
4.80289941271832 1.7856430738507767e-19
4.804213810783889 1.8038408940702288e-19
4.805528568557652 1.825022145170141e-19
4.80684368613805 1.8450674329452348e-19
4.80815916362355 1.861579989808795e-19
4.809475001112647 1.878875340695663e-19
4.8107911987038605 1.8996924457044357e-19
4.812107756495742 1.9206095584063296e-19
4.813424674586864 1.937996217766793e-19
4.814741953075829 1.9543737924415782e-19
4.816059592061267 1.97427087160379e-19
4.817377591641835 1.995401679430047e-19
4.818695951916214 2.0136777593427716e-19
4.820014672983117 2.0297957589604323e-19
4.8213337549412785 2.0487572986833495e-19
4.822653197889464 2.0698641147529506e-19
4.823973001926465 2.0909640158705786e-19
4.8252931671510995 2.1116256386719404e-19
4.826613693662214 2.128766811062245e-19
4.827934581558679 2.145284211323917e-19
4.829255830939394 2.1653111767520023e-19
4.830577441903286 2.186384399855336e-19
4.831899414549311 2.2044535477453714e-19
4.833221748976447 2.2205136272344336e-19
4.8345444452837025 2.239566924986455e-19
4.835867503570112 2.2606161886029533e-19
4.837190923934738 2.2796285532718003e-19
4.838514706476669 2.295666944269727e-19
4.839838851295021 2.313729158909698e-19
4.841163358488938 2.3347544789555836e-19
4.842488228157592 2.354727524323073e-19
4.8438134604001775 2.371193727363443e-19
4.84513905531592 2.388249636934782e-19
4.846465013004074 2.4088015858357634e-19
4.847791333563915 2.4297505825692694e-19
4.849118017094752 2.4471947839518843e-19
4.850445063695917 2.463229227732448e-19
4.851772473466771 2.4827576924889904e-19
4.853100246506702 2.503732704478563e-19
4.854428382915124 2.5221700769478344e-19
4.855756882791479 2.538133064582317e-19
4.857085746235239 2.556621810054259e-19
4.858414973345899 2.5775729204446284e-19
4.859744564222981 2.597019748320428e-19
4.8610745189660385 2.61297301592574e-19
4.862404837674649 2.633882055691471e-19
4.863735520448419 2.6637254913215073e-19
4.865066567386981 2.6966237313833263e-19
4.866397978589993 2.72754990083517e-19
4.867729754157146 2.757851664556468e-19
4.869061894188151 2.790726145483546e-19
4.870394398782754 2.8211728472296857e-19
4.871727268040719 2.8490311713554735e-19
4.873060502061847 2.878232688594129e-19
4.8743941009459615 2.910909284981003e-19
4.875728064792911 2.942394531660003e-19
4.877062393702577 2.970390493912744e-19
4.878397087774863 2.998478206761885e-19
4.879732147109703 3.0300331937603007e-19
4.881067571807058 3.0625720596898115e-19
4.882403361966915 3.0916294851398313e-19
4.883739517689291 3.1194208897377767e-19
4.885076039074226 3.149839258978873e-19
4.886412926221793 3.1826143485594935e-19
4.887750179232087 3.2127470179239787e-19
4.889087798205233 3.2405066580538234e-19
4.890425783241385 3.2697747548907096e-19
4.891764134440721 3.3025062285046816e-19
4.893102851903448 3.3337269924675647e-19
4.894441935729801 3.3614702877982074e-19
4.895781386020042 3.3895753881961705e-19
4.89712120287446 3.421135879327432e-19
4.898461386393372 3.4534597412073736e-19
4.89980193667712 3.482314159892878e-19
4.901142853826079 3.510006972601536e-19
4.902484137940648 3.5403815453035257e-19
4.903825789121251 3.573057898308038e-19
4.905167807468343 3.603037240662172e-19
4.906510193082406 3.630698349247893e-19
4.90785294606395 3.6597979511147047e-19
4.909196066513511 3.6921775356766286e-19
4.910539554531652 3.7231696729291255e-19
4.911883410218966 3.7508678994420473e-19
4.913227633676071 3.7787810141596783e-19
4.914572225003614 3.810136901744812e-19
4.91591718430227 3.8424559851153446e-19
4.917262511672739 3.871318358586324e-19
4.918608207215753 3.898912674841301e-19
4.919954271032067 3.92903355903683e-19
4.921300703222466 3.961611937258209e-19
4.922647503887763 3.9916480372379753e-19
4.923994673128795 4.01921071151363e-19
4.925342211046431 4.0480835693906805e-19
4.9266901177415665 4.0803945670544656e-19
4.9280383933151235 4.111617246507816e-19
4.92938703786805 4.139387925478351e-19
4.930736051501327 4.167000034296054e-19
4.932085434315959 4.1980419313059977e-19
4.933435186412977 4.23046604816242e-19
4.934785307893444 4.259446556426632e-19
4.936135798858446 4.2869425976057415e-19
4.937486659409101 4.3167006062868843e-19
4.938837889646552 4.349181583952106e-19
4.940189489671971 4.379384072744108e-19
4.9415414595865546 4.406848535511381e-19
4.942893799491532 4.435310636068338e-19
4.944246509488156 4.467197520548341e-19
4.945599589677709 4.498635526446107e-19
4.946953040161501 4.52663500529685e-19
4.948306861040871 4.554064474875295e-19
4.9496610524171825 4.584633510743576e-19
4.951015614391829 4.617045135716564e-19
4.952370547066231 4.646303492027425e-19
4.9537258505418365 4.673701423600916e-19
4.955081524920124 4.702937898907358e-19
4.956437570302596 4.735322156258509e-19
4.957793986790783 4.765850024293249e-19
4.959150774486247 4.797440978563147e-19
4.960507933490575 4.8358665492117525e-19
4.961865463905381 4.876896968336721e-19
4.963223365832309 4.92028159623495e-19
4.964581639373029 4.966289029819108e-19
4.965940284629241 5.00991800176589e-19
4.967299301702669 5.05090119245422e-19
4.9686586906950705 5.092904152442964e-19
4.970018451708227 5.138311242334369e-19
4.971378584843947 5.183231302159568e-19
4.972739090204069 5.22599309352781e-19
4.974099967890458 5.271600600401013e-19
4.975461218005011 5.316251178961604e-19
4.976822840649644 5.357478829950014e-19
4.978184835926311 5.398376422696968e-19
4.979547203936988 5.442568096208281e-19
4.980909944783679 5.488438217609742e-19
4.98227305856842 5.5309940026024e-19
4.98363654539327 5.57184445116547e-19
4.985000405360317 5.614605719518917e-19
4.98636463857168 5.660435386554332e-19
4.987729245129503 5.704327899506723e-19
4.989094225135959 5.74513124243857e-19
4.990459578693249 5.786453702530013e-19
4.9918253059036015 5.831162751869408e-19
4.993191406869274 5.876406041742424e-19
4.994557881692549 5.918242606457267e-19
4.995924730475741 5.958993616197619e-19
4.997291953321191 6.002238695091086e-19
4.998659550331267 6.047966141232601e-19
5.000027521608365 6.09117603092724e-19
5.001395867254912 6.13188000008611e-19
5.002764587373359 6.173650030104776e-19
5.004133682066187 6.218801289368624e-19
5.005503151435905 6.263395600456763e-19
5.00687299558505 6.304588667098473e-19
5.008243214616188 6.3452403414934e-19
5.0096138086319115 6.388894159055986e-19
5.010984777734841 6.434519839231518e-19
5.012356122027626 6.477122385623212e-19
5.013727841612942 6.517727085616398e-19
5.015099936593498 6.559870059539325e-19
5.016472407072026 6.605388530887623e-19
5.017845253151288 6.649409050859073e-19
5.019218474934071 6.690034179892294e-19
5.020592072523195 6.73065801154597e-19
5.021966046021509 6.774645665031797e-19
5.023340395531882 6.82009865137715e-19
5.02471512115722 6.862167986303662e-19
5.026090223000452 6.902673524036972e-19
5.027465701164536 6.945115971361981e-19
5.028841555752459 6.990600744054738e-19
5.030217786867238 7.034122494991948e-19
5.031594394611914 7.0745811661385595e-19
5.03297137908956 7.115470394150908e-19
5.034348740403273 7.159717152116934e-19
5.035726478656185 7.204704776640638e-19
5.037104593951448 7.246315164773512e-19
5.038483086392249 7.286721649464823e-19
5.039861956081799 7.329389974298927e-19
5.04124120312334 7.374774149840635e-19
5.042620827620139 7.417871986084135e-19
5.044000829675496 7.45809097985026e-19
5.045381209392735 7.498821524583873e-19
5.046761966875209 7.543043433182844e-19
5.048143102226302 7.587690356633197e-19
5.049524615549424 7.6289671074808465e-19
5.050906506948012 7.669274566693028e-19
5.052288776525534 7.712044224962797e-19
5.053671424385486 7.7573284331590015e-19
5.055054450631392 7.800126955369449e-19
5.056437855366803 7.840387687504657e-19
5.057821638695299 7.88153551387125e-19
5.059205800720489 7.926026884569472e-19
5.060590341546011 7.975560840969403e-19
5.0619752612755295 8.028434276073491e-19
5.063360560012738 8.08204578566608e-19
5.064746237861359 8.138290871027039e-19
5.066132294925143 8.196870277109577e-19
5.067518731307869 8.252785988623622e-19
5.068905547113344 8.30902934004303e-19
5.070292742445405 8.367564596786222e-19
5.071680317407914 8.423394296570177e-19
5.073068272104765 8.4796276913050415e-19
5.0744566066398775 8.538118869632286e-19
5.075845321117203 8.593870815276491e-19
5.077234415640719 8.650086037325353e-19
5.078623890314432 8.708533208365246e-19
5.080013745242375 8.764215650952759e-19
5.081403980528612 8.820404491083141e-19
5.082794596277236 8.878807726169621e-19
5.084185592592366 8.934428910249041e-19
5.085576969578151 8.987802890588783e-19
5.086968727338768 9.0422772684827e-19
5.088360865978424 9.100074537788251e-19
5.089753385601352 9.15728972486965e-19
5.091146286311814 9.212269750125403e-19
5.092539568214105 9.270018769570347e-19
5.0939332314125405 9.327191918254582e-19
5.09532727601147 9.38212275770553e-19
5.096721702115271 9.439815340848192e-19
5.098116509828351 9.496954671472974e-19
5.099511699255142 9.55183640629827e-19
5.100907270500107 9.6094643735924e-19
5.102303223667737 9.66657809983856e-19
5.1036995588625516 9.721410811450296e-19
5.105096276189101 9.778965990272908e-19
5.10649337575196 9.836062319136924e-19
5.107890857655736 9.890846089180659e-19
5.109288722005061 9.948320313860156e-19
5.110686968904602 1.0013397484971083e-18
5.112085598459048 1.0084114126925785e-18
5.113484610773119 1.0152808297584379e-18
5.114884005951565 1.01929909815883e-18
5.116283784099162 1.02093089068994e-18
5.117683945320717 1.0251763973493627e-18
5.119084489721066 1.0318044226155103e-18
5.120485417405073 1.038430804565842e-18
5.121886728477628 1.0450556403658062e-18
5.123288423043654 1.05167821077296e-18
5.124690501208098 1.0582991913184143e-18
5.126092963075943 1.0649185726945734e-18
5.127495808752193 1.0691138403930674e-18
5.128899038341883 1.0707294287356912e-18
5.13030265195008 1.0747652082785662e-18
5.131706649681878 1.0813768760822873e-18
5.133111031642397 1.0879870814503223e-18
5.134515797936789 1.0945955611169018e-18
5.135920948670234 1.1012017812062133e-18
5.137326483947939 1.1078066128541367e-18
5.138732403875144 1.1144096452650063e-18
5.140138708557112 1.1210104200515039e-18
5.14154539809914 1.127155182640413e-18
5.1429524726065505 1.13e-18
5.144359932184698 1.1320500365300355e-18
5.145767776938962 1.1373969188213639e-18
5.147176006974754 1.1439890639943426e-18
5.148584622397513 1.1505789554704179e-18
5.149993623312705 1.1571677217478502e-18
5.151403009825828 1.1637544269688852e-18
5.152812782042409 1.1703388804676018e-18
5.154222940068 1.1768154014791634e-18
5.155633484008188 1.18e-18
5.157044413968581 1.181685926820359e-18
5.158455730054824 1.1866606778149646e-18
5.159867432372585 1.1932365105419273e-18
5.161279521027564 1.199810116521777e-18
5.162691996125487 1.206382763798513e-18
5.164104857772114 1.212953164013755e-18
5.16551810607323 1.2195214563431017e-18
5.166931741134648 1.2260886716183518e-18
5.168345763062213 1.232653641832412e-18
5.169760171961799 1.2392166299651613e-18
5.171174967939304 1.2457784157574411e-18
5.172590151100663 1.2523379584961357e-18
5.174005721551834 1.258895651912799e-18
5.175421679398804 1.2654520107559261e-18
5.176838024747593 1.2720061285603836e-18
5.178254757704247 1.2785585367681244e-18
5.179671878374842 1.285109471211239e-18
5.181089386865482 1.291658166637924e-18
5.182507283282301 1.2982052991705991e-18
5.183925567731462 1.3047508117781967e-18
5.185344240319157 1.3112940873989439e-18
5.186763301151607 1.31783047286225e-18
5.188182750335061 1.3243327018346543e-18
5.1896025879758 1.3308260448193075e-18
5.191022814180131 1.3373505372260645e-18
5.192443429054391 1.3438852010642738e-18
5.193864432704947 1.3504176320162608e-18
5.195285825238194 1.3569490240654744e-18
5.196707606760556 1.3634782738894021e-18
5.1981297773784885 1.3700052928788033e-18
5.199552337198474 1.376531361425752e-18
5.200975286327024 1.3830551998616917e-18
5.202398624870678 1.3895768958223802e-18
5.20382235293601 1.3960975535600598e-18
5.205246470629617 1.4026159832497975e-18
5.206670978058127 1.409132455806035e-18
5.208095875328199 1.4156477053843608e-18
5.20952116254652 1.4221607289852196e-18
5.2109468398198056 1.4286719878468556e-18
5.212372907254802 1.4351818319312973e-18
5.213799364958284 1.4416894521161705e-18
5.215226213037054 1.4481955070200832e-18
5.2166534515979475 1.4546999482916948e-18
5.218081080747824 1.461202167749063e-18
5.219509100593577 1.4677030284591939e-18
5.220937511242127 1.4742020696146333e-18
5.222366312800423 1.4806988910486064e-18
5.223795505375446 1.4871945673560152e-18
5.225225089074204 1.4936882111075875e-18
5.226655064003733 1.5001796372379294e-18
5.228085430271104 1.5066701031852043e-18
5.2295161879834104 1.5131583522608869e-18
5.230947337247778 1.5196444215986697e-18
5.232378878171363 1.5261294935019897e-18
5.233810810861351 1.5326123506454612e-18
5.235243135424954 1.5390932594710894e-18
5.236675851969415 1.545572940082375e-18
5.238108960602008 1.554694641944302e-18
5.239542461430034 1.566170400145428e-18
5.2409763545608214 1.5750004583410822e-18
5.2424106401017365 1.5814725399141188e-18
5.243845318160165 1.587943157405717e-18
5.245280388843528 1.5944120637517084e-18
5.246715852259274 1.6008787617180831e-18
5.2481517085148806 1.6073442484424847e-18
5.249587957717855 1.6138077718468072e-18
5.251024599975735 1.6202690890133035e-18
5.252461635396086 1.626729437756882e-18
5.2538990640865055 1.6331875810346378e-18
5.255336886154618 1.6396435374072632e-18
5.256775101708078 1.6460985067018318e-18
5.25821371085457 1.6525512726839874e-18
5.259652713701808 1.659002122566642e-18
5.2610921103575325 1.665451715251501e-18
5.26253190092952 1.6718991067849242e-18
5.263972085525571 1.6783448602174319e-18
5.265412664253516 1.684789079147802e-18
5.266853637221217 1.6912310990952896e-18
5.268295004536567 1.6976717661450343e-18
5.2697367663074814 1.7041106141920887e-18
5.271178922641914 1.7105472654324063e-18
5.272621473647842 1.7169828561943823e-18
5.274064419433275 1.723416336245274e-18
5.275507760106251 1.729847621673175e-18
5.276951495774838 1.7362779304594442e-18
5.278395626547134 1.742706045417332e-18
5.279840152531265 1.749132183754184e-18
5.281285073835388 1.755557128171163e-18
5.282730390567691 1.7619798809552473e-18
5.284176102836389 1.769206640003862e-18
5.285622210749725 1.779641101294291e-18
5.287068714415978 1.7902528225077957e-18
5.288515613943449 1.7976539894823554e-18
5.289962909440476 1.804068213959752e-18
5.291410601015421 1.8104802512181473e-18
5.292858688776678 1.8168912653020977e-18
5.294307172832671 1.823300134241408e-18
5.295756053291852 1.8297068181801597e-18
5.297205330262704 1.836112518744644e-18
5.298655003853739 1.8425160351218566e-18
5.3001050741735005 1.8489176612874382e-18
5.3015555413305595 1.855318010051735e-18
5.303006405433518 1.8641735001988672e-18
5.304457666591007 1.8755701201488348e-18
5.305909324911686 1.884507796773797e-18
5.307361380504248 1.890900617019563e-18
5.308813833477412 1.8972922410742324e-18
5.310266683939927 1.9036818952564423e-18
5.311719932000576 1.9100693719653057e-18
5.313173577768168 1.916455860043512e-18
5.3146276213515415 1.9228401714763235e-18
5.316082062859565 1.929222458118698e-18
5.31753690240114 1.935603604239384e-18
5.318992140085195 1.9445682703228797e-18
5.320447776020686 1.955945586313442e-18
5.321903810316604 1.9647356991840464e-18
5.323360243081967 1.9711093342827904e-18
5.324817074425822 1.9774816900415597e-18
5.3262743044572485 1.9838521614376955e-18
5.327731933285355 1.9902204629844496e-18
5.329189961019276 1.9965877706529178e-18
5.330648387768182 2.0029529093147296e-18
5.33210721364127 2.009315978714742e-18
5.333566438747766 2.015677954470983e-18
5.3350260631969295 2.024646253715869e-18
5.336486087098045 2.0360043883824627e-18
5.337946510560433 2.044752545132047e-18
5.339407333693437 2.0510858116903035e-18
5.340868556606435 2.057389041156487e-18
5.342330179408835 2.063711570076097e-18
5.343792202210073 2.0700607176195715e-18
5.345254625119615 2.0764088660429305e-18
5.346717448246959 2.082754853216252e-18
5.348180671701631 2.089098860447129e-18
5.349644295593188 2.0954416872452526e-18
5.351108320031216 2.1042583820610336e-18
5.352572745125331 2.115597490906726e-18
5.354037570985181 2.124458972298696e-18
5.355502797720442 2.1307943240289233e-18
5.356968425440822 2.1371285451107265e-18
5.358434454256056 2.1434607381970185e-18
5.359900884275911 2.1497907769950815e-18
5.361367715610182 2.156119811443584e-18
5.3628349483686995 2.1624466924764366e-18
5.364302582661318 2.168771731076607e-18
5.365770618597924 2.175095454354905e-18
5.367239056288437 2.1837056536233996e-18
5.3687078958428 2.1950258304726454e-18
5.370177137370993 2.2040556187480454e-18
5.371646780983022 2.2103718853621247e-18
5.373116826788927 2.2166871438576462e-18
5.374587274898772 2.2230002545099385e-18
5.376058125422656 2.229311286117597e-18
5.377529378470706 2.2356212408300504e-18
5.379001034153081 2.241929050059939e-18
5.380473092579968 2.2482352461158413e-18
5.381945553861586 2.2545399003200032e-18
5.3834184181081834 2.262839026877224e-18
5.384891685430038 2.2741403981774015e-18
5.386365355937457 2.2834431396977764e-18
5.387839429740781 2.289740355947734e-18
5.389313906950379 2.2960365588656696e-18
5.390788787676652 2.3023306219446554e-18
5.3922640720300254 2.3086229011220138e-18
5.393739760120962 2.3149138110678887e-18
5.39521585205995 2.3212025835635992e-18
5.396692347957511 2.327490064444962e-18
5.398169247924194 2.333775684752798e-18
5.39964655207058 2.3416594926611933e-18
5.401124260507281 2.352683276343832e-18
5.402602373344937 2.3623632877105716e-18
5.404080890694219 2.3689003988838773e-18
5.40555981266583 2.3751775817201404e-18
5.407039139370502 2.3814526328215002e-18
5.408518870918996 2.3877262878646115e-18
5.4099990074221065 2.393998188749192e-18
5.411479548990654 2.4002679603159543e-18
5.4129604957354935 2.40653671103997e-18
5.41444184776751 2.4157712218139217e-18
5.415923605197614 2.4270358608912603e-18
5.417405768136753 2.4353314455911067e-18
5.4188883366959 2.441592792770351e-18
5.420371310986059 2.447852687036287e-18
5.421854691118269 2.4541108860263478e-18
5.423338477203593 2.4603669614859362e-18
5.424822669353127 2.466622012354596e-18
5.426307267678 2.472874940624177e-18
5.427792272289366 2.4802514552934417e-18
5.429277683298416 2.490751277187125e-18
5.430763500816365 2.500873340338098e-18
5.432249724954463 2.5078694986288664e-18
5.433736355823987 2.5141140135269474e-18
5.435223393536248 2.520356410733901e-18
5.436710838202584 2.5265977796066347e-18
5.438198689934367 2.532837031730697e-18
5.439686948842997 2.5390742921260102e-18
5.441175615039905 2.5453103992512505e-18
5.442664688636551 2.5515443920983224e-18
5.444154169744429 2.5582235279834883e-18
5.445644058475063 2.568015621619124e-18
5.447134354940002 2.578797792645639e-18
5.448625059250833 2.5864642529056076e-18
5.45011617151917 2.592689847071384e-18
5.451607691856656 2.598913517368468e-18
5.453099620374967 2.605135968711515e-18
5.45459195718581 2.6113563116997496e-18
5.456084702400922 2.617575318837239e-18
5.457577856132066 2.6237925200612375e-18
5.459071418491044 2.6315650665866297e-18
5.460565389589682 2.642443349984764e-18
5.46205976953984 2.6520978534997624e-18
5.463554558453406 2.65864377667507e-18
5.465049756442301 2.664852590757959e-18
5.466545363618476 2.6710593024620014e-18
5.468041380093911 2.6772648139136988e-18
5.46953780598062 2.6834683861102525e-18
5.471034641390643 2.6896698584480553e-18
5.472531886436055 2.69587029125182e-18
5.474029541228959 2.7046521627950012e-18
5.47552760588149 2.715848853821646e-18
5.477026080505815 2.7244605118231264e-18
5.4785249652141275 2.7306536110967704e-18
5.480024260118656 2.7368456685449442e-18
5.481523965331656 2.7430356306258984e-18
5.483024080965416 2.7492235247106558e-18
5.484524607132258 2.75541034972554e-18
5.486025543944528 2.7615950819186472e-18
5.487526891514609 2.768213352539301e-18
5.489028649954909 2.777919962002557e-18
5.490530819377872 2.7886645001964403e-18
5.492033399895971 2.7963179474109506e-18
5.493536391621708 2.8024943185690452e-18
5.495039794667617 2.808668864647507e-18
5.496543609146266 2.8148421011246986e-18
5.498047835170247 2.8210132508943363e-18
5.499552472852189 2.8271819058717187e-18
5.50105752230475 2.8333180546412278e-18
5.502562983640615 2.8406853328707014e-18
5.504068856972507 2.8511641187503256e-18
5.505575142413173 2.8610769008353507e-18
5.507081840075395 2.8679061495217376e-18
5.508588950071985 2.8740658066901806e-18
5.5100964725157855 2.8802233833402757e-18
5.511604407519671 2.886379908443509e-18
5.513112755196543 2.8925343540407975e-18
5.5146215156593374 2.8986869626071334e-18
5.516130689021024 2.9048382773095506e-18
5.517640275394596 2.9109875151064095e-18
5.5191502748930805 2.9171356057349827e-18
5.52066068762954 2.9232817138166687e-18
5.522171513717064 2.9294257476015213e-18
5.523682753268771 2.9355687261332616e-18
5.525194406397813 2.941709631392028e-18
5.526706473217375 2.947849070799662e-18
5.5282189538406685 2.953986847702439e-18
5.529731848380939 2.960122553953859e-18
5.531245156951461 2.9662572026731923e-18
5.532758879665543 2.9723897817719912e-18
5.534273016636523 2.9785205942163557e-18
5.535787567977768 2.9846500463399596e-18
5.537302533802679 2.9926977741369345e-18
5.538817914224685 3.0038075136117918e-18
5.54033370935725 3.0130114303325556e-18
5.541849919313866 3.0191502260375173e-18
5.543366544208056 3.025271359844935e-18
5.544883584153375 3.031390430351671e-18
5.54640103926341 3.037508184994378e-18
5.547918909651779 3.043624131160482e-18
5.549437195432128 3.0497380166818474e-18
5.550955896718138 3.055850838699497e-18
5.5524750136235195 3.061961601121786e-18
5.553994546262015 3.0680707948212076e-18
5.555514494747392 3.0741784343415267e-18
5.557034859193459 3.080284016935446e-18
5.558555639714051 3.0863885337534116e-18
5.560076836423033 3.0924909947013762e-18
5.561598449434302 3.0985916521277728e-18
5.563120478861787 3.1046909916343326e-18
5.564642924819448 3.110788277952914e-18
5.566165787421275 3.116884496225122e-18
5.5676890667812895 3.1229786623728047e-18
5.569212763013546 3.1290708083102887e-18
5.570736876232129 3.135161854499082e-18
5.572261406551153 3.1412508512584733e-18
5.573786354084767 3.1473386056899654e-18
5.575311718947146 3.1534244837755156e-18
5.5768375012525 3.1607833517795414e-18
5.578363701115073 3.1711821495330016e-18
5.579890318649134 3.1809878268693373e-18
5.581417353968987 3.1877510740228452e-18
5.582944807188965 3.1938286708487318e-18
5.584472678423436 3.1999042247407786e-18
5.586000967786795 3.205978704638987e-18
5.587529675393471 3.2120511426856038e-18
5.589058801357925 3.2181219838925306e-18
5.5905883457946475 3.224191306325748e-18
5.592118308818158 3.2302585896373447e-18
5.593648690543013 3.236324796691714e-18
5.595179491083798 3.2423889657138553e-18
5.5967107105551275 3.2484513880538166e-18
5.598242349071651 3.254512443026075e-18
5.599774406748045 3.260571462709302e-18
5.6013068836990225 3.2666294038738115e-18
5.602839780039323 3.2726853108458136e-18
5.604373095883722 3.278739339635942e-18
5.605906831347024 3.2847921341438977e-18
5.607440986544065 3.2908428972158094e-18
5.60897556158971 3.2968925795094374e-18
5.610510556598861 3.302940231470724e-18
5.612045971686448 3.3089858921437382e-18
5.6135818069674315 3.315030433249175e-18
5.615118062556806 3.3210729467920315e-18
5.616654738569596 3.327114316132424e-18
5.618191835120857 3.3331537201876668e-18
5.6197293523256775 3.3402959500253052e-18
5.621267290299178 3.350454788577571e-18
5.622805649156506 3.3603842091724475e-18
5.6243444290128455 3.367294710078393e-18
5.625883629983413 3.373325873397765e-18
5.62742325218345 3.3793550158402888e-18
5.6289632957282345 3.385383071587659e-18
5.630503760733076 3.391409107580995e-18
5.632044647313313 3.397433853237011e-18
5.6335859555843175 3.4034567830563545e-18
5.635127685661493 3.4094776959268093e-18
5.636669837660274 3.415497519849947e-18
5.638212411696126 3.4215153279542506e-18
5.639755407884549 3.4275318004949445e-18
5.641298826341071 3.4335465041160072e-18
5.642842667181252 3.438276511046621e-18
5.644386930520687 3.44e-18
5.645931616474998 3.4422922712505867e-18
5.647476725159844 3.4475886071197408e-18
5.649022256690911 3.4535950919103674e-18
5.650568211183916 3.4595995676701046e-18
5.652114588754614 3.4656029499842252e-18
5.653661389518787 3.471604324412068e-18
5.655208613592246 3.4776043287609595e-18
5.65675626109084 3.4836026021553125e-18
5.658304332130447 3.489598870508942e-18
5.659852826826976 3.4955940431708506e-18
5.6614017452963665 3.501587211943942e-18
5.662951087654594 3.507291579830947e-18
5.664500854017661 3.51e-18
5.666051044501604 3.511275510089455e-18
5.667601659222493 3.515544129952453e-18
5.669152698296426 3.521529100615263e-18
5.670704161839536 3.527510242832762e-18
5.672256049967986 3.533459998798051e-18
5.6738083627979705 3.539392385576696e-18
5.675361100445718 3.545353263244155e-18
5.676914263027486 3.551330034467133e-18
5.678467850659565 3.557305570253156e-18
5.680021863458281 3.563279245809247e-18
5.681576301539984 3.569250928443046e-18
5.683131165021061 3.575221508656804e-18
5.684686454017933 3.57910317585197e-18
5.686242168647047 3.580070596257843e-18
5.687798309024885 3.5831230121550224e-18
5.689354875267961 3.589086517933581e-18
5.690911867492821 3.595048919054358e-18
5.692469285816042 3.601009332508173e-18
5.6940271303542325 3.606968640457943e-18
5.695585401224037 3.612925961924716e-18
5.697144098542125 3.618881322397018e-18
5.698703222425203 3.624835552217094e-18
5.700262772990008 3.6307877984726725e-18
5.70182275035331 3.636738936989103e-18
5.703383154631908 3.6426880931324e-18
5.704943985942635 3.648635399935606e-18
5.706505244402358 3.654581466314941e-18
5.708066930127972 3.658776954218239e-18
5.709629043236406 3.66e-18
5.711191583844622 3.662689597759419e-18
5.712754552069611 3.668348809042175e-18
5.714317948028398 3.674286719908573e-18
5.715881771838043 3.680222655478911e-18
5.717446023615633 3.6861574788464e-18
5.719010703478286 3.6920903281241136e-18
5.72057581154316 3.698021608601294e-18
5.722141347927437 3.703951371950662e-18
5.723707312748335 3.70987916417008e-18
5.725273706123103 3.715805841958072e-18
5.726840528169022 3.721730549829894e-18
5.7284077790034065 3.727346112561728e-18
5.729975458743601 3.73e-18
5.731543567506984 3.7312274022827646e-18
5.7331121054109655 3.735413679037273e-18
5.734681072572986 3.741330253612316e-18
5.736250469110519 3.7472456165812686e-18
5.7378202951410735 3.753159109157671e-18
5.739390550782186 3.759070639000432e-18
5.740961236151427 3.764981049961282e-18
5.742532351366399 3.770889499417298e-18
5.744103896544738 3.776796829148406e-18
5.74567587180411 3.782702198606123e-18
5.747248277262215 3.788605725152706e-18
5.748821113036783 3.794508015003298e-18
5.750394379245579 3.798729278330549e-18
5.751968076006399 3.8e-18
5.753542203437071 3.802576323865778e-18
5.755116761655455 3.8081004577991305e-18
5.756691750779444 3.813994634833632e-18
5.7582671709269615 3.819886858860556e-18
5.759843022215968 3.8257779587222014e-18
5.76141930476445 3.831667106822852e-18
5.76299601869043 3.83755489793909e-18
5.764573164111962 3.84344097052091e-18
5.7661507411471336 3.849325094376151e-18
5.767728749914061 3.855208091849345e-18
5.7693071905308955 3.859074576115941e-18
5.7708860631158245 3.86e-18
5.77246536778706 3.862892542296202e-18
5.77404510466285 3.8678925422962025e-18
5.7756252738614755 3.87e-18
5.7772058755012505 3.871703533754576e-18
5.778786909700519 3.8763428105347086e-18
5.780368376577657 3.882212699579415e-18
5.781950276251079 3.887573422799282e-18
5.783532608839222 3.89e-18
5.785115374460564 3.89137244119175e-18
5.786698573233611 3.895676429785396e-18
5.788282205276903 3.899303988593646e-18
5.789866270709011 3.900164512464984e-18
5.7914507696485416 3.9032575050846544e-18
5.793035702214131 3.909114311936457e-18
5.794621068524448 3.9149699849304375e-18
5.796206868698192 3.918948665613651e-18
5.7977931028541025 3.92e-18
5.799379771110945 3.9227257323006415e-18
5.800966873587516 3.927725732300642e-18
5.8025544104026485 3.93e-18
5.804142381675209 3.931495877810735e-18
5.805730787524093 3.935913758437171e-18
5.807319628068228 3.941756372218932e-18
5.80890890342658 3.947338491592497e-18
5.810498613718142 3.95e-18
5.812088759061938 3.951096739127032e-18
5.813679339577032 3.955111266824087e-18
5.815270355382515 3.959014527697055e-18
5.816861806597512 3.96e-18
5.818453693341178 3.962762803742526e-18
5.820046015732707 3.9684404787552046e-18
5.82163877389132 3.9742689188967545e-18
5.823231967936271 3.978591243884075e-18
5.82482559798685 3.98e-18
5.826419664162376 3.9823276584338755e-18
5.828014166582204 3.987327658433877e-18
5.829609105365718 3.99e-18
5.831204480632339 3.991057206319422e-18
5.832800292501516 3.995022612023211e-18
5.834396541092733 4.000838043475773e-18
5.83599322652551 4.006652329747417e-18
5.837590348919393 4.009779691975432e-18
5.839187908393964 4.01059036426126e-18
5.84078590506884 4.014084695132992e-18
5.842384339063668 4.018494330871731e-18
5.843983210498127 4.02e-18
5.84558251949193 4.022202129790132e-18
5.847182266164825 4.027305832729883e-18
5.848782450636589 4.033107134292177e-18
5.850383073027033 4.038003431352426e-18
5.8519841334560025 4.04e-18
5.853585632043375 4.0416826119682475e-18
5.855187568909058 4.0462339514158114e-18
5.856789944172995 4.049551339447564e-18
5.858392757955161 4.05033866989312e-18
5.859996010375565 4.053571645465925e-18
5.861599701554248 4.059359982736671e-18
5.863203831611284 4.06514716741169e-18
5.864808400666781 4.0690201602478245e-18
5.8664134088408755 4.07e-18
5.868018856253743 4.072694534445649e-18
5.869624743025588 4.077694534445648e-18
5.8712310692766465 4.08e-18
5.872837835127192 4.081362124742913e-18
5.87444504069753 4.0856119935613955e-18
5.876052686107997 4.091386246157074e-18
5.8776607714789595 4.097136377338592e-18
5.879269296930822 4.1e-18
5.880878262584025 4.100792262465227e-18
5.8824876685590315 4.1044680080388226e-18
5.884097514976346 4.1086757455735946e-18
5.885707801956503 4.11e-18
5.887318529620071 4.112321769724551e-18
5.888929698087649 4.117524511749206e-18
5.890541307479872 4.123284700810677e-18
5.892153357917406 4.128081958786022e-18
5.8937658495209515 4.13e-18
5.895378782411241 4.131716316167781e-18
5.896992156709041 4.136309526636934e-18
5.898605972535149 4.139593210469154e-18
5.900220230010399 4.14034394663028e-18
5.901834929255655 4.143561675312597e-18
5.903450070391816 4.148217728682317e-18
5.905065653539811 4.15e-18
5.906681678820607 4.15e-18
5.9082981463552 4.15e-18
5.90991505626462 4.152576765940231e-18
5.911532408669931 4.1575767659402314e-18
5.913150203692232 4.16e-18
5.914768441452651 4.16e-18
5.91638712207235 4.16e-18
5.918006245672527 4.16e-18
5.919625812374411 4.16e-18
5.921245822299264 4.162646511883411e-18
5.922866275568383 4.167646511883411e-18
5.924487172303095 4.17e-18
5.926108512624766 4.17e-18
5.927730296654787 4.17e-18
5.92935252451459 4.17e-18
5.930975196325633 4.17e-18
5.932598312209414 4.172677852283624e-18
5.934221872287463 4.177677852283624e-18
5.935845876681336 4.18e-18
5.937470325512633 4.18e-18
5.939095218902979 4.18e-18
5.940720556974038 4.18e-18
5.942346339847504 4.18e-18
5.943972567645103 4.1826708599387705e-18
5.945599240488598 4.187670859938771e-18
5.947226358499784 4.19e-18
5.948853921800488 4.19e-18
5.950481930512571 4.19e-18
5.95211038475793 4.19e-18
5.95373928465849 4.19e-18
5.955368630336213 4.192625608348518e-18
5.956998421913096 4.1976256083485175e-18
5.958628659511167 4.2e-18
5.960259343252485 4.2e-18
5.961890473259145 4.2e-18
5.963522049653278 4.2e-18
5.965154072557045 4.2e-18
5.96678654209264 4.2e-18
5.968419458382291 4.20038471296985e-18
5.970052821548264 4.203610379033409e-18
5.971686631712851 4.208225666063559e-18
5.973320888998382 4.21e-18
5.97495559352722 4.21e-18
5.97659074542176 4.21e-18
5.9782263448044315 4.21e-18
5.979862391797699 4.210257781391595e-18
5.98149888652406 4.213351007787378e-18
5.98313582910604 4.218093226395782e-18
5.984773219666206 4.22e-18
5.986411058327155 4.22e-18
5.988049345211517 4.22e-18
5.989688080441956 4.22e-18
5.991327264141171 4.220092842125219e-18
5.992966896431892 4.2230156107636245e-18
5.994606977436884 4.2279227686384056e-18
5.996247507278946 4.23e-18
5.997888486080912 4.23e-18
5.999529913965644 4.23e-18
6.001171791056044 4.23e-18
6.002814117475046 4.23e-18
6.004456893345614 4.232714369312049e-18
6.006100118790749 4.2377143693120485e-18
6.007743793933486 4.24e-18
6.009387918896893 4.24e-18
6.01103249380407 4.24e-18
6.012677518778152 4.24e-18
6.014322993942309 4.24e-18
6.015968919419743 4.242468105654818e-18
6.017615295333689 4.247468105654818e-18
6.019262121807419 4.25e-18
6.0209093989642355 4.25e-18
6.022557126927476 4.25e-18
6.024205305820509 4.25e-18
6.025853935766745 4.25e-18
6.027503016889618 4.2521840556253254e-18
6.029152549312602 4.2571821900038916e-18
6.0308025331592034 4.259998134378566e-18
6.032452968552962 4.26e-18
6.034103855617452 4.26e-18
6.0357551944762795 4.26e-18
6.037406985253089 4.26e-18
6.039059228071554 4.26e-18
6.040711923055381 4.26e-18
6.042365070328318 4.262477685275972e-18
6.04401867001414 4.267477685275972e-18
6.045672722236656 4.27e-18
6.047327227119712 4.27e-18
6.048982184787187 4.27e-18
6.050637595362993 4.27e-18
6.052293458971075 4.27e-18
6.053949775735416 4.27e-18
6.055606545780028 4.27e-18
6.05726376922896 4.27e-18
6.058921446206295 4.27e-18
6.0605795768361475 4.27e-18
6.062238161242668 4.27e-18
6.0638971995500395 4.27e-18
6.065556691882483 4.268350185224322e-18
6.067216638364247 4.263904239978703e-18
6.068877039119618 4.2605540547543805e-18
6.070537894272919 4.26e-18
6.0721992039485 4.26e-18
6.073860968270752 4.26e-18
6.075523187364096 4.26e-18
6.077185861352989 4.26e-18
6.0788489903619185 4.26e-18
6.08051257451541 4.26e-18
6.0821766139380244 4.26e-18
6.083841108754351 4.26e-18
6.085506059089018 4.26e-18
6.087171465066685 4.26e-18
6.0888373268120475 4.26e-18
6.090503644449833 4.26e-18
6.092170418104806 4.26e-18
6.093837647901763 4.26e-18
6.095505333965537 4.26e-18
6.09717347642099 4.26e-18
6.098842075393025 4.26e-18
6.100511131006574 4.25979765370582e-18
6.102180643386605 4.256815993124335e-18
6.103850612658119 4.252018339418515e-18
6.105521038946156 4.25e-18
6.107191922375785 4.25e-18
6.108863263072109 4.25e-18
6.1105350611602685 4.25e-18
6.1122073167654385 4.25e-18
6.113880030012823 4.25e-18
6.115553201027666 4.25e-18
6.117226829935245 4.25e-18
6.118900916860868 4.25e-18
6.12057546192988 4.25e-18
6.12225046526766 4.25e-18
6.123925926999624 4.25e-18
6.125601847251216 4.25e-18
6.12727822614792 4.25e-18
6.128955063815253 4.25e-18
6.130632360378763 4.25e-18
6.132310115964035 4.25e-18
6.133988330696692 4.25e-18
6.135667004702386 4.25e-18
6.137346138106804 4.25e-18
6.1390257310356695 4.25e-18
6.140705783614741 4.2482921361738875e-18
6.142386295969806 4.243822334444558e-18
6.144067268226692 4.2405301982706705e-18
6.1457487005112625 4.24e-18
6.147430592949409 4.24e-18
6.149112945667059 4.24e-18
6.15079575879018 4.24e-18
6.152479032444767 4.24e-18
6.154162766756855 4.24e-18
6.155846961852509 4.24e-18
6.157531617857832 4.24e-18
6.159216734898959 4.24e-18
6.160902313102062 4.24e-18
6.162588352593344 4.24e-18
6.164274853499046 4.24e-18
6.165961815945443 4.24e-18
6.167649240058842 4.24e-18
6.169337125965587 4.24e-18
6.171025473792056 4.24e-18
6.172714283664661 4.24e-18
6.1744035557098496 4.24e-18
6.176093290054103 4.24e-18
6.177783486823939 4.237710871450482e-18
6.179474146145906 4.232710871450482e-18
6.181165268146592 4.23e-18
6.182856852952616 4.23e-18
6.184548900690632 4.23e-18
6.186241411487331 4.23e-18
6.187934385469437 4.23e-18
6.189627822763708 4.23e-18
6.191321723496937 4.23e-18
6.193016087795955 4.23e-18
6.1947109157876215 4.23e-18
6.1964062075988355 4.23e-18
6.19810196335653 4.23e-18
6.199798183187674 4.23e-18
6.201494867219266 4.2293482318286725e-18
6.203192015578342 4.225962181535607e-18
6.204889628391978 4.221613949706935e-18
6.206587705787276 4.22e-18
6.208286247891378 4.2184147973890416e-18
6.2099852548314605 4.214097793881792e-18
6.211684726734734 4.21068299649275e-18
6.2133846637284424 4.21e-18
6.215085065939867 4.21e-18
6.216785933496325 4.2097640696272975e-18
6.2184872665251625 4.206800812624777e-18
6.2201890651537655 4.202036742997479e-18
6.221891329509555 4.2e-18
6.223594059719986 4.198857599349945e-18
6.225297255912542 4.194990360674734e-18
6.227000918214755 4.191132761324788e-18
6.228705046754181 4.19e-18
6.23040964165841 4.187962894580898e-18
6.2321147030550765 4.1832034429611396e-18
6.233820231071842 4.180240548380241e-18
6.235526225836407 4.18e-18
6.237232687476503 4.18e-18
6.2389396161199 4.179360740736497e-18
6.240647011894401 4.1760036228319174e-18
6.242354874927845 4.17164288209542e-18
6.244063205348105 4.17e-18
6.245772003283093 4.168492919148245e-18
6.2474812688607475 4.164270478836973e-18
6.24919100220905 4.160777559688729e-18
6.2509012034560145 4.16e-18
6.252611872729689 4.157636834587812e-18
6.254323010158156 4.1526368345878114e-18
6.256034615869536 4.15e-18
6.2577466899919845 4.15e-18
6.259459232653687 4.15e-18
6.261172243982868 4.149133038632977e-18
6.2628857241077895 4.145557748360363e-18
6.264599673156743 4.141424709727387e-18
6.266314091258058 4.14e-18
6.2680289785401 4.1383037630559206e-18
6.269744335131268 4.1339017069366066e-18
6.271460161159997 4.130597943880687e-18
6.273176456754756 4.13e-18
6.274893222044052 4.13e-18
6.276610457156423 4.129783108770298e-18
6.278328162220444 4.126864908228735e-18
6.280046337364729 4.122081799458437e-18
6.28176498271792 4.12e-18
6.283484098408701 4.118980571504225e-18
6.2852036845657855 4.1152623507443495e-18
6.286923741317928 4.111281779240125e-18
6.288644268793911 4.11e-18
6.290365267122558 4.108189719913197e-18
6.292086736432728 4.103683167808048e-18
6.293808676853313 4.10049344789485e-18
6.295531088513238 4.1e-18
6.297253971541469 4.1e-18
6.2989773260670034 4.0997170854019645e-18
6.300701152218872 4.096742421790415e-18
6.302425450126147 4.09202533638845e-18
6.304150219917933 4.09e-18
6.305875461723367 4.088952886810388e-18
6.307601175671625 4.085216552147078e-18
6.309327361891917 4.08126366533669e-18
6.311054020513489 4.08e-18
6.312781151665622 4.08e-18
6.314508755477631 4.08e-18
6.31623683207887 4.077828440386098e-18
6.317965381598723 4.0729714565882624e-18
6.319694404166615 4.070143016202164e-18
6.321423899912003 4.069775520258251e-18
6.323153868964381 4.066868885861516e-18
6.3248843114532765 4.062093365603265e-18
6.326615227508254 4.06e-18
6.328346617258916 4.059049543155633e-18
6.330078480834894 4.0554194696560844e-18
6.3318108183658595 4.051369926500451e-18
6.333543629981521 4.05e-18
6.335276915811619 4.05e-18
6.337010675985928 4.05e-18
6.338744910634263 4.0479823709349546e-18
6.340479619886473 4.0432889381785816e-18
6.342214803872439 4.0403065672436274e-18
6.343950462722082 4.039957966344871e-18
6.345686596565358 4.037243406331141e-18
6.347423205532256 4.032285439986271e-18
6.349160289752801 4.03e-18
6.350897849357055 4.029270091248541e-18
6.3526358844751165 4.025870204565571e-18
6.354374395237118 4.021600113317031e-18
6.356113381773226 4.02e-18
6.357852844213646 4.018593809070608e-18
6.359592782688617 4.0145201918094e-18
6.361333197328415 4.010926382738792e-18
6.363074088263351 4.01e-18
6.364815455623771 4.007929111568451e-18
6.366557299540056 4.003193351575133e-18
6.368299620142626 3.997865344486194e-18
6.370042417561934 3.992601104479511e-18
6.371785691928469 3.99e-18
6.373529443372754 3.98961407384016e-18
6.375273672025354 3.9865678422525104e-18
6.377018378016864 3.9812472305811416e-18
6.378763561477912 3.9759278995068575e-18
6.380509222539171 3.9716344373380664e-18
6.382255361331344 3.97e-18
6.38400197798517 3.968660905106125e-18
6.385749072631422 3.964665348947369e-18
6.387496645400915 3.959353401439223e-18
6.389244696424493 3.954042736899257e-18
6.390993225833038 3.950693779301278e-18
6.392742233757472 3.95e-18
6.394491720328746 3.947733719309195e-18
6.396241685677852 3.94281482862712e-18
6.397992129935815 3.937511535708206e-18
6.399743053233697 3.9324304263902824e-18
6.401494455702595 3.93e-18
6.403246337473645 3.929480514566494e-18
6.404998698678014 3.926313002197363e-18
6.40675153944691 3.921017066846887e-18
6.408504859911572 3.915722418846605e-18
6.410258660203277 3.911537839630586e-18
6.412012940453339 3.91e-18
6.413767700793108 3.908601343484385e-18
6.4155229413539665 3.9045585244468336e-18
6.4172786622673375 3.899271221884901e-18
6.419034863664679 3.893985209035673e-18
6.420791545677481 3.888700781883135e-18
6.422548708437273 3.8834176452302106e-18
6.424306352075622 3.8803880314602955e-18
6.426064476724128 3.88e-18
6.427823082514426 3.877469381291764e-18
6.429582169578191 3.872299939483328e-18
6.4313417380471325 3.867024131948032e-18
6.4331017880529915 3.862193573756468e-18
6.434862319727554 3.86e-18
6.436623333202634 3.8592849676114084e-18
6.438384828610086 3.855935538153473e-18
6.440146806081799 3.850667045382577e-18
6.441909265749699 3.845399847472016e-18
6.443672207745745 3.841383372631504e-18
6.445435632201938 3.84e-18
6.44719953925031 3.838488088732698e-18
6.4489639290229315 3.834345667330446e-18
6.450728801651907 3.829085771740846e-18
6.45249415726938 3.82382717336435e-18
6.454259996007529 3.820598980221253e-18
6.456026317998568 3.82e-18
6.457793123374747 3.817716991233406e-18
6.459560412268354 3.812807366321782e-18
6.461328184811713 3.807556057727077e-18
6.463096441137179 3.802465682638701e-18
6.464865181377151 3.8e-18
6.4666344056640614 3.799593642007685e-18
6.468404114130378 3.796565286463249e-18
6.4701743069086 3.7913212530241314e-18
6.471944984131274 3.7860785211390756e-18
6.473716145930975 3.7817289125705075e-18
6.475487792440315 3.78e-18
6.477259923791944 3.778881300887067e-18
6.479032540118549 3.775170446466591e-18
6.480805641552848 3.769973771992402e-18
6.482579228227603 3.764752493541333e-18
6.4843533002756075 3.7610678671284555e-18
6.4861278578296915 3.76e-18
6.487902901022724 3.7582222481656096e-18
6.489678429987608 3.753830347185071e-18
6.491454444857283 3.7486034336004676e-18
6.493230945764726 3.7433778262550785e-18
6.495007932842948 3.740382491674072e-18
6.496785406225001 3.74e-18
6.498563366043969 3.737550052611325e-18
6.500341812432975 3.7324899402064036e-18
6.5021207455251755 3.727271569458768e-18
6.503900165453769 3.722054734957171e-18
6.505680072351982 3.71683920945311e-18
6.507460466353086 3.712116156359627e-18
6.509241347590384 3.71e-18
6.511022716197218 3.709297912720964e-18
6.512804572306963 3.7059915490371474e-18
6.514586916053034 3.700783240774531e-18
6.516369747568882 3.695576243842799e-18
6.518153066987994 3.6914866393844516e-18
6.519936874443891 3.69e-18
6.521721170070135 3.68868150577315e-18
6.523505954000321 3.684762671465239e-18
6.525291226368083 3.6795628786285355e-18
6.5270769873070895 3.674364399453117e-18
6.528863236951048 3.67088268651667e-18
6.5306499754337 3.67e-18
6.532437202888826 3.66809063421139e-18
6.534224919450242 3.663584871653646e-18
6.536013125251799 3.65839358332865e-18
6.5378018204273864 3.653203610992348e-18
6.539591005110932 3.650304265105955e-18
6.541380679436396 3.65e-18
6.543170843537778 3.647525265191631e-18
6.544961497549116 3.642458154805264e-18
6.546752641604481 3.63727535997625e-18
6.54854427583798 3.632342470362618e-18
6.550336400383761 3.63e-18
6.552129015376008 3.6295731465897045e-18
6.553922120948939 3.626558512154604e-18
6.555715717236808 3.621382879430847e-18
6.557509804373911 3.616208566980211e-18
6.5593043824945765 3.611811053114264e-18
6.5610994517331696 3.61e-18
6.562895012224095 3.609054719763287e-18
6.564691064101791 3.605525621639475e-18
6.5664876075007355 3.6003584577565686e-18
6.568284642555442 3.5951926164644324e-18
6.570082169400459 3.591305060584052e-18
6.5718801881703754 3.59e-18
6.573678698999815 3.588561688162858e-18
6.575477702023438 3.5845435285261725e-18
6.577277197375942 3.579384822164698e-18
6.579077185192062 3.574227440708549e-18
6.580877665606568 3.570824458907166e-18
6.58267863875427 3.57e-18
6.584480104770014 3.5680940177272485e-18
6.586282063788677 3.563612164683048e-18
6.588084515945183 3.5584619044206036e-18
6.589887461374487 3.553312971374901e-18
6.59169090021158 3.548165523922629e-18
6.593494832591492 3.543019404456883e-18
6.595299258649291 3.540223094444349e-18
6.597104178520081 3.54e-18
6.598909592339 3.537509848396766e-18
6.600715500241228 3.532449204121163e-18
6.60252190236198 3.527310187377178e-18
6.604328798836505 3.5223708316527804e-18
6.606136189800093 3.52e-18
6.607944075388071 3.51966708172049e-18
6.6097524557358 3.5167683015330136e-18
6.611561330978679 3.511636371599963e-18
6.613370701252147 3.506505773900077e-18
6.615180566691677 3.5019706221126376e-18
6.616990927432779 3.5e-18
6.618801783611002 3.499279699522918e-18
6.620613135361932 3.49599753613825e-18
6.6224249828211885 3.4908740111806774e-18
6.624237326124432 3.485751820756441e-18
6.626050165407361 3.481595646191094e-18
6.627863500805707 3.48e-18
6.629677332455239 3.478917520405236e-18
6.631491660491768 3.47527718380053e-18
6.63330648505114 3.470162051948599e-18
6.635121806269233 3.4650482569269225e-18
6.636937624281969 3.461245868373619e-18
6.638753939225305 3.46e-18
6.640570751235234 3.4585805086530204e-18
6.642388060447786 3.4546071730812408e-18
6.644205866999031 3.4495004223601215e-18
6.646024171025075 3.4443950107628993e-18
6.647842972662058 3.4409212528309983e-18
6.649662272046163 3.44e-18
6.651482069313605 3.4382686282364942e-18
6.6533023646006395 3.433987431910959e-18
6.655123158043558 3.428889050240445e-18
6.65694444977869 3.4237920099841683e-18
6.658766239942403 3.4206217634181872e-18
6.660588528671099 3.42e-18
6.662411316101219 3.4179818428093602e-18
6.664234602369243 3.413417887587148e-18
6.666058387611686 3.4083278627812713e-18
6.667882671965099 3.403239181676638e-18
6.669707455566078 3.4003473636731547e-18
6.671532738551246 3.4e-18
6.673358521057269 3.397720115707658e-18
6.67518480322085 3.3928984667718573e-18
6.677011585178731 3.387816786538501e-18
6.678838867067688 3.3827364522900237e-18
6.680666649024534 3.377657550830864e-18
6.682494931186126 3.372579996117044e-18
6.68432371368935 3.3700204621019013e-18
6.686152996671135 3.3699457440976792e-18
6.687982780268445 3.3673558059867873e-18
6.689813064618283 3.3622838838895035e-18
6.691643849857689 3.3572133104475864e-18
6.6934751361237375 3.352339488447191e-18
6.695306923553547 3.35e-18
6.6971392122842675 3.349738293804836e-18
6.69897200245309 3.34694495364302e-18
6.700805294197241 3.34188134474663e-18
6.702639087653987 3.336819086780656e-18
6.704473382960627 3.3321444018722103e-18
6.706308180254505 3.33e-18
6.708143479672998 3.329555770493293e-18
6.709979281353519 3.3265839620835552e-18
6.71181558543352 3.3215286537427704e-18
6.713652392050497 3.3164746986039953e-18
6.715489701341974 3.3119742364514873e-18
6.7173275134455155 3.31e-18
6.719165828498728 3.3094481152753535e-18
6.721004646639251 3.3063727408836524e-18
6.7228439680047645 3.301325720844173e-18
6.724683792732982 3.296280056274947e-18
6.7265241209616615 3.2918789610390732e-18
6.728364952828593 3.29e-18
6.730206288471605 3.2893153328799802e-18
6.7320481280285644 3.286111244769008e-18
6.7338904716373795 3.2810724995824142e-18
6.735733319435989 3.2760351121306358e-18
6.737576671562376 3.271758524437249e-18
6.739420528154557 3.27e-18
6.741264889350589 3.269207362097278e-18
6.743109755288565 3.2658993786698435e-18
6.744955126106618 3.2608688953659724e-18
6.746801001942915 3.255839772057921e-18
6.7486473829356655 3.2516628932645135e-18
6.750494269223111 3.25e-18
6.752341660943539 3.2491241639078435e-18
6.754189558235268 3.2457370645366664e-18
6.756037961236655 3.2407148300363593e-18
6.757886870086098 3.2356939577893012e-18
6.759736284922033 3.2315920283817646e-18
6.761586205882926 3.23e-18
6.7634366331072915 3.2290656989649166e-18
6.765287566733679 3.2256242236651915e-18
6.767139006900673 3.22061022477991e-18
6.768990953746894 3.2155975904017053e-18
6.770843407411007 3.2105863337716855e-18
6.7726963680317125 3.205576442399205e-18
6.774549835747745 3.2015359989495894e-18
6.776403810697882 3.2e-18
6.778258293020938 3.199026151024626e-18
6.780113282855762 3.1955505903140816e-18
6.781968780341244 3.1905475515435383e-18
6.7838247856163125 3.185545880279499e-18
6.785681298819933 3.1815227680254163e-18
6.787538320091109 3.18e-18
6.789395849568882 3.179025242127305e-18
6.791253887392331 3.175552877285048e-18
6.793112433700577 3.170558042928681e-18
6.79497148863277 3.1655645783241002e-18
6.796831052328109 3.1615341705531622e-18
6.798691124925824 3.16e-18
6.8005517065651855 3.1590489329411445e-18
6.802412797385501 3.1556043704104793e-18
6.804274397526118 3.1506177269122737e-18
6.806136507126421 3.1456324554074275e-18
6.80799912632583 3.1415701659644884e-18
6.809862255263811 3.14e-18
6.811725894079856 3.1390971826870905e-18
6.813590042913507 3.135704988121112e-18
6.815454701904339 3.1307265218139554e-18
6.817319871191965 3.125749429737984e-18
6.8191855509160355 3.12163071335805e-18
6.821051741216241 3.12e-18
6.822918442232311 3.1191699502523717e-18
6.82478565410401 3.1158546481801428e-18
6.8266533769711435 3.110884345285403e-18
6.828521610973555 3.1059154188559145e-18
6.830390356251125 3.1017157714982826e-18
6.832259612943773 3.1e-18
6.834129381191456 3.0992671941892784e-18
6.835999661134172 3.096053267680818e-18
6.837870452911952 3.0910911143079584e-18
6.839741756664871 3.086130339630612e-18
6.841613572533043 3.0818252988141932e-18
6.8434859006566136 3.08e-18
6.845358741175769 3.079388872713972e-18
6.847232094230738 3.0763007630440215e-18
6.849105959961786 3.0713467451901813e-18
6.850980338509213 3.0663941082582824e-18
6.852855230013361 3.0619592533981507e-18
6.8547306346146115 3.06e-18
6.856606552453382 3.0595349437052503e-18
6.858482983670125 3.0565970500158247e-18
6.860359928405342 3.0516511535654317e-18
6.862237386799563 3.0467066402595414e-18
6.8641153589933595 3.041763447787297e-18
6.865993845127341 3.0368216391995482e-18
6.867872845342159 3.0321757844169357e-18
6.869752359778499 3.03e-18
6.871632388577085 3.029767575427704e-18
6.873512931878685 3.0270678504769587e-18
6.875393989824101 3.022132760411344e-18
6.877275562554173 3.0171990564475947e-18
6.879157650209781 3.0123665710855057e-18
6.881040252931845 3.01e-18
6.88292337086132 3.0099703964655795e-18
6.884807004139201 3.0074776530726098e-18
6.886691152906527 3.0025506992738767e-18
6.888575817304366 2.9976250855500187e-18
6.890460997473831 2.9927008605213933e-18
6.892346693556071 2.990119217638221e-18
6.8942329056922755 2.99e-18
6.896119634023672 2.987738494411668e-18
6.898006878691527 2.983017343179797e-18
6.899894639837144 2.978099805197613e-18
6.9017829176018655 2.973183658120732e-18
6.903671712127074 2.970362701691248e-18
6.90556102355419 2.97e-18
6.907450852024676 2.9679939448540892e-18
6.909341197680025 2.9635324189875033e-18
6.911232060661777 2.9586229421342617e-18
6.913123441111506 2.953714858392389e-18
6.915015339170827 2.9506303903915413e-18
6.916907754981393 2.95e-18
6.918800688684895 2.9482735639812472e-18
6.920694140423065 2.944095838778862e-18
6.922588110337671 2.9391944083268895e-18
6.924482598570521 2.9342943731883248e-18
6.926377605263464 2.9309222396590503e-18
6.928273130558383 2.93e-18
6.930169174597202 2.9285773074948805e-18
6.932065737521889 2.9247075139452355e-18
6.933962819474442 2.9198141150515194e-18
6.935860420596903 2.9149221136691952e-18
6.937758541031353 2.911238205068031e-18
6.939657180919911 2.91e-18
6.941556340404733 2.9089051307502887e-18
6.943456019628016 2.905367355185013e-18
6.945356218731998 2.9004819728907892e-18
6.947256937858953 2.895597990301833e-18
6.949158177151192 2.8907152768632008e-18
6.951059936751069 2.885833963860218e-18
6.952962216800975 2.8816969288427855e-18
6.954865017443341 2.88e-18
6.956768338820634 2.879379607985414e-18
6.958672181075366 2.8763219128567767e-18
6.960576544350082 2.8714471958918268e-18
6.962481428787367 2.8665738815509036e-18
6.964386834529849 2.86206899053044e-18
6.966292761720192 2.86e-18
6.968199210501099 2.8597634417313124e-18
6.970106181015311 2.857093790405788e-18
6.972013673405611 2.8522280779723087e-18
6.973921687814819 2.8473878600163963e-18
6.9758302243857955 2.842572003976078e-18
6.977739283261439 2.8400818732575143e-18
6.9796488645846875 2.84e-18
6.981558968498515 2.8377923244308606e-18
6.983469595145942 2.833155135071623e-18
6.985380744670023 2.8282977706244473e-18
6.987292417213849 2.8234418135501207e-18
6.989204612920557 2.820506853566436e-18
6.991117331933319 2.82e-18
6.993030574395346 2.818228187051026e-18
6.994944340449889 2.8140310846077874e-18
6.99685863024024 2.8091816726714885e-18
6.998773443909728 2.804333670284379e-18
7.000688781601722 2.800954895169652e-18
7.0026046434596285 2.8e-18
7.004521029626895 2.7986878916423435e-18
7.006437940247008 2.794954724611027e-18
7.008355375463495 2.7901132495978566e-18
7.010273335419919 2.7852731863059577e-18
7.012191820259887 2.7814267696767846e-18
7.01411083012704 2.78e-18
7.01603036516506 2.779171391323232e-18
7.0179504255176735 2.7759259613053573e-18
7.019871011328639 2.7710924075091346e-18
7.021792122741756 2.766260267601967e-18
7.02371375990087 2.761922430074957e-18
7.025635922949856 2.76e-18
7.027558612032633 2.7596786388563856e-18
7.029481827293163 2.7569447002032348e-18
7.031405568875442 2.7521190517989168e-18
7.033329836923507 2.7472948194471043e-18
7.035254631581433 2.742471836676218e-18
7.037179952993338 2.740030007681181e-18
7.0391058013033785 2.74e-18
7.041032176655747 2.7378012594555233e-18
7.04295907919468 2.7331935326378965e-18
7.044886509064451 2.728377191892753e-18
7.046814466409372 2.7235622697473176e-18
7.0487429513737965 2.7187485559728978e-18
7.0506719641021185 2.713936261517099e-18
7.052601504738767 2.7107650565811397e-18
7.054531573428214 2.71e-18
7.056462170314973 2.708551651135544e-18
7.058393295543593 2.7046999947083056e-18
7.060324949258663 2.699894151089308e-18
7.062257131604813 2.6950897289427437e-18
7.064189842726715 2.6913439214261965e-18
7.066123082769074 2.69e-18
7.068056851876641 2.689141977825017e-18
7.069991150194202 2.6858849146548967e-18
7.071925977866587 2.681086924962579e-18
7.073861335038661 2.6762903588920574e-18
7.075797221855332 2.6719463707593587e-18
7.077733638461547 2.67e-18
7.07967058500229 2.6697558499719314e-18
7.08160806162259 2.6671169319600016e-18
7.083546068467511 2.6623267798448892e-18
7.085484605682158 2.6575380534964642e-18
7.087423673411676 2.652750714081841e-18
7.089363271801252 2.6501783584421966e-18
7.091303400996108 2.65e-18
7.093244061141508 2.6480027298643808e-18
7.095185252382757 2.643614316987034e-18
7.0971269748652 2.6388334138855547e-18
7.099069228734219 2.634053939081916e-18
7.101012014135238 2.630832112319014e-18
7.102955331213718 2.63e-18
7.104899180115165 2.6286678309118295e-18
7.10684356098512 2.624948806112899e-18
7.108788473969165 2.6201757096615938e-18
7.110733919212924 2.6154040436445542e-18
7.112679896862058 2.61150930918403e-18
7.11462640706227 2.61e-18
7.116573449959301 2.6093563352181333e-18
7.118521025698934 2.606330108161186e-18
7.120469134426989 2.601564801641217e-18
7.12241777628933 2.596800927687368e-18
7.124366951431858 2.5922098989892035e-18
7.126316660000512 2.59e-18
7.128266902141276 2.59e-18
7.130217678000172 2.5876899300559456e-18
7.13216898772326 2.583000946810016e-18
7.134120831456641 2.578244848073421e-18
7.136073209346456 2.573490184422818e-18
7.138026121538889 2.5705563531034672e-18
7.139979568180159 2.57e-18
7.141933549416526 2.5684293958790784e-18
7.143888065394297 2.564484185838475e-18
7.145843116259808 2.5597358453502372e-18
7.147798702159441 2.554988942071181e-18
7.149754823239618 2.5502431838735534e-18
7.151711479646805 2.5454988635917867e-18
7.153668671527496 2.541563566398574e-18
7.155626399028238 2.54e-18
7.157584662295612 2.5394515200503055e-18
7.15954346147624 2.5365341872556863e-18
7.161502796716782 2.5317961644892064e-18
7.163462668163943 2.5270595817555266e-18
7.165423075964464 2.5223460844717014e-18
7.1673840202651276 2.52e-18
7.1693455012127565 2.52e-18
7.1713075189542135 2.5178806431400675e-18
7.173270073636403 2.513396108551404e-18
7.175233165406268 2.5086672461035924e-18
7.17719679441079 2.5039398261954667e-18
7.1791609607969935 2.5007880455032106e-18
7.181125664711944 2.5e-18
7.183090906302743 2.4987017625734043e-18
7.185056685716539 2.495042677146223e-18
7.187023003100514 2.4903215175976195e-18
7.188989858601892 2.485601802696737e-18
7.190957252367941 2.4816211996719365e-18
7.192925184545965 2.48e-18
7.194893655283311 2.4795459732206148e-18
7.196862664727362 2.476735434488113e-18
7.19883221302555 2.472021960327166e-18
7.200802300325339 2.467309932917179e-18
7.202772926774235 2.4625991580077685e-18
7.204744092519788 2.460121724150258e-18
7.2067157977095855 2.46e-18
7.208688042491254 2.4580610528210752e-18
7.210660827012463 2.453769292328739e-18
7.212634151420925 2.449064934767946e-18
7.2146080158643855 2.444362026453034e-18
7.216582420490637 2.441005331192752e-18
7.218557365447509 2.44e-18
7.220532850882872 2.4389556361827344e-18
7.222508876944639 2.4355628088849056e-18
7.224485443780762 2.4308661034058014e-18
7.226462551539233 2.4261708492667017e-18
7.228440200368083 2.4219119185630716e-18
7.230418390415387 2.42e-18
7.23239712182926 2.419873157923803e-18
7.234376394757856 2.417402208477382e-18
7.236356209349367 2.412713352230643e-18
7.238336565752034 2.4080257343687053e-18
7.2403174641141295 2.4033395703337584e-18
7.24229890458397 2.4004981376421173e-18
7.244280887309913 2.4e-18
7.24626341244036 2.3984738192393067e-18
7.248246480123747 2.394607253169041e-18
7.250230090508551 2.389939202926407e-18
7.252214243743296 2.385295779862254e-18
7.25419893997654 2.380656347069763e-18
7.2561841793568815 2.3759952269778736e-18
7.258169962032968 2.3718288907736924e-18
7.260156288153478 2.37e-18
7.262143157867137 2.3698189981694173e-18
7.264130571322706 2.3673034661970216e-18
7.266118528668993 2.3626337670280828e-18
7.268107030054841 2.3579653516236038e-18
7.2700960756291355 2.3532983953012093e-18
7.272085665540805 2.3504823426780833e-18
7.274075799938817 2.35e-18
7.276066478972178 2.348486803569008e-18
7.278057702789938 2.3446428174320183e-18
7.280049471541188 2.3399819796952224e-18
7.282041785375057 2.335322603114274e-18
7.284034644440716 2.331496637282062e-18
7.286028048887379 2.33e-18
7.2880219988643 2.3295118536856127e-18
7.290016494520771 2.3266973032026017e-18
7.292011536006125 2.322044024677091e-18
7.294007123469743 2.3173922093761332e-18
7.296003257061038 2.312741691226935e-18
7.2979999369294655 2.310208057010904e-18
7.299997163224528 2.31e-18
7.301994936095765 2.3082375504494136e-18
7.3039932556927525 2.3041524530090112e-18
7.305992122165115 2.2995081803978596e-18
7.307991535662514 2.2948653734758897e-18
7.309991496334652 2.291272095637628e-18
7.311992004331271 2.29e-18
7.3139930598021605 2.289312260760627e-18
7.315994662897143 2.286306272759197e-18
7.317996813766087 2.281669524118467e-18
7.3199995125589 2.2770342432259876e-18
7.322002759425532 2.272400047170421e-18
7.324006554515972 2.2700413160643303e-18
7.326010897980249 2.27e-18
7.32801578996844 2.2680956807006965e-18
7.330021230630656 2.263876884715108e-18
7.332027220117048 2.259249110997939e-18
7.334033758577817 2.254622807485163e-18
7.336040846163198 2.2511549005016354e-18
7.3380484830234645 2.25e-18
7.340056669308939 2.249219851973408e-18
7.342065405169982 2.2461296399241524e-18
7.344074690756993 2.2415093543979767e-18
7.346084526220412 2.2368905411254753e-18
7.348094911710728 2.2322909746782435e-18
7.350105847378462 2.23e-18
7.352117333374178 2.23e-18
7.354129369848486 2.2280608235168397e-18
7.356141956952035 2.2238153708367986e-18
7.35815509483551 2.2192040286844355e-18
7.360168783649646 2.2145941612332574e-18
7.362183023545212 2.209985305182715e-18
7.364197814673023 2.205377924513721e-18
7.366213157183932 2.2015372991997864e-18
7.368229051228836 2.2e-18
7.370245496958672 2.199630362937889e-18
7.372262494524417 2.196960352563482e-18
7.374280044077089 2.1923589764011932e-18
7.376298145767755 2.1877590431924203e-18
7.3783167997475125 2.183160587807089e-18
7.380336006167505 2.1804305313902693e-18
7.38235576517892 2.18e-18
7.384376076932982 2.1785376223603804e-18
7.38639694158096 2.1747786773750917e-18
7.388418359274161 2.1701861721945322e-18
7.390440330163939 2.1655951468702223e-18
7.392462854401684 2.1616500296904014e-18
7.394485932138828 2.16e-18
7.396509563526847 2.1597675196450258e-18
7.39853374871726 2.1572429135417925e-18
7.4005584878616215 2.15265803476467e-18
7.402583781111531 2.1480744199318298e-18
7.404609628618632 2.1434922873882403e-18
7.406636030534602 2.1406005083243146e-18
7.408662987011169 2.14e-18
7.410690498200096 2.1387319445805244e-18
7.412718564253192 2.1351755850237654e-18
7.414747185322302 2.130599360980154e-18
7.416776361559319 2.126024621248416e-18
7.418806093116174 2.1218689007115036e-18
7.420836380144839 2.12e-18
7.422867222797327 2.12e-18
7.424898621225699 2.117726798642964e-18
7.42693057558205 2.1131691230870935e-18
7.428963086018517 2.108601756326395e-18
7.430996152687285 2.1040358763015178e-18
7.433029775740578 2.100876444419252e-18
7.435063955330656 2.1e-18
7.437098691609826 2.0990320558110924e-18
7.439133984730439 2.0957840996443156e-18
7.441169834844882 2.0912240858801898e-18
7.443206242105585 2.0866655608641704e-18
7.445243206665023 2.082193518817204e-18
7.447280728675711 2.08e-18
7.449318808290204 2.08e-18
7.4513574456611 2.0780838081646732e-18
7.453396640941039 2.073891449861146e-18
7.455436394282703 2.069340259739904e-18
7.4574767058388165 2.0647905607815097e-18
7.459517575762144 2.0612579427380788e-18
7.461559004205491 2.06e-18
7.463600991321708 2.0594375569617356e-18
7.465643537263684 2.05660342294683e-18
7.467686642184355 2.0520595474716758e-18
7.469730306236691 2.047517165161152e-18
7.471774529573711 2.0429761482574912e-18
7.473819312348473 2.0384362003053074e-18
7.475864654714077 2.0338977465925896e-18
7.477910556823662 2.030814210870203e-18
7.479957018830415 2.03e-18
7.482004040887562 2.0290109338060457e-18
7.484051623148369 2.0257555332349663e-18
7.486099765766145 2.021222874714747e-18
7.488148468894245 2.0166917124288677e-18
7.49019773268606 2.012213437143042e-18
7.492247557295023 2.01e-18
7.494297942874615 2.01e-18
7.496348889578357 2.0081583880097927e-18
7.498400397559807 2.004054313342622e-18
7.500452466972569 1.999530421907711e-18
7.50250509797029 1.995008029106415e-18
7.504558290706656 1.9913735325315328e-18
7.506612045335398 1.99e-18
7.508666362010288 1.989593968461765e-18
7.51072124088514 1.9869299721328004e-18
7.512776682113808 1.9824134246194855e-18
7.514832685850191 1.9778982839411543e-18
7.51688925224823 1.9733846442912327e-18
7.518946381461907 1.9705637812985288e-18
7.521004073645244 1.97e-18
7.523062328952311 1.968797817554018e-18
7.525121147537216 1.9653415574509247e-18
7.527180529554107 1.9608336480409957e-18
7.529240475157181 1.956327241638442e-18
7.531300984500672 1.9520373334943532e-18
7.533362057738856 1.95e-18
7.535423695026053 1.95e-18
7.537485896516627 1.948031737620473e-18
7.539548662364982 1.943813292946903e-18
7.541611992725562 1.9393140987941675e-18
7.543675887752857 1.9348164100338923e-18
7.5457403476014 1.9312838665661546e-18
7.547805372425761 1.93e-18
7.549870962380557 1.929545894835316e-18
7.5519371176204455 1.9268683733703867e-18
7.554003838300128 1.922420932292841e-18
7.556071124574346 1.917953640905422e-18
7.558138976597885 1.9134656307209525e-18
7.5602073945255714 1.9106104435733e-18
7.562276378512275 1.91e-18
7.564345928712909 1.9088813598091355e-18
7.566416045282427 1.9055209935503824e-18
7.5684867283758255 1.9010376633553806e-18
7.570557978148143 1.896555842894293e-18
7.572629794754464 1.8921578132801593e-18
7.574702178349911 1.89e-18
7.576775129089649 1.89e-18
7.578848647128887 1.8882013293654736e-18
7.580922732622881 1.8841648515750855e-18
7.582997385726921 1.8796901833450756e-18
7.585072606596343 1.8752170272194822e-18
7.587148395386529 1.8707447382814902e-18
7.5892247522529 1.8662739620990417e-18
7.591301677350918 1.8620195899015704e-18
7.59337917083609 1.86e-18
7.595457232863966 1.86e-18
7.597535863590138 1.858085167753849e-18
7.599615063170239 1.853937969914626e-18
7.601694831759947 1.8494743191302623e-18
7.603775169514982 1.845012183465427e-18
7.605856076591104 1.8413906664959416e-18
7.6079375531441205 1.84e-18
7.610019599329878 1.8397013238931207e-18
7.612102215304264 1.8371748294971243e-18
7.614185401223214 1.8327185832371546e-18
7.616269157242703 1.828263553158481e-18
7.618353483518749 1.8238100405585462e-18
7.6204383802074105 1.820791565033216e-18
7.622523847464796 1.82e-18
7.624609885447048 1.819115503934608e-18
7.6266964943103535 1.8160071342744874e-18
7.628783674210948 1.8115591878796e-18
7.630871425305106 1.8071127609020228e-18
7.63295974774914 1.8026674443608054e-18
7.635048641699415 1.8002222409985025e-18
7.637138107312332 1.8e-18
7.639228144744337 1.798559417895711e-18
7.641318754151918 1.7948989150282937e-18
7.643409935691604 1.790459551623719e-18
7.645501689519975 1.7860217099853404e-18
7.647594015793641 1.7819016554942048e-18
7.649686914669266 1.78e-18
7.65178038630355 1.78e-18
7.653874430853241 1.7780330204750198e-18
7.655969048475125 1.7738500811433243e-18
7.658064239326036 1.769419282814111e-18
7.660160003562847 1.7649900085950776e-18
7.6622563413424745 1.761387786449272e-18
7.664353252821877 1.76e-18
7.666450738158064 1.7597476514376425e-18
7.668548797508075 1.757283917321895e-18
7.670647431029 1.752860541030487e-18
7.672746638877973 1.7484382897031214e-18
7.674846421212168 1.744017564824973e-18
7.676946778188803 1.7409035502680865e-18
7.679047709965138 1.74e-18
7.681149216698481 1.7392765173193707e-18
7.683251298546176 1.73634562516554e-18
7.685353955665611 1.731930374242288e-18
7.687457188214223 1.7275166516840394e-18
7.689560996349488 1.7231042857894051e-18
7.691665380228924 1.720448900501484e-18
7.693770340010094 1.72e-18
7.695875875850604 1.718834924900874e-18
7.697981987908102 1.715466424493345e-18
7.700088676340279 1.7110596816182296e-18
7.702195941304874 1.7066544694364935e-18
7.704303782959662 1.7022500776191797e-18
7.706412201462465 1.6978471875786183e-18
7.708521196971148 1.6934458292858363e-18
7.710630769643619 1.6906224319156633e-18
7.712740919637829 1.69e-18
7.71485164711177 1.689024573558583e-18
7.716962952223485 1.6858512470619139e-18
7.71907483513105 1.6814553082005342e-18
7.721187295992587 1.6770609029892504e-18
7.723300334966269 1.6726675691045635e-18
7.725413952210305 1.670235300812516e-18
7.727528147882947 1.67e-18
7.729642922142493 1.668650393089767e-18
7.731758275147285 1.6651068887375503e-18
7.733874207055704 1.6607194136227013e-18
7.735990718026178 1.6563334744741972e-18
7.73810780821718 1.6520705564992792e-18
7.740225477787222 1.65e-18
7.742343726894861 1.65e-18
7.744462555698698 1.6483055922165725e-18
7.746581964357378 1.6444212976446714e-18
7.748701953029586 1.6400422673529735e-18
7.750822521874056 1.6356647753386953e-18
7.752943671049561 1.6317382134138206e-18
7.755065400714919 1.63e-18
7.75718771102899 1.63e-18
7.759310602150681 1.6279901220362031e-18
7.76143407423894 1.6237943759643012e-18
7.763558127452756 1.6194237714096992e-18
7.765682761951164 1.6150547074383681e-18
7.7678079778932485 1.6114351899567667e-18
7.769933775438128 1.61e-18
7.772060154744965 1.6098851776220866e-18
7.774187115972975 1.6075891107657685e-18
7.776314659281409 1.6032260248729687e-18
7.778442784829561 1.5988638268060542e-18
7.780571492776774 1.5945031716229961e-18
7.782700783282431 1.5911614365462287e-18
7.78483065650596 1.59e-18
7.78696111260683 1.5896241865185789e-18
7.7890921517445575 1.5870711621482834e-18
7.791223774078701 1.5827161445384065e-18
7.793355979768861 1.5783623335457559e-18
7.795488768974684 1.574010067732229e-18
7.797622141855859 1.5709169030951753e-18
7.79975609857212 1.57e-18
7.801890639283241 1.5693923683941365e-18
7.804025764149046 1.5666115674726279e-18
7.806161473329398 1.5622646341152568e-18
7.808297766984204 1.5579191906187514e-18
7.810434645273417 1.5535752945912832e-18
7.812572108357032 1.5507015390092971e-18
7.814710156395088 1.55e-18
7.816848789547667 1.5491896723382757e-18
7.8189880079749 1.546210224903901e-18
7.821127811836954 1.5418715798305149e-18
7.823268201294042 1.5375344840866791e-18
7.825409176506428 1.5331987500066247e-18
7.827550737634411 1.5288639156872144e-18
7.829692884838336 1.5245306317402318e-18
7.831835618278594 1.5211820092378528e-18
7.833978938115619 1.52e-18
7.836122844509891 1.519685727421184e-18
7.838267337621929 1.5172079441763958e-18
7.840412417612298 1.5128803307616288e-18
7.842558084641611 1.5085538168529036e-18
7.844704338870518 1.5042288555936327e-18
7.846851180459719 1.5010331527471458e-18
7.848998609569954 1.5e-18
7.851146626362009 1.4995494262202147e-18
7.853295230996714 1.4969394094875758e-18
7.8554444236349426 1.4926199326122483e-18
7.857594204437612 1.4883017189840791e-18
7.859744573565683 1.4839850602768812e-18
7.86189553118016 1.4809132906376892e-18
7.8640470774420965 1.48e-18
7.866199212512585 1.4794420710456628e-18
7.868351936552759 1.4767287747731814e-18
7.8705052497238075 1.4724174502826376e-18
7.8726591521869524 1.468107516637285e-18
7.874813644103462 1.4637991401788714e-18
7.876968725634654 1.4608223700967053e-18
7.879124396941888 1.46e-18
7.881280658186563 1.4594135847539731e-18
7.883437509530127 1.456675913091752e-18
7.885594951134071 1.4523728115301319e-18
7.887752983159933 1.4480711285166879e-18
7.889911605769287 1.4437710049481099e-18
7.89207081912376 1.440810359623775e-18
7.89423062338502 1.44e-18
7.896391018714778 1.439363962296063e-18
7.89855200527479 1.4365807596102131e-18
7.9007135832268585 1.4322858420368522e-18
7.902875752732825 1.427992397783509e-18
7.905038513954581 1.4237005152297133e-18
7.907201867054059 1.420777162168906e-18
7.90936581219324 1.42e-18
7.911530349534141 1.419343124534353e-18
7.9136954792388305 1.4165431833985185e-18
7.915861201469422 1.4122564655704518e-18
7.918027516388068 1.4079712392720902e-18
7.920194424156966 1.403687576922268e-18
7.9223619249383646 1.4007727443564641e-18
7.92453001889455 1.4e-18
7.926698706187853 1.3993510167664436e-18
7.928867986980652 1.3965630750368918e-18
7.931037861435372 1.3922845726812135e-18
7.933208329714474 1.3880075433623592e-18
7.9353793919804705 1.383732080235287e-18
7.9375510483959175 1.380797051283693e-18
7.939723299123413 1.38e-18
7.941896144325602 1.3793875837632443e-18
7.944069584165172 1.3766403240520388e-18
7.946243618804857 1.3723700528656007e-18
7.948418248407434 1.3681011993797223e-18
7.950593473135726 1.3638339143230886e-18
7.952769293152597 1.3595672584234626e-18
7.9549457086209605 1.3553021715544868e-18
7.957122719703772 1.3515849406511967e-18
7.959300326564032 1.35e-18
7.961478529364786 1.35e-18
7.963657328269122 1.3480613501747541e-18
7.965836723440173 1.3439929672803264e-18
7.968016715041123 1.3397344580079308e-18
7.970197303235192 1.335477519995656e-18
7.972378488185647 1.3316746790932972e-18
7.974560270055804 1.33e-18
7.976742649009019 1.33e-18
7.978925625208694 1.3281673625900955e-18
7.981109198818277 1.3242091261375178e-18
7.98329337000126 1.319958741945967e-18
7.985478138921177 1.3157099312381091e-18
7.987663505741612 1.3117929528395645e-18
7.98984947062619 1.31e-18
7.992036033738582 1.31e-18
7.994223195242503 1.3083018670377005e-18
7.996410955301714 1.3044822768565849e-18
7.998599314080021 1.3002399960261262e-18
8.000788271741271 1.295999290896987e-18
8.00297782844936 1.2919397046897452e-18
8.005167984368232 1.29e-18
8.007358739661868 1.29e-18
8.009550094494296 1.2884648059698459e-18
8.011742049029593 1.2848123043263288e-18
8.013934603431878 1.280578104963146e-18
8.016127757865313 1.2763454835129217e-18
8.018321512494106 1.2721148769062587e-18
8.020515867482517 1.27e-18
8.022710822994842 1.27e-18
8.024906379195423 1.268656121300072e-18
8.027102536248652 1.265199092357938e-18
8.02929929431896 1.2609729523934544e-18
8.031496653570827 1.2567483925475238e-18
8.033694614168779 1.2525246744318387e-18
8.035893176277384 1.2502062632199034e-18
8.038092340061253 1.25e-18
8.040292105685047 1.2488757544009216e-18
8.04249247331347 1.2456425236804507e-18
8.044693443111273 1.2414244208706092e-18
8.046895015243248 1.2372079003788287e-18
8.049097189874235 1.2329925180442496e-18
8.05129996716912 1.2304422692565009e-18
8.05350334729283 1.23e-18
8.055707330410339 1.2291236461016684e-18
8.05791191668667 1.2261424799362212e-18
8.060117106286889 1.2219323918607835e-18
8.062322899376102 1.2177238882967804e-18
8.064529296119469 1.2135168572000757e-18
8.066736296682187 1.210706526929526e-18
8.068943901229503 1.21e-18
8.071152109926704 1.209399736686034e-18
8.073360922939134 1.2066988416763459e-18
8.075570340432172 1.2024970034100245e-18
8.07778036257124 1.1982964941704872e-18
8.079990989521814 1.1940975720637985e-18
8.082202221449412 1.1898991933550682e-18
8.084414058519595 1.1857024023622493e-18
8.086626500897971 1.1818021853202053e-18
8.088839548750194 1.18e-18
8.091053202241962 1.18e-18
8.093267461539018 1.1784149847701638e-18
8.095482326807154 1.1747345417023534e-18
8.097697798212202 1.1705441261774977e-18
8.099913875920045 1.166355300547817e-18
8.102130560096604 1.162167051646563e-18
8.104347850907857 1.1600363203440539e-18
8.106565748519813 1.16e-18
8.108784253098534 1.1587594363194647e-18
8.11100336481013 1.1554276440805321e-18
8.113223083820758 1.1512451687226871e-18
8.115443410296606 1.147064285432988e-18
8.117664344403924 1.142884440586636e-18
8.119885886309003 1.1403971161152674e-18
8.122108036178172 1.14e-18
8.124330794177812 1.13913188883612e-18
8.126554160474354 1.1361767560563844e-18
8.128778135234263 1.132002197669381e-18
8.131002718624059 1.1278292335171391e-18
8.133227910810302 1.123657808040996e-18
8.135453711959602 1.1207859049729735e-18
8.137680122238613 1.12e-18
8.139907141814032 1.1195322802019748e-18
8.142134770852604 1.116981753376594e-18
8.144363009521118 1.1128155693250337e-18
8.146591857986413 1.1086505009276375e-18
8.148821316415368 1.1044870293621037e-18
8.151051384974917 1.1012026245848805e-18
8.153282063832023 1.1e-18
8.155513353153712 1.0999605477409352e-18
8.157745253107045 1.0978425106718187e-18
8.159977763859132 1.0936847722103514e-18
8.162210885577128 1.0895275760043856e-18
8.16444461842824 1.0853719787846439e-18
8.16667896257971 1.0816472120597264e-18
8.168913918198832 1.08e-18
8.171149485452947 1.08e-18
8.17338566450944 1.0783422732354102e-18
8.175622455535738 1.0746096238057765e-18
8.177859858699318 1.0704602760462892e-18
8.180097874167704 1.0663125294208886e-18
8.182336502108466 1.0621653189580041e-18
8.184575742689212 1.0600457150130383e-18
8.186815596077604 1.06e-18
8.189056062441352 1.0588303402718016e-18
8.191297141948205 1.05558999646105e-18
8.193538834765956 1.051448473220822e-18
8.195781141062453 1.0473085532560008e-18
8.198024061005583 1.0431698254012816e-18
8.200267594763284 1.0405500891768544e-18
8.202511742503535 1.04e-18
8.204756504394364 1.0393460996585781e-18
8.207001880603844 1.0366257613955927e-18
8.209247871300093 1.0324923200353088e-18
8.211494476651279 1.0283602026142563e-18
8.213741696825608 1.0242296910426826e-18
8.21598953199134 1.0200996336562807e-18
8.218237982316783 1.0159711826831166e-18
8.22048704797028 1.0119536957535565e-18
8.222736729120225 1.01e-18
8.224987025935064 1.01e-18
8.227237938583286 1.0087029630691017e-18
8.229489467233421 1.0053447855634366e-18
8.231741612054048 1.0013927202342308e-18
8.233994373213797 9.982783192315814e-19
8.236247750881336 9.958310319093258e-19
8.238501745225385 9.933751103361205e-19
8.24075635641471 9.909079245816644e-19
8.243011584618118 9.88371556542783e-19
8.245267430004468 9.856304696958245e-19
8.247523892742663 9.827504875440587e-19
8.249780973001652 9.798714265406833e-19
8.25203867095043 9.769934933048866e-19
8.254296986758039 9.74115860036687e-19
8.256555920593566 9.712393549267919e-19
8.258815472626146 9.683631471705766e-19
8.261075643024963 9.654880679627833e-19
8.263336431959235 9.626140675279802e-19
8.265597839598247 9.597404119942297e-19
8.267859866111309 9.568678857073606e-19
8.27012251166779 9.540271169655362e-19
8.272385776437101 9.513924689935877e-19
8.274649660588704 9.489322387890517e-19
8.276914164292098 9.46326097442227e-19
8.27917928771684 9.435160391954992e-19
8.281445031032526 9.406477716849096e-19
8.283711394408797 9.3778063489573e-19
8.285978378015347 9.349141035528435e-19
8.288245982021913 9.320483822572124e-19
8.290514206598278 9.29183792379806e-19
8.292783051914268 9.263194843270636e-19
8.295052518139764 9.234563080793059e-19
8.297322605444688 9.205935193253883e-19
8.299593313999008 9.179244987523286e-19
8.30186464397274 9.154609617820018e-19
8.304136595535947 9.1290786172192e-19
8.306409168858739 9.101515434466746e-19
8.308682364111268 9.072925945372596e-19
8.310956181463741 9.044347788994532e-19
8.313230621086403 9.015780049414014e-19
8.31550568314955 8.987215942695619e-19
8.317781367823521 8.95866317563964e-19
8.320057675278711 8.930113095846822e-19
8.322334605685551 8.90157435955515e-19
8.32461215921452 8.873044174444043e-19
8.326890336036154 8.845929320271964e-19
8.32916913632102 8.820862344224102e-19
8.331448560239744 8.795941726928793e-19
8.333728607962993 8.768995936214577e-19
8.336009279661484 8.74050335893967e-19
8.338290575505978 8.7120179361546e-19
8.340572495667281 8.683543874565215e-19
8.342855040316252 8.655072394965835e-19
8.34513820962379 8.62661228037791e-19
8.347422003760848 8.598157364240793e-19
8.349706422898414 8.569711173685148e-19
8.35199146720754 8.54127635506175e-19
8.35427713685931 8.513656222050194e-19
8.356563432024856 8.488076987193835e-19
8.358850352875368 8.463719385682235e-19
8.361137899582072 8.437470674700842e-19
8.363426072316248 8.409203268534882e-19
8.365714871249214 8.380810095152017e-19
8.368004296552346 8.352428308210466e-19
8.37029434839706 8.324048970333268e-19
8.372585026954814 8.295681022683756e-19
8.374876332397129 8.267324372035804e-19
8.377168264895555 8.238970240478623e-19
8.379460824621699 8.210627506047304e-19
8.381754011747216 8.182421760436438e-19
8.384047826443801 8.156249911026969e-19
8.386342268883201 8.131976646466894e-19
8.38863733923721 8.106504393591185e-19
8.39093303767767 8.079020499712887e-19
8.393229364376463 8.050719085228218e-19
8.395526319505525 8.022429082296363e-19
8.397823903236837 7.994148168632076e-19
8.400122115742427 7.965871896068407e-19
8.402420957194373 7.937607041938049e-19
8.40472042776479 7.909344476311082e-19
8.407020527625855 7.881093332868567e-19
8.40932125694978 7.852850367120111e-19
8.411622615908833 7.826005848772562e-19
8.413924604675321 7.8011887574596835e-19
8.416227223421604 7.7765720270139405e-19
8.418530472320082 7.749950731385011e-19
8.420834351543213 7.721745766410737e-19
8.423138861263496 7.693547050492194e-19
8.425444001653474 7.665359774231715e-19
8.427749772885743 7.637174678535279e-19
8.430056175132947 7.609001026224282e-19
8.432363208567772 7.580834114813653e-19
8.434670873362949 7.552674062780864e-19
8.436979169691266 7.524525460987167e-19
8.439288097725555 7.496928525349616e-19
8.441597657638688 7.471351969143921e-19
8.443907849603594 7.447241564749522e-19
8.446218673793243 7.421561634435479e-19
8.448530130380657 7.393883689665424e-19
8.450842219538899 7.365775757362219e-19
8.453154941441085 7.337679289561586e-19
8.455468296260376 7.309588643368857e-19
8.457782284169982 7.281505688110787e-19
8.460096905343159 7.253434204190707e-19
8.46241215995321 7.225364737568981e-19
8.464728048173487 7.197306745976644e-19
8.467044570177388 7.169254311298022e-19
8.46936172613836 7.142838830848152e-19
8.471679516229894 7.118437211465562e-19
8.473997940625535 7.093777089840182e-19
8.47631699949887 7.067126074537985e-19
8.478636693023534 7.039111903882638e-19
8.480957021373209 7.011105734558855e-19
8.483277984721628 6.983111057586904e-19
8.485599583242571 6.955118288159957e-19
8.487921817109862 6.927137014751951e-19
8.490244686497373 6.8991611605578365e-19
8.49256819157903 6.871193266564641e-19
8.494892332528801 6.843236875397962e-19
8.497217109520701 6.815903326919572e-19
8.499542522728792 6.790576546572426e-19
8.50186857232719 6.76663013054373e-19
8.504195258490052 6.741084180938977e-19
8.506522581391586 6.713553936925561e-19
8.508850541206044 6.685637549604386e-19
8.511179138107734 6.657732679205437e-19
8.513508372271001 6.629833614959798e-19
8.515838243870245 6.6019420342010815e-19
8.51816875307991 6.57406197715337e-19
8.520499900074492 6.546183661647758e-19
8.522831685028532 6.518316873483416e-19
8.525164108116616 6.490456282580055e-19
8.527497169513383 6.464125496255404e-19
8.529830869393516 6.439794910794966e-19
8.532165207931747 6.415431829640256e-19
8.53450018530286 6.38909161948022e-19
8.536835801681677 6.36126955406697e-19
8.539172057243077 6.333453967088201e-19
8.541508952161983 6.3056499246174455e-19
8.543846486613369 6.277847512099724e-19
8.54618466077225 6.250056647695482e-19
8.548523474813695 6.22227315984642e-19
8.55086292891282 6.1944954488753535e-19
8.553203023244787 6.166729292777779e-19
8.555543757984804 6.139315980704416e-19
8.557885133308137 6.113895731552414e-19
8.560227149390089 6.090114424450949e-19
8.562569806406014 6.06504173371927e-19
8.564913104531318 6.037998561475698e-19
8.567257043941447 6.010271728182353e-19
8.569601624811906 5.982556463686054e-19
8.571946847318236 5.954850286890115e-19
8.574292711636033 5.927148083985701e-19
8.576639217940944 5.899457456618883e-19
8.578986366408659 5.871768290432039e-19
8.581334157214915 5.84409070335051e-19
8.5836825905355 5.816423259893502e-19
8.586031666546248 5.789835135967789e-19
8.588381385423045 5.76523345910017e-19
8.590731747341822 5.741505429965905e-19
8.593082752478558 5.715814129000656e-19
8.595434401009282 5.688185470656686e-19
8.59778669311007 5.6605584476267645e-19
8.600139628957045 5.632943020708723e-19
8.60249320872638 5.605329996692737e-19
8.604847432594294 5.577727517162066e-19
8.60720230073706 5.550136640460029e-19
8.609557813330992 5.522547083192998e-19
8.611913970552457 5.494969132291035e-19
8.614270772577868 5.467394976223399e-19
8.616628219583689 5.44154036594633e-19
8.618986311746426 5.417665561775712e-19
8.621345049242638 5.39344778257904e-19
8.623704432248939 5.367409816189435e-19
8.626064460941976 5.340147395477615e-19
8.628425135498453 5.31278837054546e-19
8.630786456095128 5.285304733875042e-19
8.633148422908796 5.257789753220416e-19
8.63551103611631 5.230286399340045e-19
8.637874295894562 5.202790516938004e-19
8.640238202420502 5.175299969196926e-19
8.64260275587112 5.147821054916621e-19
8.644967956423459 5.120585880069523e-19
8.647333804254615 5.095323278139056e-19
8.64970029954172 5.071788826772101e-19
8.652067442461965 5.047131927314358e-19
8.654435233192586 5.020525198888411e-19
8.65680367191087 4.993084560784999e-19
8.659172758794146 4.965655569801009e-19
8.6615424940198 4.938237783701512e-19
8.66391287776526 4.910821503848014e-19
8.666283910208005 4.883416877780006e-19
8.66865559152556 4.856014899080391e-19
8.671027921895504 4.828622961993707e-19
8.673400901495464 4.8012426853543e-19
8.675774530503109 4.774565172917482e-19
8.678148809096163 4.749853544320901e-19
8.680523737452393 4.726399696351788e-19
8.682899315749623 4.701388746259197e-19
8.68527554416572 4.674434711996798e-19
8.687652422878598 4.647092358444452e-19
8.690029952066224 4.619761678908805e-19
8.69240813190661 4.592438063510243e-19
8.69478696257782 4.565119976868585e-19
8.697166444257967 4.537813570884683e-19
8.699546577125208 4.510508051261861e-19
8.701927361357754 4.483214215736016e-19
8.704308797133862 4.455929858652198e-19
8.706690884631836 4.429719187537015e-19
8.709073624030033 4.405467686330865e-19
8.71145701550686 4.382094738381304e-19
8.713841059240766 4.356819561027799e-19
8.716225755410253 4.3296080688846327e-19
8.718611104193869 4.3023634865433395e-19
8.720997105770222 4.275130604975532e-19
8.723383760317954 4.2479015058699914e-19
8.72577106801576 4.220681097586854e-19
8.728159029042391 4.193472396692877e-19
8.730547643576639 4.166264435563198e-19
8.73293691179735 4.1390681852290916e-19
8.735326833883413 4.1118784771790053e-19
8.737717410013776 4.086044112700326e-19
8.740108640367422 4.0621621794230377e-19
8.742500525123397 4.0386412901241683e-19
8.744893064460786 4.0131914078180263e-19
8.74728625855873 3.9860411416276717e-19
8.749680107596415 3.958893809851097e-19
8.752074611753073 3.931758205462358e-19
8.754469771207996 3.9046239671082933e-19
8.75686558614051 3.877500715012483e-19
8.759262056730002 3.8503891968943507e-19
8.761659183155905 3.82327827070255e-19
8.764056965597698 3.7961790818616343e-19
8.766455404234911 3.7690843668255446e-19
8.768854499247126 3.7435360661174534e-19
8.771254250813971 3.7199334332065537e-19
8.773654659115124 3.696320238242877e-19
8.776055724330309 3.670784866701431e-19
8.778457446639305 3.643729725586726e-19
8.780859826221935 3.6166791163682267e-19
8.783262863258074 3.5896402610074093e-19
8.785666557927648 3.562601878352021e-19
8.788070910410628 3.5355752529003243e-19
8.790475920887037 3.508559736226445e-19
8.792881589536947 3.481545314035563e-19
8.795287916540476 3.454542655605587e-19
8.797694902077797 3.4275432764006316e-19
8.800102546329128 3.402191093874987e-19
8.80251084947474 3.3787777911271755e-19
8.80491981169495 3.355161169733016e-19
8.807329433170121 3.3296292125139718e-19
8.809739714080676 3.302669538802173e-19
8.812150654607079 3.2757151167202885e-19
8.814562254929843 3.2487724748193975e-19
8.816974515229536 3.221830155548985e-19
8.819387435686771 3.194899619771682e-19
8.821801016482212 3.167979701866908e-19
8.82421525779657 3.141061245303731e-19
8.826630159810612 3.114154578764133e-19
8.829045722705146 3.087250877023148e-19
8.831461946661037 3.062005169871294e-19
8.833878831859195 3.0386915299455513e-19
8.83629637848058 3.015160043670022e-19
8.8387145867062 2.9897200865588924e-19
8.84113345671712 2.962856221384404e-19
8.843552988694444 2.9359974435481665e-19
8.845973182819336 2.9091504720676438e-19
8.848394039272996 2.882303671880035e-19
8.85081555823669 2.8554686813260483e-19
8.853237739891725 2.828644702823036e-19
8.855660584419454 2.8018216660231965e-19
8.858084092001283 2.775010445360258e-19
8.860508262818673 2.7482027615102906e-19
8.86293309705313 2.7229741952481453e-19
8.865358594886207 2.69967085921245e-19
8.867784756499507 2.676312746264329e-19
8.870211582074694 2.6510530516178325e-19
8.872639071793465 2.6242853349007525e-19
8.875067225837576 2.5975216508945536e-19
8.877496044388835 2.570769799268146e-19
8.879925527629094 2.544018425091435e-19
8.882355675740254 2.5172784277731646e-19
8.884786488904272 2.490550269316989e-19
8.887217967303151 2.463822098869816e-19
8.889650111118943 2.4371057705213893e-19
8.892082920533749 2.4103944437621173e-19
8.894516395729728 2.3850939978190035e-19
8.89695053688908 2.3617119207406055e-19
8.899385344194055 2.338615090288926e-19
8.901820817826957 2.313623591334035e-19
8.90425695797014 2.2869523617584876e-19
8.906693764806006 2.2602832135866428e-19
8.909131238517006 2.2336259236660145e-19
8.911569379285641 2.2069711147861403e-19
8.914008187294465 2.1803255511239905e-19
8.91644766272608 2.153691852167375e-19
8.918887805763138 2.1270579870603357e-19
8.92132861658834 2.1004359898603343e-19
8.923770095384441 2.07382135814229e-19
8.926212242334238 2.0483603314936077e-19
8.928655057620585 2.02481078807333e-19
8.931098541426387 2.0020123623601888e-19
8.933542693934593 1.9773766574485174e-19
8.935987515328208 1.9508527045840575e-19
8.93843300579028 1.924277526615138e-19
8.940879165503912 1.8977142326140745e-19
8.94332599465226 1.8711563262400244e-19
8.945773493418528 1.8446046290066033e-19
8.948221661985961 1.8180648221669318e-19
8.950670500537868 1.7915246937297399e-19
8.9531200092576 1.7649964588522793e-19
8.955570188328561 1.7384788588549767e-19
8.958021037934206 1.712768875699182e-19
8.960472558258035 1.6889634659498884e-19
8.962924749483605 1.666248276977113e-19
8.965377611794516 1.6420556237944506e-19
8.967831145374427 1.6159816855985088e-19
8.970285350407043 1.589499904509264e-19
8.972740227076113 1.5630300329475732e-19
8.975195775565444 1.5365693650040141e-19
8.977651996058896 1.510110959268046e-19
8.980108888740371 1.4836644694566643e-19
8.98256645379383 1.4572203951951842e-19
8.985024691403268 1.4307853460982968e-19
8.987483601752754 1.4043622193179518e-19
8.989943185026391 1.3783152347979742e-19
8.992403441408335 1.354165889767592e-19
8.994864371082794 1.331534224816672e-19
8.997325974234029 1.3078715345473864e-19
8.999788251046345 1.28233454598911e-19
9.002251201704105 1.2559475779714694e-19
9.004714826391716 1.2295705476186172e-19
9.00717912529364 1.2032054554601802e-19
9.009644098594384 1.1768397585299174e-19
9.012109746478513 1.1504860028956588e-19
9.014576069130639 1.12413957913506e-19
9.017043066735422 1.0977971315041417e-19
9.019510739477575 1.0714666315318078e-19
9.021979087541862 1.0451368961948847e-19
9.024448111113097 1.0198606017372753e-19
9.02691781037614 9.957238082789047e-20
9.029388185515913 9.714722188219217e-20
9.03185923671738 9.464805468405112e-20
9.034330964165553 9.209425521650381e-20
9.036803368045502 8.954087676457269e-20
9.039276448542346 8.698866047546563e-20
9.041750205841247 8.443648675938448e-20
9.044224640127428 8.18853587241216e-20
9.04669975158616 7.933539346754686e-20
9.049175540402764 7.678876720941165e-20
9.051652006762602 7.425592646395922e-20
9.054129150851104 7.173295497416942e-20
9.056606972853743 6.92031057835864e-20
9.05908547295604 6.66618129977262e-20
9.061564651343566 6.411526073002876e-20
9.06404450820195 6.156969581463642e-20
9.066525043716865 5.902529520038127e-20
9.069006258074037 5.648080787642015e-20
9.071488151459246 5.3937485148495546e-20
9.073970724058318 5.139489440358507e-20
9.076453976057131 4.885264674294747e-20
9.078937907641617 4.63115642912681e-20
9.081422518997755 4.377060845839489e-20
9.083907810311574 4.1230598543495895e-20
9.08639378176916 3.8691754449956715e-20
9.088880433556648 3.615281424220636e-20
9.09136776586022 3.3615040148560035e-20
9.093855778866107 3.1078053447452e-20
9.096344472760602 2.8541346518387636e-20
9.098833847730042 2.6005806314602387e-20
9.101323903960807 2.3470459092229883e-20
9.103814641639346 2.0935983504064166e-20
9.106306060952143 1.84026752518235e-20
9.10879816208574 1.5868092396064393e-20
9.111290945226735 1.3327232978064481e-20
9.113784410561763 1.0780972062385562e-20
9.116278558277521 8.238398305016917e-21
9.118773388560758 5.704439009532156e-21
9.121268901598267 3.174712545948055e-21
9.123765097576896 1.4370205926281544e-21
9.126261976683548 7.115914356021934e-22
9.128759539105168 2.29408973862823e-22
9.131257785028762 0.0
9.133756714641375 0.0
9.136256328130116 0.0
9.138756625682142 0.0
9.141257607484652 0.0
9.143759273724909 0.0
9.146261624590217 0.0
9.14876466026794 0.0
9.151268380945488 0.0
9.153772786810322 0.0
9.156277878049956 0.0
9.158783654851954 0.0
9.161290117403933 0.0
9.16379726589356 0.0
9.166305100508556 0.0
9.16881362143669 0.0
9.171322828865783 0.0
9.173832722983708 0.0
9.176343303978392 0.0
9.178854572037807 0.0
9.181366527349983 0.0
9.183879170102998 0.0
9.186392500484985 0.0
9.188906518684119 0.0
9.191421224888641 0.0
9.193936619286832 0.0
9.196452702067027 0.0
9.198969473417616 0.0
9.20148693352704 0.0
9.204005082583787 0.0
9.206523920776398 0.0
9.209043448293475 0.0
9.211563665323656 0.0
9.21408457205564 0.0
9.216606168678176 0.0
9.21912845538007 0.0
9.221651432350166 0.0
9.224175099777373 0.0
9.226699457850648 0.0
9.229224506758994 0.0
9.231750246691474 0.0
9.234276677837197 0.0
9.236803800385326 0.0
9.239331614525076 0.0
9.241860120445713 0.0
9.244389318336555 0.0
9.24691920838697 0.0
9.249449790786384 0.0
9.251981065724266 0.0
9.254513033390147 0.0
9.257045693973597 0.0
9.259579047664248 0.0
9.262113094651784 0.0
9.264647835125935 0.0
9.267183269276485 0.0
9.269719397293272 0.0
9.272256219366188 0.0
9.274793735685169 0.0
9.277331946440206 0.0
9.27987085182135 0.0
9.282410452018695 0.0
9.284950747222389 0.0
9.28749173762263 0.0
9.290033423409678 0.0
9.292575804773833 0.0
9.295118881905449 0.0
9.297662654994943 0.0
9.30020712423277 0.0
9.302752289809444 0.0
9.305298151915533 0.0
9.307844710741652 0.0
9.31039196647847 0.0
9.312939919316715 0.0
9.315488569447155 0.0
9.318037917060614 0.0
9.320587962347979 0.0
9.323138705500174 0.0
9.325690146708185 0.0
9.328242286163045 0.0
9.330795124055847 0.0
9.333348660577723 0.0
9.335902895919869 0.0
9.338457830273532 0.0
9.341013463830006 0.0
9.343569796780638 0.0
9.346126829316836 0.0
9.348684561630048 0.0
9.35124299391178 0.0
9.353802126353596 0.0
9.356361959147105 0.0
9.358922492483968 0.0
9.361483726555903 0.0
9.364045661554677 0.0
9.366608297672112 0.0
9.369171635100084 0.0
9.371735674030516 0.0
9.374300414655387 0.0
9.37686585716673 0.0
9.379432001756625 0.0
9.38199884861721 0.0
9.384566397940674 0.0
9.38713464991926 0.0
9.389703604745257 0.0
9.392273262611017 0.0
9.394843623708937 0.0
9.397414688231468 0.0
9.399986456371115 0.0
9.402558928320438 0.0
9.405132104272042 0.0
9.407705984418591 0.0
9.410280568952803 0.0
9.412855858067445 0.0
9.41543185195534 0.0
9.418008550809354 0.0
9.420585954822421 0.0
9.423164064187517 0.0
9.425742879097676 0.0
9.42832239974598 0.0
9.43090262632557 0.0
9.433483559029632 0.0
9.436065198051415 0.0
9.438647543584212 0.0
9.44123059582137 0.0
9.443814354956293 0.0
9.446398821182441 0.0
9.448983994693316 0.0
9.451569875682479 0.0
9.454156464343546 0.0
9.456743760870186 0.0
9.459331765456113 0.0
9.461920478295106 0.0
9.464509899580989 0.0
9.467100029507638 0.0
9.469690868268987 0.0
9.47228241605902 0.0
9.474874673071778 0.0
9.477467639501352 0.0
9.480061315541883 0.0
9.482655701387571 0.0
9.485250797232668 0.0
9.487846603271475 0.0
9.49044311969835 0.0
9.493040346707705 0.0
9.495638284494003 0.0
9.498236933251757 0.0
9.500836293175539 0.0
9.503436364459974 0.0
9.506037147299736 0.0
9.508638641889556 0.0
9.511240848424219 0.0
9.513843767098555 0.0
9.516447398107458 0.0
9.519051741645871 0.0
9.521656797908792 0.0
9.524262567091263 0.0
9.526869049388395 0.0
9.529476244995344 0.0
9.532084154107313 0.0
9.53469277691957 0.0
9.537302113627433 0.0
9.539912164426273 0.0
9.542522929511506 0.0
9.545134409078617 0.0
9.547746603323134 0.0
9.550359512440636 0.0
9.552973136626768 0.0
9.555587476077221 0.0
9.558202530987732 0.0
9.560818301554107 0.0
9.563434787972197 0.0
9.566051990437902 0.0
9.568669909147186 0.0
9.57128854429606 0.0
9.573907896080591 0.0
9.576527964696897 0.0
9.579148750341155 0.0
9.58177025320959 0.0
9.584392473498482 0.0
9.58701541140417 0.0
9.589639067123038 0.0
9.59226344085153 0.0
9.594888532786143 0.0
9.597514343123427 0.0
9.600140872059981 0.0
9.602768119792469 0.0
9.605396086517597 0.0
9.608024772432131 0.0
9.610654177732894 0.0
9.613284302616751 0.0
9.615915147280637 0.0
9.618546711921526 0.0
9.621178996736456 0.0
9.623812001922515 0.0
9.626445727676844 0.0
9.62908017419664 0.0
9.63171534167915 0.0
9.634351230321684 0.0
9.636987840321598 0.0
9.6396251718763 0.0
9.64226322518326 0.0
9.644902000440002 0.0
9.647541497844092 0.0
9.650181717593163 0.0
9.652822659884897 0.0
9.655464324917034 0.0
9.658106712887355 0.0
9.660749823993712 0.0
9.663393658434005 0.0
9.666038216406186 0.0
9.668683498108255 0.0
9.671329503738285 0.0
9.673976233494386 0.0
9.676623687574725 0.0
9.679271866177531 0.0
9.68192076950108 0.0
9.684570397743704 0.0
9.68722075110379 0.0
9.689871829779783 0.0
9.692523633970175 0.0
9.695176163873514 0.0
9.697829419688409 0.0
9.700483401613516 0.0
9.703138109847545 0.0
9.705793544589268 0.0
9.708449706037506 0.0
9.711106594391131 0.0
9.713764209849078 0.0
9.716422552610329 0.0
9.719081622873924 0.0
9.721741420838958 0.0
9.724401946704578 0.0
9.727063200669988 0.0
9.729725182934446 0.0
9.732387893697261 0.0
9.735051333157802 0.0
9.73771550151549 0.0
9.740380398969798 0.0
9.743046025720258 0.0
9.745712381966456 0.0
9.748379467908027 0.0
9.751047283744668 0.0
9.753715829676128 0.0
9.756385105902213 0.0
9.759055112622775 0.0
9.761725850037731 0.0
9.764397318347047 0.0
9.767069517750745 0.0
9.769742448448898 0.0
9.772416110641645 0.0
9.77509050452917 0.0
9.777765630311709 0.0
9.780441488189563 0.0
9.783118078363085 0.0
9.785795401032676 0.0
9.788473456398794 0.0
9.791152244661962 0.0
9.793831766022748 0.0
9.79651202068177 0.0
9.799193008839719 0.0
9.801874730697325 0.0
9.804557186455373 0.0
9.807240376314713 0.0
9.809924300476245 0.0
9.81260895914092 0.0
9.815294352509753 0.0
9.817980480783806 0.0
9.820667344164196 0.0
9.823354942852099 0.0
9.82604327704875 0.0
9.828732346955432 0.0
9.831422152773479 0.0
9.834112694704293 0.0
9.836803972949323 0.0
9.83949598771007 0.0
9.842188739188096 0.0
9.844882227585021 0.0
9.847576453102516 0.0
9.850271415942299 0.0
9.852967116306157 0.0
9.855663554395928 0.0
9.858360730413501 0.0
9.86105864456082 0.0
9.863757297039893 0.0
9.866456688052777 0.0
9.869156817801581 0.0
9.871857686488475 0.0
9.874559294315684 0.0
9.877261641485486 0.0
9.87996472820021 0.0
9.882668554662251 0.0
9.885373121074055 0.0
9.88807842763812 0.0
9.890784474557002 0.0
9.893491262033312 0.0
9.896198790269715 0.0
9.898907059468932 0.0
9.901616069833748 0.0
9.90432582156699 0.0
9.907036314871545 0.0
9.909747549950364 0.0
9.91245952700644 0.0
9.915172246242829 0.0
9.917885707862641 0.0
9.92059991206905 0.0
9.923314859065272 0.0
9.92603054905458 0.0
9.928746982240316 0.0
9.931464158825866 0.0
9.934182079014668 0.0
9.936900743010234 0.0
9.939620151016111 0.0
9.942340303235909 0.0
9.945061199873305 0.0
9.947782841132014 0.0
9.950505227215814 0.0
9.953228358328541 0.0
9.95595223467409 0.0
9.958676856456405 0.0
9.961402223879485 0.0
9.964128337147388 0.0
9.96685519646423 0.0
9.969582802034182 0.0
9.972311154061462 0.0
9.97504025275036 0.0
9.977770098305207 0.0
9.980500690930398 0.0
9.98323203083038 0.0
9.985964118209663 0.0
9.988696953272806 0.0
9.99143053622442 0.0
9.994164867269184 0.0
9.996899946611828 0.0
9.999635774457133 0.0
10.00237235100994 0.0
10.00510967647515 0.0
10.007847751057714 0.0
10.010586574962636 0.0
10.013326148394984 0.0
10.016066471559888 0.0
10.018807544662517 0.0
10.021549367908104 0.0
10.024291941501943 0.0
10.027035265649378 0.0
10.029779340555809 0.0
10.0325241664267 0.0
10.035269743467563 0.0
10.038016071883964 0.0
10.040763151881535 0.0
10.043510983665964 0.0
10.046259567442984 0.0
10.04900890341839 0.0
10.051758991798039 0.0
10.05450983278784 0.0
10.057261426593751 0.0
10.060013773421801 0.0
10.062766873478065 0.0
10.065520726968675 0.0
10.068275334099827 0.0
10.071030695077765 0.0
10.073786810108789 0.0
10.076543679399261 0.0
10.079301303155603 0.0
10.082059681584282 0.0
10.084818814891825 0.0
10.087578703284827 0.0
10.090339346969923 0.0
10.093100746153814 0.0
10.095862901043255 0.0
10.09862581184506 0.0
10.101389478766098 0.0
10.104153902013287 0.0
10.10691908179362 0.0
10.109685018314131 0.0
10.112451711781913 0.0
10.11521916240412 0.0
10.117987370387961 0.0
10.120756335940701 0.0
10.12352605926966 0.0
10.126296540582217 0.0
10.129067780085814 0.0
10.131839777987938 0.0
10.134612534496135 0.0
10.137386049818016 0.0
10.140160324161245 0.0
10.142935357733538 0.0
10.14571115074267 0.0
10.14848770339648 0.0
10.151265015902855 0.0
10.154043088469738 0.0
10.15682192130514 0.0
10.159601514617119 0.0
10.162381868613789 0.0
10.165162983503329 0.0
10.167944859493973 0.0
10.170727496794004 0.0
10.173510895611772 0.0
10.176295056155677 0.0
10.17907997863418 0.0
10.181865663255797 0.0
10.184652110229106 0.0
10.187439319762733 0.0
10.190227292065366 0.0
10.193016027345754 0.0
10.195805525812698 0.0
10.198595787675053 0.0
10.201386813141742 0.0
10.204178602421738 0.0
10.206971155724066 0.0
10.209764473257817 0.0
10.212558555232143 0.0
10.215353401856238 0.0
10.218149013339364 0.0
10.22094538989084 0.0
10.223742531720042 0.0
10.226540439036398 0.0
10.229339112049399 0.0
10.232138550968592 0.0
10.23493875600358 0.0
10.23773972736402 0.0
10.240541465259636 0.0
10.243343969900202 0.0
10.246147241495553 0.0
10.248951280255575 0.0
10.25175608639022 0.0
10.254561660109493 0.0
10.257368001623458 0.0
10.260175111142232 0.0
10.262982988875999 0.0
10.26579163503499 0.0
10.268601049829496 0.0
10.27141123346987 0.0
10.274222186166526 0.0
10.277033908129923 0.0
10.279846399570584 0.0
10.282659660699094 0.0
10.28547369172609 0.0
10.288288492862266 0.0
10.29110406431838 0.0
10.293920406305244 0.0
10.29673751903372 0.0
10.299555402714741 0.0
10.302374057559295 0.0
10.305193483778414 0.0
10.308013681583207 0.0
10.31083465118483 0.0
10.313656392794499 0.0
10.316478906623486 0.0
10.319302192883125 0.0
10.322126251784802 0.0
10.324951083539965 0.0
10.327776688360121 0.0
10.330603066456833 0.0
