#xsec (eV,cm2) for SO2 -> SO + O
3.1000290654125155 0.0
3.1008774429979375 0.0
3.1017260527568364 0.0
3.102574894752751 0.0
3.103423969049237 0.0
3.1042732757098674 0.0
3.105122814798232 0.0
3.1059725863779404 0.0
3.1068225905126168 0.0
3.1076728272659047 0.0
3.1085232967014633 0.0
3.1093739988829707 0.0
3.1102249338741217 0.0
3.1110761017386297 0.0
3.1119275025402233 0.0
3.1127791363426507 0.0
3.113631003209677 0.0
3.114483103205083 0.0
3.1153354363926695 0.0
3.116188002836253 0.0
3.1170408025996696 0.0
3.1178938357467696 0.0
3.1187471023414233 0.0
3.119600602447518 0.0
3.1204543361289576 0.0
3.1213083034496645 0.0
3.122162504473578 0.0
3.123016939264656 0.0
3.123871607886872 0.0
3.1247265104042174 0.0
3.125581646880703 0.0
3.1264370173803555 0.0
3.1272926219672197 0.0
3.128148460705357 0.0
3.129004533658848 0.0
3.129860840891788 0.0
3.130717382468294 0.0
3.131574158452497 0.0
3.1324311689085467 0.0
3.133288413900611 0.0
3.134145893492875 0.0
3.1350036077495402 0.0
3.1358615567348274 0.0
3.1367197405129734 0.0
3.1375781591482346 0.0
3.1384368127048834 0.0
3.13929570124721 0.0
3.140154824839522 0.0
3.1410141835461456 0.0
3.141873777431423 0.0
3.1427336065597165 0.0
3.1435936709954033 0.0
3.1444539708028802 0.0
3.14531450604656 0.0
3.1461752767908746 0.0
3.1470362831002725 0.0
3.1478975250392205 0.0
3.148759002672203 0.0
3.1496207160637213 0.0
3.1504826652782953 0.0
3.151344850380462 0.0
3.1522072714347757 0.0
3.1530699285058095 0.0
3.1539328216581537 0.0
3.154795950956416 0.0
3.155659316465221 0.0
3.1565229182492125 0.0
3.157386756373052 0.0
3.158250830901417 0.0
3.1591151418990044 0.0
3.159979689430528 0.0
3.1608444735607195 0.0
3.1617094943543282 0.0
3.1625747518761216 0.0
3.1634402461908837 0.0
3.164305977363418 0.0
3.1651719454585443 0.0
3.1660381505411004 0.0
3.1669045926759427 0.0
3.1677712719279443 0.0
3.1686381883619976 0.0
3.16950534204301 0.0
3.170372733035909 0.0
3.171240361405639 0.0
3.1721082272171626 0.0
3.1729763305354606 0.0
3.1738446714255293 0.0
3.1747132499523856 0.0
3.1755820661810628 0.0
3.176451120176612 0.0
3.1773204120041023 0.0
3.1781899417286206 0.0
3.179059709415272 0.0
3.1799297151291785 0.0
3.1807999589354807 0.0
3.181670440899337 0.0
3.182541161085923 0.0
3.1834121195604332 0.0
3.184283316388078 0.0
3.185154751634088 0.0
3.1860264253637105 0.0
3.1868983376422104 0.0
3.1877704885348708 0.0
3.188642878106993 0.0
3.1895155064238967 0.0
3.190388373550917 0.0
3.1912614795534084 0.0
3.192134824496745 0.0
3.1930084084463153 0.0
3.193882231467529 0.0
3.194756293625812 0.0
3.195630594986608 0.0
3.196505135615379 0.0
3.1973799155776055 0.0
3.1982549349387845 0.0
3.1991301937644323 0.0
3.200005692120082 0.0
3.200881430071286 0.0
3.2017574076836133 0.0
3.2026336250226515 0.0
3.203510082154006 0.0
3.2043867791433005 0.0
3.2052637160561757 0.0
3.206140892958292 0.0
3.207018309915326 0.0
3.2078959669929725 0.0
3.208773864256945 0.0
3.209652001772975 0.0
3.210530379606812 0.0
3.211408997824223 0.0
3.2122878564909927 0.0
3.2131669556729245 0.0
3.21404629543584 0.0
3.2149258758455783 0.0
3.215805696967996 0.0
3.2166857588689695 0.0
3.2175660616143915 0.0
3.218446605270173 0.0
3.2193273899022437 0.0
3.220208415576551 0.0
3.221089682359061 0.0
3.2219711903157555 0.0
3.2228529395126375 0.0
3.223734930015726 0.0
3.22461716189106 0.0
3.2254996352046934 0.0
3.2263823500227007 0.0
3.2272653064111747 0.0
3.2281485044362244 0.0
3.229031944163978 0.0
3.229915625660582 0.0
3.2307995489922003 0.0
3.2316837142250163 0.0
3.2325681214252295 0.0
3.233452770659059 0.0
3.2343376619927415 0.0
3.2352227954925317 0.0
3.2361081712247026 0.0
3.236993789255546 0.0
3.2378796496513704 0.0
3.238765752478504 0.0
3.2396520978032917 0.0
3.2405386856920977 0.0
3.2414255162113035 0.0
3.2423125894273097 0.0
3.2431999054065344 0.0
3.2440874642154136 0.0
3.2449752659204023 0.0
3.2458633105879735 0.0
3.246751598284618 0.0
3.2476401290768444 0.0
3.2485289030311812 0.0
3.2494179202141735 0.0
3.250307180692385 0.0
3.251196684532397 0.0
3.2520864318008114 0.0
3.2529764225642452 0.0
3.2538666568893353 0.0
3.2547571348427384 0.0
3.2556478564911253 0.0
3.256538821901189 0.0
3.257430031139638 0.0
3.2583214842732007 0.0
3.2592131813686245 0.0
3.2601051224926723 0.0
3.2609973077121266 0.0
3.2618897370937896 0.0
3.2627824107044807 0.0
3.2636753286110363 0.0
3.264568490880313 0.0
3.265461897579185 0.0
3.2663555487745444 0.0
3.2672494445333022 0.0
3.2681435849223877 0.0
3.269037970008748 0.0
3.269932599859349 0.0
3.2708274745411745 0.0
3.271722594121227 0.0
3.272617958666527 0.0
3.273513568244114 0.0
3.274409422921045 0.0
3.2753055227643957 0.0
3.2762018678412614 0.0
3.2770984582187532 0.0
3.2779952939640022 0.0
3.278892375144158 0.0
3.2797897018263877 0.0
3.280687274077878 0.0
3.2815850919658325 0.0
3.282483155557474 0.0
3.283381464920044 0.0
3.2842800201208022 0.0
3.285178821227026 0.0
3.286077868306012 0.0
3.286977161425076 0.0
3.287876700651549 0.0
3.288776486052784 0.0
3.2896765176961518 0.0
3.2905767956490393 0.0
3.2914773199788545 0.0
3.2923780907530222 0.0
3.2932791080389867 0.0
3.2941803719042095 0.0
3.2950818824161727 0.0
3.2959836396423743 0.0
3.2968856436503327 0.0
3.297787894507584 0.0
3.298690392281683 0.0
3.299593137040202 0.0
3.300496128850733 0.0
3.3013993677808866 0.0
3.302302853898291 0.0
3.3032065872705934 0.0
3.3041105679654605 0.0
3.305014796050575 0.0
3.3059192715936403 0.0
3.306823994662377 0.0
3.3077289653245256 0.0
3.3086341836478446 0.0
3.3095396497001097 0.0
3.3104453635491176 0.0
3.311351325262681 0.0
3.3122575349086336 0.0
3.3131639925548253 0.0
3.314070698269127 0.0
3.3149776521194263 0.0
3.315884854173629 0.0
3.3167923044996623 0.0
3.317700003165469 0.0
3.318607950239012 0.0
3.319516145788273 0.0
3.3204245898812506 0.0
3.321333282585963 0.0
3.3222422239704485 0.0
3.323151414102762 0.0
3.324060853050978 0.0
3.3249705408831893 0.0
3.325880477667507 0.0
3.3267906634720616 0.0
3.3277010983650017 0.0
3.328611782414495 0.0
3.329522715688727 0.0
3.3304338982559027 0.0
3.3313453301842464 0.0
3.3322570115419996 0.0
3.333168942397422 0.0
3.334081122818794 0.0
3.3349935528744137 0.0
3.335906232632598 0.0
3.3368191621616825 0.0
3.337732341530021 0.0
3.3386457708059862 0.0
3.33955945005797 0.0
3.3404733793543833 0.0
3.341387558763655 0.0
3.3423019883542318 0.0
3.3432166681945814 0.0
3.3441315983531883 0.0
3.345046778898557 0.0
3.3459622098992106 0.0
3.3468778914236896 0.0
3.3477938235405555 0.0
3.3487100063183863 0.0
3.34962643982578 0.0
3.350543124131353 0.0
3.351460059303741 0.0
3.352377245411598 0.0
3.3532946825235967 0.0
3.3542123707084297 0.0
3.3551303100348067 0.0
3.356048500571457 0.0
3.356966942387129 0.0
3.3578856355505895 0.0
3.3588045801306246 0.0
3.359723776196038 0.0
3.3606432238156536 0.0
3.361562923058314 0.0
3.36248287399288 0.0
3.3634030766882312 0.0
3.364323531213267 0.0
3.3652442376369045 0.0
3.3661651960280805 0.0
3.3670864064557504 0.0
3.3680078689888875 0.0
3.3689295836964863 0.0
3.3698515506475584 0.0
3.3707737699111346 0.0
3.371696241556264 0.0
3.3726189656520154 0.0
3.3735419422674773 0.0
3.3744651714717557 0.0
3.3753886533339754 0.0
3.3763123879232815 0.0
3.377236375308837 0.0
3.378160615559824 0.0
3.3790851087454428 0.0
3.3800098549349147 0.0
3.380934854197478 0.0
3.3818601066023906 0.0
3.38278561221893 0.0
3.3837113711163913 0.0
3.3846373833640895 0.0
3.385563649031358 0.0
3.38649016818755 0.0
3.387416940902037 0.0
3.3883439672442104 0.0
3.389271247283479 0.0
3.3901987810892713 0.0
3.391126568731036 0.0
3.3920546102782394 0.0
3.392982905800366 0.0
3.3939114553669225 0.0
3.3948402590474314 0.0
3.3957693169114354 0.0
3.396698629028497 0.0
3.3976281954681964 0.0
3.3985580163001345 0.0
3.3994880915939287 0.0
3.400418421419218 0.0
3.401349005845659 0.0
3.4022798449429272 0.0
3.4032109387807195 0.0
3.4041422874287486 0.0
3.405073890956749 0.0
3.406005749434472 0.0
3.4069378629316898 0.0
3.4078702315181926 0.0
3.40880285526379 0.0
3.4097357342383114 0.0
3.4106688685116042 0.0
3.4116022581535352 0.0
3.412535903233991 0.0
3.413469803822876 0.0
3.414403959990116 0.0
3.415338371805653 0.0
3.416273039339451 0.0
3.4172079626614913 0.0
3.4181431418417745 0.0
3.419078576950321 0.0
3.4200142680571703 0.0
3.4209502152323807 0.0
3.4218864185460296 0.0
3.4228228780682137 0.0
3.4237595938690495 0.0
3.424696566018672 0.0
3.4256337945872355 0.0
3.426571279644913 0.0
3.4275090212618986 0.0
3.4284470195084027 0.0
3.4293852744546576 0.0
3.4303237861709133 0.0
3.4312625547274394 0.0
3.4322015801945245 0.0
3.4331408626424778 0.0
3.434080402141626 0.0
3.4350201987623152 0.0
3.4359602525749118 0.0
3.4369005636498002 0.0
3.437841132057386 0.0
3.438781957868092 0.0
3.4397230411523614 0.0
3.440664381980656 0.0
3.441605980423457 0.0
3.442547836551266 0.0
3.443489950434603 0.0
3.4444323221440065 0.0
3.4453749517500363 0.0
3.446317839323269 0.0
3.447260984934303 0.0
3.448204388653754 0.0
3.4491480505522585 0.0
3.4500919707004725 0.0
3.4510361491690684 0.0
3.4519805860287422 0.0
3.4529252813502067 0.0
3.4538702352041937 0.0
3.4548154476614554 0.0
3.4557609187927643 0.0
3.45670664866891 0.0
3.457652637360703 0.0
3.458598884938972 0.0
3.459545391474567 0.0
3.4604921570383556 0.0
3.461439181701226 0.0
3.4623864655340837 0.0
3.4633340086078572 0.0
3.4642818109934908 0.0
3.4652298727619506 0.0
3.4661781939842204 0.0
3.4671267747313053 0.0
3.4680756150742287 0.0
3.469024715084033 0.0
3.4699740748317813 0.0
3.4709236943885546 0.0
3.471873573825455 0.0
3.472823713213603 0.0
3.4737741126241386 0.0
3.474724772128222 0.0
3.475675691797032 0.0
3.476626871701767 0.0
3.4775783119136463 0.0
3.478530012503906 0.0
3.4794819735438045 0.0
3.480434195104618 0.0
3.4813866772576425 0.0
3.4823394200741937 0.0
3.483292423625606 0.0
3.484245687983236 0.0
3.485199213218456 0.0
3.4861529994026617 0.0
3.4871070466072642 0.0
3.4880613549036976 0.0
3.489015924363414 0.0
3.4899707550578856 0.0
3.490925847058604 0.0
3.4918812004370796 0.0
3.492836815264843 0.0
3.4937926916134447 0.0
3.494748829554455 0.0
3.495705229159463 0.0
3.4966618905000773 0.0
3.4976188136479265 0.0
3.498575998674659 0.0
3.4995334456519425 0.0
3.5004911546514643 0.0
3.5014491257449314 0.0
3.502407359004071 0.0
3.503365854500629 0.0
3.5043246123063705 0.0
3.5052836324930814 0.0
3.506242915132568 0.0
3.5072024602966536 0.0
3.5081622680571836 0.0
3.5091223384860224 0.0
3.510082671655053 0.0
3.511043267636179 0.0
3.512004126501324 0.0
3.5129652483224305 0.0
3.5139266331714616 0.0
3.5148882811203985 0.0
3.5158501922412437 0.0
3.516812366606019 0.0
3.517774804286766 0.0
3.5187375053555447 0.0
3.5197004698844365 0.0
3.5206636979455426 0.0
3.521627189610982 0.0
3.5225909449528956 0.0
3.5235549640434423 0.0
3.524519246954802 0.0
3.5254837937591743 0.0
3.5264486045287775 0.0
3.527413679335851 0.0
3.528379018252652 0.0
3.52934462135146 0.0
3.5303104887045733 0.0
3.531276620384309 0.0
3.5322430164630054 0.0
3.533209677013019 0.0
3.5341766021067276 0.0
3.5351437918165276 0.0
3.536111246214837 0.0
3.537078965374092 0.0
3.5380469493667484 0.0
3.539015198265284 0.0
3.539983712142194 0.0
3.540952491069994 0.0
3.5419215351212205 0.0
3.542890844368429 0.0
3.5438604188841953 0.0
3.5448302587411145 0.0
3.545800364011802 0.0
3.5467707347688924 0.0
3.5477413710850416 0.0
3.548712273032925 0.0
3.549683440685236 0.0
3.5506548741146897 0.0
3.551626573394021 0.0
3.552598538595984 0.0
3.553570769793354 0.0
3.554543267058924 0.0
3.55551603046551 0.0
3.5564890600859447 0.0
3.5574623559930827 0.0
3.558435918259798 0.0
3.5594097469589845 0.0
3.5603838421635565 0.0
3.5613582039464475 0.0
3.562332832380612 0.0
3.563307727539023 0.0
3.5642828894946743 0.0
3.56525831832058 0.0
3.5662340140897744 0.0
3.5672099768753105 0.0
3.568186206750262 0.0
3.5691627037877227 0.0
3.5701394680608067 0.0
3.571116499642647 0.0
3.5720937986063994 0.0
3.5730713650252346 0.0
3.5740491989723484 0.0
3.5750273005209543 0.0
3.5760056697442857 0.0
3.5769843067155973 0.0
3.577963211508162 0.0
3.578942384195275 0.0
3.579921824850249 0.0
3.5809015335464194 0.0
3.5818815103571398 0.0
3.5828617553557844 0.0
3.583842268615748 0.0
3.584823050210444 0.0
3.5858041002133083 0.0
3.586785418697795 0.0
3.5877670057373785 0.0
3.588748861405554 0.0
3.5897309857758355 0.0
3.59071337892176 0.0
3.5916960409168803 0.0
3.5926789718347742 0.0
3.5936621717490356 0.0
3.5946456407332796 0.0
3.595629378861144 0.0
3.596613386206283 0.0
3.5975976628423725 0.0
3.59858220884311 0.0
3.5995670242822113 0.0
3.600552109233412 0.0
3.6015374637704705 0.0
3.602523087967163 0.0
3.6035089818972863 0.0
3.604495145634658 0.0
3.6054815792531154 0.0
3.6064682828265164 0.0
3.6074552564287385 0.0
3.6084425001336804 0.0
3.609430014015261 0.0
3.6104177981474175 0.0
3.61140585260411 0.0
3.6123941774593167 0.0
3.613382772787037 0.0
3.614371638661291 0.0
3.615360775156118 0.0
3.6163501823455793 0.0
3.617339860303753 0.0
3.6183298091047416 0.0
3.6193200288226652 0.0
3.6203105195316656 0.0
3.621301281305903 0.0
3.6222923142195604 0.0
3.62328361834684 0.0
3.6242751937619637 0.0
3.625267040539174 0.0
3.6262591587527346 0.0
3.627251548476928 0.0
3.6282442097860583 0.0
3.629237142754449 0.0
3.630230347456446 0.0
3.631223823966412 0.0
3.6322175723587327 0.0
3.633211592707815 0.0
3.6342058850880825 0.0
3.6352004495739827 0.0
3.636195286239981 0.0
3.637190395160565 0.0
3.638185776410242 0.0
3.6391814300635397 0.0
3.6401773561950064 0.0
3.6411735548792095 0.0
3.6421700261907386 0.0
3.643166770204203 0.0
3.6441637869942323 0.0
3.645161076635476 0.0
3.6461586392026053 0.0
3.647156474770312 0.0
3.648154583413306 0.0
3.64915296520632 0.0
3.650151620224106 0.0
3.6511505485414366 0.0
3.652149750233106 0.0
3.6531492253739266 0.0
3.6541489740387334 0.0
3.6551489963023807 0.0
3.6561492922397436 0.0
3.657149861925719 0.0
3.658150705435221 0.0
3.659151822843187 0.0
3.6601532142245747 0.0
3.6611548796543616 0.0
3.662156819207545 0.0
3.663159032959145 0.0
3.6641615209842 0.0
3.6651642833577696 0.0
3.6661673201549343 0.0
3.6671706314507952 0.0
3.668174217320473 0.0
3.6691780778391108 0.0
3.6701822130818704 0.0
3.671186623123935 0.0
3.6721913080405084 0.0
3.673196267906815 0.0
3.6742015027980988 0.0
3.6752070127896257 0.0
3.676212797956682 0.0
3.677218858374574 0.0
3.67822519411863 0.0
3.6792318052641964 0.0
3.6802386918866423 0.0
3.6812458540613564 0.0
3.6822532918637494 0.0
3.6832610053692507 0.0
3.6842689946533116 0.0
3.6852772597914036 0.0
3.68628580085902 0.0
3.6872946179316726 0.0
3.6883037110848953 0.0
3.6893130803942427 0.0
3.6903227259352898 0.0
3.691332647783632 0.0
3.692342846014886 0.0
3.6933533207046887 0.0
3.694364071928697 0.0
3.6953750997625914 0.0
3.6963864042820695 0.0
3.6973979855628514 0.0
3.698409843680677 0.0
3.6994219787113094 0.0
3.7004343907305293 0.0
3.70144707981414 0.0
3.7024600460379657 0.0
3.7034732894778495 0.0
3.704486810209657 0.0
3.705500608309274 0.0
3.706514683852607 0.0
3.7075290369155836 0.0
3.708543667574152 0.0
3.70955857590428 0.0
3.710573761981959 0.0
3.7115892258831984 0.0
3.7126049676840305 0.0
3.713620987460506 0.0
3.714637285288699 0.0
3.7156538612447023 0.0
3.7166707154046312 0.0
3.7176878478446214 0.0
3.7187052586408287 0.0
3.71972294786943 0.0
3.7207409156066236 0.0
3.7217591619286274 0.0
3.722777686911682 0.0
3.723796490632048 0.0
3.7248155731660058 0.0
3.7258349345898587 0.0
3.72685457497993 0.0
3.7278744944125624 0.0
3.728894692964121 0.0
3.729915170710993 0.0
3.730935927729584 0.0
3.731956964096322 0.0
3.7329782798876554 0.0
3.7339998751800536 0.0
3.7350217500500067 0.0
3.736043904574027 0.0
3.7370663388286465 0.0
3.7380890528904174 0.0
3.7391120468359147 0.0
3.740135320741733 0.0
3.7411588746844897 0.0
3.74218270874082 0.0
3.743206822987383 0.0
3.7442312175008583 0.0
3.745255892357944 0.0
3.7462808476353624 0.0
3.747306083409855 0.0
3.7483315997581856 0.0
3.749357396757137 0.0
3.750383474483515 0.0
3.751409833014146 0.0
3.7524364724258756 0.0
3.7534633927955725 0.0
3.754490594200126 0.0
3.7555180767164464 0.0
3.756545840421465 0.0
3.7575738853921337 0.0
3.7586022117054254 0.0
3.7596308194383345 0.0
3.7606597086678772 0.0
3.7616888794710897 0.0
3.7627183319250292 0.0
3.7637480661067757 0.0
3.7647780820934273 0.0
3.7658083799621056 0.0
3.7668389597899523 0.0
3.767869821654131 0.0
3.7689009656318264 0.0
3.769932391800242 0.0
3.770964100236606 0.0
3.7719960910181647 0.0
3.7730283642221876 0.0
3.774060919925965 0.0
3.775093758206807 0.0
3.776126879142047 0.0
3.777160282809037 0.0
3.7781939692851516 0.0
3.7792279386477876 0.0
3.7802621909743612 0.0
3.7812967263423105 0.0
3.782331544829095 0.0
3.783366646512195 0.0
3.784402031469112 0.0
3.7854376997773684 0.0
3.78647365151451 0.0
3.7875098867581 0.0
3.788546405585726 0.0
3.789583208074996 0.0
3.7906202943035394 0.0
3.791657664349005 0.0
3.7926953182890655 0.0
3.793733256201413 0.0
3.794771478163762 0.0
3.7958099842538466 0.0
3.7968487745494253 0.0
3.797887849128274 0.0
3.7989272080681933 0.0
3.799966851447003 0.0
3.8010067793425453 0.0
3.8020469918326825 0.0
3.803087488995299 0.0
3.8041282709083015 0.0
3.805169337649615 0.0
3.80621068929719 0.0
3.807252325928994 0.0
3.80829424762302 0.0
3.809336454457279 0.0
3.810378946509805 0.0
3.8114217238586523 0.0
3.8124647865818986 0.0
3.8135081347576407 0.0
3.814551768463998 0.0
3.8155956877791115 0.0
3.816639892781142 0.0
3.817684383548273 0.0
3.8187291601587106 0.0
3.8197742226906786 0.0
3.820819571222425 0.0
3.8218652058322204 0.0
3.8229111265983535 0.0
3.823957333599137 0.0
3.825003826912903 0.0
3.826050606618007 0.0
3.8270976727928243 0.0
3.8281450255157528 0.0
3.8291926648652113 0.0
3.83024059091964 0.0
3.8312888037575017 0.0
3.8323373034572787 0.0
3.833386090097477 0.0
3.834435163756621 0.0
3.83548452451326 0.0
3.8365341724459627 0.0
3.8375841076333206 0.0
3.838634330153945 0.0
3.8396848400864703 0.0
3.8407356375095523 0.0
3.8417867225018667 0.0
3.8428380951421124 0.0
3.84388975550901 0.0
3.8449417036813 0.0
3.845993939737745 0.0
3.847046463757131 0.0
3.8480992758182637 0.0
3.8491523759999704 0.0
3.8502057643811005 0.0
3.8512594410405256 0.0
3.852313406057137 0.0
3.853367659509849 0.0
3.854422201477597 0.0
3.855477032039339 0.0
3.8565321512740534 0.0
3.8575875592607405 0.0
3.858643256078423 0.0
3.8596992418061444 0.0
3.8607555165229694 0.0
3.861812080307985 0.0
3.862868933240301 0.0
3.8639260753990454 0.0
3.8649835068633727 0.0
3.866041227712455 0.0
3.867099238025488 0.0
3.868157537881688 0.0
3.8692161273602945 0.0
3.8702750065405667 0.0
3.8713341755017874 0.0
3.8723936343232603 0.0
3.8734533830843105 0.0
3.8745134218642847 0.0
3.875573750742552 0.0
3.876634369798503 0.0
3.8776952791115504 0.0
3.8787564787611277 0.0
3.87981796882669 0.0
3.8808797493877156 0.0
3.8819418205237035 0.0
3.883004182314174 0.0
3.8840668348386718 0.0
3.8851297781767586 0.0
3.8861930124080226 0.0
3.8872565376120716 0.0
3.8883203538685347 0.0
3.889384461257064 0.0
3.890448859857333 0.0
3.891513549749037 0.0
3.8925785310118926 0.0
3.893643803725639 0.0
3.8947093679700364 0.0
3.895775223824868 0.0
3.8968413713699377 0.0
3.897907810685072 0.0
3.8989745418501194 0.0
3.9000415649449476 0.0
3.9011088800494504 0.0
3.902176487243541 0.0
3.9032443866071542 0.0
3.904312578220248 0.0
3.9053810621628013 0.0
3.906449838514816 0.0
3.907518907356314 0.0
3.908588268767341 0.0
3.9096579228279627 0.0
3.9107278696182686 0.0
3.91179810921837 0.0
3.912868641708398 0.0
3.9139394671685084 0.0
3.9150105856788766 0.0
3.9160819973197016 0.0
3.917153702171204 0.0
3.9182257003136254 0.0
3.91929799182723 0.0
3.9203705767923043 0.0
3.921443455289156 0.0
3.9225166273981165 0.0
3.9235900931995364 0.0
3.924663852773791 0.0
3.9257379062012756 0.0
3.9268122535624084 0.0
3.92788689493763 0.0
3.9289618304074025 0.0
3.93003706005221 0.0
3.931112583952558 0.0
3.9321884021889755 0.0
3.9332645148420124 0.0
3.9343409219922414 0.0
3.935417623720256 0.0
3.9364946201066733 0.0
3.937571911232132 0.0
3.938649497177292 0.0
3.9397273780228357 0.0
3.9408055538494686 0.0
3.9418840247379174 0.0
3.942962790768931 0.0
3.944041852023279 0.0
3.9451212085817557 0.0
3.946200860525176 0.0
3.9472808079343777 0.0
3.9483610508902194 0.0
3.949441589473583 0.0
3.9505224237653733 0.0
3.951603553846514 0.0
3.9526849797979544 0.0
3.9537667017006646 0.0
3.9548487196356357 0.0
3.9559310336838838 0.0
3.9570136439264445 0.0
3.9580965504443775 0.0
3.9591797533187627 0.0
3.9602632526307033 0.0
3.9613470484613256 0.0
3.962431140891776 0.0
3.963515530003226 0.0
3.9646002158768656 0.0
3.96568519859391 0.0
3.9667704782355955 0.0
3.967856054883181 0.0
3.968941928617948 0.0
3.9700280995211976 0.0
3.971114567674257 0.0
3.9722013331584725 0.0
3.9732883960552154 0.0
3.974375756445877 0.0
3.9754634144118723 0.0
3.976551370034638 0.0
3.9776396233956324 0.0
3.978728174576337 0.0
3.9798170236582564 0.0
3.980906170722915 0.0
3.9819956158518623 0.0
3.983085359126668 0.0
3.984175400628926 0.0
3.9852657404402505 0.0
3.9863563786422795 0.0
3.9874473153166727 0.0
3.9885385505451123 0.0
3.9896300844093036 0.0
3.990721916990972 0.0
3.991814048371868 0.0
3.992906478633763 0.0
3.993999207858451 0.0
3.995092236127748 0.0
3.9961855635234937 0.0
3.997279190127549 0.0
3.9983731160217975 0.0
3.999467341288145 0.0
4.000561866008519 0.0
4.001656690264873 0.0
4.002751814139179 0.0
4.003847237713432 0.0
4.00494296106965 0.0
4.006038984289876 0.0
4.00713530745617 0.0
4.008231930650618 0.0
4.009328853955331 0.0
4.010426077452437 0.0
4.011523601224089 0.0
4.012621425352462 0.0
4.013719549919755 0.0
4.014817975008189 0.0
4.0159167007000045 0.0
4.017015727077469 0.0
4.01811505422287 0.0
4.019214682218517 0.0
4.020314611146745 0.0
4.021414841089907 0.0
4.022515372130382 0.0
4.023616204350572 0.0
4.024717337832898 0.0
4.025818772659807 0.0
4.026920508913768 0.0
4.028022546677269 0.0
4.029124886032827 0.0
4.030227527062975 0.0
4.031330469850273 0.0
4.0324337144773015 0.0
4.033537261026664 0.0
4.034641109580988 0.0
4.035745260222923 0.0
4.036849713035139 0.0
4.03795446810033 0.0
4.039059525501214 0.0
4.0401648853205305 0.0
4.041270547641041 0.0
4.04237651254553 0.0
4.043482780116806 0.0
4.044589350437699 0.0
4.045696223591062 0.0
4.046803399659768 0.0
4.047910878726718 0.0
4.049018660874831 0.0
4.050126746187051 0.0
4.051235134746346 0.0
4.052343826635703 0.0
4.053452821938133 0.0
4.054562120736671 0.0
4.055671723114376 0.0
4.056781629154324 0.0
4.0578918389396215 0.0
4.0590023525533905 0.0
4.0601131700787825 0.0
4.061224291598965 0.0
4.062335717197131 0.0
4.063447446956501 0.0
4.064559480960311 0.0
4.065671819291824 0.0
4.066784462034322 0.0
4.067897409271116 0.0
4.069010661085534 0.0
4.070124217560931 0.0
4.071238078780682 0.0
4.072352244828184 0.0
4.07346671578686 0.0
4.074581491740155 0.0
4.075696572771534 0.0
4.076811958964488 0.0
4.077927650402531 0.0
4.079043647169199 0.0
4.080159949348047 0.0
4.08127655702266 0.0
4.082393470276641 0.0
4.083510689193618 0.0
4.084628213857239 0.0
4.085746044351179 0.0
4.086864180759132 0.0
4.0879826231648195 0.0
4.0891013716519815 0.0
4.090220426304382 0.0
4.0913397872058095 0.0
4.092459454440074 0.0
4.093579428091009 0.0
4.09469970824247 0.0
4.095820294978338 0.0
4.096941188382514 0.0
4.098062388538924 0.0
4.099183895531516 0.0
4.100305709444259 0.0
4.10142783036115 0.0
4.102550258366206 0.0
4.103672993543464 0.0
4.104796035976991 0.0
4.1059193857508705 0.0
4.107043042949212 0.0
4.1081670076561485 0.0
4.109291279955835 0.0
4.1104158599324485 0.0
4.111540747670191 0.0
4.112665943253287 0.0
4.113791446765984 0.0
4.114917258292552 0.0
4.1160433779172845 0.0
4.117169805724497 0.0
4.11829654179853 0.0
4.119423586223746 0.0
4.1205509390845325 0.0
4.1216786004652946 0.0
4.122806570450466 0.0
4.123934849124504 0.0
4.125063436571884 0.0
4.126192332877109 0.0
4.127321538124701 0.0
4.128451052399209 0.0
4.129580875785203 0.0
4.130711008367278 0.0
4.13184145023005 0.0
4.132972201458161 0.0
4.134103262136271 0.0
4.13523463234907 0.0
4.136366312181265 0.0
4.137498301717589 0.0
4.138630601042798 0.0
4.139763210241673 0.0
4.140896129399016 0.0
4.14202935859965 0.0
4.143162897928427 0.0
4.144296747470216 0.0
4.145430907309915 0.0
4.146565377532442 0.0
4.147700158222737 0.0
4.148835249465766 0.0
4.149970651346518 0.0
4.151106363950003 0.0
4.152242387361258 0.0
4.153378721665339 0.0
4.154515366947328 0.0
4.155652323292328 0.0
4.15678959078547 0.0
4.157927169511902 0.0
4.159065059556802 0.0
4.160203261005364 0.0
4.161341773942812 0.0
4.162480598454389 0.0
4.163619734625362 0.0
4.164759182541024 0.0
4.165898942286689 0.0
4.167039013947694 0.0
4.168179397609401 0.0
4.169320093357193 0.0
4.170461101276478 0.0
4.171602421452691 0.0
4.1727440539712815 0.0
4.173885998917729 0.0
4.175028256377537 0.0
4.176170826436229 0.0
4.1773137091793515 0.0
4.178456904692479 0.0
4.1796004130612046 0.0
4.180744234371147 0.0
4.181888368707949 0.0
4.183032816157276 0.0
4.184177576804815 0.0
4.185322650736278 0.0
4.186468038037404 0.0
4.187613738793949 0.0
4.188759753091698 0.0
4.189906081016455 0.0
4.1910527226540495 0.0
4.1921996780903354 0.0
4.1933469474111895 0.0
4.194494530702512 0.0
4.195642428050226 0.0
4.1967906395402785 0.0
4.1979391652586395 0.0
4.199088005291305 0.0
4.20023715972429 0.0
4.201386628643637 0.0
4.202536412135411 0.0
4.203686510285701 0.0
4.204836923180617 0.0
4.205987650906296 0.0
4.207138693548896 0.0
4.2082900511946 0.0
4.209441723929614 0.0
4.210593711840168 0.0
4.211746015012515 0.0
4.212898633532933 0.0
4.21405156748772 0.0
4.215204816963205 0.0
4.21635838204573 0.0
4.217512262821669 0.0
4.218666459377417 0.0
4.219820971799393 0.0
4.22097580017404 0.0
4.222130944587823 0.0
4.223286405127231 0.0
4.224442181878779 0.0
4.225598274929004 0.0
4.226754684364465 0.0
4.227911410271748 0.0
4.229068452737459 0.0
4.230225811848232 0.0
4.231383487690723 0.0
4.232541480351608 0.0
4.233699789917592 0.0
4.234858416475403 0.0
4.23601736011179 0.0
4.237176620913526 0.0
4.23833619896741 0.0
4.239496094360264 0.0
4.240656307178934 0.0
4.241816837510287 0.0
4.242977685441218 0.0
4.244138851058642 0.0
4.245300334449501 0.0
4.246462135700758 0.0
4.247624254899403 0.0
4.248786692132445 0.0
4.249949447486922 0.0
4.251112521049894 0.0
4.252275912908442 0.0
4.253439623149674 0.0
4.254603651860723 0.0
4.255767999128743 0.0
4.25693266504091 0.0
4.25809764968443 0.0
4.2592629531465285 0.0
4.260428575514455 0.0
4.261594516875484 0.0
4.262760777316914 0.0
4.263927356926066 0.0
4.265094255790288 0.0
4.2662614739969476 0.0
4.267429011633439 0.0
4.268596868787181 0.0
4.269765045545613 0.0
4.270933541996204 0.0
4.272102358226439 0.0
4.273271494323833 0.0
4.274440950375925 0.0
4.2756107264702745 0.0
4.276780822694466 0.0
4.277951239136112 0.0
4.279121975882842 0.0
4.280293033022315 0.0
4.2814644106422115 0.0
4.2826361088302365 0.0
4.283808127674121 0.0
4.284980467261614 0.0
4.286153127680497 0.0
4.2873261090185695 0.0
4.288499411363656 0.0
4.289673034803606 0.0
4.290846979426293 0.0
4.292021245319615 0.0
4.2931958325714925 0.0
4.294370741269871 0.0
4.295545971502721 0.0
4.296721523358035 0.0
4.29789739692383 0.0
4.299073592288149 0.0
4.300250109539057 0.0
4.301426948764647 0.0
4.302604110053028 0.0
4.3037815934923405 0.0
4.304959399170748 0.0
4.3061375271764355 0.0
4.3073159775976135 0.0
4.3084947505225175 0.0
4.309673846039405 0.0
4.31085326423656 0.0
4.312033005202291 0.0
4.313213069024926 0.0
4.314393455792823 0.0
4.315574165594361 0.0
4.316755198517944 0.0
4.317936554651999 0.0
4.31911823408498 0.0
4.3203002369053625 0.0
4.321482563201647 0.0
4.322665213062358 0.0
4.323848186576046 0.0
4.3250314838312836 0.0
4.326215104916667 0.0
4.32739904992082 0.0
4.328583318932388 0.0
4.329767912040042 0.0
4.330952829332475 0.0
4.332138070898408 0.0
4.333323636826581 0.0
4.334509527205764 0.0
4.33569574212475 0.0
4.336882281672352 0.0
4.3380691459374106 0.0
4.339256335008792 0.0
4.340443848975385 0.0
4.341631687926102 0.0
4.342819851949882 0.0
4.344008341135686 0.0
4.3451971555724995 0.0
4.346386295349335 0.0
4.347575760555225 0.0
4.348765551279232 0.0
4.349955667610438 0.0
4.35114610963795 0.0
4.352336877450904 0.0
4.353527971138453 0.0
4.354719390789782 0.0
4.355911136494093 0.0
4.35710320834062 0.0
4.358295606418614 0.0
4.359488330817356 0.0
4.360681381626151 0.0
4.361874758934322 0.0
4.363068462831226 0.0
4.364262493406238 0.0
4.3654568507487586 0.0
4.366651534948213 0.0
4.367846546094054 0.0
4.369041884275754 0.0
4.3702375495828125 0.0
4.3714335421047545 0.0
4.372629861931127 0.0
4.3738265091515025 0.0
4.375023483855477 0.0
4.376220786132675 0.0
4.377418416072741 0.0
4.378616373765345 0.0
4.379814659300184 0.0
4.381013272766977 0.0
4.382212214255468 0.0
4.383411483855426 0.0
4.3846110816566455 0.0
4.385811007748943 0.0
4.3870112622221615 0.0
4.388211845166169 0.0
4.389412756670858 0.0
4.390613996826142 0.0
4.391815565721965 0.0
4.393017463448292 0.0
4.394219690095112 0.0
4.395422245752441 0.0
4.3966251305103174 0.0
4.397828344458807 0.0
4.399031887687999 0.0
4.400235760288004 0.0
4.401439962348961 0.0
4.402644493961034 0.0
4.403849355214412 0.0
4.4050545461993025 0.0
4.406260067005947 0.0
4.407465917724606 0.0
4.408672098445562 0.0
4.409878609259131 0.0
4.411085450255646 0.0
4.4122926215254665 0.0
4.41350012315898 0.0
4.414707955246595 0.0
4.415916117878746 0.0
4.417124611145893 0.0
4.41833343513852 0.0
4.419542589947136 0.0
4.420752075662273 0.0
4.421961892374491 0.0
4.423172040174373 0.0
4.424382519152528 0.0
4.425593329399586 0.0
4.426804471006207 0.0
4.428015944063073 0.0
4.42922774866089 0.0
4.43043988489039 0.0
4.431652352842331 0.0
4.432865152607496 0.0
4.434078284276689 0.0
4.435291747940742 0.0
4.436505543690511 0.0
4.437719671616877 0.0
4.438934131810749 0.0
4.4401489243630525 0.0
4.441364049364749 0.0
4.442579506906814 0.0
4.443795297080257 0.0
4.4450114199761055 0.0
4.446227875685416 0.0
4.447444664299271 0.0
4.448661785908772 0.0
4.44987924060505 0.0
4.4510970284792615 0.0
4.452315149622587 0.0
4.453533604126228 0.0
4.454752392081419 0.0
4.455971513579412 0.0
4.457190968711487 0.0
4.458410757568949 0.0
4.459630880243128 0.0
4.460851336825379 0.0
4.462072127407081 0.0
4.463293252079641 0.0
4.464514710934488 0.0
4.465736504063075 0.0
4.466958631556884 0.0
4.468181093507419 0.0
4.469403890006211 0.0
4.4706270211448125 0.0
4.471850487014806 0.0
4.473074287707797 0.0
4.474298423315413 0.0
4.475522893929311 0.0
4.476747699641173 0.0
4.4779728405427015 0.0
4.479198316725627 0.0
4.480424128281708 0.0
4.481650275302724 0.0
4.482876757880479 0.0
4.484103576106808 0.0
4.485330730073564 0.0
4.486558219872629 0.0
4.487786045595909 0.0
4.489014207335336 0.0
4.490242705182867 0.0
4.491471539230483 0.0
4.492700709570194 0.0
4.493930216294029 0.0
4.4951600594940455 0.0
4.496390239262329 0.0
4.497620755690984 0.0
4.498851608872146 0.0
4.500082798897971 0.0
4.501314325860644 0.0
4.502546189852374 0.0
4.503778390965396 0.0
4.505010929291966 0.0
4.50624380492437 0.0
4.507477017954917 0.0
4.5087105684759425 0.0
4.509944456579808 0.0
4.511178682358898 0.0
4.512413245905623 0.0
4.51364814731242 0.0
4.514883386671748 0.0
4.516118964076096 0.0
4.517354879617975 0.0
4.518591133389923 0.0
4.519827725484502 0.0
4.5210646559943 0.0
4.52230192501193 0.0
4.523539532630032 0.0
4.524777478941267 0.0
4.526015764038329 0.0
4.527254388013928 0.0
4.528493350960806 0.0
4.52973265297173 0.0
4.530972294139488 0.0
4.532212274556899 0.0
4.533452594316804 0.0
4.534693253512068 0.0
4.535934252235586 0.0
4.537175590580274 0.0
4.5384172686390745 0.0
4.53965928650496 0.0
4.540901644270922 0.0
4.54214434202998 0.0
4.543387379875181 0.0
4.5446307578995935 0.0
4.545874476196315 0.0
4.547118534858464 0.0
4.548362933979192 0.0
4.5496076736516695 0.0
4.550852753969094 0.0
4.55209817502469 0.0
4.5533439369117055 0.0
4.554590039723415 0.0
4.5558364835531195 0.0
4.557083268494143 0.0
4.558330394639839 0.0
4.559577862083581 0.0
4.560825670918774 0.0
4.562073821238846 0.0
4.563322313137248 0.0
4.5645711467074594 0.0
4.5658203220429865 0.0
4.567069839237359 0.0
4.56831969838413 0.0
4.569569899576884 0.0
4.570820442909227 0.0
4.57207132847479 0.0
4.573322556367232 0.0
4.574574126680239 0.0
4.575826039507517 0.0
4.577078294942803 0.0
4.5783308930798565 0.0
4.579583834012467 0.0
4.5808371178344425 0.0
4.582090744639623 0.0
4.583344714521871 0.0
4.584599027575075 0.0
4.585853683893152 0.0
4.587108683570042 0.0
4.588364026699709 0.0
4.5896197133761465 0.0
4.590875743693372 0.0
4.592132117745429 0.0
4.593388835626386 0.0
4.594645897430338 0.0
4.595903303251406 0.0
4.597161053183736 0.0
4.598419147321501 0.0
4.599677585758897 0.0
4.60093636859015 0.0
4.602195495909508 0.0
4.6034549678112455 0.0
4.604714784389666 0.0
4.605974945739094 0.0
4.607235451953883 0.0
4.608496303128412 0.0
4.609757499357084 0.0
4.61101904073433 0.0
4.612280927354607 0.0
4.613543159312396 0.0
4.614805736702204 0.0
4.6160686596185645 0.0
4.617331928156037 0.0
4.618595542409208 0.0
4.619859502472688 0.0
4.621123808441114 0.0
4.62238846040915 0.0
4.623653458471484 0.0
4.62491880272283 0.0
4.626184493257929 0.0
4.627450530171548 0.0
4.62871691355848 0.0
4.629983643513544 0.0
4.631250720131584 0.0
4.632518143507469 0.0
4.633785913736097 0.0
4.63505403091239 0.0
4.636322495131296 0.0
4.637591306487789 0.0
4.6388604650768706 0.0
4.640129970993567 0.0
4.64139982433293 0.0
4.6426700251900375 0.0
4.643940573659995 0.0
4.64521146983793 0.0
4.646482713819002 0.0
4.647754305698393 0.0
4.649026245571311 0.0
4.65029853353299 0.0
4.651571169678691 0.0
4.652844154103702 0.0
4.654117486903335 0.0
4.655391168172927 0.0
4.656665198007845 0.0
4.6579395765034795 0.0
4.659214303755247 0.0
4.660489379858593 0.0
4.661764804908984 0.0
4.663040579001917 0.0
4.664316702232913 0.0
4.665593174697522 0.0
4.6668699964913145 0.0
4.6681471677098925 0.0
4.669424688448882 0.0
4.670702558803936 0.0
4.671980778870732 0.0
4.673259348744976 0.0
4.674538268522397 0.0
4.675817538298754 0.0
4.677097158169829 0.0
4.678377128231434 0.0
4.679657448579404 0.0
4.680938119309598 0.0
4.6822191405179066 0.0
4.683500512300245 0.0
4.684782234752554 0.0
4.686064307970799 0.0
4.687346732050973 0.0
4.688629507089098 0.0
4.689912633181218 0.0
4.691196110423406 0.0
4.6924799389117595 0.0
4.693764118742404 0.0
4.69504865001149 0.0
4.696333532815196 0.0
4.697618767249724 0.0
4.6989043534113035 0.0
4.700190291396193 0.0
4.701476581300675 0.0
4.702763223221056 0.0
4.704050217253673 0.0
4.705337563494888 0.0
4.70662526204109 0.0
4.7079133129886905 0.0
4.709201716434132 0.0
4.710490472473882 0.0
4.711779581204436 0.0
4.71306904272231 0.0
4.7143588571240524 0.0
4.715649024506238 0.0
4.716939544965463 0.0
4.718230418598354 0.0
4.7195216455015645 0.0
4.720813225771772 0.0
4.722105159505681 0.0
4.723397446800026 0.0
4.724690087751561 0.0
4.725983082457073 0.0
4.727276431013374 0.0
4.728570133517299 0.0
4.729864190065713 0.0
4.731158600755506 0.0
4.732453365683597 0.0
4.733748484946927 0.0
4.735043958642468 0.0
4.736339786867216 0.0
4.737635969718193 0.0
4.73893250729245 0.0
4.740229399687063 0.0
4.7415266469991355 0.0
4.742824249325796 0.0
4.744122206764201 0.0
4.745420519411532 0.0
4.746719187365 0.0
4.748018210721839 0.0
4.749317589579313 0.0
4.75061732403471 0.0
4.751917414185346 0.0
4.753217860128562 0.0
4.75451866196173 0.0
4.755819819782243 0.0
4.7571213336875235 0.0
4.7584232037750205 0.0
4.759725430142209 0.0
4.761028012886593 0.0
4.7623309521057005 0.0
4.7636342478970874 0.0
4.764937900358333 0.0
4.766241909587052 0.0
4.767546275680876 0.0
4.768850998737467 0.0
4.770156078854516 0.0
4.771461516129739 0.0
4.772767310660878 0.0
4.774073462545703 0.0
4.775379971882009 0.0
4.776686838767619 0.0
4.777994063300383 0.0
4.779301645578178 0.0
4.780609585698906 0.0
4.781917883760499 0.0
4.783226539860912 0.0
4.784535554098129 0.0
4.785844926570162 0.0
4.787154657375046 0.0
4.788464746610845 0.0
4.789775194375653 0.0
4.791086000767585 0.0
4.792397165884786 0.0
4.793708689825428 0.0
4.795020572687711 0.0
4.7963328145698565 0.0
4.797645415570118 0.0
4.798958375786777 0.0
4.800271695318138 0.0
4.801585374262531 0.0
4.80289941271832 0.0
4.804213810783889 0.0
4.805528568557652 0.0
4.80684368613805 0.0
4.80815916362355 0.0
4.809475001112647 0.0
4.8107911987038605 0.0
4.812107756495742 0.0
4.813424674586864 0.0
4.814741953075829 0.0
4.816059592061267 0.0
4.817377591641835 0.0
4.818695951916214 0.0
4.820014672983117 0.0
4.8213337549412785 0.0
4.822653197889464 0.0
4.823973001926465 0.0
4.8252931671510995 0.0
4.826613693662214 0.0
4.827934581558679 0.0
4.829255830939394 0.0
4.830577441903286 0.0
4.831899414549311 0.0
4.833221748976447 0.0
4.8345444452837025 0.0
4.835867503570112 0.0
4.837190923934738 0.0
4.838514706476669 0.0
4.839838851295021 0.0
4.841163358488938 0.0
4.842488228157592 0.0
4.8438134604001775 0.0
4.84513905531592 0.0
4.846465013004074 0.0
4.847791333563915 0.0
4.849118017094752 0.0
4.850445063695917 0.0
4.851772473466771 0.0
4.853100246506702 0.0
4.854428382915124 0.0
4.855756882791479 0.0
4.857085746235239 0.0
4.858414973345899 0.0
4.859744564222981 0.0
4.8610745189660385 0.0
4.862404837674649 0.0
4.863735520448419 0.0
4.865066567386981 0.0
4.866397978589993 0.0
4.867729754157146 0.0
4.869061894188151 0.0
4.870394398782754 0.0
4.871727268040719 0.0
4.873060502061847 0.0
4.8743941009459615 0.0
4.875728064792911 0.0
4.877062393702577 0.0
4.878397087774863 0.0
4.879732147109703 0.0
4.881067571807058 0.0
4.882403361966915 0.0
4.883739517689291 0.0
4.885076039074226 0.0
4.886412926221793 0.0
4.887750179232087 0.0
4.889087798205233 0.0
4.890425783241385 0.0
4.891764134440721 0.0
4.893102851903448 0.0
4.894441935729801 0.0
4.895781386020042 0.0
4.89712120287446 0.0
4.898461386393372 0.0
4.89980193667712 0.0
4.901142853826079 0.0
4.902484137940648 0.0
4.903825789121251 0.0
4.905167807468343 0.0
4.906510193082406 0.0
4.90785294606395 0.0
4.909196066513511 0.0
4.910539554531652 0.0
4.911883410218966 0.0
4.913227633676071 0.0
4.914572225003614 0.0
4.91591718430227 0.0
4.917262511672739 0.0
4.918608207215753 0.0
4.919954271032067 0.0
4.921300703222466 0.0
4.922647503887763 0.0
4.923994673128795 0.0
4.925342211046431 0.0
4.9266901177415665 0.0
4.9280383933151235 0.0
4.92938703786805 0.0
4.930736051501327 0.0
4.932085434315959 0.0
4.933435186412977 0.0
4.934785307893444 0.0
4.936135798858446 0.0
4.937486659409101 0.0
4.938837889646552 0.0
4.940189489671971 0.0
4.9415414595865546 0.0
4.942893799491532 0.0
4.944246509488156 0.0
4.945599589677709 0.0
4.946953040161501 0.0
4.948306861040871 0.0
4.9496610524171825 0.0
4.951015614391829 0.0
4.952370547066231 0.0
4.9537258505418365 0.0
4.955081524920124 0.0
4.956437570302596 0.0
4.957793986790783 0.0
4.959150774486247 0.0
4.960507933490575 0.0
4.961865463905381 0.0
4.963223365832309 0.0
4.964581639373029 0.0
4.965940284629241 0.0
4.967299301702669 0.0
4.9686586906950705 0.0
4.970018451708227 0.0
4.971378584843947 0.0
4.972739090204069 0.0
4.974099967890458 0.0
4.975461218005011 0.0
4.976822840649644 0.0
4.978184835926311 0.0
4.979547203936988 0.0
4.980909944783679 0.0
4.98227305856842 0.0
4.98363654539327 0.0
4.985000405360317 0.0
4.98636463857168 0.0
4.987729245129503 0.0
4.989094225135959 0.0
4.990459578693249 0.0
4.9918253059036015 0.0
4.993191406869274 0.0
4.994557881692549 0.0
4.995924730475741 0.0
4.997291953321191 0.0
4.998659550331267 0.0
5.000027521608365 0.0
5.001395867254912 0.0
5.002764587373359 0.0
5.004133682066187 0.0
5.005503151435905 0.0
5.00687299558505 0.0
5.008243214616188 0.0
5.0096138086319115 0.0
5.010984777734841 0.0
5.012356122027626 0.0
5.013727841612942 0.0
5.015099936593498 0.0
5.016472407072026 0.0
5.017845253151288 0.0
5.019218474934071 0.0
5.020592072523195 0.0
5.021966046021509 0.0
5.023340395531882 0.0
5.02471512115722 0.0
5.026090223000452 0.0
5.027465701164536 0.0
5.028841555752459 0.0
5.030217786867238 0.0
5.031594394611914 0.0
5.03297137908956 0.0
5.034348740403273 0.0
5.035726478656185 0.0
5.037104593951448 0.0
5.038483086392249 0.0
5.039861956081799 0.0
5.04124120312334 0.0
5.042620827620139 0.0
5.044000829675496 0.0
5.045381209392735 0.0
5.046761966875209 0.0
5.048143102226302 0.0
5.049524615549424 0.0
5.050906506948012 0.0
5.052288776525534 0.0
5.053671424385486 0.0
5.055054450631392 0.0
5.056437855366803 0.0
5.057821638695299 0.0
5.059205800720489 0.0
5.060590341546011 0.0
5.0619752612755295 0.0
5.063360560012738 0.0
5.064746237861359 0.0
5.066132294925143 0.0
5.067518731307869 0.0
5.068905547113344 0.0
5.070292742445405 0.0
5.071680317407914 0.0
5.073068272104765 0.0
5.0744566066398775 0.0
5.075845321117203 0.0
5.077234415640719 0.0
5.078623890314432 0.0
5.080013745242375 0.0
5.081403980528612 0.0
5.082794596277236 0.0
5.084185592592366 0.0
5.085576969578151 0.0
5.086968727338768 0.0
5.088360865978424 0.0
5.089753385601352 0.0
5.091146286311814 0.0
5.092539568214105 0.0
5.0939332314125405 0.0
5.09532727601147 0.0
5.096721702115271 0.0
5.098116509828351 0.0
5.099511699255142 0.0
5.100907270500107 0.0
5.102303223667737 0.0
5.1036995588625516 0.0
5.105096276189101 0.0
5.10649337575196 0.0
5.107890857655736 0.0
5.109288722005061 0.0
5.110686968904602 0.0
5.112085598459048 0.0
5.113484610773119 0.0
5.114884005951565 0.0
5.116283784099162 0.0
5.117683945320717 0.0
5.119084489721066 0.0
5.120485417405073 0.0
5.121886728477628 0.0
5.123288423043654 0.0
5.124690501208098 0.0
5.126092963075943 0.0
5.127495808752193 0.0
5.128899038341883 0.0
5.13030265195008 0.0
5.131706649681878 0.0
5.133111031642397 0.0
5.134515797936789 0.0
5.135920948670234 0.0
5.137326483947939 0.0
5.138732403875144 0.0
5.140138708557112 0.0
5.14154539809914 0.0
5.1429524726065505 0.0
5.144359932184698 0.0
5.145767776938962 0.0
5.147176006974754 0.0
5.148584622397513 0.0
5.149993623312705 0.0
5.151403009825828 0.0
5.152812782042409 0.0
5.154222940068 0.0
5.155633484008188 0.0
5.157044413968581 0.0
5.158455730054824 0.0
5.159867432372585 0.0
5.161279521027564 0.0
5.162691996125487 0.0
5.164104857772114 0.0
5.16551810607323 0.0
5.166931741134648 0.0
5.168345763062213 0.0
5.169760171961799 0.0
5.171174967939304 0.0
5.172590151100663 0.0
5.174005721551834 0.0
5.175421679398804 0.0
5.176838024747593 0.0
5.178254757704247 0.0
5.179671878374842 0.0
5.181089386865482 0.0
5.182507283282301 0.0
5.183925567731462 0.0
5.185344240319157 0.0
5.186763301151607 0.0
5.188182750335061 0.0
5.1896025879758 0.0
5.191022814180131 0.0
5.192443429054391 0.0
5.193864432704947 0.0
5.195285825238194 0.0
5.196707606760556 0.0
5.1981297773784885 0.0
5.199552337198474 0.0
5.200975286327024 0.0
5.202398624870678 0.0
5.20382235293601 0.0
5.205246470629617 0.0
5.206670978058127 0.0
5.208095875328199 0.0
5.20952116254652 0.0
5.2109468398198056 0.0
5.212372907254802 0.0
5.213799364958284 0.0
5.215226213037054 0.0
5.2166534515979475 0.0
5.218081080747824 0.0
5.219509100593577 0.0
5.220937511242127 0.0
5.222366312800423 0.0
5.223795505375446 0.0
5.225225089074204 0.0
5.226655064003733 0.0
5.228085430271104 0.0
5.2295161879834104 0.0
5.230947337247778 0.0
5.232378878171363 0.0
5.233810810861351 0.0
5.235243135424954 0.0
5.236675851969415 0.0
5.238108960602008 0.0
5.239542461430034 0.0
5.2409763545608214 0.0
5.2424106401017365 0.0
5.243845318160165 0.0
5.245280388843528 0.0
5.246715852259274 0.0
5.2481517085148806 0.0
5.249587957717855 0.0
5.251024599975735 0.0
5.252461635396086 0.0
5.2538990640865055 0.0
5.255336886154618 0.0
5.256775101708078 0.0
5.25821371085457 0.0
5.259652713701808 0.0
5.2610921103575325 0.0
5.26253190092952 0.0
5.263972085525571 0.0
5.265412664253516 0.0
5.266853637221217 0.0
5.268295004536567 0.0
5.2697367663074814 0.0
5.271178922641914 0.0
5.272621473647842 0.0
5.274064419433275 0.0
5.275507760106251 0.0
5.276951495774838 0.0
5.278395626547134 0.0
5.279840152531265 0.0
5.281285073835388 0.0
5.282730390567691 0.0
5.284176102836389 0.0
5.285622210749725 0.0
5.287068714415978 0.0
5.288515613943449 0.0
5.289962909440476 0.0
5.291410601015421 0.0
5.292858688776678 0.0
5.294307172832671 0.0
5.295756053291852 0.0
5.297205330262704 0.0
5.298655003853739 0.0
5.3001050741735005 0.0
5.3015555413305595 0.0
5.303006405433518 0.0
5.304457666591007 0.0
5.305909324911686 0.0
5.307361380504248 0.0
5.308813833477412 0.0
5.310266683939927 0.0
5.311719932000576 0.0
5.313173577768168 0.0
5.3146276213515415 0.0
5.316082062859565 0.0
5.31753690240114 0.0
5.318992140085195 0.0
5.320447776020686 0.0
5.321903810316604 0.0
5.323360243081967 0.0
5.324817074425822 0.0
5.3262743044572485 0.0
5.327731933285355 0.0
5.329189961019276 0.0
5.330648387768182 0.0
5.33210721364127 0.0
5.333566438747766 0.0
5.3350260631969295 0.0
5.336486087098045 0.0
5.337946510560433 0.0
5.339407333693437 0.0
5.340868556606435 0.0
5.342330179408835 0.0
5.343792202210073 0.0
5.345254625119615 0.0
5.346717448246959 0.0
5.348180671701631 0.0
5.349644295593188 0.0
5.351108320031216 0.0
5.352572745125331 0.0
5.354037570985181 0.0
5.355502797720442 0.0
5.356968425440822 0.0
5.358434454256056 0.0
5.359900884275911 0.0
5.361367715610182 0.0
5.3628349483686995 0.0
5.364302582661318 0.0
5.365770618597924 0.0
5.367239056288437 0.0
5.3687078958428 0.0
5.370177137370993 0.0
5.371646780983022 0.0
5.373116826788927 0.0
5.374587274898772 0.0
5.376058125422656 0.0
5.377529378470706 0.0
5.379001034153081 0.0
5.380473092579968 0.0
5.381945553861586 0.0
5.3834184181081834 0.0
5.384891685430038 0.0
5.386365355937457 0.0
5.387839429740781 0.0
5.389313906950379 0.0
5.390788787676652 0.0
5.3922640720300254 0.0
5.393739760120962 0.0
5.39521585205995 0.0
5.396692347957511 0.0
5.398169247924194 0.0
5.39964655207058 0.0
5.401124260507281 0.0
5.402602373344937 0.0
5.404080890694219 0.0
5.40555981266583 0.0
5.407039139370502 0.0
5.408518870918996 0.0
5.4099990074221065 0.0
5.411479548990654 0.0
5.4129604957354935 0.0
5.41444184776751 0.0
5.415923605197614 0.0
5.417405768136753 0.0
5.4188883366959 0.0
5.420371310986059 0.0
5.421854691118269 0.0
5.423338477203593 0.0
5.424822669353127 0.0
5.426307267678 0.0
5.427792272289366 0.0
5.429277683298416 0.0
5.430763500816365 0.0
5.432249724954463 0.0
5.433736355823987 0.0
5.435223393536248 0.0
5.436710838202584 0.0
5.438198689934367 0.0
5.439686948842997 0.0
5.441175615039905 0.0
5.442664688636551 0.0
5.444154169744429 0.0
5.445644058475063 0.0
5.447134354940002 0.0
5.448625059250833 0.0
5.45011617151917 0.0
5.451607691856656 0.0
5.453099620374967 0.0
5.45459195718581 0.0
5.456084702400922 0.0
5.457577856132066 0.0
5.459071418491044 0.0
5.460565389589682 0.0
5.46205976953984 0.0
5.463554558453406 0.0
5.465049756442301 0.0
5.466545363618476 0.0
5.468041380093911 0.0
5.46953780598062 0.0
5.471034641390643 0.0
5.472531886436055 0.0
5.474029541228959 0.0
5.47552760588149 0.0
5.477026080505815 0.0
5.4785249652141275 0.0
5.480024260118656 0.0
5.481523965331656 0.0
5.483024080965416 0.0
5.484524607132258 0.0
5.486025543944528 0.0
5.487526891514609 0.0
5.489028649954909 0.0
5.490530819377872 0.0
5.492033399895971 0.0
5.493536391621708 0.0
5.495039794667617 0.0
5.496543609146266 0.0
5.498047835170247 0.0
5.499552472852189 0.0
5.50105752230475 0.0
5.502562983640615 0.0
5.504068856972507 0.0
5.505575142413173 0.0
5.507081840075395 7.4989630656122535e-25
5.508588950071985 6.1800261690741696e-24
5.5100964725157855 2.4124375990686574e-23
5.511604407519671 5.807298474038306e-23
5.513112755196543 8.276693117511449e-23
5.5146215156593374 8.93521483388612e-23
5.516130689021024 9.494151176335977e-23
5.517640275394596 1.0019605118141042e-22
5.5191502748930805 1.0434423168797268e-22
5.52066068762954 1.0993805658000257e-22
5.522171513717064 1.1631184576463297e-22
5.523682753268771 1.2022749045330453e-22
5.525194406397813 1.2340076839338842e-22
5.526706473217375 1.2643784146763291e-22
5.5282189538406685 1.2262104367609807e-22
5.529731848380939 1.0860891219680816e-22
5.531245156951461 8.653203269239675e-23
5.532758879665543 7.335656283531453e-23
5.534273016636523 7.435981674257898e-23
5.535787567977768 7.626951065819077e-23
5.537302533802679 7.059274482682976e-23
5.538817914224685 5.361300145160027e-23
5.54033370935725 4.079571960493873e-23
5.541849919313866 3.800649431053042e-23
5.543366544208056 3.97008062852519e-23
5.544883584153375 4.523003098738852e-23
5.54640103926341 5.229065991258697e-23
5.547918909651779 6.140598821923844e-23
5.549437195432128 7.30362859941971e-23
5.550955896718138 8.683455481376701e-23
5.5524750136235195 1.0193132967003816e-22
5.553994546262015 1.1627673683228746e-22
5.555514494747392 1.2576059090737422e-22
5.557034859193459 1.33090678121965e-22
5.558555639714051 1.4377706750682313e-22
5.560076836423033 1.590297593255763e-22
5.561598449434302 1.7533545544188545e-22
5.563120478861787 1.834072974902997e-22
5.564642924819448 1.8274277331440663e-22
5.566165787421275 1.7811550377487801e-22
5.5676890667812895 1.7834738742200735e-22
5.569212763013546 1.8783557898576743e-22
5.570736876232129 2.0561504709651201e-22
5.572261406551153 2.2102259332245715e-22
5.573786354084767 2.2433960995954947e-22
5.575311718947146 2.0648044247956297e-22
5.5768375012525 1.6586093296663703e-22
5.578363701115073 1.1107646541905155e-22
5.579890318649134 7.14493147785934e-23
5.581417353968987 6.180767866686737e-23
5.582944807188965 5.755419623614125e-23
5.584472678423436 5.264513110351748e-23
5.586000967786795 4.8891073587726793e-23
5.587529675393471 4.8607352133917477e-23
5.589058801357925 5.207267788016993e-23
5.5905883457946475 5.77619153378679e-23
5.592118308818158 6.588629221184483e-23
5.593648690543013 7.601112997891954e-23
5.595179491083798 8.89721034308356e-23
5.5967107105551275 1.0420802719407184e-22
5.598242349071651 1.2018359617040196e-22
5.599774406748045 1.3528274852190781e-22
5.6013068836990225 1.4825880774762294e-22
5.602839780039323 1.6151309921940422e-22
5.604373095883722 1.7650430261615966e-22
5.605906831347024 1.9337640243169348e-22
5.607440986544065 2.1036834631438234e-22
5.60897556158971 2.2554219082265e-22
5.610510556598861 2.415473359545849e-22
5.612045971686448 2.62072081098963e-22
5.6135818069674315 2.916795561701322e-22
5.615118062556806 3.336756050673682e-22
5.616654738569596 3.849073968598654e-22
5.618191835120857 4.337067853512017e-22
5.6197293523256775 4.514328979014395e-22
5.621267290299178 3.988389519505517e-22
5.622805649156506 2.91419401956471e-22
5.6243444290128455 1.7191172582095238e-22
5.625883629983413 9.417555656865181e-23
5.62742325218345 6.680357586335988e-23
5.6289632957282345 5.661532286350636e-23
5.630503760733076 5.765224034627603e-23
5.632044647313313 6.005239935830331e-23
5.6335859555843175 6.650369204298484e-23
5.635127685661493 4.8541668714742074e-21
5.636669837660274 2.1200255593855577e-20
5.638212411696126 4.915743272661798e-20
5.639755407884549 8.33484718805048e-20
5.641298826341071 1.169900766913594e-19
5.642842667181252 1.5243521947526246e-19
5.644386930520687 1.9668051211312937e-19
5.645931616474998 2.5237748961001077e-19
5.647476725159844 3.1780818972834014e-19
5.649022256690911 3.9872392461069527e-19
5.650568211183916 4.886713509772825e-19
5.652114588754614 5.713986447933521e-19
5.653661389518787 6.543908033058854e-19
5.655208613592246 7.476272862482147e-19
5.65675626109084 8.874383248749125e-19
5.658304332130447 1.0924659713126712e-18
5.659852826826976 1.354108115371667e-18
5.6614017452963665 1.6638144440697792e-18
5.662951087654594 1.9866642775250276e-18
5.664500854017661 2.2335036375537233e-18
5.666051044501604 2.3063923260890126e-18
5.667601659222493 2.1427935023773417e-18
5.669152698296426 1.686893653104876e-18
5.670704161839536 1.0454576165581362e-18
5.672256049967986 6.110900402652826e-19
5.6738083627979705 4.583406738012879e-19
5.675361100445718 4.2090762151843793e-19
5.676914263027486 4.739078189108654e-19
5.678467850659565 5.56331469669601e-19
5.680021863458281 6.6191284076585625e-19
5.681576301539984 7.744508319128213e-19
5.683131165021061 8.669682160011694e-19
5.684686454017933 9.06043644540614e-19
5.686242168647047 8.867292857123559e-19
5.687798309024885 8.543218428713962e-19
5.689354875267961 8.470788166438346e-19
5.690911867492821 8.997533534371174e-19
5.692469285816042 9.85560174155225e-19
5.6940271303542325 1.0624111416784894e-18
5.695585401224037 1.1291975191696977e-18
5.697144098542125 1.2046144764506746e-18
5.698703222425203 1.3305599098615543e-18
5.700262772990008 1.5270234609786719e-18
5.70182275035331 1.7799911014987398e-18
5.703383154631908 2.1159318165463415e-18
5.704943985942635 2.5228387802981438e-18
5.706505244402358 2.953609973620597e-18
5.708066930127972 3.3609473152303197e-18
5.709629043236406 3.70283210164563e-18
5.711191583844622 3.9934986541977424e-18
5.712754552069611 4.200655427538763e-18
5.714317948028398 4.149957763839941e-18
5.715881771838043 3.5895948335324886e-18
5.717446023615633 2.4506775134032142e-18
5.719010703478286 1.4533692089365831e-18
5.72057581154316 9.80397994666355e-19
5.722141347927437 8.450851676747256e-19
5.723707312748335 9.47717024420147e-19
5.725273706123103 1.0826295541266327e-18
5.726840528169022 1.2211638452996167e-18
5.7284077790034065 1.329536363344934e-18
5.729975458743601 1.3041884371122862e-18
5.731543567506984 1.1829825090225643e-18
5.7331121054109655 1.1121042467390906e-18
5.734681072572986 1.1435834378792292e-18
5.736250469110519 1.2762414860350122e-18
5.7378202951410735 1.4542506022031408e-18
5.739390550782186 1.6665549696400505e-18
5.740961236151427 1.9290524980640823e-18
5.742532351366399 2.2167884947759496e-18
5.744103896544738 2.4926541408266884e-18
5.74567587180411 2.622951711883863e-18
5.747248277262215 2.6359478296263866e-18
5.748821113036783 2.7577805251154472e-18
5.750394379245579 3.039850282078637e-18
5.751968076006399 3.4546046579438498e-18
5.753542203437071 4.0191326858647065e-18
5.755116761655455 4.721625274633639e-18
5.756691750779444 5.617050365552964e-18
5.7582671709269615 6.365371562581031e-18
5.759843022215968 6.500883279611766e-18
5.76141930476445 5.5275311095936225e-18
5.76299601869043 3.593523553215059e-18
5.764573164111962 2.019915926642662e-18
5.7661507411471336 1.1868145840814754e-18
5.767728749914061 8.991855439796913e-19
5.7693071905308955 9.812711230410607e-19
5.7708860631158245 1.1136204286179585e-18
5.77246536778706 1.2380265911514582e-18
5.77404510466285 1.3233426456603358e-18
5.7756252738614755 1.3554019807871111e-18
5.7772058755012505 1.4142633030815154e-18
5.778786909700519 1.5846839897841881e-18
5.780368376577657 1.881645991216057e-18
5.781950276251079 2.268491834780327e-18
5.783532608839222 2.6605549861945828e-18
5.785115374460564 3.0366574908869002e-18
5.786698573233611 3.3892329275529555e-18
5.788282205276903 3.54824355872496e-18
5.789866270709011 3.46867684634397e-18
5.7914507696485416 3.3122748474603614e-18
5.793035702214131 3.2417665315352787e-18
5.794621068524448 3.472808899921943e-18
5.796206868698192 3.978884387939867e-18
5.7977931028541025 4.607777930251737e-18
5.799379771110945 5.2778796143816075e-18
5.800966873587516 5.903893662010955e-18
5.8025544104026485 6.3454004851481025e-18
5.804142381675209 6.42812366901193e-18
5.805730787524093 6.09002046534305e-18
5.807319628068228 5.684628387596577e-18
5.80890890342658 5.383016282060875e-18
5.810498613718142 4.342290616933467e-18
5.812088759061938 2.773415621197314e-18
5.813679339577032 1.6746451782759663e-18
5.815270355382515 1.1572395032382234e-18
5.816861806597512 1.0745717857368848e-18
5.818453693341178 1.1635835351555528e-18
5.820046015732707 1.2882970252816077e-18
5.82163877389132 1.4551432424896541e-18
5.823231967936271 1.6682869371543302e-18
5.82482559798685 1.910516066111173e-18
5.826419664162376 2.2272675113867547e-18
5.828014166582204 2.617975300503334e-18
5.829609105365718 3.0033670751677373e-18
5.831204480632339 3.326586404063013e-18
5.832800292501516 3.53049746451063e-18
5.834396541092733 3.607875736623426e-18
5.83599322652551 3.606738351262918e-18
5.837590348919393 3.752202287786877e-18
5.839187908393964 4.091245517429745e-18
5.84078590506884 4.4677592690434124e-18
5.842384339063668 4.879436439884798e-18
5.843983210498127 5.3258694199602764e-18
5.84558251949193 5.86509027542823e-18
5.847182266164825 6.512198195784243e-18
5.848782450636589 7.443855395604059e-18
5.850383073027033 8.60074260037655e-18
5.8519841334560025 9.673336506632233e-18
5.853585632043375 9.71220127894679e-18
5.855187568909058 8.087717579427921e-18
5.856789944172995 5.519669093996296e-18
5.858392757955161 2.7970824172369932e-18
5.859996010375565 1.3003431965409757e-18
5.861599701554248 1.0098611294123005e-18
5.863203831611284 9.292067727758605e-19
5.864808400666781 1.0051393326185626e-18
5.8664134088408755 1.1241532291743073e-18
5.868018856253743 1.2978715195225478e-18
5.869624743025588 1.52280325023878e-18
5.8712310692766465 1.7910446665987316e-18
5.872837835127192 2.1132582078126788e-18
5.87444504069753 2.4816155621748947e-18
5.876052686107997 2.829400814570637e-18
5.8776607714789595 3.116120974036733e-18
5.879269296930822 3.340846346415673e-18
5.880878262584025 3.5640619417676094e-18
5.8824876685590315 3.9487166993776436e-18
5.884097514976346 4.486229022508349e-18
5.885707801956503 5.0899340074616255e-18
5.887318529620071 5.705315361760275e-18
5.888929698087649 6.317774400884614e-18
5.890541307479872 7.2135095637568e-18
5.892153357917406 8.41609072093492e-18
5.8937658495209515 9.736437687553378e-18
5.895378782411241 1.0820881611461676e-17
5.896992156709041 1.137857159821603e-17
5.898605972535149 1.0699260092120087e-17
5.900220230010399 8.90945754811903e-18
5.901834929255655 7.643969014364066e-18
5.903450070391816 6.685406001238063e-18
5.905065653539811 4.92838779639336e-18
5.906681678820607 3.0529165425049667e-18
5.9082981463552 1.766549815931385e-18
5.90991505626462 1.208291956020645e-18
5.911532408669931 1.2332366773639861e-18
5.913150203692232 1.3741325546857897e-18
5.914768441452651 1.5764439517634129e-18
5.91638712207235 1.810255713182811e-18
5.918006245672527 2.0606044184995633e-18
5.919625812374411 2.308035744501137e-18
5.921245822299264 2.5253253022349298e-18
5.922866275568383 2.7243181062910597e-18
5.924487172303095 2.9953065515040822e-18
5.926108512624766 3.3533382470767456e-18
5.927730296654787 3.771398027631948e-18
5.92935252451459 4.30963849949405e-18
5.930975196325633 4.9736502728531394e-18
5.932598312209414 5.728003403671107e-18
5.934221872287463 6.541297822858235e-18
5.935845876681336 7.383555223964697e-18
5.937470325512633 8.158853134129509e-18
5.939095218902979 8.734037013056075e-18
5.940720556974038 9.182921591795128e-18
5.942346339847504 9.611725626595796e-18
5.943972567645103 1.035731802716859e-17
5.945599240488598 1.135630270069412e-17
5.947226358499784 1.1878008784979118e-17
5.948853921800488 1.1536591120914292e-17
5.950481930512571 1.0137517176687805e-17
5.95211038475793 7.569773261954644e-18
5.95373928465849 4.164664207564716e-18
5.955368630336213 2.02842988116628e-18
5.956998421913096 1.60098101215281e-18
5.958628659511167 1.5372521769341673e-18
5.960259343252485 1.66934714837316e-18
5.961890473259145 1.8042602792001866e-18
5.963522049653278 1.9426648159335333e-18
5.965154072557045 2.0838851337644587e-18
5.96678654209264 2.279433619871458e-18
5.968419458382291 2.5438698068842103e-18
5.970052821548264 2.882726532338628e-18
5.971686631712851 3.284707921059745e-18
5.973320888998382 3.697965669624448e-18
5.97495559352722 4.161809966329349e-18
5.97659074542176 4.696531466509165e-18
5.9782263448044315 5.294727118310008e-18
5.979862391797699 5.936885012107787e-18
5.98149888652406 6.6021209344853085e-18
5.98313582910604 7.301184266683759e-18
5.984773219666206 8.056790631127725e-18
5.986411058327155 9.137611002391566e-18
5.988049345211517 1.0728218825201535e-17
5.989688080441956 1.2721818831142528e-17
5.991327264141171 1.4904417476394698e-17
5.992966896431892 1.6e-17
5.994606977436884 1.5485124940677416e-17
5.996247507278946 1.3035392563961775e-17
5.997888486080912 9.177358774636647e-18
5.999529913965644 5.342758368351125e-18
6.001171791056044 2.758840893600473e-18
6.002814117475046 1.8715439320030277e-18
6.004456893345614 1.7162294882026223e-18
6.006100118790749 1.852263858336625e-18
6.007743793933486 2.03044470041891e-18
6.009387918896893 2.271623780818441e-18
6.01103249380407 2.603064458230946e-18
6.012677518778152 3.043461038904115e-18
6.014322993942309 3.571222052772595e-18
6.015968919419743 3.998774626286157e-18
6.017615295333689 4.256058996474621e-18
6.019262121807419 4.2917929897322875e-18
6.0209093989642355 4.232007750833198e-18
6.022557126927476 4.437001770302652e-18
6.024205305820509 4.905508629167986e-18
6.025853935766745 5.528774325441033e-18
6.027503016889618 6.334736303553827e-18
6.029152549312602 7.286883250681129e-18
6.0308025331592034 8.544061078907548e-18
6.032452968552962 1.0128496222999644e-17
6.034103855617452 1.196014662577865e-17
6.0357551944762795 1.3536037965437427e-17
6.037406985253089 1.41e-17
6.039059228071554 1.3466818712058623e-17
6.040711923055381 1.1878741526439982e-17
6.042365070328318 1.0621141048131465e-17
6.04401867001414 1.0094891565675715e-17
6.045672722236656 9.582395723110056e-18
6.047327227119712 8.579036849039684e-18
6.048982184787187 6.2432286531442954e-18
6.050637595362993 3.76245641393375e-18
6.052293458971075 2.7517268503148817e-18
6.053949775735416 2.689808098309341e-18
6.055606545780028 2.955755003279775e-18
6.05726376922896 3.332587722988885e-18
6.058921446206295 3.6863033667938905e-18
6.0605795768361475 3.747342497760678e-18
6.062238161242668 3.615447175109885e-18
6.0638971995500395 3.623458432653794e-18
6.065556691882483 3.8307408307915676e-18
6.067216638364247 4.228139601810227e-18
6.068877039119618 4.82435520856847e-18
6.070537894272919 5.572135542357307e-18
6.0721992039485 6.4082436821714584e-18
6.073860968270752 7.265960641852433e-18
6.075523187364096 7.961563173325133e-18
6.077185861352989 8.564766995609784e-18
6.0788489903619185 9.24598251153962e-18
6.08051257451541 1.0119527371895829e-17
6.0821766139380244 1.1224429019402233e-17
6.083841108754351 1.2854015275113316e-17
6.085506059089018 1.4980692479383592e-17
6.087171465066685 1.6740583787601938e-17
6.0888373268120475 1.727347146133577e-17
6.090503644449833 1.4703656424627616e-17
6.092170418104806 1.0015561219261214e-17
6.093837647901763 5.715462474764838e-18
6.095505333965537 2.9822836282262716e-18
6.09717347642099 2.284007030920034e-18
6.098842075393025 2.4312413817012804e-18
6.100511131006574 2.765873263119724e-18
6.102180643386605 3.025520206269949e-18
6.103850612658119 3.2257627652944987e-18
6.105521038946156 3.548205209174441e-18
6.107191922375785 3.9935568581456125e-18
6.108863263072109 4.511017449524236e-18
6.1105350611602685 5.030768389876002e-18
6.1122073167654385 5.497659977560005e-18
6.113880030012823 5.8359105430434405e-18
6.115553201027666 6.043725156490337e-18
6.117226829935245 6.1963399801429e-18
6.118900916860868 6.383657129644813e-18
6.12057546192988 6.836988764351899e-18
6.12225046526766 7.654395655869203e-18
6.123925926999624 8.837303885992165e-18
6.125601847251216 1.0454845212858338e-17
6.12727822614792 1.2434796675119747e-17
6.128955063815253 1.4373622425618922e-17
6.130632360378763 1.6032262043531142e-17
6.132310115964035 1.5725636180288542e-17
6.133988330696692 1.3514780803231018e-17
6.135667004702386 1.1077722700588348e-17
6.137346138106804 9.17309313715138e-18
6.1390257310356695 8.91588600661334e-18
6.140705783614741 8.899102157700984e-18
6.142386295969806 7.747009985588277e-18
6.144067268226692 5.965810354708478e-18
6.1457487005112625 3.9420197015648975e-18
6.147430592949409 3.0188652031194657e-18
6.149112945667059 3.26974745501363e-18
6.15079575879018 3.648419915645653e-18
6.152479032444767 4.094428588581923e-18
6.154162766756855 4.449373322416582e-18
6.155846961852509 4.70248739146714e-18
6.157531617857832 4.875638713184153e-18
6.159216734898959 5.0624168955574634e-18
6.160902313102062 5.315256027866164e-18
6.162588352593344 5.78648732159969e-18
6.164274853499046 6.4929052604110955e-18
6.165961815945443 7.377392498675281e-18
6.167649240058842 8.312114757812437e-18
6.169337125965587 8.92492987135462e-18
6.171025473792056 9.385296540840763e-18
6.172714283664661 1.0004969284275122e-17
6.1744035557098496 1.0622112846781303e-17
6.176093290054103 1.1107246904689801e-17
6.177783486823939 1.200445586754107e-17
6.179474146145906 1.3452430353474095e-17
6.181165268146592 1.5128366959209068e-17
6.182856852952616 1.6563162992004802e-17
6.184548900690632 1.6022982655406494e-17
6.186241411487331 1.3338148987257788e-17
6.187934385469437 9.168055439892142e-18
6.189627822763708 5.190554191636544e-18
6.191321723496937 3.2965936131390003e-18
6.193016087795955 2.7870981244468613e-18
6.1947109157876215 2.8803398406586892e-18
6.1964062075988355 3.1847143862747623e-18
6.19810196335653 3.540613018811137e-18
6.199798183187674 3.978000473531671e-18
6.201494867219266 4.504414168204227e-18
6.203192015578342 5.10453821572705e-18
6.204889628391978 5.711442928675426e-18
6.206587705787276 6.197944972352078e-18
6.208286247891378 6.462709229236231e-18
6.2099852548314605 6.467858083754057e-18
6.211684726734734 6.398881934359505e-18
6.2133846637284424 6.376348883846758e-18
6.215085065939867 6.899389374679287e-18
6.216785933496325 8.022837160658755e-18
6.2184872665251625 9.414162713565222e-18
6.2201890651537655 1.1046993870423495e-17
6.221891329509555 1.2837574606907442e-17
6.223594059719986 1.4688571976236504e-17
6.225297255912542 1.6402891797579665e-17
6.227000918214755 1.668499880000778e-17
6.228705046754181 1.4651678511494652e-17
6.23040964165841 1.2014973887306083e-17
6.2321147030550765 9.85808766746621e-18
6.233820231071842 8.415158618132893e-18
6.235526225836407 7.572829773904837e-18
6.237232687476503 6.108416294677907e-18
6.2389396161199 4.2633370817496255e-18
6.240647011894401 3.47598550867233e-18
6.242354874927845 3.581548758318892e-18
6.244063205348105 3.899002548459398e-18
6.245772003283093 4.311307112864128e-18
6.2474812688607475 4.663771269781631e-18
6.24919100220905 4.9178879841456526e-18
6.2509012034560145 5.071507630212889e-18
6.252611872729689 5.1845030421629534e-18
6.254323010158156 5.2902819069183434e-18
6.256034615869536 5.621942787666741e-18
6.2577466899919845 6.2013147197299445e-18
6.259459232653687 6.940476516669317e-18
6.261172243982868 7.772193250947827e-18
6.2628857241077895 8.476416686918614e-18
6.264599673156743 9.292727064575895e-18
6.266314091258058 1.0528490971635636e-17
6.2680289785401 1.1765820170308868e-17
6.269744335131268 1.2653761028875063e-17
6.271460161159997 1.3032028503117324e-17
6.273176456754756 1.2923298768490422e-17
6.274893222044052 1.2732143980339596e-17
6.276610457156423 1.2520363050836953e-17
6.278328162220444 1.1716227057183714e-17
6.280046337364729 1.0472739043841278e-17
6.28176498271792 9.696674416998537e-18
6.283484098408701 8.859865274836932e-18
6.2852036845657855 6.908551864731377e-18
6.286923741317928 4.91274976292518e-18
6.288644268793911 4.153034829221411e-18
6.290365267122558 4.156025099599443e-18
6.292086736432728 4.4205940924768875e-18
6.293808676853313 4.801830652436522e-18
6.295531088513238 5.2207153762565494e-18
6.297253971541469 5.643787996622776e-18
6.2989773260670034 6.025285424683926e-18
6.300701152218872 6.037802885634482e-18
6.302425450126147 5.774157215744915e-18
6.304150219917933 5.7285154217868395e-18
6.305875461723367 5.968354673126935e-18
6.307601175671625 6.520115803703249e-18
6.309327361891917 7.272216159371632e-18
6.311054020513489 8.042957645259548e-18
6.312781151665622 8.941083161289934e-18
6.314508755477631 1.0016346730750646e-17
6.31623683207887 1.1147646757804708e-17
6.317965381598723 1.2275994116464854e-17
6.319694404166615 1.3733754264889634e-17
6.321423899912003 1.5398688542236918e-17
6.323153868964381 1.5391976899839573e-17
6.3248843114532765 1.3622510052366702e-17
6.326615227508254 1.0880249462310196e-17
6.328346617258916 7.696619701537169e-18
6.330078480834894 5.408810820290911e-18
6.3318108183658595 4.139261010625197e-18
6.333543629981521 3.7700408038195065e-18
6.335276915811619 3.9959376721960634e-18
6.337010675985928 4.438656047180251e-18
6.338744910634263 4.926915047026123e-18
6.340479619886473 5.3668849457134705e-18
6.342214803872439 5.622047439597066e-18
6.343950462722082 5.680479944053883e-18
6.345686596565358 5.628328564609681e-18
6.347423205532256 5.5122063270678496e-18
6.349160289752801 5.553721108727855e-18
6.350897849357055 5.719804487580791e-18
6.3526358844751165 5.848466113254151e-18
6.354374395237118 6.133872049281054e-18
6.356113381773226 6.878270587475921e-18
6.357852844213646 8.041010327483282e-18
6.359592782688617 9.475583799845949e-18
6.361333197328415 1.1050566031805343e-17
6.363074088263351 1.2643837151426289e-17
6.364815455623771 1.3124827753583117e-17
6.366557299540056 1.2166404378031846e-17
6.368299620142626 1.0427094736752417e-17
6.370042417561934 8.204863197288855e-18
6.371785691928469 7.132942243725033e-18
6.373529443372754 7.290819924118349e-18
6.375273672025354 7.839738186083265e-18
6.377018378016864 8.512411449830361e-18
6.378763561477912 8.392482734905291e-18
6.380509222539171 7.623966431728385e-18
6.382255361331344 6.682865947937842e-18
6.38400197798517 5.858133303124163e-18
6.385749072631422 5.474625817368459e-18
6.387496645400915 5.397460691923029e-18
6.389244696424493 5.4610597882163436e-18
6.390993225833038 5.511215607629336e-18
6.392742233757472 5.4711107700500846e-18
6.394491720328746 5.396105246048954e-18
6.396241685677852 5.307852086661031e-18
6.397992129935815 5.325618198647644e-18
6.399743053233697 5.472189052699267e-18
6.401494455702595 5.831428028674914e-18
6.403246337473645 6.39029708280587e-18
6.404998698678014 6.98875273851383e-18
6.40675153944691 7.548842857797936e-18
6.408504859911572 7.881160178062037e-18
6.410258660203277 8.24427221423387e-18
6.412012940453339 9.057068487916603e-18
6.413767700793108 1.0308604216026225e-17
6.4155229413539665 1.1895686932544885e-17
6.4172786622673375 1.2713219285331648e-17
6.419034863664679 1.2076745987847914e-17
6.420791545677481 1.0157543701937118e-17
6.422548708437273 7.224257719047144e-18
6.424306352075622 5.252498840441988e-18
6.426064476724128 4.709917342372983e-18
6.427823082514426 4.782259518648219e-18
6.429582169578191 5.281311357136494e-18
6.4313417380471325 5.8660317703920834e-18
6.4331017880529915 6.456197383158632e-18
6.434862319727554 6.6982926901049855e-18
6.436623333202634 6.573626945435546e-18
6.438384828610086 6.164457963956263e-18
6.440146806081799 5.567714812951211e-18
6.441909265749699 5.023785204785503e-18
6.443672207745745 4.632937994178297e-18
6.445435632201938 4.494869891280789e-18
6.44719953925031 4.698250885978657e-18
6.4489639290229315 5.2646435757287665e-18
6.450728801651907 6.098644910345798e-18
6.45249415726938 7.100738153765594e-18
6.454259996007529 8.16551696605462e-18
6.456026317998568 9.240546540697456e-18
6.457793123374747 9.616767655978514e-18
6.459560412268354 9.186351364821834e-18
6.461328184811713 8.194540763128086e-18
6.463096441137179 6.780425466698003e-18
6.464865181377151 6.17415147154706e-18
6.4666344056640614 6.407881959471695e-18
6.468404114130378 7.066334426129769e-18
6.4701743069086 7.993922895780956e-18
6.471944984131274 8.559602816211727e-18
6.473716145930975 8.608818842795209e-18
6.475487792440315 7.940248075073318e-18
6.477259923791944 6.955114199295041e-18
6.479032540118549 6.333635717327286e-18
6.480805641552848 5.833717849816335e-18
6.482579228227603 5.164359069951993e-18
6.4843533002756075 4.6368688430598015e-18
6.4861278578296915 4.491422862335244e-18
6.487902901022724 4.663657806371376e-18
6.489678429987608 5.073777711788435e-18
6.491454444857283 5.3213254902962515e-18
6.493230945764726 5.257823482632028e-18
6.495007932842948 5.1554287512091255e-18
6.496785406225001 5.092241040597403e-18
6.498563366043969 5.311651706559015e-18
6.500341812432975 5.822780029081092e-18
6.5021207455251755 6.210964665979157e-18
6.503900165453769 6.489621306520601e-18
6.505680072351982 7.034118582033565e-18
6.507460466353086 7.773014710315956e-18
6.509241347590384 8.282422719929426e-18
6.511022716197218 8.507221747904547e-18
6.512804572306963 8.367340824897494e-18
6.514586916053034 7.861859666373267e-18
6.516369747568882 7.072757598603351e-18
6.518153066987994 6.296842923667117e-18
6.519936874443891 5.98166618789068e-18
6.521721170070135 5.937550852208554e-18
6.523505954000321 5.909050685860958e-18
6.525291226368083 6.088665406903184e-18
6.5270769873070895 6.611356870000997e-18
6.528863236951048 7.067307588938127e-18
6.5306499754337 7.206169198038047e-18
6.532437202888826 6.517503027391686e-18
6.534224919450242 4.8499873835026805e-18
6.536013125251799 3.6970601287362646e-18
6.5378018204273864 3.4996108329770446e-18
6.539591005110932 3.715245579657595e-18
6.541380679436396 4.1928544423072e-18
6.543170843537778 4.399128022566613e-18
6.544961497549116 4.287720617985346e-18
6.546752641604481 4.112840478978764e-18
6.54854427583798 3.920597844944757e-18
6.550336400383761 4.046871280680119e-18
6.552129015376008 4.447488625022113e-18
6.553922120948939 4.765191416579011e-18
6.555715717236808 4.978075105410242e-18
6.557509804373911 5.038294236782319e-18
6.5593043824945765 4.976741575045495e-18
6.5610994517331696 4.899692606580931e-18
6.562895012224095 4.801404769164374e-18
6.564691064101791 4.674717405905291e-18
6.5664876075007355 4.514462599509228e-18
6.568284642555442 4.31808989150617e-18
6.570082169400459 3.977339072866884e-18
6.5718801881703754 3.3862701578901988e-18
6.573678698999815 2.841415704647803e-18
6.575477702023438 2.6063270419972864e-18
6.577277197375942 2.7015508231619553e-18
6.579077185192062 3.108801047728054e-18
6.580877665606568 3.487457534019921e-18
6.58267863875427 3.649494235027043e-18
6.584480104770014 3.568805186565368e-18
6.586282063788677 3.2536880218624684e-18
6.588084515945183 3.1779304328425736e-18
6.589887461374487 3.4781530896322584e-18
6.59169090021158 3.7084732144752626e-18
6.593494832591492 3.768864168801822e-18
6.595299258649291 3.804876620287848e-18
6.597104178520081 3.840879770482265e-18
6.598909592339 3.97647861443596e-18
6.600715500241228 4.205426899311329e-18
6.60252190236198 4.036810424112387e-18
6.604328798836505 3.5154644800283475e-18
6.606136189800093 3.494866289887875e-18
6.607944075388071 3.899832421304341e-18
6.6097524557358 4.02243923679232e-18
6.611561330978679 3.916472302263837e-18
6.613370701252147 3.905424939299002e-18
6.615180566691677 4.01427582721162e-18
6.616990927432779 4.3050963500144536e-18
6.618801783611002 4.6096550919241484e-18
6.620613135361932 4.4657757885807206e-18
6.6224249828211885 3.906714219629844e-18
6.624237326124432 3.0661159720447056e-18
6.626050165407361 2.2461577062707744e-18
6.627863500805707 1.981812732920224e-18
6.629677332455239 2.1297308398562606e-18
6.631491660491768 2.4336568473591317e-18
6.63330648505114 2.7137489125217648e-18
6.635121806269233 2.750868624684603e-18
6.636937624281969 2.7046947510197073e-18
6.638753939225305 2.7479763445259775e-18
6.640570751235234 2.594944539490493e-18
6.642388060447786 2.010290308348549e-18
6.644205866999031 1.6858318508956717e-18
6.646024171025075 2.117118450142499e-18
6.647842972662058 2.830896022663462e-18
6.649662272046163 3.5113155035823114e-18
6.651482069313605 4.136284480186747e-18
6.6533023646006395 4.69733221743836e-18
6.655123158043558 5.0749126188850854e-18
6.65694444977869 5.225535830269139e-18
6.658766239942403 4.836599953426322e-18
6.660588528671099 3.818497439776054e-18
6.662411316101219 2.9902380768021615e-18
6.664234602369243 2.5950732552288787e-18
6.666058387611686 2.2327508529703533e-18
6.667882671965099 1.8018088058675282e-18
6.669707455566078 1.7983035410753523e-18
6.671532738551246 2.3035372180494543e-18
6.673358521057269 2.586256052153409e-18
6.67518480322085 2.5434770015778613e-18
6.677011585178731 2.4601671045004235e-18
6.678838867067688 2.3692561412204276e-18
6.680666649024534 2.4852755236684485e-18
6.682494931186126 2.8171402601580874e-18
6.68432371368935 2.986112449121221e-18
6.686152996671135 2.982157874534664e-18
6.687982780268445 2.964134835920722e-18
6.689813064618283 2.9588127252583156e-18
6.691643849857689 3.4578310836157624e-18
6.6934751361237375 4.391837590220083e-18
6.695306923553547 4.7505962603264734e-18
6.6971392122842675 4.5608050740869384e-18
6.69897200245309 4.201440317945048e-18
6.700805294197241 3.721246068198822e-18
6.702639087653987 3.484095433903281e-18
6.704473382960627 3.4464342475090656e-18
6.706308180254505 3.3278540164114214e-18
6.708143479672998 3.1811301716256073e-18
6.709979281353519 3.26446604748803e-18
6.71181558543352 3.4490344988843057e-18
6.713652392050497 3.186387928291415e-18
6.715489701341974 2.5532988858466808e-18
6.7173275134455155 1.8672060526527974e-18
6.719165828498728 1.2586980081512973e-18
6.721004646639251 1.1943490268188644e-18
6.7228439680047645 1.5650928882497427e-18
6.724683792732982 1.977355047804679e-18
6.7265241209616615 2.381373720768748e-18
6.728364952828593 2.6289848116682843e-18
6.730206288471605 2.795666554822625e-18
6.7320481280285644 3.093322908017364e-18
6.7338904716373795 3.3959184942450166e-18
6.735733319435989 3.38365027013989e-18
6.737576671562376 3.0129242823758123e-18
6.739420528154557 2.198063752167471e-18
6.741264889350589 1.5249391516355031e-18
6.743109755288565 2.2858652908992497e-18
6.744955126106618 3.508303592520589e-18
6.746801001942915 3.1401748085653283e-18
6.7486473829356655 2.0561984222345382e-18
6.750494269223111 2.0178631185925578e-18
6.752341660943539 2.5616313504696562e-18
6.754189558235268 2.791314677316668e-18
6.756037961236655 2.7652358260477786e-18
6.757886870086098 2.5960858050436468e-18
6.759736284922033 2.2827716084033527e-18
6.761586205882926 1.8265416208317192e-18
6.7634366331072915 1.1012651777551583e-18
6.765287566733679 -1.0273290044253357e-19
6.767139006900673 -1.2370007670927161e-18
6.768990953746894 -1.3933428951936565e-18
6.770843407411007 -8.364693635966942e-19
6.7726963680317125 -4.730835601106307e-21
6.774549835747745 8.223152581131929e-19
6.776403810697882 1.1987844661207452e-18
6.778258293020938 1.2833184138861237e-18
6.780113282855762 1.3277976387436741e-18
6.781968780341244 1.3478097938258472e-18
6.7838247856163125 1.3678164788820042e-18
6.785681298819933 1.3878176887477393e-18
6.787538320091109 1.4078134255921206e-18
6.789395849568882 1.4278036962334963e-18
6.791253887392331 1.4477884908598084e-18
6.793112433700577 1.4667982360562143e-18
6.79497148863277 1.4833062650276996e-18
6.796831052328109 1.4992442674912134e-18
6.798691124925824 1.5176730251749428e-18
6.8005517065651855 1.5376305142596663e-18
6.802412797385501 1.5575825183580846e-18
6.804274397526118 1.5775290923509065e-18
6.806136507126421 1.5974701783702909e-18
6.80799912632583 1.6174058433454368e-18
6.809862255263811 1.63733601736172e-18
6.811725894079856 1.656357962097057e-18
6.813590042913507 1.672885035636664e-18
6.815454701904339 1.6887017181781997e-18
6.817319871191965 1.7070022810480625e-18
6.8191855509160355 1.7269052555808999e-18
6.821051741216241 1.7468027302085384e-18
6.822918442232311 1.7666948201859503e-18
6.82478565410401 1.7865814072794273e-18
6.8266533769711435 1.806462618858387e-18
6.828521610973555 1.826338324576342e-18
6.830390356251125 1.8454407264495237e-18
6.832259612943773 1.8620551208360655e-18
6.834129381191456 1.877682531636297e-18
6.835999661134172 1.8957869292767268e-18
6.837870452911952 1.9156355427681672e-18
6.839741756664871 1.9354786414775533e-18
6.841613572533043 1.9553164013645845e-18
6.8434859006566136 1.975148643499295e-18
6.845358741175769 1.9949755560220505e-18
6.847232094230738 2.014796947823914e-18
6.849105959961786 2.0340478740994063e-18
6.850980338509213 2.0508176752251526e-18
6.852855230013361 2.0661880569465363e-18
6.8547306346146115 2.084028513477019e-18
6.856606552453382 2.103822921515028e-18
6.858482983670125 2.1236117999367003e-18
6.860359928405342 2.1433953857382726e-18
6.862237386799563 2.163173438961833e-18
6.8641153589933595 2.1829462088508114e-18
6.865993845127341 2.2027134432018078e-18
6.867872845342159 2.2221807682222164e-18
6.869752359778499 2.2391738690047775e-18
6.871632388577085 2.2542196614040054e-18
6.873512931878685 2.271728598092166e-18
6.875393989824101 2.2914689583546248e-18
6.877275562554173 2.3112037742096225e-18
6.879157650209781 2.3309333440230956e-18
6.881040252931845 2.3506573664761368e-18
6.88292337086132 2.3705241699208043e-18
6.884807004139201 2.4027011223465138e-18
6.886691152906527 2.4470437065351084e-18
6.888575817304366 2.4575172304142414e-18
6.890460997473831 2.433504302606967e-18
6.892346693556071 2.4557152478445976e-18
6.8942329056922755 2.5271538564958252e-18
6.896119634023672 2.56251168566567e-18
6.898006878691527 2.556034686359594e-18
6.899894639837144 2.4830073468502735e-18
6.9017829176018655 2.3386934017427033e-18
6.903671712127074 2.2051781090596507e-18
6.90556102355419 2.0938177251249244e-18
6.907450852024676 2.0058107067430333e-18
6.909341197680025 1.942389027850043e-18
6.911232060661777 1.9064616896009715e-18
6.913123441111506 1.9e-18
6.915015339170827 1.9127562755357997e-18
6.916907754981393 1.9426813374159252e-18
6.918800688684895 1.9373020855800782e-18
6.920694140423065 1.875533420461793e-18
6.922588110337671 1.8019941326424052e-18
6.924482598570521 1.7358268514482228e-18
6.926377605263464 1.6904624974859752e-18
6.928273130558383 1.6744982660129357e-18
6.930169174597202 1.6852518091458127e-18
6.932065737521889 1.7229248605476413e-18
6.933962819474442 1.7771232150801497e-18
6.935860420596903 1.8410904086312655e-18
6.937758541031353 1.9011128440219032e-18
6.939657180919911 1.9440055669786714e-18
6.941556340404733 1.9760321982528872e-18
6.943456019628016 2.003163224074934e-18
6.945356218731998 2.027590135546053e-18
6.947256937858953 2.0520100484908354e-18
6.949158177151192 2.06865693084089e-18
6.951059936751069 2.063335855440871e-18
6.952962216800975 2.02821243424835e-18
6.954865017443341 1.9418818125275086e-18
6.956768338820634 1.821188077314811e-18
6.958672181075366 1.7054039957058609e-18
6.960576544350082 1.6021974671436686e-18
6.962481428787367 1.5428694077545182e-18
6.964386834529849 1.520712116484234e-18
6.966292761720192 1.5131688248015363e-18
6.968199210501099 1.5151995200139343e-18
6.970106181015311 1.4880316944636696e-18
6.972013673405611 1.4349179405040651e-18
6.973921687814819 1.3917150201147753e-18
6.9758302243857955 1.3580040278325473e-18
6.977739283261439 1.3617020243758892e-18
6.9796488645846875 1.4041361070755533e-18
6.981558968498515 1.4765760580233293e-18
6.983469595145942 1.5805870284242932e-18
6.985380744670023 1.6957092063274202e-18
6.987292417213849 1.820512847696861e-18
6.989204612920557 1.881463792057842e-18
6.991117331933319 1.8598703830225036e-18
6.993030574395346 1.8086512040027176e-18
6.994944340449889 1.7404662691168103e-18
6.99685863024024 1.6839373389250584e-18
6.998773443909728 1.651668351421896e-18
7.000688781601722 1.6494543702754378e-18
7.0026046434596285 1.6835844855681571e-18
7.004521029626895 1.714968266068011e-18
7.006437940247008 1.7148641738330808e-18
7.008355375463495 1.6599643308146297e-18
7.010273335419919 1.520381079626393e-18
7.012191820259887 1.3484144258065348e-18
7.01411083012704 1.2055202589683143e-18
7.01603036516506 1.1137522110311056e-18
7.0179504255176735 1.1211105804196392e-18
7.019871011328639 1.1942760498359711e-18
7.021792122741756 1.2698357183685318e-18
7.02371375990087 1.340227277549406e-18
7.025635922949856 1.3768003031801721e-18
7.027558612032633 1.3854927832878392e-18
7.029481827293163 1.3869447002032347e-18
7.031405568875442 1.3819720422509837e-18
7.033329836923507 1.3745896388942085e-18
7.035254631581433 1.3649436733524361e-18
7.037179952993338 1.4171745204000637e-18
7.0391058013033785 1.5320787097582312e-18
7.041032176655747 1.5993616858094835e-18
7.04295907919468 1.613612934724207e-18
7.044886509064451 1.5789138278428414e-18
7.046814466409372 1.4912453949463463e-18
7.0487429513737965 1.3913135293298672e-18
7.0506719641021185 1.2865977533761805e-18
7.052601504738767 1.206991942839704e-18
7.054531573428214 1.165893026202662e-18
7.056462170314973 1.1370422349612951e-18
7.058393295543593 1.1081999682498329e-18
7.060324949258663 1.0793649065358495e-18
7.062257131604813 1.0505383736564623e-18
7.064189842726715 1.027006112239436e-18
7.066123082769074 1.0154847034635404e-18
7.068056851876641 1.0226964080560682e-18
7.069991150194202 1.0634961094863403e-18
7.071925977866587 1.1265259873537762e-18
7.073861335038661 1.1919349755111953e-18
7.075797221855332 1.2536535837915788e-18
7.077733638461547 1.2865979349173714e-18
7.07967058500229 1.294474410354425e-18
7.08160806162259 1.2855846598000061e-18
7.083546068467511 1.2615652949380833e-18
7.085484605682158 1.2327663744752476e-18
7.087423673411676 1.1992549985728875e-18
7.089363271801252 1.1723934646024525e-18
7.091303400996108 1.1527196297084853e-18
7.093244061141508 1.1375801339301677e-18
7.095185252382757 1.1272286339740677e-18
7.0971269748652 1.1158886545340114e-18
7.099069228734219 1.102161817245748e-18
7.101012014135238 1.0878269201417962e-18
7.102955331213718 1.0734963100693201e-18
7.104899180115165 1.0618335577963967e-18
7.10684356098512 1.054948806112899e-18
7.108788473969165 1.0457546475036908e-18
7.110733919212924 1.027020218222772e-18
7.112679896862058 1.0014162015369309e-18
7.11462640706227 9.710513523158993e-19
7.116573449959301 9.377404097042372e-19
7.118521025698934 9.046777463121837e-19
7.120469134426989 8.738419878335772e-19
7.12241777628933 8.5492176260599885e-19
7.124366951431858 8.469198847203273e-19
7.126316660000512 8.53436878301295e-19
7.128266902141276 8.734290635731583e-19
7.130217678000172 8.982667025602468e-19
7.13216898772326 9.280940350969008e-19
7.134120831456641 9.663221318600483e-19
7.136073209346456 1.0140511004449787e-18
7.138026121538889 1.0551876396919478e-18
7.139979568180159 1.086092407845169e-18
7.141933549416526 1.0894682899782904e-18
7.143888065394297 1.0548418583847483e-18
7.145843116259808 9.939052184889408e-19
7.147798702159441 9.087766298378524e-19
7.149754823239618 8.22814050348901e-19
7.151711479646805 7.589376131504788e-19
7.153668671527496 7.107916497305139e-19
7.155626399028238 6.730906528501951e-19
7.157584662295612 6.455676368892907e-19
7.15954346147624 6.322670936278432e-19
7.161502796716782 6.314165466403298e-19
7.163462668163943 6.431140075734726e-19
7.165423075964464 6.65870499542656e-19
7.1673840202651276 6.914592424619965e-19
7.1693455012127565 7.198547922984229e-19
7.1713075189542135 7.490911387468159e-19
7.173270073636403 7.792649052710152e-19
7.175233165406268 8.091599810754593e-19
7.17719679441079 8.385730775881059e-19
7.1791609607969935 8.589013739723328e-19
7.181125664711944 8.657556581575519e-19
7.183090906302743 8.598088012483985e-19
7.185056685716539 8.387517951627161e-19
7.187023003100514 8.107950141284334e-19
7.188989858601892 7.826108161804207e-19
7.190957252367941 7.5452063920837e-19
7.192925184545965 7.271465217333661e-19
7.194893655283311 7.004467386258734e-19
7.196862664727362 6.746978027869989e-19
7.19883221302555 6.500011413325446e-19
7.200802300325339 6.2931575850184355e-19
7.202772926774235 6.123569688279677e-19
7.204744092519788 6.012061719712424e-19
7.2067157977095855 5.961816682004663e-19
7.208688042491254 5.992305447069271e-19
7.210660827012463 6.116921230137839e-19
7.212634151420925 6.289274747016263e-19
7.2146080158643855 6.506260703801337e-19
7.216582420490637 6.742029581744763e-19
7.218557365447509 6.987127068901797e-19
7.220532850882872 7.18501371398126e-19
7.222508876944639 7.267748764460379e-19
7.224485443780762 7.207241171665209e-19
7.226462551539233 6.895597474470279e-19
7.228440200368083 6.430378700841526e-19
7.230418390415387 6.063823011370814e-19
7.23239712182926 5.780932449858792e-19
7.234376394757856 5.559077296708387e-19
7.236356209349367 5.394967328072511e-19
7.238336565752034 5.263279212530069e-19
7.2403174641141295 5.166791406675172e-19
7.24229890458397 5.108119109098407e-19
7.244280887309913 5.093970871985096e-19
7.24626341244036 5.110654865618048e-19
7.248246480123747 5.16010570880247e-19
7.250230090508551 5.227955747976678e-19
7.252214243743296 5.309380182617174e-19
7.25419893997654 5.391693759103779e-19
7.2561841793568815 5.458057276265516e-19
7.258169962032968 5.510596303050324e-19
7.260156288153478 5.546765925331869e-19
7.262143157867137 5.5692229329972375e-19
7.264130571322706 5.58e-19
7.266118528668993 5.58e-19
7.268107030054841 5.56471236836188e-19
7.2700960756291355 5.533088767108463e-19
7.272085665540805 5.4856288760065e-19
7.274075799938817 5.4195212019525965e-19
7.276066478972178 5.355623563951773e-19
7.278057702789938 5.301070991752206e-19
7.280049471541188 5.258020015821961e-19
7.282041785375057 5.231290412457097e-19
7.284034644440716 5.217651249349101e-19
7.286028048887379 5.217985133850055e-19
7.2880219988643 5.219486385227781e-19
7.290016494520771 5.183762244836423e-19
7.292011536006125 5.114090750602545e-19
7.294007123469743 4.97004163130212e-19
7.296003257061038 4.756117796439e-19
7.2979999369294655 4.55494403118001e-19
7.299997163224528 4.367782301696599e-19
7.301994936095765 4.2048227551523316e-19
7.3039932556927525 4.072116231243303e-19
7.305992122165115 3.973448591815234e-19
7.307991535662514 3.918922987807116e-19
7.309991496334652 3.9006616120652786e-19
7.311992004331271 3.9241668521737576e-19
7.3139930598021605 3.988440617826922e-19
7.315994662897143 4.112974180668901e-19
7.317996813766087 4.2802216196152886e-19
7.3199995125589 4.449733000638456e-19
7.322002759425532 4.621198254694421e-19
7.324006554515972 4.740307939725888e-19
7.326010897980249 4.806096515102289e-19
7.32801578996844 4.789034621316378e-19
7.330021230630656 4.672429656738129e-19
7.332027220117048 4.50145398654489e-19
7.334033758577817 4.2750087967136484e-19
7.336040846163198 4.0356560359863923e-19
7.3380484830234645 3.807938910296043e-19
7.340056669308939 3.60944993641768e-19
7.342065405169982 3.48033351863474e-19
7.344074690756993 3.4043761831133983e-19
7.346084526220412 3.37e-19
7.348094911710728 3.3705285904406033e-19
7.350105847378462 3.437963627049412e-19
7.352117333374178 3.5717948295138296e-19
7.354129369848486 3.695900028500874e-19
7.356141956952035 3.808431099916831e-19
7.35815509483551 3.883441382956501e-19
7.360168783649646 3.9054058387667424e-19
7.362183023545212 3.8926240745262994e-19
7.364197814673023 3.845290943192091e-19
7.366213157183932 3.7899906952396583e-19
7.368229051228836 3.762333312779659e-19
7.370245496958672 3.7571915398960087e-19
7.372262494524417 3.777356826928661e-19
7.374280044077089 3.8187692123892585e-19
7.376298145767755 3.8397391190195946e-19
7.3783167997475125 3.84e-19
7.380336006167505 3.769038852557208e-19
7.38235576517892 3.610751937167713e-19
7.384376076932982 3.447841755421921e-19
7.38639694158096 3.303360321252758e-19
7.388418359274161 3.18879258787991e-19
7.390440330163939 3.1247611749617786e-19
7.392462854401684 3.095134986520404e-19
7.394485932138828 3.090750318864625e-19
7.396509563526847 3.106605334127122e-19
7.39853374871726 3.1430850374984947e-19
7.4005584878616215 3.198103582823959e-19
7.402583781111531 3.2594316236262653e-19
7.404609628618632 3.327615689176394e-19
7.406636030534602 3.387886074903301e-19
7.408662987011169 3.4366852772915407e-19
7.410690498200096 3.471059632942998e-19
7.412718564253192 3.4848244149762343e-19
7.414747185322302 3.4801135649258864e-19
7.416776361559319 3.4502462124841626e-19
7.418806093116174 3.4032544310646877e-19
7.420836380144839 3.3494214949724013e-19
7.422867222797327 3.2899946586306025e-19
7.424898621225699 3.2214941645382405e-19
7.42693057558205 3.1438750924805875e-19
7.428963086018517 3.069910993784184e-19
7.430996152687285 3.000538144522765e-19
7.433029775740578 2.9390918497529697e-19
7.435063955330656 2.8890753663702105e-19
7.437098691609826 2.850226350339299e-19
7.439133984730439 2.8273522989329473e-19
7.441169834844882 2.817367963311803e-19
7.443206242105585 2.8233377565433184e-19
7.445243206665023 2.8419101261730484e-19
7.447280728675711 2.8695846733807177e-19
7.449318808290204 2.906022199578129e-19
7.4513574456611 2.948199837827871e-19
7.453396640941039 2.997194051527394e-19
7.455436394282703 3.047257142861059e-19
7.4574767058388165 3.0973038314033924e-19
7.459517575762144 3.147340077546386e-19
7.461559004205491 3.197359913551419e-19
7.463600991321708 3.2439946810774864e-19
7.465643537263684 3.2769828852658503e-19
7.467686642184355 3.299064351561111e-19
7.469730306236691 3.3075171651611524e-19
7.471774529573711 3.3029761482574914e-19
7.473819312348473 3.285020950362014e-19
7.475864654714077 3.2511819727407154e-19
7.477910556823662 3.217789806109948e-19
7.479957018830415 3.188945258613837e-19
7.482004040887562 3.165691007077603e-19
7.484051623148369 3.1515110664699325e-19
7.486099765766145 3.1445326482861897e-19
7.488148468894245 3.1466165751422643e-19
7.49019773268606 3.156092705595871e-19
7.492247557295023 3.1836725722111176e-19
7.494297942874615 3.228945591137737e-19
7.496348889578357 3.283416778661687e-19
7.498400397559807 3.3491852998606745e-19
7.500452466972569 3.418409174809458e-19
7.50250509797029 3.4898715342973655e-19
7.504558290706656 3.5631020687583483e-19
7.506612045335398 3.6385680792371195e-19
7.508666362010288 3.7105196476654136e-19
7.51072124088514 3.755350139335996e-19
7.512776682113808 3.7779328769025714e-19
7.514832685850191 3.7787172102212675e-19
7.51688925224823 3.7569232214561645e-19
7.518946381461907 3.730975851920446e-19
7.521004073645244 3.700524830817319e-19
7.523062328952311 3.670154790713626e-19
7.525121147537216 3.6420493447055496e-19
7.527180529554107 3.617132163813707e-19
7.529240475157181 3.5989817249153265e-19
7.531300984500672 3.5861120004830603e-19
7.533362057738856 3.58e-19
7.535423695026053 3.58e-19
7.537485896516627 3.5878730495181077e-19
7.539548662364982 3.604746828212388e-19
7.541611992725562 3.6256785178878566e-19
7.543675887752857 3.6511015397966475e-19
7.5457403476014 3.685796318686106e-19
7.547805372425761 3.7384594281008396e-19
7.549870962380557 3.8022255926527544e-19
7.5519371176204455 3.8701060260738173e-19
7.554003838300128 3.9412650833145483e-19
7.556071124574346 4.0063073069562033e-19
7.558138976597885 4.064946800627617e-19
7.5602073945255714 4.111861764374606e-19
7.562276378512275 4.1430544725443864e-19
7.564345928712909 4.167731502480332e-19
7.566416045282427 4.18791602579847e-19
7.5684867283758255 4.2082572281219423e-19
7.570557978148143 4.237553256845655e-19
7.572629794754464 4.2744787039164553e-19
7.574702178349911 4.340495245205459e-19
7.576775129089649 4.434533760873516e-19
7.578848647128887 4.524954467881787e-19
7.580922732622881 4.610867820073374e-19
7.582997385726921 4.689519822120881e-19
7.585072606596343 4.756961618927247e-19
7.587148395386529 4.818082408454083e-19
7.5892247522529 4.874712454811502e-19
7.591301677350918 4.928566939226287e-19
7.59337917083609 4.984636531658647e-19
7.595457232863966 5.042709468049472e-19
7.597535863590138 5.100767773635917e-19
7.599615063170239 5.158806391109868e-19
7.601694831759947 5.216833851306596e-19
7.603775169514982 5.274841614949453e-19
7.605856076591104 5.332838261181682e-19
7.6079375531441205 5.390815202427231e-19
7.610019599329878 5.44758636176022e-19
7.612102215304264 5.495426534525877e-19
7.614185401223214 5.535532750865606e-19
7.616269157242703 5.573646497098999e-19
7.618353483518749 5.60951967553163e-19
7.6204383802074105 5.6451410068131745e-19
7.622523847464796 5.680750193089978e-19
7.624609885447048 5.72342860305735e-19
7.6266964943103535 5.783885851608201e-19
7.628783674210948 5.85904230344976e-19
7.630871425305106 5.960842694743355e-19
7.63295974774914 6.085311557897447e-19
7.635048641699415 6.211744384428826e-19
7.637138107312332 6.340356079457507e-19
7.639228144744337 6.464844081782131e-19
7.641318754151918 6.582628209264367e-19
7.643409935691604 6.697171712274446e-19
7.645501689519975 6.809457250366494e-19
7.647594015793641 6.921333473420176e-19
7.649686914669266 7.039822266006784e-19
7.65178038630355 7.163984342164843e-19
7.653874430853241 7.290079343157775e-19
7.655969048475125 7.418347646843589e-19
7.658064239326036 7.54823857624498e-19
7.660160003562847 7.68029974214766e-19
7.6622563413424745 7.812327174276853e-19
7.664353252821877 7.942095952920759e-19
7.666450738158064 8.07070564203647e-19
7.668548797508075 8.201482480343142e-19
7.670647431029 8.334183769085383e-19
7.672746638877973 8.45364941080457e-19
7.674846421212168 8.557596009025614e-19
7.676946778188803 8.642277351801732e-19
7.679047709965138 8.698207387938407e-19
7.681149216698481 8.735871862651316e-19
7.683251298546176 8.75365437483446e-19
7.685353955665611 8.756821023322779e-19
7.687457188214223 8.740133213472317e-19
7.689560996349488 8.70483428631524e-19
7.691665380228924 8.669543138515796e-19
7.693770340010094 8.634264226081655e-19
7.695875875850604 8.617632892370738e-19
7.697981987908102 8.636268604053242e-19
7.700088676340279 8.676668908822331e-19
7.702195941304874 8.73687401957961e-19
7.704303782959662 8.811748680473946e-19
7.706412201462465 8.89965742694245e-19
7.708521196971148 9.00074592642576e-19
7.710630769643619 9.114576430997446e-19
7.712740919637829 9.245967155345252e-19
7.71485164711177 9.394018127268485e-19
7.716962952223485 9.568396376337702e-19
7.71907483513105 9.759278573891015e-19
7.721187295992587 9.961076656515979e-19
7.723300334966269 1.0171956682980951e-18
7.725413952210305 1.0425893263823444e-18
7.727528147882947 1.0728055700027797e-18
7.729642922142493 1.1021844411817552e-18
7.731758275147285 1.1293586675746984e-18
7.733874207055704 1.1549464362387103e-18
7.735990718026178 1.178332627629014e-18
7.73810780821718 1.2003807309471317e-18
7.740225477787222 1.2246119761581657e-18
7.742343726894861 1.2509054720474033e-18
7.744462555698698 1.2738046404664749e-18
7.746581964357378 1.2923148094213145e-18
7.748701953029586 1.3076840544378556e-18
7.750822521874056 1.3186704493226095e-18
7.752943671049561 1.3265235731723586e-18
7.755065400714919 1.33e-18
7.75718771102899 1.33e-18
7.759310602150681 1.3279901220362032e-18
7.76143407423894 1.3237943759643013e-18
7.763558127452756 1.3180432888913005e-18
7.765682761951164 1.310109414876736e-18
7.7678079778932485 1.301372787006756e-18
7.769933775438128 1.2926392415570568e-18
7.772060154744965 1.284022012085921e-18
7.774187115972975 1.2775891107657686e-18
7.776314659281409 1.2732260248729688e-18
7.778442784829561 1.2771551514222167e-18
7.780571492776774 1.291987313508015e-18
7.782700783282431 1.3104451517628343e-18
7.78483065650596 1.3310755710044636e-18
7.78696111260683 1.354366994389504e-18
7.7890921517445575 1.3863595406654505e-18
7.791223774078701 1.425554699154341e-18
7.793355979768861 1.4666458334511434e-18
7.795488768974684 1.5098993226777099e-18
7.797622141855859 1.5559314117730179e-18
7.79975609857212 1.6062974743277442e-18
7.801890639283241 1.6584886108733347e-18
7.804025764149046 1.7106611903284633e-18
7.806161473329398 1.7628243906169178e-18
7.808297766984204 1.8170959569929984e-18
7.810434645273417 1.873521170313319e-18
7.812572108357032 1.9226353457695745e-18
7.814710156395088 1.9608760536428885e-18
7.816848789547667 1.993982666722796e-18
7.8189880079749 2.0227386505765957e-18
7.821127811836954 2.0487705210169116e-18
7.823268201294042 2.0747930954799255e-18
7.825409176506428 2.1008074999602525e-18
7.827550737634411 2.1185596183886087e-18
7.829692884838336 2.1254693682597676e-18
7.831835618278594 2.1258661315517253e-18
7.833978938115619 2.117601094757293e-18
7.836122844509891 2.102410228179554e-18
7.838267337621929 2.072079441763959e-18
7.840412417612298 2.0288033076162877e-18
7.842558084641611 1.9873424656825487e-18
7.844704338870518 1.9480597003426937e-18
7.846851180459719 1.9091413368386774e-18
7.848998609569954 1.870236952724696e-18
7.851146626362009 1.8335916954911896e-18
7.853295230996714 1.8077576379503033e-18
7.8554444236349426 1.7904797304489935e-18
7.857594204437612 1.7809197973795486e-18
7.859744573565683 1.78e-18
7.86189553118016 1.7874652011728945e-18
7.8640470774420965 1.8078719431446815e-18
7.866199212512585 1.8371018894238337e-18
7.868351936552759 1.8792547027218236e-18
7.8705052497238075 1.9309905966083507e-18
7.8726591521869524 1.994849179859583e-18
7.874813644103462 2.0716154767803145e-18
7.876968725634654 2.1739537719928292e-18
7.879124396941888 2.3163788620525627e-18
7.881280658186563 2.4795975296362777e-18
7.883437509530127 2.662907997779411e-18
7.885594951134071 2.8608506696139318e-18
7.887752983159933 3.034255832124376e-18
7.889911605769287 3.181785831764265e-18
7.89207081912376 3.2931582456346104e-18
7.89423062338502 3.3486107508523648e-18
7.896391018714778 3.370903863266095e-18
7.89855200527479 3.3523883557123455e-18
7.9007135832268585 3.305144262405373e-18
7.902875752732825 3.2246900245915143e-18
7.905038513954581 3.1099139112022593e-18
7.907201867054059 2.9954187513911296e-18
7.90936581219324 2.8831104024626792e-18
7.911530349534141 2.773566893922137e-18
7.9136954792388305 2.6704932181659284e-18
7.915861201469422 2.571898708120393e-18
7.918027516388068 2.48793467529745e-18
7.920194424156966 2.4190012307562865e-18
7.9223619249383646 2.3641548264783074e-18
7.92453001889455 2.3307386916190085e-18
7.926698706187853 2.3070008251434553e-18
7.928867986980652 2.2896892251106755e-18
7.931037861435372 2.2768537180436407e-18
7.933208329714474 2.2784774274259192e-18
7.9353793919804705 2.2950716790588513e-18
7.9375510483959175 2.326908719100186e-18
7.939723299123413 2.382240011558417e-18
7.941896144325602 2.4512286607688407e-18
7.944069584165172 2.537272546803108e-18
7.946243618804857 2.6354887840911834e-18
7.948418248407434 2.7518174330401453e-18
7.950593473135726 2.887314741661168e-18
7.952769293152597 3.0353926523195878e-18
7.9549457086209605 3.2026109662660423e-18
7.957122719703772 3.380737254264307e-18
7.959300326564032 3.5715835111046e-18
7.961478529364786 3.771898655594918e-18
7.963657328269122 3.983783406191716e-18
7.965836723440173 4.20837273414271e-18
7.968016715041123 4.407736225431563e-18
7.970197303235192 4.560196880134665e-18
7.972378488185647 4.66493398425294e-18
7.974560270055804 4.64202696372663e-18
7.976742649009019 4.518667869213573e-18
7.978925625208694 4.3641886207764886e-18
7.981109198818277 4.173619802325822e-18
7.98329337000126 3.985683280724672e-18
7.985478138921177 3.812687318286259e-18
7.987663505741612 3.648332219375183e-18
7.98984947062619 3.492528315499422e-18
7.992036033738582 3.3439363823508402e-18
7.994223195242503 3.2038711366146025e-18
7.996410955301714 3.074468305697547e-18
7.998599314080021 2.9622465014679152e-18
8.000788271741271 2.8839900725578188e-18
8.00297782844936 2.827516913143252e-18
8.005167984368232 2.8049587054177992e-18
8.007358739661868 2.8134330857292263e-18
8.009550094494296 2.8387929501902503e-18
8.011742049029593 2.8874400437577264e-18
8.013934603431878 2.9463316024457854e-18
8.016127757865313 3.0157812967674078e-18
8.018321512494106 3.0919794040325697e-18
8.020515867482517 3.199861366144116e-18
8.022710822994842 3.3394144380174665e-18
8.024906379195423 3.497762559115189e-18
8.027102536248652 3.685642659176911e-18
8.02929929431896 3.886551312165295e-18
8.031496653570827 4.095831980076292e-18
8.033694614168779 4.311241603976235e-18
8.035893176277384 4.541816184450926e-18
8.038092340061253 4.789194661554101e-18
8.040292105685047 5.02020161364849e-18
8.04249247331347 5.217371481740617e-18
8.044693443111273 5.388479450296203e-18
8.046895015243248 5.496297295075225e-18
8.049097189874235 5.551097265424754e-18
8.05129996716912 5.519349639265073e-18
8.05350334729283 5.378048827688901e-18
8.055707330410339 5.193615746392751e-18
8.05791191668667 4.960833756045705e-18
8.060117106286889 4.7002405052374194e-18
8.062322899376102 4.4502616329164755e-18
8.064529296119469 4.210460860404322e-18
8.066736296682187 3.981866346427218e-18
8.068943901229503 3.770179950167668e-18
8.071152109926704 3.58398142569999e-18
8.073360922939134 3.4671814668215327e-18
8.075570340432172 3.399952054560392e-18
8.07778036257124 3.361264970466177e-18
8.079990989521814 3.3540975720637986e-18
8.082202221449412 3.363096588850538e-18
8.084414058519595 3.3972735740152576e-18
8.086626500897971 3.4469847460099835e-18
8.088839548750194 3.521835767809324e-18
8.091053202241962 3.618285361058916e-18
8.093267461539018 3.7289788651365894e-18
8.095482326807154 3.8584946655246934e-18
8.097697798212202 4.004994854395146e-18
8.099913875920045 4.18494557370478e-18
8.102130560096604 4.385981520964977e-18
8.104347850907857 4.60544717389767e-18
8.106565748519813 4.8436718435642076e-18
8.108784253098534 5.074750040859247e-18
8.11100336481013 5.293190151892854e-18
8.113223083820758 5.490420911684498e-18
8.115443410296606 5.608164289371156e-18
8.117664344403924 5.662502272373731e-18
8.119885886309003 5.677923015524619e-18
8.122108036178172 5.6452848973015575e-18
8.124330794177812 5.576606814559382e-18
8.126554160474354 5.443246998311761e-18
8.128778135234263 5.271791417588439e-18
8.131002718624059 5.085803208822675e-18
8.133227910810302 4.885574785967806e-18
8.135453711959602 4.6879713587748876e-18
8.137680122238613 4.494613309112252e-18
8.139907141814032 4.3070597565131615e-18
8.142134770852604 4.1383248749339804e-18
8.144363009521118 3.984176065026243e-18
8.146591857986413 3.884967581451444e-18
8.148821316415368 3.852435146810518e-18
8.151051384974917 3.84479881641465e-18
8.153282063832023 3.8683732148539445e-18
8.155513353153712 3.9108105413947036e-18
8.157745253107045 3.996882169173623e-18
8.159977763859132 4.125772061479109e-18
8.162210885577128 4.258470843689293e-18
8.16444461842824 4.397352721322108e-18
8.16667896257971 4.539056823737452e-18
8.168913918198832 4.682782496322794e-18
8.171149485452947 4.828119238155341e-18
8.17338566450944 4.965130578538386e-18
8.175622455535738 5.0917112858267065e-18
8.177859858699318 5.204892675274246e-18
8.180097874167704 5.288999529265781e-18
8.182336502108466 5.355354896671933e-18
8.184575742689212 5.41155527614959e-18
8.186815596077604 5.4573685874185055e-18
8.189056062441352 5.504117787798681e-18
8.191297141948205 5.5529200424674e-18
8.193538834765956 5.60977552962394e-18
8.195781141062453 5.714200636039971e-18
8.198024061005583 5.859056110955145e-18
8.200267594763284 5.953783108640302e-18
8.202511742503535 5.980208545194876e-18
8.204756504394364 5.976056009560495e-18
8.207001880603844 5.9326379437250745e-18
8.209247871300093 5.86236944060025e-18
8.211494476651279 5.7717464319179415e-18
8.213741696825608 5.6584313491951154e-18
8.21598953199134 5.5447547685167426e-18
8.218237982316783 5.435250749761034e-18
8.22048704797028 5.3284753049757835e-18
8.222736729120225 5.2320525625697886e-18
8.224987025935064 5.145428974762104e-18
8.227237938583286 5.074382295197545e-18
8.229489467233421 5.028103070070929e-18
8.231741612054048 4.99270055028148e-18
8.233994373213797 4.965652660263178e-18
8.236247750881336 4.94525859924438e-18
8.238501745225385 4.938720087357131e-18
8.24075635641471 4.950613836122237e-18
8.243011584618118 4.97106480872736e-18
8.245267430004468 5.003850432916793e-18
8.247523892742663 5.044993035084878e-18
8.249780973001652 5.1007936001290954e-18
8.25203867095043 5.1730244578743436e-18
8.254296986758039 5.251744716594829e-18
8.256555920593566 5.340706909548261e-18
8.258815472626146 5.4358548365935965e-18
8.261075643024963 5.555596601860835e-18
8.263336431959235 5.699296623600996e-18
8.265597839598247 5.840556476404507e-18
8.267859866111309 5.9776568166530035e-18
8.27012251166779 6.107398375097563e-18
8.272385776437101 6.2001882751603075e-18
8.274649660588704 6.261694030273709e-18
8.276914164292098 6.3026896722897925e-18
8.27917928771684 6.314977086863572e-18
8.281445031032526 6.305595260018132e-18
8.283711394408797 6.247078003716844e-18
8.285978378015347 6.152891973879148e-18
8.288245982021913 6.026379939724516e-18
8.290514206598278 5.861027542788362e-18
8.292783051914268 5.67963340208022e-18
8.295052518139764 5.473772337546448e-18
8.297322605444688 5.25292863367281e-18
8.299593313999008 5.082277433006989e-18
8.30186464397274 4.964844883160085e-18
8.304136595535947 4.8615809734982815e-18
8.306409168858739 4.780823197990665e-18
8.308682364111268 4.71237036409355e-18
8.310956181463741 4.66434778899453e-18
8.313230621086403 4.635780049414014e-18
8.31550568314955 4.6206220669684344e-18
8.317781367823521 4.627906756777348e-18
8.320057675278711 4.647491623463349e-18
8.322334605685551 4.689483515238959e-18
8.32461215921452 4.750619626191331e-18
8.326890336036154 4.8230230371099475e-18
8.32916913632102 4.91169434714094e-18
8.331448560239744 5.008752365354504e-18
8.333728607962993 5.12001741622324e-18
8.336009279661484 5.2421284616871305e-18
8.338290575505978 5.373731380288455e-18
8.340572495667281 5.517488645093183e-18
8.342855040316252 5.662604510449348e-18
8.34513820962379 5.803597495307291e-18
8.347422003760848 5.9418070879732904e-18
8.349706422898414 6.032713475578106e-18
8.35199146720754 6.068723644938251e-18
8.35427713685931 6.083349273557684e-18
8.356563432024856 6.063461645323058e-18
8.358850352875368 6.022865642803724e-18
8.361137899582072 5.925289377146953e-18
8.363426072316248 5.766875820199324e-18
8.365714871249214 5.604629115154386e-18
8.368004296552346 5.44244747548838e-18
8.37029434839706 5.28029001560447e-18
8.372585026954814 5.120222840666633e-18
8.374876332397129 4.962235787056621e-18
8.377168264895555 4.827068207299458e-18
8.379460824621699 4.734470729835927e-18
8.381754011747216 4.663614469617113e-18
8.384047826443801 4.623124955513485e-18
8.386342268883201 4.610988323233447e-18
8.38863733923721 4.608470147903119e-18
8.39093303767767 4.622128214490795e-18
8.393229364376463 4.6450403927293566e-18
8.395526319505525 4.690162097608314e-18
8.397823903236837 4.754804185983825e-18
8.400122115742427 4.827262231144455e-18
8.402420957194373 4.911806439623274e-18
8.40472042776479 5.0019993933906505e-18
8.407020527625855 5.100224763631037e-18
8.40932125694978 5.205127207839589e-18
8.411622615908833 5.297472747145419e-18
8.413924604675321 5.3716318538642304e-18
8.416227223421604 5.434226634513024e-18
8.418530472320082 5.468592543692138e-18
8.420834351543213 5.48068038582397e-18
8.423138861263496 5.476621279176586e-18
8.425444001653474 5.450411170550531e-18
8.427749772885743 5.409799878090738e-18
8.430056175132947 5.335003665086725e-18
8.432363208567772 5.234407552905905e-18
8.434670873362949 5.136893168034138e-18
8.436979169691266 5.043440800386406e-18
8.439288097725555 4.9559053823356224e-18
8.441597657638688 4.886487928002482e-18
8.443907849603594 4.830230317748884e-18
8.446218673793243 4.7818664750078135e-18
8.448530130380657 4.743564743855545e-18
8.450842219538899 4.707425973751425e-18
8.453154941441085 4.6713019437220395e-18
8.455468296260376 4.6351853986171025e-18
8.457782284169982 4.605515891124948e-18
8.460096905343159 4.5838815744219325e-18
8.46241215995321 4.5650703776467324e-18
8.464728048173487 4.550274319704275e-18
8.467044570177388 4.538251847699152e-18
8.46936172613836 4.531119894634399e-18
8.471679516229894 4.53e-18
8.473997940625535 4.532533930432854e-18
8.47631699949887 4.543070814549723e-18
8.478636693023534 4.559078912067064e-18
8.480957021373209 4.578352642117313e-18
8.483277984721628 4.6016190934969395e-18
8.485599583242571 4.628149173551608e-18
8.487921817109862 4.662661407497212e-18
8.490244686497373 4.702626913488805e-18
8.49256819157903 4.740953563009658e-18
8.494892332528801 4.777266874488334e-18
8.497217109520701 4.807619511692056e-18
8.499542522728792 4.82e-18
8.50186857232719 4.82e-18
8.504195258490052 4.836062087525634e-18
8.506522581391586 4.872065804392056e-18
8.508850541206044 4.9107578295397006e-18
8.511179138107734 4.945448366622358e-18
8.513508372271001 4.977333011474517e-18
8.515838243870245 4.9793545314389e-18
8.51816875307991 4.943525964098153e-18
8.520499900074492 4.888085077180014e-18
8.522831685028532 4.790877135924185e-18
8.525164108116616 4.6635144346516775e-18
8.527497169513383 4.524001889913066e-18
8.529830869393516 4.368632738633102e-18
8.532165207931747 4.218544211360599e-18
8.53450018530286 4.104287946937834e-18
8.536835801681677 4.0168471699247615e-18
8.539172057243077 3.954257298495834e-18
8.541508952161983 3.925464231869604e-18
8.543846486613369 3.910794087768545e-18
8.54618466077225 3.9199433523045184e-18
8.548523474813695 3.9477268401535794e-18
8.55086292891282 3.997662971205755e-18
8.553203023244787 4.079318038015871e-18
8.555543757984804 4.175462304445503e-18
8.557885133308137 4.299309655426782e-18
8.560227149390089 4.445961049219155e-18
8.562569806406014 4.571856404049852e-18
8.564913104531318 4.666004315572907e-18
8.567257043941447 4.742000128997891e-18
8.569601624811906 4.762556463686053e-18
8.571946847318236 4.734850286890115e-18
8.574292711636033 4.705955288613617e-18
8.576639217940944 4.675094236135866e-18
8.578986366408659 4.643894646404376e-18
8.581334157214915 4.618636216678936e-18
8.5836825905355 4.5988737570667866e-18
8.586031666546248 4.5575843927473374e-18
8.588381385423045 4.476806079584041e-18
8.590731747341822 4.378077105654579e-18
8.593082752478558 4.28136272800225e-18
8.595434401009282 4.18663589939435e-18
8.59778669311007 4.09475446819658e-18
8.600139628957045 4.008829062126169e-18
8.60249320872638 3.925989990078212e-18
8.604847432594294 3.856215832196907e-18
8.60720230073706 3.800273280920057e-18
8.609557813330992 3.756339842341478e-18
8.611913970552457 3.74e-18
8.614270772577868 3.74e-18
8.616628219583689 3.751973080009676e-18
8.618986311746426 3.77772351126167e-18
8.621345049242638 3.809711269661925e-18
8.623704432248939 3.85518036762113e-18
8.626064460941976 3.909705209044771e-18
8.628425135498453 3.967414341634152e-18
8.630786456095128 4.029303465428475e-18
8.633148422908796 4.090916091128027e-18
8.63551103611631 4.146610972654201e-18
8.637874295894562 4.197674754257993e-18
8.640238202420502 4.231605069103925e-18
8.64260275587112 4.24e-18
8.644967956423459 4.234420379952953e-18
8.647333804254615 4.183739232866383e-18
8.64970029954172 4.093523835959719e-18
8.652067442461965 4.033706736339394e-18
8.654435233192586 4.026842743492337e-18
8.65680367191087 4.042568637603764e-18
8.659172758794146 4.060246021570707e-18
8.6615424940198 4.07983015449892e-18
8.66391287776526 4.079166914237827e-18
8.666283910208005 4.035440988894299e-18
8.66865559152556 3.968893326338091e-18
8.671027921895504 3.905950923590584e-18
8.673400901495464 3.846948611473499e-18
8.675774530503109 3.794594591174436e-18
8.678148809096163 3.7598535443209e-18
8.680523737452393 3.736399696351788e-18
8.682899315749623 3.722335583973534e-18
8.68527554416572 3.72e-18
8.687652422878598 3.721409653400007e-18
8.690029952066224 3.728673566181941e-18
8.69240813190661 3.740383687067039e-18
8.69478696257782 3.765330319150847e-18
8.697166444257967 3.8097747969284454e-18
8.699546577125208 3.862282460329674e-18
8.701927361357754 3.930357352791953e-18
8.704308797133862 4.012210424043407e-18
8.706690884631836 4.084418718098777e-18
8.709073624030033 4.139064627338269e-18
8.71145701550686 4.185810523237391e-18
8.713841059240766 4.200033497527716e-18
8.716225755410253 4.18114862063188e-18
8.718611104193869 4.163296305837745e-18
8.720997105770222 4.149341687846657e-18
8.723383760317954 4.137672073944283e-18
8.72577106801576 4.1554784827099775e-18
8.728159029042391 4.20827343565812e-18
8.730547643576639 4.258713187299873e-18
8.73293691179735 4.28e-18
8.735326833883413 4.28e-18
8.737717410013776 4.2435645400127345e-18
8.740108640367422 4.1547298074036705e-18
8.742500525123397 4.0526988569946616e-18
8.744893064460786 3.973981588181485e-18
8.74728625855873 3.9158024463450115e-18
8.749680107596415 3.8649678583116845e-18
8.752074611753073 3.827723663385552e-18
8.754469771207996 3.7967131052666205e-18
8.75686558614051 3.773158977648456e-18
8.759262056730002 3.7573652553682e-18
8.761659183155905 3.741873297544314e-18
8.764056965597698 3.726388046778077e-18
8.766455404234911 3.71090535247174e-18
8.768854499247126 3.7015814730927305e-18
8.771254250813971 3.7e-18
8.773654659115124 3.700812773359573e-18
8.776055724330309 3.705490038085306e-18
8.778457446639305 3.713220078403793e-18
8.780859826221935 3.7221518290031595e-18
8.783262863258074 3.7330113167111106e-18
8.785666557927648 3.74440230138601e-18
8.788070910410628 3.75e-18
8.790475920887037 3.75e-18
8.792881589536947 3.745728749373856e-18
8.795287916540476 3.7318161825754196e-18
8.797694902077797 3.712530911714737e-18
8.800102546329128 3.694890294484203e-18
8.80251084947474 3.6791851940847836e-18
8.80491981169495 3.664753693131578e-18
8.807329433170121 3.6541797750039914e-18
8.809739714080676 3.646477011086335e-18
8.812150654607079 3.638775747634368e-18
8.814562254929843 3.6310778499484e-18
8.816974515229536 3.623380044442568e-18
8.819387435686771 3.615685605649052e-18
8.821801016482212 3.607994200533403e-18
8.82421525779657 3.600303212943923e-18
8.826630159810612 3.592615593932609e-18
8.829045722705146 3.584928822006614e-18
8.831461946661037 3.5755957436067406e-18
8.833878831859195 3.5643457649727764e-18
8.83629637848058 3.553803203718035e-18
8.8387145867062 3.5471028695084135e-18
8.84113345671712 3.543265174483486e-18
8.843552988694444 3.538183380220469e-18
8.845973182819336 3.531185849162183e-18
8.848394039272996 3.523435251652512e-18
8.85081555823669 3.513772291996878e-18
8.853237739891725 3.502276301209872e-18
8.855660584419454 3.489125350215283e-18
8.858084092001283 3.47215031811447e-18
8.860508262818673 3.4530019725073503e-18
8.86293309705313 3.441713244906235e-18
8.865358594886207 3.44e-18
8.867784756499507 3.44357744930262e-18
8.870211582074694 3.4643603622056434e-18
8.872639071793465 3.4987759979847466e-18
8.875067225837576 3.53771683274681e-18
8.877496044388835 3.584284658502014e-18
8.879925527629094 3.633965781973049e-18
8.882355675740254 3.679899483783991e-18
8.884786488904272 3.721992433930445e-18
8.887217967303151 3.761949474628446e-18
8.889650111118943 3.79616483368984e-18
8.892082920533749 3.826692064271867e-18
8.894516395729728 3.841766644555849e-18
8.89695053688908 3.8358559603703025e-18
8.899385344194055 3.823764220431688e-18
8.901820817826957 3.805963078286315e-18
8.90425695797014 3.783102024364418e-18
8.906693764806006 3.7611747898802715e-18
8.909131238517006 3.741161374047154e-18
8.911569379285641 3.722122224847243e-18
8.914008187294465 3.7014474804665515e-18
8.91644766272608 3.678878730429178e-18
8.918887805763138 3.6556026664144114e-18
8.92132861658834 3.6304359898603345e-18
8.923770095384441 3.60382135814229e-18
8.926212242334238 3.581808221157215e-18
8.928655057620585 3.567405394036665e-18
8.931098541426387 3.556006181180094e-18
8.933542693934593 3.544611838546482e-18
8.935987515328208 3.533222587678882e-18
8.93843300579028 3.521833225692202e-18
8.940879165503912 3.510448956834604e-18
8.94332599465226 3.4990669969600105e-18
8.945773493418528 3.489021005165587e-18
8.948221661985961 3.4808756634762664e-18
8.950670500537868 3.4734175235765675e-18
8.9531200092576 3.467856636978897e-18
8.955570188328561 3.464068408407854e-18
8.958021037934206 3.4627004330651324e-18
8.960472558258035 3.4670121780167042e-18
8.962924749483605 3.474583907674296e-18
8.965377611794516 3.4821534139491945e-18
8.967831145374427 3.489719518400425e-18
8.970285350407043 3.497552987510924e-18
8.972740227076113 3.507272843022468e-18
8.975195775565444 3.518613129283994e-18
8.977651996058896 3.529015638714637e-18
8.980108888740371 3.537524437298096e-18
8.98256645379383 3.54507988708709e-18
8.985024691403268 3.539817982889831e-18
8.987483601752754 3.519453330843959e-18
8.989943185026391 3.494167934275071e-18
8.992403441408335 3.455692761163116e-18
8.994864371082794 3.4066574871027895e-18
8.997325974234029 3.3627975192336314e-18
8.999788251046345 3.3283823382732685e-18
9.002251201704105 3.2982258033959648e-18
9.004714826391716 3.2731401673479267e-18
9.00717912529364 3.2537181824715573e-18
9.009644098594384 3.2357916257382592e-18
9.012109746478513 3.221636858383854e-18
9.014576069130639 3.2103455339150257e-18
9.017043066735422 3.2034474283452874e-18
9.019510739477575 3.204076195495456e-18
9.021979087541862 3.2078375862578734e-18
9.024448111113097 3.21681208944183e-18
9.02691781037614 3.2314226198256845e-18
9.029388185515913 3.2474487128630076e-18
9.03185923671738 3.2672230469054315e-18
9.034330964165553 3.2897565716190843e-18
9.036803368045502 3.3077704189760282e-18
9.039276448542346 3.3182686456603954e-18
9.041750205841247 3.325775038942987e-18
9.044224640127428 3.3121944637658587e-18
9.04669975158616 3.2761087274639247e-18
9.049175540402764 3.2306258662392e-18
9.051652006762602 3.155667776563146e-18
9.054129150851104 3.059201219600596e-18
9.056606972853743 2.9894034026043155e-18
9.05908547295604 2.965973254408421e-18
9.061564651343566 2.9622283246029833e-18
9.06404450820195 2.9804932614374977e-18
9.066525043716865 3.023083025875625e-18
9.069006258074037 3.0666811990673516e-18
9.071488151459246 3.1046509318581474e-18
9.073970724058318 3.1383028681878445e-18
9.076453976057131 3.1552663623686996e-18
9.078937907641617 3.14232492652776e-18
9.081422518997755 3.116168028248183e-18
9.083907810311574 3.1081284820496554e-18
9.08639378176916 3.120636738529666e-18
9.088880433556648 3.1340521513696158e-18
9.09136776586022 3.14e-18
9.093855778866107 3.14e-18
9.096344472760602 3.1341469403922467e-18
9.098833847730042 3.11711005571708e-18
9.101323903960807 3.0947393449314403e-18
9.103814641639346 3.0880428326537715e-18
9.106306060952143 3.0999842632245675e-18
9.10879816208574 3.1154712160877285e-18
9.111290945226735 3.134673394929259e-18
9.113784410561763 3.157009016996618e-18
9.116278558277521 3.178467379488913e-18
9.118773388560758 3.198055595518146e-18
9.121268901598267 3.216656525397441e-18
9.123765097576896 3.2323427535580374e-18
9.126261976683548 3.2443031300970105e-18
9.128759539105168 3.2545954019916387e-18
9.131257785028762 3.255597969576614e-18
9.133756714641375 3.248169316129376e-18
9.136256328130116 3.2385111941418244e-18
9.138756625682142 3.22328942084026e-18
9.141257607484652 3.2047299091918334e-18
9.143759273724909 3.186174985357782e-18
9.146261624590217 3.167628667022984e-18
9.14876466026794 3.149100770637938e-18
9.151268380945488 3.1324342443228333e-18
9.153772786810322 3.117610116427143e-18
9.156277878049956 3.103941935056558e-18
9.158783654851954 3.0939837375242762e-18
9.161290117403933 3.086576535723821e-18
9.16379726589356 3.0814362140575512e-18
9.166305100508556 3.08e-18
9.16881362143669 3.08e-18
9.171322828865783 3.090096785373648e-18
9.173832722983708 3.1112882468694734e-18
9.176343303978392 3.1395726825853384e-18
9.178854572037807 3.1974049799254146e-18
9.181366527349983 3.2787011779648674e-18
9.183879170102998 3.371068832748107e-18
9.186392500484985 3.485552544493917e-18
9.188906518684119 3.6111091570445025e-18
9.191421224888641 3.748315459581342e-18
9.193936619286832 3.900222641212842e-18
9.196452702067027 4.05490735333431e-18
9.198969473417616 4.205833099636934e-18
9.20148693352704 4.3533108939663405e-18
9.204005082583787 4.4633079626861935e-18
9.206523920776398 4.471926091184524e-18
9.209043448293475 4.416658620834741e-18
9.211563665323656 4.315530360489258e-18
9.21408457205564 4.1444786737736624e-18
9.216606168678176 3.9493300899884105e-18
9.21912845538007 3.776734011964074e-18
9.221651432350166 3.628143703130789e-18
9.224175099777373 3.489947344150032e-18
9.226699457850648 3.3922521523571967e-18
9.229224506758994 3.326081688940742e-18
9.231750246691474 3.305047210363828e-18
9.234276677837197 3.3740367542258394e-18
9.236803800385326 3.487920863634116e-18
9.239331614525076 3.658976036936828e-18
9.241860120445713 3.903391936686053e-18
9.244389318336555 4.163531905536258e-18
9.24691920838697 4.414380760058291e-18
9.249449790786384 4.6564527938751996e-18
9.251981065724266 4.953378428121702e-18
9.254513033390147 5.416937821992238e-18
9.257045693973597 5.992389224599554e-18
9.259579047664248 6.546844515086588e-18
9.262113094651784 7.066235472345024e-18
9.264647835125935 7.571706094939479e-18
9.267183269276485 8.19323002340507e-18
9.269719397293272 8.948099547640779e-18
9.272256219366188 9.655246374515744e-18
9.274793735685169 9.890352497167666e-18
9.277331946440206 9.718478543914964e-18
9.27987085182135 9.486146801273451e-18
9.282410452018695 9.104085883240021e-18
9.284950747222389 8.632665566840164e-18
9.28749173762263 8.139429483875304e-18
9.290033423409678 7.613554421983686e-18
9.292575804773833 7.07671820302166e-18
9.295118881905449 6.790825718914321e-18
9.297662654994943 6.7752125536118885e-18
9.30020712423277 6.813160472364351e-18
9.302752289809444 7.033381413121231e-18
9.305298151915533 7.401626810009716e-18
9.307844710741652 7.867230986828947e-18
9.31039196647847 8.551240427839849e-18
9.312939919316715 9.356456900404994e-18
9.315488569447155 1.0045389349118342e-17
9.318037917060614 1.0568293078483274e-17
9.320587962347979 1.1041627037346005e-17
9.323138705500174 1.1323869021917933e-17
9.325690146708185 1.1405792119730292e-17
9.328242286163045 1.1381127244822544e-17
9.330795124055847 1.0882116806401486e-17
9.333348660577723 1.000606676708275e-17
9.335902895919869 9.215089868078586e-18
9.338457830273532 8.61158468391949e-18
9.341013463830006 8.11028963269876e-18
9.343569796780638 7.844637474791708e-18
9.346126829316836 7.914962363595833e-18
9.348684561630048 8.085576163612114e-18
9.35124299391178 8.357378386211175e-18
9.353802126353596 8.736097815256998e-18
9.356361959147105 9.182378652990404e-18
9.358922492483968 9.954598801189768e-18
9.361483726555903 1.0991090785317899e-17
9.364045661554677 1.1796912730871092e-17
9.366608297672112 1.206631226138764e-17
9.369171635100084 1.2030096268292145e-17
9.371735674030516 1.1884950683250861e-17
9.374300414655387 1.1576985411420218e-17
9.37686585716673 1.1215075575124731e-17
9.379432001756625 1.0886061258064917e-17
9.38199884861721 1.0593382608389616e-17
9.384566397940674 1.031372043103911e-17
9.38713464991926 1.0102837533077484e-17
9.389703604745257 9.951087313881996e-18
9.392273262611017 9.956800876848527e-18
9.394843623708937 1.0384969433428606e-17
9.397414688231468 1.107820328459237e-17
9.399986456371115 1.1834407879808214e-17
9.402558928320438 1.2694896808020536e-17
9.405132104272042 1.3596917580081987e-17
9.407705984418591 1.404907054000235e-17
9.410280568952803 1.3960024471315875e-17
9.412855858067445 1.377040293330061e-17
9.41543185195534 1.3418797906498957e-17
9.418008550809354 1.2914508059365568e-17
9.420585954822421 1.2486234045566557e-17
9.423164064187517 1.2328134759861599e-17
9.425742879097676 1.236413029918822e-17
9.42832239974598 1.2499744934695795e-17
9.43090262632557 1.2833151918229066e-17
9.433483559029632 1.3264796133782492e-17
9.436065198051415 1.3800318844982762e-17
9.438647543584212 1.4479392135179677e-17
9.44123059582137 1.5198294920918332e-17
9.443814354956293 1.5511301447450157e-17
9.446398821182441 1.5392977424885634e-17
9.448983994693316 1.520990940999742e-17
9.451569875682479 1.4775752153438068e-17
9.454156464343546 1.4129825341855605e-17
9.456743760870186 1.3550295689656844e-17
9.459331765456113 1.3150355070388884e-17
9.461920478295106 1.2863478703115989e-17
9.464509899580989 1.2618330817938737e-17
9.467100029507638 1.2444982056181013e-17
9.469690868268987 1.2301645076068768e-17
9.47228241605902 1.2229140374176256e-17
9.474874673071778 1.2246215978187858e-17
9.477467639501352 1.2282024898422464e-17
9.480061315541883 1.2460619501144143e-17
9.482655701387571 1.2782311235285524e-17
9.485250797232668 1.304988714959237e-17
9.487846603271475 1.3049228448204748e-17
9.49044311969835 1.2834737953553871e-17
9.493040346707705 1.2584019053339775e-17
9.495638284494003 1.2244110309727104e-17
9.498236933251757 1.1851157020802492e-17
9.500836293175539 1.1490746407109246e-17
9.503436364459974 1.1184068403138193e-17
9.506037147299736 1.0898487499940906e-17
9.508638641889556 1.0742193013153658e-17
9.511240848424219 1.074654216145208e-17
9.513843767098555 1.0782399041129403e-17
9.516447398107458 1.0942950618365215e-17
9.519051741645871 1.1228046314072799e-17
9.521656797908792 1.1512901031180363e-17
9.524262567091263 1.179620359854055e-17
9.526869049388395 1.2078272591441917e-17
9.529476244995344 1.2367245196096575e-17
9.532084154107313 1.2675276557915936e-17
9.53469277691957 1.2995545474062412e-17
9.537302113627433 1.3296229844042651e-17
9.539912164426273 1.3561200502849711e-17
9.542522929511506 1.3810119870196318e-17
9.545134409078617 1.4019679904724967e-17
9.547746603323134 1.4175822225023442e-17
9.550359512440636 1.431795966638229e-17
9.552973136626768 1.4476413961291076e-17
9.555587476077221 1.4652549635143343e-17
9.558202530987732 1.483196388787593e-17
9.560818301554107 1.5029024205470634e-17
9.563434787972197 1.5241865100833624e-17
9.566051990437902 1.5439433545373612e-17
9.568669909147186 1.5583731511166148e-17
9.57128854429606 1.569007511829056e-17
9.573907896080591 1.5788148716037705e-17
9.576527964696897 1.5868460621027314e-17
9.579148750341155 1.5939305084638657e-17
9.58177025320959 1.6032901357817675e-17
9.584392473498482 1.6161854009057292e-17
9.58701541140417 1.630344029252185e-17
9.589639067123038 1.6531757076795823e-17
9.59226344085153 1.686610126859235e-17
9.594888532786143 1.7219810130952435e-17
9.597514343123427 1.7555844655263456e-17
9.600140872059981 1.7874032091825337e-17
9.602768119792469 1.8197780662925718e-17
9.605396086517597 1.855667492969618e-17
9.608024772432131 1.8945082540630456e-17
9.610654177732894 1.9333497391942003e-17
9.613284302616751 1.9721717505437472e-17
9.615915147280637 2.010984188203375e-17
9.618546711921526 2.0515370412234507e-17
9.621178996736456 2.0955957551583066e-17
9.623812001922515 2.1414314957956967e-17
9.626445727676844 2.1849363312560614e-17
9.62908017419664 2.2248953661161586e-17
9.63171534167915 2.2636510789403573e-17
9.634351230321684 2.2995059947637786e-17
9.636987840321598 2.331821226480324e-17
9.6396251718763 2.3635072085775952e-17
9.64226322518326 2.3969001300020708e-17
9.644902000440002 2.432035888062803e-17
9.647541497844092 2.4681733560762404e-17
9.650181717593163 2.511321186273326e-17
9.652822659884897 2.560524632904953e-17
9.655464324917034 2.615360421810849e-17
9.658106712887355 2.6894844103604363e-17
9.660749823993712 2.777283000225557e-17
9.663393658434005 2.8666337123170377e-17
9.666038216406186 2.959448906192781e-17
9.668683498108255 3.05420143537434e-17
9.671329503738285 3.135385205679306e-17
9.673976233494386 3.193730190586264e-17
9.676623687574725 3.242824829435146e-17
9.679271866177531 3.290603248625246e-17
9.68192076950108 3.336604943284227e-17
9.684570397743704 3.382159082452045e-17
9.68722075110379 3.4339169644258296e-17
9.689871829779783 3.492653906593862e-17
9.692523633970175 3.5528082498766704e-17
9.695176163873514 3.632168779694367e-17
9.697829419688409 3.730113045067795e-17
9.700483401613516 3.8317242595821125e-17
9.703138109847545 3.9542552323327877e-17
9.705793544589268 4.0940715434138715e-17
9.708449706037506 4.2338917963867763e-17
9.711106594391131 4.373640846586759e-17
9.713764209849078 4.5133529958336637e-17
9.716422552610329 4.654626292133198e-17
9.719081622873924 4.799318072870211e-17
9.721741420838958 4.9459063612122585e-17
9.724401946704578 5.084303248005857e-17
9.727063200669988 5.208676857612134e-17
9.729725182934446 5.3272548703308665e-17
9.732387893697261 5.459555818000928e-17
9.735051333157802 5.610960914303409e-17
9.73771550151549 5.767784903436804e-17
9.740380398969798 5.980655207423736e-17
9.743046025720258 6.259601127774568e-17
9.745712381966456 6.548637350040938e-17
9.748379467908027 6.75602152740238e-17
9.751047283744668 6.879755086463245e-17
9.753715829676128 6.998695204419071e-17
9.756385105902213 7.089767239339997e-17
9.759055112622775 7.15581463973331e-17
9.761725850037731 7.229315328031018e-17
9.764397318347047 7.335776394508604e-17
9.767069517750745 7.467771646484965e-17
9.769742448448898 7.611205829619546e-17
9.772416110641645 7.787541534194949e-17
9.77509050452917 7.98538495596063e-17
9.777765630311709 8.177554600636342e-17
9.780441488189563 8.357484958853236e-17
9.783118078363085 8.530900601543732e-17
9.785795401032676 8.690151295272416e-17
9.788473456398794 8.825056120634721e-17
9.791152244661962 8.949820822163571e-17
9.793831766022748 9.062482889664319e-17
9.79651202068177 9.157767654795151e-17
9.799193008839719 9.24780714003866e-17
9.801874730697325 9.312615645689245e-17
9.804557186455373 9.346238058659321e-17
9.807240376314713 9.373921464809979e-17
9.809924300476245 9.395237425820788e-17
9.81260895914092 9.409624428020758e-17
9.815294352509753 9.424151935526263e-17
9.817980480783806 9.464575317798657e-17
9.820667344164196 9.530205322544211e-17
9.823354942852099 9.600180421209751e-17
9.82604327704875 9.702906945822077e-17
9.828732346955432 9.834066726273312e-17
9.831422152773479 9.957938397643316e-17
9.834112694704293 1.0050705820238629e-16
9.836803972949323 1.0119684485099776e-16
9.83949598771007 1.0177089268095733e-16
9.842188739188096 1.02e-16
9.844882227585021 1.02e-16
9.847576453102516 1.0177569784432547e-16
9.850271415942299 1.0103491939488362e-16
9.852967116306157 1.0000182546450954e-16
9.855663554395928 9.86312968180954e-17
9.858360730413501 9.66248086685828e-17
9.86105864456082 9.431933896612614e-17
9.863757297039893 9.259374673924741e-17
9.866456688052777 9.179758487870812e-17
9.869156817801581 9.135059933151647e-17
9.871857686488475 9.143228849449591e-17
9.874559294315684 9.225278532855597e-17
9.877261641485486 9.328349498579202e-17
9.87996472820021 9.583316670759903e-17
9.882668554662251 1.002702158363744e-16
9.885373121074055 1.0507647889349926e-16
9.88807842763812 1.1003354548225474e-16
9.890784474557002 1.151595914470341e-16
9.893491262033312 1.2030517481898424e-16
9.896198790269715 1.2293915925084452e-16
9.898907059468932 1.23e-16
9.901616069833748 1.2288974002337603e-16
9.90432582156699 1.2089646474070793e-16
9.907036314871545 1.171299188082986e-16
9.909747549950364 1.1331067172664538e-16
9.91245952700644 1.0911709379266673e-16
9.915172246242829 1.0460075293170211e-16
9.917885707862641 1.0020944210652292e-16
9.92059991206905 9.640162505053736e-17
9.923314859065272 9.305119543504808e-17
9.92603054905458 9.014312863797182e-17
9.928746982240316 8.875680062892192e-17
9.931464158825866 8.84493481360167e-17
9.934182079014668 8.832202103350672e-17
9.936900743010234 8.86897414671784e-17
9.939620151016111 8.937243538532558e-17
9.942340303235909 9.027732399939808e-17
9.945061199873305 9.169340180925909e-17
9.947782841132014 9.339880084613446e-17
9.950505227215814 9.467580851336651e-17
9.953228358328541 9.51e-17
9.95595223467409 9.51e-17
9.958676856456405 9.365817059351519e-17
9.961402223879485 8.967962942074671e-17
9.964128337147388 8.460551167230206e-17
9.96685519646423 8.036018776995214e-17
9.969582802034182 7.742744033671579e-17
9.972311154061462 7.497744611444028e-17
9.97504025275036 7.339969608527559e-17
9.977770098305207 7.308110700412316e-17
9.980500690930398 7.314910878536133e-17
9.98323203083038 7.353622387209294e-17
9.985964118209663 7.434792048712016e-17
9.988696953272806 7.526522012905176e-17
9.99143053622442 7.530464516368554e-17
9.994164867269184 7.425742019984553e-17
9.996899946611828 7.300137349911799e-17
9.999635774457133 7.139508226491887e-17
10.00237235100994 6.938247170520132e-17
10.00510967647515 6.731333141767531e-17
10.007847751057714 6.560114480239896e-17
10.010586574962636 6.427978273156173e-17
10.013326148394984 6.299183223223214e-17
10.016066471559888 6.193271361517801e-17
10.018807544662517 6.111131579900623e-17
10.021549367908104 6.029935104769086e-17
10.024291941501943 5.957238486986872e-17
10.027035265649378 5.892960896678309e-17
10.029779340555809 5.828760129677863e-17
10.0325241664267 5.766283701109575e-17
10.035269743467563 5.705437668865646e-17
10.038016071883964 5.645879957045612e-17
10.040763151881535 5.599863549716383e-17
10.043510983665964 5.566087180681653e-17
10.046259567442984 5.5307387762242523e-17
10.04900890341839 5.483882052957051e-17
10.051758991798039 5.4270766533497254e-17
10.05450983278784 5.361994809422905e-17
10.057261426593751 5.2393407536705145e-17
10.060013773421801 5.0673596289627243e-17
10.062766873478065 4.898060271196794e-17
10.065520726968675 4.744013970139455e-17
10.068275334099827 4.602496067450715e-17
10.071030695077765 4.470187506565857e-17
10.073786810108789 4.3817171304238545e-17
10.076543679399261 4.327848865444492e-17
10.079301303155603 4.274786292417689e-17
10.082059681584282 4.225116359788428e-17
10.084818814891825 4.178019562059971e-17
10.087578703284827 4.134528051210339e-17
10.090339346969923 4.104505505249043e-17
10.093100746153814 4.0843374344482063e-17
10.095862901043255 4.06564733722367e-17
10.09862581184506 4.052005397782493e-17
10.101389478766098 4.041929504717743e-17
10.104153902013287 4.0323841123154044e-17
10.10691908179362 4.024521900205613e-17
10.109685018314131 4.017810070912213e-17
10.112451711781913 4.011662547992712e-17
10.11521916240412 4.007195030238288e-17
10.117987370387961 4.003841834227685e-17
10.120756335940701 4.001082503419237e-17
10.12352605926966 4e-17
10.126296540582217 4e-17
10.129067780085814 4e-17
10.131839777987938 4e-17
10.134612534496135 4e-17
10.137386049818016 3.99871906549017e-17
10.140160324161245 3.994093562077526e-17
10.142935357733538 3.987403508971683e-17
10.14571115074267 3.9780833133376015e-17
10.14848770339648 3.962083077067627e-17
10.151265015902855 3.942029283728253e-17
10.154043088469738 3.921976598886625e-17
10.15682192130514 3.9019348463317554e-17
10.159601514617119 3.881897432483804e-17
10.162381868613789 3.87137528082265e-17
10.165162983503329 3.884218727913366e-17
10.167944859493973 3.910913422385613e-17
10.170727496794004 3.947872308388433e-17
10.173510895611772 4.0098189527888645e-17
10.176295056155677 4.086503307870262e-17
10.17907997863418 4.1494806770670404e-17
10.181865663255797 4.179106987863907e-17
10.184652110229106 4.189101085065708e-17
10.187439319762733 4.180688249197322e-17
10.190227292065366 4.1273396239952323e-17
10.193016027345754 4.0474525801197315e-17
10.195805525812698 3.964873395486672e-17
10.198595787675053 3.8756871685962176e-17
10.201386813141742 3.782562369574857e-17
10.204178602421738 3.712635336696844e-17
10.206971155724066 3.7009064804851384e-17
10.209764473257817 3.724168476510628e-17
10.212558555232143 3.7558400715146857e-17
10.215353401856238 3.809078501007115e-17
10.218149013339364 3.875486434208827e-17
10.22094538989084 3.927465816452768e-17
10.223742531720042 3.941260896958686e-17
10.226540439036398 3.931307950578496e-17
10.229339112049399 3.9026506098499445e-17
10.232138550968592 3.822624855396982e-17
10.23493875600358 3.709918299897203e-17
10.23773972736402 3.604694134257599e-17
10.240541465259636 3.5210581777079044e-17
10.243343969900202 3.451503104246699e-17
10.246147241495553 3.385752051638639e-17
10.248951280255575 3.3316207207625084e-17
10.25175608639022 3.2852892357351173e-17
10.254561660109493 3.243015877554075e-17
10.257368001623458 3.213992883531958e-17
10.260175111142232 3.194153073590702e-17
10.262982988875999 3.1743124794154984e-17
10.26579163503499 3.154482875569433e-17
10.268601049829496 3.134659619780508e-17
10.27141123346987 3.1144121199668896e-17
10.274222186166526 3.0925252833590685e-17
10.277033908129923 3.069417480365056e-17
10.279846399570584 3.045932951590741e-17
10.282659660699094 3.020812305166545e-17
10.28547369172609 2.994425495262873e-17
10.288288492862266 2.9677133246289294e-17
10.29110406431838 2.939368258058372e-17
10.293920406305244 2.909707988195222e-17
10.29673751903372 2.8803096185714016e-17
10.299555402714741 2.852573944403764e-17
10.302374057559295 2.8262314034233806e-17
10.305193483778414 2.7988564054617985e-17
10.308013681583207 2.763272097189637e-17
10.31083465118483 2.7205014798650804e-17
10.313656392794499 2.6780044293771925e-17
10.316478906623486 2.63881807376522e-17
10.319302192883125 2.6026580472892583e-17
10.322126251784802 2.5662717306104255e-17
10.324951083539965 2.5249795424001696e-17
10.327776688360121 2.4789965344546034e-17
10.330603066456833 2.4330009424485667e-17
