#xsec (eV,cm2) for SO -> S + O
3.1000290654125155 0.0
3.1008774429979375 0.0
3.1017260527568364 0.0
3.102574894752751 0.0
3.103423969049237 0.0
3.1042732757098674 0.0
3.105122814798232 0.0
3.1059725863779404 0.0
3.1068225905126168 0.0
3.1076728272659047 0.0
3.1085232967014633 0.0
3.1093739988829707 0.0
3.1102249338741217 0.0
3.1110761017386297 0.0
3.1119275025402233 0.0
3.1127791363426507 0.0
3.113631003209677 0.0
3.114483103205083 0.0
3.1153354363926695 0.0
3.116188002836253 0.0
3.1170408025996696 0.0
3.1178938357467696 0.0
3.1187471023414233 0.0
3.119600602447518 0.0
3.1204543361289576 0.0
3.1213083034496645 0.0
3.122162504473578 0.0
3.123016939264656 0.0
3.123871607886872 0.0
3.1247265104042174 0.0
3.125581646880703 0.0
3.1264370173803555 0.0
3.1272926219672197 0.0
3.128148460705357 0.0
3.129004533658848 0.0
3.129860840891788 0.0
3.130717382468294 0.0
3.131574158452497 0.0
3.1324311689085467 0.0
3.133288413900611 0.0
3.134145893492875 0.0
3.1350036077495402 0.0
3.1358615567348274 0.0
3.1367197405129734 0.0
3.1375781591482346 0.0
3.1384368127048834 0.0
3.13929570124721 0.0
3.140154824839522 0.0
3.1410141835461456 0.0
3.141873777431423 0.0
3.1427336065597165 0.0
3.1435936709954033 0.0
3.1444539708028802 0.0
3.14531450604656 0.0
3.1461752767908746 0.0
3.1470362831002725 0.0
3.1478975250392205 0.0
3.148759002672203 0.0
3.1496207160637213 0.0
3.1504826652782953 0.0
3.151344850380462 0.0
3.1522072714347757 0.0
3.1530699285058095 0.0
3.1539328216581537 0.0
3.154795950956416 0.0
3.155659316465221 0.0
3.1565229182492125 0.0
3.157386756373052 0.0
3.158250830901417 0.0
3.1591151418990044 0.0
3.159979689430528 0.0
3.1608444735607195 0.0
3.1617094943543282 0.0
3.1625747518761216 0.0
3.1634402461908837 0.0
3.164305977363418 0.0
3.1651719454585443 0.0
3.1660381505411004 0.0
3.1669045926759427 0.0
3.1677712719279443 0.0
3.1686381883619976 0.0
3.16950534204301 0.0
3.170372733035909 0.0
3.171240361405639 0.0
3.1721082272171626 0.0
3.1729763305354606 0.0
3.1738446714255293 0.0
3.1747132499523856 0.0
3.1755820661810628 0.0
3.176451120176612 0.0
3.1773204120041023 0.0
3.1781899417286206 0.0
3.179059709415272 0.0
3.1799297151291785 0.0
3.1807999589354807 0.0
3.181670440899337 0.0
3.182541161085923 0.0
3.1834121195604332 0.0
3.184283316388078 0.0
3.185154751634088 0.0
3.1860264253637105 0.0
3.1868983376422104 0.0
3.1877704885348708 0.0
3.188642878106993 0.0
3.1895155064238967 0.0
3.190388373550917 0.0
3.1912614795534084 0.0
3.192134824496745 0.0
3.1930084084463153 0.0
3.193882231467529 0.0
3.194756293625812 0.0
3.195630594986608 0.0
3.196505135615379 0.0
3.1973799155776055 0.0
3.1982549349387845 0.0
3.1991301937644323 0.0
3.200005692120082 0.0
3.200881430071286 0.0
3.2017574076836133 0.0
3.2026336250226515 0.0
3.203510082154006 0.0
3.2043867791433005 0.0
3.2052637160561757 0.0
3.206140892958292 0.0
3.207018309915326 0.0
3.2078959669929725 0.0
3.208773864256945 0.0
3.209652001772975 0.0
3.210530379606812 0.0
3.211408997824223 0.0
3.2122878564909927 0.0
3.2131669556729245 0.0
3.21404629543584 0.0
3.2149258758455783 0.0
3.215805696967996 0.0
3.2166857588689695 0.0
3.2175660616143915 0.0
3.218446605270173 0.0
3.2193273899022437 0.0
3.220208415576551 0.0
3.221089682359061 0.0
3.2219711903157555 0.0
3.2228529395126375 0.0
3.223734930015726 0.0
3.22461716189106 0.0
3.2254996352046934 0.0
3.2263823500227007 0.0
3.2272653064111747 0.0
3.2281485044362244 0.0
3.229031944163978 0.0
3.229915625660582 0.0
3.2307995489922003 0.0
3.2316837142250163 0.0
3.2325681214252295 0.0
3.233452770659059 0.0
3.2343376619927415 0.0
3.2352227954925317 0.0
3.2361081712247026 0.0
3.236993789255546 0.0
3.2378796496513704 0.0
3.238765752478504 0.0
3.2396520978032917 0.0
3.2405386856920977 0.0
3.2414255162113035 0.0
3.2423125894273097 0.0
3.2431999054065344 0.0
3.2440874642154136 0.0
3.2449752659204023 0.0
3.2458633105879735 0.0
3.246751598284618 0.0
3.2476401290768444 0.0
3.2485289030311812 0.0
3.2494179202141735 0.0
3.250307180692385 0.0
3.251196684532397 0.0
3.2520864318008114 0.0
3.2529764225642452 0.0
3.2538666568893353 0.0
3.2547571348427384 0.0
3.2556478564911253 0.0
3.256538821901189 0.0
3.257430031139638 0.0
3.2583214842732007 0.0
3.2592131813686245 0.0
3.2601051224926723 0.0
3.2609973077121266 0.0
3.2618897370937896 0.0
3.2627824107044807 0.0
3.2636753286110363 0.0
3.264568490880313 0.0
3.265461897579185 0.0
3.2663555487745444 0.0
3.2672494445333022 0.0
3.2681435849223877 0.0
3.269037970008748 0.0
3.269932599859349 0.0
3.2708274745411745 0.0
3.271722594121227 0.0
3.272617958666527 0.0
3.273513568244114 0.0
3.274409422921045 0.0
3.2753055227643957 0.0
3.2762018678412614 0.0
3.2770984582187532 0.0
3.2779952939640022 0.0
3.278892375144158 0.0
3.2797897018263877 0.0
3.280687274077878 0.0
3.2815850919658325 0.0
3.282483155557474 0.0
3.283381464920044 0.0
3.2842800201208022 0.0
3.285178821227026 0.0
3.286077868306012 0.0
3.286977161425076 0.0
3.287876700651549 0.0
3.288776486052784 0.0
3.2896765176961518 0.0
3.2905767956490393 0.0
3.2914773199788545 0.0
3.2923780907530222 0.0
3.2932791080389867 0.0
3.2941803719042095 0.0
3.2950818824161727 0.0
3.2959836396423743 0.0
3.2968856436503327 0.0
3.297787894507584 0.0
3.298690392281683 0.0
3.299593137040202 0.0
3.300496128850733 0.0
3.3013993677808866 0.0
3.302302853898291 0.0
3.3032065872705934 0.0
3.3041105679654605 0.0
3.305014796050575 0.0
3.3059192715936403 0.0
3.306823994662377 0.0
3.3077289653245256 0.0
3.3086341836478446 0.0
3.3095396497001097 0.0
3.3104453635491176 0.0
3.311351325262681 0.0
3.3122575349086336 0.0
3.3131639925548253 0.0
3.314070698269127 0.0
3.3149776521194263 0.0
3.315884854173629 0.0
3.3167923044996623 0.0
3.317700003165469 0.0
3.318607950239012 0.0
3.319516145788273 0.0
3.3204245898812506 0.0
3.321333282585963 0.0
3.3222422239704485 0.0
3.323151414102762 0.0
3.324060853050978 0.0
3.3249705408831893 0.0
3.325880477667507 0.0
3.3267906634720616 0.0
3.3277010983650017 0.0
3.328611782414495 0.0
3.329522715688727 0.0
3.3304338982559027 0.0
3.3313453301842464 0.0
3.3322570115419996 0.0
3.333168942397422 0.0
3.334081122818794 0.0
3.3349935528744137 0.0
3.335906232632598 0.0
3.3368191621616825 0.0
3.337732341530021 0.0
3.3386457708059862 0.0
3.33955945005797 0.0
3.3404733793543833 0.0
3.341387558763655 0.0
3.3423019883542318 0.0
3.3432166681945814 0.0
3.3441315983531883 0.0
3.345046778898557 0.0
3.3459622098992106 0.0
3.3468778914236896 0.0
3.3477938235405555 0.0
3.3487100063183863 0.0
3.34962643982578 0.0
3.350543124131353 0.0
3.351460059303741 0.0
3.352377245411598 0.0
3.3532946825235967 0.0
3.3542123707084297 0.0
3.3551303100348067 0.0
3.356048500571457 0.0
3.356966942387129 0.0
3.3578856355505895 0.0
3.3588045801306246 0.0
3.359723776196038 0.0
3.3606432238156536 0.0
3.361562923058314 0.0
3.36248287399288 0.0
3.3634030766882312 0.0
3.364323531213267 0.0
3.3652442376369045 0.0
3.3661651960280805 0.0
3.3670864064557504 0.0
3.3680078689888875 0.0
3.3689295836964863 0.0
3.3698515506475584 0.0
3.3707737699111346 0.0
3.371696241556264 0.0
3.3726189656520154 0.0
3.3735419422674773 0.0
3.3744651714717557 0.0
3.3753886533339754 0.0
3.3763123879232815 0.0
3.377236375308837 0.0
3.378160615559824 0.0
3.3790851087454428 0.0
3.3800098549349147 0.0
3.380934854197478 0.0
3.3818601066023906 0.0
3.38278561221893 0.0
3.3837113711163913 0.0
3.3846373833640895 0.0
3.385563649031358 0.0
3.38649016818755 0.0
3.387416940902037 0.0
3.3883439672442104 0.0
3.389271247283479 0.0
3.3901987810892713 0.0
3.391126568731036 0.0
3.3920546102782394 0.0
3.392982905800366 0.0
3.3939114553669225 0.0
3.3948402590474314 0.0
3.3957693169114354 0.0
3.396698629028497 0.0
3.3976281954681964 0.0
3.3985580163001345 0.0
3.3994880915939287 0.0
3.400418421419218 0.0
3.401349005845659 0.0
3.4022798449429272 0.0
3.4032109387807195 0.0
3.4041422874287486 0.0
3.405073890956749 0.0
3.406005749434472 0.0
3.4069378629316898 0.0
3.4078702315181926 0.0
3.40880285526379 0.0
3.4097357342383114 0.0
3.4106688685116042 0.0
3.4116022581535352 0.0
3.412535903233991 0.0
3.413469803822876 0.0
3.414403959990116 0.0
3.415338371805653 0.0
3.416273039339451 0.0
3.4172079626614913 0.0
3.4181431418417745 0.0
3.419078576950321 0.0
3.4200142680571703 0.0
3.4209502152323807 0.0
3.4218864185460296 0.0
3.4228228780682137 0.0
3.4237595938690495 0.0
3.424696566018672 0.0
3.4256337945872355 0.0
3.426571279644913 0.0
3.4275090212618986 0.0
3.4284470195084027 0.0
3.4293852744546576 0.0
3.4303237861709133 0.0
3.4312625547274394 0.0
3.4322015801945245 0.0
3.4331408626424778 0.0
3.434080402141626 0.0
3.4350201987623152 0.0
3.4359602525749118 0.0
3.4369005636498002 0.0
3.437841132057386 0.0
3.438781957868092 0.0
3.4397230411523614 0.0
3.440664381980656 0.0
3.441605980423457 0.0
3.442547836551266 0.0
3.443489950434603 0.0
3.4444323221440065 0.0
3.4453749517500363 0.0
3.446317839323269 0.0
3.447260984934303 0.0
3.448204388653754 0.0
3.4491480505522585 0.0
3.4500919707004725 0.0
3.4510361491690684 0.0
3.4519805860287422 0.0
3.4529252813502067 0.0
3.4538702352041937 0.0
3.4548154476614554 0.0
3.4557609187927643 0.0
3.45670664866891 0.0
3.457652637360703 0.0
3.458598884938972 0.0
3.459545391474567 0.0
3.4604921570383556 0.0
3.461439181701226 0.0
3.4623864655340837 0.0
3.4633340086078572 0.0
3.4642818109934908 0.0
3.4652298727619506 0.0
3.4661781939842204 0.0
3.4671267747313053 0.0
3.4680756150742287 0.0
3.469024715084033 0.0
3.4699740748317813 0.0
3.4709236943885546 0.0
3.471873573825455 0.0
3.472823713213603 0.0
3.4737741126241386 0.0
3.474724772128222 0.0
3.475675691797032 0.0
3.476626871701767 0.0
3.4775783119136463 0.0
3.478530012503906 0.0
3.4794819735438045 0.0
3.480434195104618 0.0
3.4813866772576425 0.0
3.4823394200741937 0.0
3.483292423625606 0.0
3.484245687983236 0.0
3.485199213218456 0.0
3.4861529994026617 0.0
3.4871070466072642 0.0
3.4880613549036976 0.0
3.489015924363414 0.0
3.4899707550578856 0.0
3.490925847058604 0.0
3.4918812004370796 0.0
3.492836815264843 0.0
3.4937926916134447 0.0
3.494748829554455 0.0
3.495705229159463 0.0
3.4966618905000773 0.0
3.4976188136479265 0.0
3.498575998674659 0.0
3.4995334456519425 0.0
3.5004911546514643 0.0
3.5014491257449314 0.0
3.502407359004071 0.0
3.503365854500629 0.0
3.5043246123063705 0.0
3.5052836324930814 0.0
3.506242915132568 0.0
3.5072024602966536 0.0
3.5081622680571836 0.0
3.5091223384860224 0.0
3.510082671655053 0.0
3.511043267636179 0.0
3.512004126501324 0.0
3.5129652483224305 0.0
3.5139266331714616 0.0
3.5148882811203985 0.0
3.5158501922412437 0.0
3.516812366606019 0.0
3.517774804286766 0.0
3.5187375053555447 0.0
3.5197004698844365 0.0
3.5206636979455426 0.0
3.521627189610982 0.0
3.5225909449528956 0.0
3.5235549640434423 0.0
3.524519246954802 0.0
3.5254837937591743 0.0
3.5264486045287775 0.0
3.527413679335851 0.0
3.528379018252652 0.0
3.52934462135146 0.0
3.5303104887045733 0.0
3.531276620384309 0.0
3.5322430164630054 0.0
3.533209677013019 0.0
3.5341766021067276 0.0
3.5351437918165276 0.0
3.536111246214837 0.0
3.537078965374092 0.0
3.5380469493667484 0.0
3.539015198265284 0.0
3.539983712142194 0.0
3.540952491069994 0.0
3.5419215351212205 0.0
3.542890844368429 0.0
3.5438604188841953 0.0
3.5448302587411145 0.0
3.545800364011802 0.0
3.5467707347688924 0.0
3.5477413710850416 0.0
3.548712273032925 0.0
3.549683440685236 0.0
3.5506548741146897 0.0
3.551626573394021 0.0
3.552598538595984 0.0
3.553570769793354 0.0
3.554543267058924 0.0
3.55551603046551 0.0
3.5564890600859447 0.0
3.5574623559930827 0.0
3.558435918259798 0.0
3.5594097469589845 0.0
3.5603838421635565 0.0
3.5613582039464475 0.0
3.562332832380612 0.0
3.563307727539023 0.0
3.5642828894946743 0.0
3.56525831832058 0.0
3.5662340140897744 0.0
3.5672099768753105 0.0
3.568186206750262 0.0
3.5691627037877227 0.0
3.5701394680608067 0.0
3.571116499642647 0.0
3.5720937986063994 0.0
3.5730713650252346 0.0
3.5740491989723484 0.0
3.5750273005209543 0.0
3.5760056697442857 0.0
3.5769843067155973 0.0
3.577963211508162 0.0
3.578942384195275 0.0
3.579921824850249 0.0
3.5809015335464194 0.0
3.5818815103571398 0.0
3.5828617553557844 0.0
3.583842268615748 0.0
3.584823050210444 0.0
3.5858041002133083 0.0
3.586785418697795 0.0
3.5877670057373785 0.0
3.588748861405554 0.0
3.5897309857758355 0.0
3.59071337892176 0.0
3.5916960409168803 0.0
3.5926789718347742 0.0
3.5936621717490356 0.0
3.5946456407332796 0.0
3.595629378861144 0.0
3.596613386206283 0.0
3.5975976628423725 0.0
3.59858220884311 0.0
3.5995670242822113 0.0
3.600552109233412 0.0
3.6015374637704705 0.0
3.602523087967163 0.0
3.6035089818972863 0.0
3.604495145634658 0.0
3.6054815792531154 0.0
3.6064682828265164 0.0
3.6074552564287385 0.0
3.6084425001336804 0.0
3.609430014015261 0.0
3.6104177981474175 0.0
3.61140585260411 0.0
3.6123941774593167 0.0
3.613382772787037 0.0
3.614371638661291 0.0
3.615360775156118 0.0
3.6163501823455793 0.0
3.617339860303753 0.0
3.6183298091047416 0.0
3.6193200288226652 0.0
3.6203105195316656 0.0
3.621301281305903 0.0
3.6222923142195604 0.0
3.62328361834684 0.0
3.6242751937619637 0.0
3.625267040539174 0.0
3.6262591587527346 0.0
3.627251548476928 0.0
3.6282442097860583 0.0
3.629237142754449 0.0
3.630230347456446 0.0
3.631223823966412 0.0
3.6322175723587327 0.0
3.633211592707815 0.0
3.6342058850880825 0.0
3.6352004495739827 0.0
3.636195286239981 0.0
3.637190395160565 0.0
3.638185776410242 0.0
3.6391814300635397 0.0
3.6401773561950064 0.0
3.6411735548792095 0.0
3.6421700261907386 0.0
3.643166770204203 0.0
3.6441637869942323 0.0
3.645161076635476 0.0
3.6461586392026053 0.0
3.647156474770312 0.0
3.648154583413306 0.0
3.64915296520632 0.0
3.650151620224106 0.0
3.6511505485414366 0.0
3.652149750233106 0.0
3.6531492253739266 0.0
3.6541489740387334 0.0
3.6551489963023807 0.0
3.6561492922397436 0.0
3.657149861925719 0.0
3.658150705435221 0.0
3.659151822843187 0.0
3.6601532142245747 0.0
3.6611548796543616 0.0
3.662156819207545 0.0
3.663159032959145 0.0
3.6641615209842 0.0
3.6651642833577696 0.0
3.6661673201549343 0.0
3.6671706314507952 0.0
3.668174217320473 0.0
3.6691780778391108 0.0
3.6701822130818704 0.0
3.671186623123935 0.0
3.6721913080405084 0.0
3.673196267906815 0.0
3.6742015027980988 0.0
3.6752070127896257 0.0
3.676212797956682 0.0
3.677218858374574 0.0
3.67822519411863 0.0
3.6792318052641964 0.0
3.6802386918866423 0.0
3.6812458540613564 0.0
3.6822532918637494 0.0
3.6832610053692507 0.0
3.6842689946533116 0.0
3.6852772597914036 0.0
3.68628580085902 0.0
3.6872946179316726 0.0
3.6883037110848953 0.0
3.6893130803942427 0.0
3.6903227259352898 0.0
3.691332647783632 0.0
3.692342846014886 0.0
3.6933533207046887 0.0
3.694364071928697 0.0
3.6953750997625914 0.0
3.6963864042820695 0.0
3.6973979855628514 0.0
3.698409843680677 0.0
3.6994219787113094 0.0
3.7004343907305293 0.0
3.70144707981414 0.0
3.7024600460379657 0.0
3.7034732894778495 0.0
3.704486810209657 0.0
3.705500608309274 0.0
3.706514683852607 0.0
3.7075290369155836 0.0
3.708543667574152 0.0
3.70955857590428 0.0
3.710573761981959 0.0
3.7115892258831984 0.0
3.7126049676840305 0.0
3.713620987460506 0.0
3.714637285288699 0.0
3.7156538612447023 0.0
3.7166707154046312 0.0
3.7176878478446214 0.0
3.7187052586408287 0.0
3.71972294786943 0.0
3.7207409156066236 0.0
3.7217591619286274 0.0
3.722777686911682 0.0
3.723796490632048 0.0
3.7248155731660058 0.0
3.7258349345898587 0.0
3.72685457497993 0.0
3.7278744944125624 0.0
3.728894692964121 0.0
3.729915170710993 0.0
3.730935927729584 0.0
3.731956964096322 0.0
3.7329782798876554 0.0
3.7339998751800536 0.0
3.7350217500500067 0.0
3.736043904574027 0.0
3.7370663388286465 0.0
3.7380890528904174 0.0
3.7391120468359147 0.0
3.740135320741733 0.0
3.7411588746844897 0.0
3.74218270874082 0.0
3.743206822987383 0.0
3.7442312175008583 0.0
3.745255892357944 0.0
3.7462808476353624 0.0
3.747306083409855 0.0
3.7483315997581856 0.0
3.749357396757137 0.0
3.750383474483515 0.0
3.751409833014146 0.0
3.7524364724258756 0.0
3.7534633927955725 0.0
3.754490594200126 0.0
3.7555180767164464 0.0
3.756545840421465 0.0
3.7575738853921337 0.0
3.7586022117054254 0.0
3.7596308194383345 0.0
3.7606597086678772 0.0
3.7616888794710897 0.0
3.7627183319250292 0.0
3.7637480661067757 0.0
3.7647780820934273 0.0
3.7658083799621056 0.0
3.7668389597899523 0.0
3.767869821654131 0.0
3.7689009656318264 0.0
3.769932391800242 0.0
3.770964100236606 0.0
3.7719960910181647 0.0
3.7730283642221876 0.0
3.774060919925965 0.0
3.775093758206807 0.0
3.776126879142047 0.0
3.777160282809037 0.0
3.7781939692851516 0.0
3.7792279386477876 0.0
3.7802621909743612 0.0
3.7812967263423105 0.0
3.782331544829095 0.0
3.783366646512195 0.0
3.784402031469112 0.0
3.7854376997773684 0.0
3.78647365151451 0.0
3.7875098867581 0.0
3.788546405585726 0.0
3.789583208074996 0.0
3.7906202943035394 0.0
3.791657664349005 0.0
3.7926953182890655 0.0
3.793733256201413 0.0
3.794771478163762 0.0
3.7958099842538466 0.0
3.7968487745494253 0.0
3.797887849128274 0.0
3.7989272080681933 0.0
3.799966851447003 0.0
3.8010067793425453 0.0
3.8020469918326825 0.0
3.803087488995299 0.0
3.8041282709083015 0.0
3.805169337649615 0.0
3.80621068929719 0.0
3.807252325928994 0.0
3.80829424762302 0.0
3.809336454457279 0.0
3.810378946509805 0.0
3.8114217238586523 0.0
3.8124647865818986 0.0
3.8135081347576407 0.0
3.814551768463998 0.0
3.8155956877791115 0.0
3.816639892781142 0.0
3.817684383548273 0.0
3.8187291601587106 0.0
3.8197742226906786 0.0
3.820819571222425 0.0
3.8218652058322204 0.0
3.8229111265983535 0.0
3.823957333599137 0.0
3.825003826912903 0.0
3.826050606618007 0.0
3.8270976727928243 0.0
3.8281450255157528 0.0
3.8291926648652113 0.0
3.83024059091964 0.0
3.8312888037575017 0.0
3.8323373034572787 0.0
3.833386090097477 0.0
3.834435163756621 0.0
3.83548452451326 0.0
3.8365341724459627 0.0
3.8375841076333206 0.0
3.838634330153945 0.0
3.8396848400864703 0.0
3.8407356375095523 0.0
3.8417867225018667 0.0
3.8428380951421124 0.0
3.84388975550901 0.0
3.8449417036813 0.0
3.845993939737745 0.0
3.847046463757131 0.0
3.8480992758182637 0.0
3.8491523759999704 0.0
3.8502057643811005 0.0
3.8512594410405256 0.0
3.852313406057137 0.0
3.853367659509849 0.0
3.854422201477597 0.0
3.855477032039339 0.0
3.8565321512740534 0.0
3.8575875592607405 0.0
3.858643256078423 0.0
3.8596992418061444 0.0
3.8607555165229694 0.0
3.861812080307985 0.0
3.862868933240301 0.0
3.8639260753990454 0.0
3.8649835068633727 0.0
3.866041227712455 0.0
3.867099238025488 0.0
3.868157537881688 0.0
3.8692161273602945 0.0
3.8702750065405667 0.0
3.8713341755017874 0.0
3.8723936343232603 0.0
3.8734533830843105 0.0
3.8745134218642847 0.0
3.875573750742552 0.0
3.876634369798503 0.0
3.8776952791115504 0.0
3.8787564787611277 0.0
3.87981796882669 0.0
3.8808797493877156 0.0
3.8819418205237035 0.0
3.883004182314174 0.0
3.8840668348386718 0.0
3.8851297781767586 0.0
3.8861930124080226 0.0
3.8872565376120716 0.0
3.8883203538685347 0.0
3.889384461257064 0.0
3.890448859857333 0.0
3.891513549749037 0.0
3.8925785310118926 0.0
3.893643803725639 0.0
3.8947093679700364 0.0
3.895775223824868 0.0
3.8968413713699377 0.0
3.897907810685072 0.0
3.8989745418501194 0.0
3.9000415649449476 0.0
3.9011088800494504 0.0
3.902176487243541 0.0
3.9032443866071542 0.0
3.904312578220248 0.0
3.9053810621628013 0.0
3.906449838514816 0.0
3.907518907356314 0.0
3.908588268767341 0.0
3.9096579228279627 0.0
3.9107278696182686 0.0
3.91179810921837 0.0
3.912868641708398 0.0
3.9139394671685084 0.0
3.9150105856788766 0.0
3.9160819973197016 0.0
3.917153702171204 0.0
3.9182257003136254 0.0
3.91929799182723 0.0
3.9203705767923043 0.0
3.921443455289156 0.0
3.9225166273981165 0.0
3.9235900931995364 0.0
3.924663852773791 0.0
3.9257379062012756 0.0
3.9268122535624084 0.0
3.92788689493763 0.0
3.9289618304074025 0.0
3.93003706005221 0.0
3.931112583952558 0.0
3.9321884021889755 0.0
3.9332645148420124 0.0
3.9343409219922414 0.0
3.935417623720256 0.0
3.9364946201066733 0.0
3.937571911232132 0.0
3.938649497177292 0.0
3.9397273780228357 0.0
3.9408055538494686 0.0
3.9418840247379174 0.0
3.942962790768931 0.0
3.944041852023279 0.0
3.9451212085817557 0.0
3.946200860525176 0.0
3.9472808079343777 0.0
3.9483610508902194 0.0
3.949441589473583 0.0
3.9505224237653733 0.0
3.951603553846514 0.0
3.9526849797979544 0.0
3.9537667017006646 0.0
3.9548487196356357 0.0
3.9559310336838838 0.0
3.9570136439264445 0.0
3.9580965504443775 0.0
3.9591797533187627 0.0
3.9602632526307033 0.0
3.9613470484613256 0.0
3.962431140891776 0.0
3.963515530003226 0.0
3.9646002158768656 0.0
3.96568519859391 0.0
3.9667704782355955 0.0
3.967856054883181 0.0
3.968941928617948 0.0
3.9700280995211976 0.0
3.971114567674257 0.0
3.9722013331584725 0.0
3.9732883960552154 0.0
3.974375756445877 0.0
3.9754634144118723 0.0
3.976551370034638 0.0
3.9776396233956324 0.0
3.978728174576337 0.0
3.9798170236582564 0.0
3.980906170722915 0.0
3.9819956158518623 0.0
3.983085359126668 0.0
3.984175400628926 0.0
3.9852657404402505 0.0
3.9863563786422795 0.0
3.9874473153166727 0.0
3.9885385505451123 0.0
3.9896300844093036 0.0
3.990721916990972 0.0
3.991814048371868 0.0
3.992906478633763 0.0
3.993999207858451 0.0
3.995092236127748 0.0
3.9961855635234937 0.0
3.997279190127549 0.0
3.9983731160217975 0.0
3.999467341288145 0.0
4.000561866008519 0.0
4.001656690264873 0.0
4.002751814139179 0.0
4.003847237713432 0.0
4.00494296106965 0.0
4.006038984289876 0.0
4.00713530745617 0.0
4.008231930650618 0.0
4.009328853955331 0.0
4.010426077452437 0.0
4.011523601224089 0.0
4.012621425352462 0.0
4.013719549919755 0.0
4.014817975008189 0.0
4.0159167007000045 0.0
4.017015727077469 0.0
4.01811505422287 0.0
4.019214682218517 0.0
4.020314611146745 0.0
4.021414841089907 0.0
4.022515372130382 0.0
4.023616204350572 0.0
4.024717337832898 0.0
4.025818772659807 0.0
4.026920508913768 0.0
4.028022546677269 0.0
4.029124886032827 0.0
4.030227527062975 0.0
4.031330469850273 0.0
4.0324337144773015 0.0
4.033537261026664 0.0
4.034641109580988 0.0
4.035745260222923 0.0
4.036849713035139 0.0
4.03795446810033 0.0
4.039059525501214 0.0
4.0401648853205305 0.0
4.041270547641041 0.0
4.04237651254553 0.0
4.043482780116806 0.0
4.044589350437699 0.0
4.045696223591062 0.0
4.046803399659768 0.0
4.047910878726718 0.0
4.049018660874831 0.0
4.050126746187051 0.0
4.051235134746346 0.0
4.052343826635703 0.0
4.053452821938133 0.0
4.054562120736671 0.0
4.055671723114376 0.0
4.056781629154324 0.0
4.0578918389396215 0.0
4.0590023525533905 0.0
4.0601131700787825 0.0
4.061224291598965 0.0
4.062335717197131 0.0
4.063447446956501 0.0
4.064559480960311 0.0
4.065671819291824 0.0
4.066784462034322 0.0
4.067897409271116 0.0
4.069010661085534 0.0
4.070124217560931 0.0
4.071238078780682 0.0
4.072352244828184 0.0
4.07346671578686 0.0
4.074581491740155 0.0
4.075696572771534 0.0
4.076811958964488 0.0
4.077927650402531 0.0
4.079043647169199 0.0
4.080159949348047 0.0
4.08127655702266 0.0
4.082393470276641 0.0
4.083510689193618 0.0
4.084628213857239 0.0
4.085746044351179 0.0
4.086864180759132 0.0
4.0879826231648195 0.0
4.0891013716519815 0.0
4.090220426304382 0.0
4.0913397872058095 0.0
4.092459454440074 0.0
4.093579428091009 0.0
4.09469970824247 0.0
4.095820294978338 0.0
4.096941188382514 0.0
4.098062388538924 0.0
4.099183895531516 0.0
4.100305709444259 0.0
4.10142783036115 0.0
4.102550258366206 0.0
4.103672993543464 0.0
4.104796035976991 0.0
4.1059193857508705 0.0
4.107043042949212 0.0
4.1081670076561485 0.0
4.109291279955835 0.0
4.1104158599324485 0.0
4.111540747670191 0.0
4.112665943253287 0.0
4.113791446765984 0.0
4.114917258292552 0.0
4.1160433779172845 0.0
4.117169805724497 0.0
4.11829654179853 0.0
4.119423586223746 0.0
4.1205509390845325 0.0
4.1216786004652946 0.0
4.122806570450466 0.0
4.123934849124504 0.0
4.125063436571884 0.0
4.126192332877109 0.0
4.127321538124701 0.0
4.128451052399209 0.0
4.129580875785203 0.0
4.130711008367278 0.0
4.13184145023005 0.0
4.132972201458161 0.0
4.134103262136271 0.0
4.13523463234907 0.0
4.136366312181265 0.0
4.137498301717589 0.0
4.138630601042798 0.0
4.139763210241673 0.0
4.140896129399016 0.0
4.14202935859965 0.0
4.143162897928427 0.0
4.144296747470216 0.0
4.145430907309915 0.0
4.146565377532442 0.0
4.147700158222737 0.0
4.148835249465766 0.0
4.149970651346518 0.0
4.151106363950003 0.0
4.152242387361258 0.0
4.153378721665339 0.0
4.154515366947328 0.0
4.155652323292328 0.0
4.15678959078547 0.0
4.157927169511902 0.0
4.159065059556802 0.0
4.160203261005364 0.0
4.161341773942812 0.0
4.162480598454389 0.0
4.163619734625362 0.0
4.164759182541024 0.0
4.165898942286689 0.0
4.167039013947694 0.0
4.168179397609401 0.0
4.169320093357193 0.0
4.170461101276478 0.0
4.171602421452691 0.0
4.1727440539712815 0.0
4.173885998917729 0.0
4.175028256377537 0.0
4.176170826436229 0.0
4.1773137091793515 0.0
4.178456904692479 0.0
4.1796004130612046 0.0
4.180744234371147 0.0
4.181888368707949 0.0
4.183032816157276 0.0
4.184177576804815 0.0
4.185322650736278 0.0
4.186468038037404 0.0
4.187613738793949 0.0
4.188759753091698 0.0
4.189906081016455 0.0
4.1910527226540495 0.0
4.1921996780903354 0.0
4.1933469474111895 0.0
4.194494530702512 0.0
4.195642428050226 0.0
4.1967906395402785 0.0
4.1979391652586395 0.0
4.199088005291305 0.0
4.20023715972429 0.0
4.201386628643637 0.0
4.202536412135411 0.0
4.203686510285701 0.0
4.204836923180617 0.0
4.205987650906296 0.0
4.207138693548896 0.0
4.2082900511946 0.0
4.209441723929614 0.0
4.210593711840168 0.0
4.211746015012515 0.0
4.212898633532933 0.0
4.21405156748772 0.0
4.215204816963205 0.0
4.21635838204573 0.0
4.217512262821669 0.0
4.218666459377417 0.0
4.219820971799393 0.0
4.22097580017404 0.0
4.222130944587823 0.0
4.223286405127231 0.0
4.224442181878779 0.0
4.225598274929004 0.0
4.226754684364465 0.0
4.227911410271748 0.0
4.229068452737459 0.0
4.230225811848232 0.0
4.231383487690723 0.0
4.232541480351608 0.0
4.233699789917592 0.0
4.234858416475403 0.0
4.23601736011179 0.0
4.237176620913526 0.0
4.23833619896741 0.0
4.239496094360264 0.0
4.240656307178934 0.0
4.241816837510287 0.0
4.242977685441218 0.0
4.244138851058642 0.0
4.245300334449501 0.0
4.246462135700758 0.0
4.247624254899403 0.0
4.248786692132445 0.0
4.249949447486922 0.0
4.251112521049894 0.0
4.252275912908442 0.0
4.253439623149674 0.0
4.254603651860723 0.0
4.255767999128743 0.0
4.25693266504091 0.0
4.25809764968443 0.0
4.2592629531465285 0.0
4.260428575514455 0.0
4.261594516875484 0.0
4.262760777316914 0.0
4.263927356926066 0.0
4.265094255790288 0.0
4.2662614739969476 0.0
4.267429011633439 0.0
4.268596868787181 0.0
4.269765045545613 0.0
4.270933541996204 0.0
4.272102358226439 0.0
4.273271494323833 0.0
4.274440950375925 0.0
4.2756107264702745 0.0
4.276780822694466 0.0
4.277951239136112 0.0
4.279121975882842 0.0
4.280293033022315 0.0
4.2814644106422115 0.0
4.2826361088302365 0.0
4.283808127674121 0.0
4.284980467261614 0.0
4.286153127680497 0.0
4.2873261090185695 0.0
4.288499411363656 0.0
4.289673034803606 0.0
4.290846979426293 0.0
4.292021245319615 0.0
4.2931958325714925 0.0
4.294370741269871 0.0
4.295545971502721 0.0
4.296721523358035 0.0
4.29789739692383 0.0
4.299073592288149 0.0
4.300250109539057 0.0
4.301426948764647 0.0
4.302604110053028 0.0
4.3037815934923405 0.0
4.304959399170748 0.0
4.3061375271764355 0.0
4.3073159775976135 0.0
4.3084947505225175 0.0
4.309673846039405 0.0
4.31085326423656 0.0
4.312033005202291 0.0
4.313213069024926 0.0
4.314393455792823 0.0
4.315574165594361 0.0
4.316755198517944 0.0
4.317936554651999 0.0
4.31911823408498 0.0
4.3203002369053625 0.0
4.321482563201647 0.0
4.322665213062358 0.0
4.323848186576046 0.0
4.3250314838312836 0.0
4.326215104916667 0.0
4.32739904992082 0.0
4.328583318932388 0.0
4.329767912040042 0.0
4.330952829332475 0.0
4.332138070898408 0.0
4.333323636826581 0.0
4.334509527205764 0.0
4.33569574212475 0.0
4.336882281672352 0.0
4.3380691459374106 0.0
4.339256335008792 0.0
4.340443848975385 0.0
4.341631687926102 0.0
4.342819851949882 0.0
4.344008341135686 0.0
4.3451971555724995 0.0
4.346386295349335 0.0
4.347575760555225 0.0
4.348765551279232 0.0
4.349955667610438 0.0
4.35114610963795 0.0
4.352336877450904 0.0
4.353527971138453 0.0
4.354719390789782 0.0
4.355911136494093 0.0
4.35710320834062 0.0
4.358295606418614 0.0
4.359488330817356 0.0
4.360681381626151 0.0
4.361874758934322 0.0
4.363068462831226 0.0
4.364262493406238 0.0
4.3654568507487586 0.0
4.366651534948213 0.0
4.367846546094054 0.0
4.369041884275754 0.0
4.3702375495828125 0.0
4.3714335421047545 0.0
4.372629861931127 0.0
4.3738265091515025 0.0
4.375023483855477 0.0
4.376220786132675 0.0
4.377418416072741 0.0
4.378616373765345 0.0
4.379814659300184 0.0
4.381013272766977 0.0
4.382212214255468 0.0
4.383411483855426 0.0
4.3846110816566455 0.0
4.385811007748943 0.0
4.3870112622221615 0.0
4.388211845166169 0.0
4.389412756670858 0.0
4.390613996826142 0.0
4.391815565721965 0.0
4.393017463448292 0.0
4.394219690095112 0.0
4.395422245752441 0.0
4.3966251305103174 0.0
4.397828344458807 0.0
4.399031887687999 0.0
4.400235760288004 0.0
4.401439962348961 0.0
4.402644493961034 0.0
4.403849355214412 0.0
4.4050545461993025 0.0
4.406260067005947 0.0
4.407465917724606 0.0
4.408672098445562 0.0
4.409878609259131 0.0
4.411085450255646 0.0
4.4122926215254665 0.0
4.41350012315898 0.0
4.414707955246595 0.0
4.415916117878746 0.0
4.417124611145893 0.0
4.41833343513852 0.0
4.419542589947136 0.0
4.420752075662273 0.0
4.421961892374491 0.0
4.423172040174373 0.0
4.424382519152528 0.0
4.425593329399586 0.0
4.426804471006207 0.0
4.428015944063073 0.0
4.42922774866089 0.0
4.43043988489039 0.0
4.431652352842331 0.0
4.432865152607496 0.0
4.434078284276689 0.0
4.435291747940742 0.0
4.436505543690511 0.0
4.437719671616877 0.0
4.438934131810749 0.0
4.4401489243630525 0.0
4.441364049364749 0.0
4.442579506906814 0.0
4.443795297080257 0.0
4.4450114199761055 0.0
4.446227875685416 0.0
4.447444664299271 0.0
4.448661785908772 0.0
4.44987924060505 0.0
4.4510970284792615 0.0
4.452315149622587 0.0
4.453533604126228 0.0
4.454752392081419 0.0
4.455971513579412 0.0
4.457190968711487 0.0
4.458410757568949 0.0
4.459630880243128 0.0
4.460851336825379 0.0
4.462072127407081 0.0
4.463293252079641 0.0
4.464514710934488 0.0
4.465736504063075 0.0
4.466958631556884 0.0
4.468181093507419 0.0
4.469403890006211 0.0
4.4706270211448125 0.0
4.471850487014806 0.0
4.473074287707797 0.0
4.474298423315413 0.0
4.475522893929311 0.0
4.476747699641173 0.0
4.4779728405427015 0.0
4.479198316725627 0.0
4.480424128281708 0.0
4.481650275302724 0.0
4.482876757880479 0.0
4.484103576106808 0.0
4.485330730073564 0.0
4.486558219872629 0.0
4.487786045595909 0.0
4.489014207335336 0.0
4.490242705182867 0.0
4.491471539230483 0.0
4.492700709570194 0.0
4.493930216294029 0.0
4.4951600594940455 0.0
4.496390239262329 0.0
4.497620755690984 0.0
4.498851608872146 0.0
4.500082798897971 0.0
4.501314325860644 0.0
4.502546189852374 0.0
4.503778390965396 0.0
4.505010929291966 0.0
4.50624380492437 0.0
4.507477017954917 0.0
4.5087105684759425 0.0
4.509944456579808 0.0
4.511178682358898 0.0
4.512413245905623 0.0
4.51364814731242 0.0
4.514883386671748 0.0
4.516118964076096 0.0
4.517354879617975 0.0
4.518591133389923 0.0
4.519827725484502 0.0
4.5210646559943 0.0
4.52230192501193 0.0
4.523539532630032 0.0
4.524777478941267 0.0
4.526015764038329 0.0
4.527254388013928 0.0
4.528493350960806 0.0
4.52973265297173 0.0
4.530972294139488 0.0
4.532212274556899 0.0
4.533452594316804 0.0
4.534693253512068 0.0
4.535934252235586 0.0
4.537175590580274 0.0
4.5384172686390745 0.0
4.53965928650496 0.0
4.540901644270922 0.0
4.54214434202998 0.0
4.543387379875181 0.0
4.5446307578995935 0.0
4.545874476196315 0.0
4.547118534858464 0.0
4.548362933979192 0.0
4.5496076736516695 0.0
4.550852753969094 0.0
4.55209817502469 0.0
4.5533439369117055 0.0
4.554590039723415 0.0
4.5558364835531195 0.0
4.557083268494143 0.0
4.558330394639839 0.0
4.559577862083581 0.0
4.560825670918774 0.0
4.562073821238846 0.0
4.563322313137248 0.0
4.5645711467074594 0.0
4.5658203220429865 0.0
4.567069839237359 0.0
4.56831969838413 0.0
4.569569899576884 0.0
4.570820442909227 0.0
4.57207132847479 0.0
4.573322556367232 0.0
4.574574126680239 0.0
4.575826039507517 0.0
4.577078294942803 0.0
4.5783308930798565 0.0
4.579583834012467 0.0
4.5808371178344425 0.0
4.582090744639623 0.0
4.583344714521871 0.0
4.584599027575075 0.0
4.585853683893152 0.0
4.587108683570042 0.0
4.588364026699709 0.0
4.5896197133761465 0.0
4.590875743693372 0.0
4.592132117745429 0.0
4.593388835626386 0.0
4.594645897430338 0.0
4.595903303251406 0.0
4.597161053183736 0.0
4.598419147321501 0.0
4.599677585758897 0.0
4.60093636859015 0.0
4.602195495909508 0.0
4.6034549678112455 0.0
4.604714784389666 0.0
4.605974945739094 0.0
4.607235451953883 0.0
4.608496303128412 0.0
4.609757499357084 0.0
4.61101904073433 0.0
4.612280927354607 0.0
4.613543159312396 0.0
4.614805736702204 0.0
4.6160686596185645 0.0
4.617331928156037 0.0
4.618595542409208 0.0
4.619859502472688 0.0
4.621123808441114 0.0
4.62238846040915 0.0
4.623653458471484 0.0
4.62491880272283 0.0
4.626184493257929 0.0
4.627450530171548 0.0
4.62871691355848 0.0
4.629983643513544 0.0
4.631250720131584 0.0
4.632518143507469 0.0
4.633785913736097 0.0
4.63505403091239 0.0
4.636322495131296 0.0
4.637591306487789 0.0
4.6388604650768706 0.0
4.640129970993567 0.0
4.64139982433293 0.0
4.6426700251900375 0.0
4.643940573659995 0.0
4.64521146983793 0.0
4.646482713819002 0.0
4.647754305698393 0.0
4.649026245571311 0.0
4.65029853353299 0.0
4.651571169678691 0.0
4.652844154103702 0.0
4.654117486903335 0.0
4.655391168172927 0.0
4.656665198007845 0.0
4.6579395765034795 0.0
4.659214303755247 0.0
4.660489379858593 0.0
4.661764804908984 0.0
4.663040579001917 0.0
4.664316702232913 0.0
4.665593174697522 0.0
4.6668699964913145 0.0
4.6681471677098925 0.0
4.669424688448882 0.0
4.670702558803936 0.0
4.671980778870732 0.0
4.673259348744976 0.0
4.674538268522397 0.0
4.675817538298754 0.0
4.677097158169829 0.0
4.678377128231434 0.0
4.679657448579404 0.0
4.680938119309598 0.0
4.6822191405179066 0.0
4.683500512300245 0.0
4.684782234752554 0.0
4.686064307970799 0.0
4.687346732050973 0.0
4.688629507089098 0.0
4.689912633181218 0.0
4.691196110423406 0.0
4.6924799389117595 0.0
4.693764118742404 0.0
4.69504865001149 0.0
4.696333532815196 0.0
4.697618767249724 0.0
4.6989043534113035 0.0
4.700190291396193 0.0
4.701476581300675 0.0
4.702763223221056 0.0
4.704050217253673 0.0
4.705337563494888 0.0
4.70662526204109 0.0
4.7079133129886905 0.0
4.709201716434132 0.0
4.710490472473882 0.0
4.711779581204436 0.0
4.71306904272231 0.0
4.7143588571240524 0.0
4.715649024506238 0.0
4.716939544965463 0.0
4.718230418598354 0.0
4.7195216455015645 0.0
4.720813225771772 0.0
4.722105159505681 0.0
4.723397446800026 0.0
4.724690087751561 0.0
4.725983082457073 0.0
4.727276431013374 0.0
4.728570133517299 0.0
4.729864190065713 0.0
4.731158600755506 0.0
4.732453365683597 0.0
4.733748484946927 0.0
4.735043958642468 0.0
4.736339786867216 0.0
4.737635969718193 0.0
4.73893250729245 0.0
4.740229399687063 0.0
4.7415266469991355 0.0
4.742824249325796 0.0
4.744122206764201 0.0
4.745420519411532 0.0
4.746719187365 0.0
4.748018210721839 0.0
4.749317589579313 0.0
4.75061732403471 0.0
4.751917414185346 0.0
4.753217860128562 0.0
4.75451866196173 0.0
4.755819819782243 0.0
4.7571213336875235 0.0
4.7584232037750205 0.0
4.759725430142209 0.0
4.761028012886593 0.0
4.7623309521057005 0.0
4.7636342478970874 0.0
4.764937900358333 0.0
4.766241909587052 0.0
4.767546275680876 0.0
4.768850998737467 5.726088117486883e-31
4.770156078854516 1.8819111398443556e-30
4.771461516129739 3.242892608394374e-30
4.772767310660878 3.287876130800061e-30
4.774073462545703 1.925308010534735e-30
4.775379971882009 5.89971033893312e-30
4.776686838767619 2.613292841288666e-29
4.777994063300383 5.313293469848724e-29
4.779301645578178 6.181115526580522e-29
4.780609585698906 5.201547828267688e-29
4.781917883760499 1.1168070613294185e-28
4.783226539860912 3.8234679746372473e-28
4.784535554098129 7.832590176864445e-28
4.785844926570162 1.0067039070375341e-27
4.787154657375046 8.0539840929819035e-28
4.788464746610845 1.561802960651455e-27
4.789775194375653 5.070966551107267e-27
4.791086000767585 1.178390872229677e-26
4.792397165884786 1.6039827491421186e-26
4.793708689825428 1.3411373805217537e-26
4.795020572687711 6.539236497037578e-27
4.7963328145698565 4.8459464400447905e-26
4.797645415570118 1.491336581786617e-25
4.798958375786777 2.5355636375161244e-25
4.800271695318138 2.430114861251143e-25
4.801585374262531 2.6230730991162e-25
4.80289941271832 6.337467918110237e-25
4.804213810783889 1.7944146768944343e-24
4.805528568557652 2.9671182823994052e-24
4.80684368613805 3.0624744486343526e-24
4.80815916362355 1.986819252499096e-24
4.809475001112647 6.944689036364969e-24
4.8107911987038605 2.1595381919110966e-23
4.812107756495742 4.047176459487857e-23
4.813424674586864 4.4003498565716455e-23
4.814741953075829 2.790046108274592e-23
4.816059592061267 1.1842157519977552e-22
4.817377591641835 6.935495331599595e-22
4.818695951916214 1.7035022126772737e-21
4.820014672983117 2.9145726078572466e-21
4.8213337549412785 4.466855790717999e-21
4.822653197889464 5.72535912801014e-21
4.823973001926465 5.924631166343329e-21
4.8252931671510995 5.09690109693089e-21
4.826613693662214 3.77400273249335e-21
4.827934581558679 2.3952675834170062e-21
4.829255830939394 1.1217832810928926e-21
4.830577441903286 3.3224596830665856e-22
4.831899414549311 6.972620978336915e-23
4.833221748976447 1.3468789780345454e-23
4.8345444452837025 1.6000847338659961e-24
4.835867503570112 2.4208625245250952e-26
4.837190923934738 1.9887768039770624e-25
4.838514706476669 5.7022885907435795e-25
4.839838851295021 8.88681177860192e-25
4.841163358488938 8.376772732652637e-25
4.842488228157592 4.962989180501924e-25
4.8438134604001775 2.2630931263395714e-25
4.84513905531592 2.182615461572337e-25
4.846465013004074 3.224922791841667e-25
4.847791333563915 3.2089453668091984e-25
4.849118017094752 1.9368365214406423e-25
4.850445063695917 7.384703048794752e-25
4.851772473466771 2.5028615802458186e-24
4.853100246506702 4.6383396299420586e-24
4.854428382915124 4.9937810386830285e-24
4.855756882791479 5.522248077094005e-24
4.857085746235239 1.381620902684172e-23
4.858414973345899 4.3450607366207464e-23
4.859744564222981 7.95760941915369e-23
4.8610745189660385 9.164593649633707e-23
4.862404837674649 6.52489168679122e-23
4.863735520448419 2.556261517582053e-22
4.865066567386981 8.907822491079274e-22
4.866397978589993 1.8544461325716416e-21
4.867729754157146 4.132982786911848e-21
4.869061894188151 8.008651535647105e-21
4.870394398782754 1.1957176928051731e-20
4.871727268040719 1.3709348801170504e-20
4.873060502061847 1.2941990615784614e-20
4.8743941009459615 1.1109442047223412e-20
4.875728064792911 7.879022534925299e-21
4.877062393702577 4.2619431349002284e-21
4.878397087774863 1.9207128584483496e-21
4.879732147109703 9.349098865349737e-22
4.881067571807058 1.288093422581837e-21
4.882403361966915 2.750860269802454e-21
4.883739517689291 4.98672185587548e-21
4.885076039074226 9.31962040867901e-21
4.886412926221793 1.6654350518870515e-20
4.887750179232087 2.6626277348831345e-20
4.889087798205233 4.1878621339946887e-20
4.890425783241385 6.36712096588942e-20
4.891764134440721 9.088538142804478e-20
4.893102851903448 1.2525892317449852e-19
4.894441935729801 1.7689987972160266e-19
4.895781386020042 2.5238121241354004e-19
4.89712120287446 3.4375774453026003e-19
4.898461386393372 4.201845067703735e-19
4.89980193667712 4.616548111108685e-19
4.901142853826079 4.699975595894624e-19
4.902484137940648 4.126740147975549e-19
4.903825789121251 2.9953123820744244e-19
4.905167807468343 1.8906593361618117e-19
4.906510193082406 1.0322047029379416e-19
4.90785294606395 4.434391541850918e-20
4.909196066513511 1.3238943746782288e-20
4.910539554531652 4.451300389635707e-21
4.911883410218966 3.421082745540643e-21
4.913227633676071 2.336528722264103e-21
4.914572225003614 2.2336963471099127e-21
4.91591718430227 5.160371058534584e-21
4.917262511672739 1.0906031806779178e-20
4.918608207215753 1.6053211103575696e-20
4.919954271032067 1.861061911108517e-20
4.921300703222466 1.8677156764922694e-20
4.922647503887763 1.5153912180025196e-20
4.923994673128795 8.690725255531224e-21
4.925342211046431 3.1118746276874143e-21
4.9266901177415665 1.8208850115355646e-21
4.9280383933151235 4.290836599470865e-21
4.92938703786805 9.124832016723911e-21
4.930736051501327 1.671339804442653e-20
4.932085434315959 2.768376617105515e-20
4.933435186412977 4.1495802820453415e-20
4.934785307893444 5.791979546138428e-20
4.936135798858446 8.417824700717673e-20
4.937486659409101 1.2171646110074162e-19
4.938837889646552 1.6871730161072224e-19
4.940189489671971 2.3999823641835307e-19
4.9415414595865546 3.4083317139117607e-19
4.942893799491532 4.651245217619366e-19
4.944246509488156 6.20707354796539e-19
4.945599589677709 7.887762596147568e-19
4.946953040161501 9.461087288159915e-19
4.948306861040871 1.0955417168390668e-18
4.9496610524171825 1.0821619699898969e-18
4.951015614391829 8.881821485226074e-19
4.952370547066231 6.631059000383638e-19
4.9537258505418365 4.322781841123882e-19
4.955081524920124 2.323204210004887e-19
4.956437570302596 8.755826158306549e-20
4.957793986790783 2.2650488582173143e-20
4.959150774486247 1.2301870819675999e-20
4.960507933490575 6.254174313465967e-21
4.961865463905381 3.234464705408743e-21
4.963223365832309 3.664272163349143e-21
4.964581639373029 7.252431953844587e-21
4.965940284629241 1.170128085443959e-20
4.967299301702669 1.5933602921941046e-20
4.9686586906950705 1.899163514480568e-20
4.970018451708227 1.866551649851373e-20
4.971378584843947 1.4276536492226395e-20
4.972739090204069 9.546517680666977e-21
4.974099967890458 9.11917416376706e-21
4.975461218005011 1.3166550348194673e-20
4.976822840649644 2.1011256911488593e-20
4.978184835926311 3.375511921585819e-20
4.979547203936988 5.276039623740173e-20
4.980909944783679 7.737481116740437e-20
4.98227305856842 1.0632800220477293e-19
4.98363654539327 1.5021815744556658e-19
4.985000405360317 2.095958027654885e-19
4.98636463857168 2.7566957890599575e-19
4.987729245129503 3.606033537914709e-19
4.989094225135959 4.741878465099838e-19
4.990459578693249 6.145149071976305e-19
4.9918253059036015 7.952257438862696e-19
4.993191406869274 1.0052435551843762e-18
4.994557881692549 1.2179144424272145e-18
4.995924730475741 1.4298003503543655e-18
4.997291953321191 1.4622075128599169e-18
4.998659550331267 1.2514483036097143e-18
5.000027521608365 9.696893814475057e-19
5.001395867254912 6.616367632236068e-19
5.002764587373359 3.592262838904016e-19
5.004133682066187 1.5020586644134971e-19
5.005503151435905 5.454953328080352e-20
5.00687299558505 1.88575285703408e-20
5.008243214616188 6.4752276074971676e-21
5.0096138086319115 4.493590516370937e-21
5.010984777734841 4.3763598568263706e-21
5.012356122027626 5.965400844368532e-21
5.013727841612942 8.954600052765883e-21
5.015099936593498 1.2590246293864089e-20
5.016472407072026 1.6555286263064314e-20
5.017845253151288 1.7002580293717034e-20
5.019218474934071 1.408645973129316e-20
5.020592072523195 1.1946070542144644e-20
5.021966046021509 1.360539887478998e-20
5.023340395531882 2.0283235369216276e-20
5.02471512115722 3.020797546294179e-20
5.026090223000452 4.3918252787875785e-20
5.027465701164536 6.202983205799445e-20
5.028841555752459 8.43320210489023e-20
5.030217786867238 1.1253717936027874e-19
5.031594394611914 1.5298649734598747e-19
5.03297137908956 2.083615720993255e-19
5.034348740403273 2.7909462785426125e-19
5.035726478656185 3.642551245741746e-19
5.037104593951448 4.633200622555832e-19
5.038483086392249 5.97441237034877e-19
5.039861956081799 7.6766889075865e-19
5.04124120312334 9.567857228924619e-19
5.042620827620139 1.177231916504809e-18
5.044000829675496 1.341196323680589e-18
5.045381209392735 1.3763984508778161e-18
5.046761966875209 1.291428719542086e-18
5.048143102226302 1.0602572800260815e-18
5.049524615549424 7.292505105145879e-19
5.050906506948012 3.9997702146764395e-19
5.052288776525534 1.7944795278561542e-19
5.053671424385486 7.824297962327955e-20
5.055054450631392 3.018887362609896e-20
5.056437855366803 1.084006958983268e-20
5.057821638695299 6.3392455725470825e-21
5.059205800720489 5.966026884569471e-21
5.060590341546011 6.3771724376191634e-21
5.0619752612755295 7.539497443265047e-21
5.063360560012738 9.798285381259153e-21
5.064746237861359 1.1405578065679395e-20
5.066132294925143 1.1083257679588582e-20
5.067518731307869 9.697142149595281e-21
5.068905547113344 1.16202207845697e-20
5.070292742445405 1.8630827983191473e-20
5.071680317407914 2.7727944865482777e-20
5.073068272104765 3.91541039831871e-20
5.0744566066398775 5.405605775699903e-20
5.075845321117203 7.43128357598471e-20
5.077234415640719 1.002550977801497e-19
5.078623890314432 1.3151198280535225e-19
5.080013745242375 1.7103060767293532e-19
5.081403980528612 2.2103300816603294e-19
5.082794596277236 2.7969232912747914e-19
5.084185592592366 3.4642366745809173e-19
5.085576969578151 4.369952666750188e-19
5.086968727338768 5.540134971609347e-19
5.088360865978424 6.851714369129782e-19
5.089753385601352 8.415197726295402e-19
5.091146286311814 9.961086505627704e-19
5.092539568214105 1.0833458463802315e-18
5.0939332314125405 1.0789253725879488e-18
5.09532727601147 9.813949565117118e-19
5.096721702115271 7.548347540998185e-19
5.098116509828351 4.736795578420335e-19
5.099511699255142 2.48634782323285e-19
5.100907270500107 1.0581415213955416e-19
5.102303223667737 4.1423526298896996e-20
5.1036995588625516 1.3681714981388532e-20
5.105096276189101 5.238320535891326e-21
5.10649337575196 5.385390007540354e-21
5.107890857655736 4.903465677295457e-21
5.109288722005061 4.849184035636471e-21
5.110686968904602 5.72441496405939e-21
5.112085598459048 7.126399092441874e-21
5.113484610773119 8.207295422220351e-21
5.114884005951565 9.440884440774818e-21
5.116283784099162 1.1880834307952381e-20
5.117683945320717 1.6617577481894516e-20
5.119084489721066 2.383541122892636e-20
5.120485417405073 3.244488836149656e-20
5.121886728477628 4.20856861633416e-20
5.123288423043654 5.535262918115573e-20
5.124690501208098 7.340497170034791e-20
5.126092963075943 9.540197606213856e-20
5.127495808752193 1.2262372189792922e-19
5.128899038341883 1.554001243355717e-19
5.13030265195008 1.958799371221068e-19
5.131706649681878 2.4477798012296035e-19
5.133111031642397 3.0042452624367595e-19
5.134515797936789 3.6830850895606005e-19
5.135920948670234 4.541747024929841e-19
5.137326483947939 5.550607230155187e-19
5.138732403875144 6.691374728761141e-19
5.140138708557112 7.390828638418019e-19
5.14154539809914 7.252348101773956e-19
5.1429524726065505 6.484181601943673e-19
5.144359932184698 5.085236728805619e-19
5.145767776938962 3.2261200181789985e-19
5.147176006974754 1.7456021248288035e-19
5.148584622397513 9.042914865990108e-20
5.149993623312705 2.931902742974373e-20
5.151403009825828 3.948595056089018e-21
5.152812782042409 3.747185607300546e-21
5.154222940068 3.599865918934678e-21
5.155633484008188 3.518978531759991e-21
5.157044413968581 3.609320788966687e-21
5.158455730054824 3.952908124862492e-21
5.159867432372585 4.918841459217045e-21
5.161279521027564 6.67081542720344e-21
5.162691996125487 9.02778486599487e-21
5.164104857772114 1.2147920031725026e-20
5.16551810607323 1.5947205861716538e-20
5.166931741134648 2.026207013284617e-20
5.168345763062213 2.580720348027698e-20
5.169760171961799 3.337515183066809e-20
5.171174967939304 4.3601148363394094e-20
5.172590151100663 5.670023682778434e-20
5.174005721551834 7.245655081391797e-20
5.175421679398804 9.190067570967465e-20
5.176838024747593 1.1545640795946238e-19
5.178254757704247 1.416010552274007e-19
5.179671878374842 1.6948167332945116e-19
5.181089386865482 2.0520063748590902e-19
5.182507283282301 2.508174873849679e-19
5.183925567731462 3.019566565812132e-19
5.185344240319157 3.588071692397022e-19
5.186763301151607 4.1272159064366767e-19
5.188182750335061 4.236691926613824e-19
5.1896025879758 3.858568208796633e-19
5.191022814180131 3.263972932250915e-19
5.192443429054391 2.3267786073664116e-19
5.193864432704947 1.323980332640439e-19
5.195285825238194 6.447667339088144e-20
5.196707606760556 2.57034303608901e-20
5.1981297773784885 7.858306809514816e-21
5.199552337198474 2.3304793354464535e-21
5.200975286327024 2.6786456511859228e-21
5.202398624870678 2.6639030752747426e-21
5.20382235293601 2.4512198755570654e-21
5.205246470629617 2.7515671453588722e-21
5.206670978058127 3.851811385338817e-21
5.208095875328199 5.3258125783963986e-21
5.20952116254652 7.291056768690751e-21
5.2109468398198056 9.675625233217259e-21
5.212372907254802 1.2328187730457764e-20
5.213799364958284 1.5521877842703383e-20
5.215226213037054 1.9416392408197934e-20
5.2166534515979475 2.4247956565023687e-20
5.218081080747824 3.0912072871505183e-20
5.219509100593577 3.94255064609737e-20
5.220937511242127 4.913926999112049e-20
5.222366312800423 5.973973560976642e-20
5.223795505375446 7.102979216396171e-20
5.225225089074204 8.457794243605837e-20
5.226655064003733 1.0098655685120606e-19
5.228085430271104 1.1921010336450073e-19
5.2295161879834104 1.4359885906512336e-19
5.230947337247778 1.71776339306144e-19
5.232378878171363 1.9645322725696439e-19
5.233810810861351 2.1446083757830611e-19
5.235243135424954 2.160762401574601e-19
5.236675851969415 1.8608836136571254e-19
5.238108960602008 1.3705801283674483e-19
5.239542461430034 8.941820086865734e-20
5.2409763545608214 4.323179482081157e-20
5.2424106401017365 1.3541976552960595e-20
5.243845318160165 5.366178311260499e-21
5.245280388843528 3.6064113771617355e-21
5.246715852259274 2.7453968327918435e-21
5.2481517085148806 2.5884801696321885e-21
5.249587957717855 3.169243495489163e-21
5.251024599975735 4.2485470706224585e-21
5.252461635396086 5.411675422780064e-21
5.2538990640865055 6.689878891256986e-21
5.255336886154618 8.157125112145175e-21
5.256775101708078 9.87636993012753e-21
5.25821371085457 1.20582713581363e-20
5.259652713701808 1.482358635222092e-20
5.2610921103575325 1.8271029150900665e-20
5.26253190092952 2.1319919059356442e-20
5.263972085525571 2.33914256048141e-20
5.265412664253516 2.5476177701730704e-20
5.266853637221217 2.844314132452756e-20
5.268295004536567 3.2622928615130037e-20
5.2697367663074814 3.843946332745595e-20
5.271178922641914 4.5786395897150784e-20
5.272621473647842 5.384096395894622e-20
5.274064419433275 6.323446471734355e-20
5.275507760106251 7.389819130904066e-20
5.276951495774838 8.507471621781032e-20
5.278395626547134 9.370510170428043e-20
5.279840152531265 9.555102718888337e-20
5.281285073835388 8.694074879776607e-20
5.282730390567691 6.894054897462376e-20
5.284176102836389 4.7531529798168306e-20
5.285622210749725 2.616695425130744e-20
5.287068714415978 1.1101972276671714e-20
5.288515613943449 4.543534716128687e-21
5.289962909440476 2.0943354128824084e-21
5.291410601015421 1.3977995490016387e-21
5.292858688776678 1.3973363349690903e-21
5.294307172832671 1.7149071147946385e-21
5.295756053291852 2.032636537883069e-21
5.297205330262704 2.302275712296461e-21
5.298655003853739 2.59992092497377e-21
5.3001050741735005 3.0885829468854086e-21
5.3015555413305595 3.977241809312305e-21
5.303006405433518 5.207546181500899e-21
5.304457666591007 6.553022392892009e-21
5.305909324911686 7.98580885152089e-21
5.307361380504248 9.5140056102673e-21
5.308813833477412 1.114540607371913e-20
5.310266683939927 1.3235939150012495e-20
5.311719932000576 1.589019747328524e-20
5.313173577768168 1.8863371421320912e-20
5.3146276213515415 2.2323414928505177e-20
5.316082062859565 2.6386886620941532e-20
5.31753690240114 3.113891943390123e-20
5.318992140085195 3.64093143115617e-20
5.320447776020686 4.1596874813106777e-20
5.321903810316604 4.594670552674693e-20
5.323360243081967 4.704453630375349e-20
5.324817074425822 4.413963804835467e-20
5.3262743044572485 3.8578187261665665e-20
5.327731933285355 3.2240709092296916e-20
5.329189961019276 2.6795661184194927e-20
5.330648387768182 2.5079882983659707e-20
5.33210721364127 2.7401000791553175e-20
5.333566438747766 3.13720249426569e-20
5.3350260631969295 3.710379476661445e-20
5.336486087098045 4.287514313485374e-20
5.337946510560433 4.488711823019295e-20
5.339407333693437 4.221938188504792e-20
5.340868556606435 3.670863352355447e-20
5.342330179408835 2.6817049942479173e-20
5.343792202210073 1.5557101032665813e-20
5.345254625119615 7.99356736510502e-21
5.346717448246959 3.850320719416883e-21
5.348180671701631 2.0467855035299742e-21
5.349644295593188 2.0849453913907646e-21
5.351108320031216 3.358883648904803e-21
5.352572745125331 4.7903070148330385e-21
5.354037570985181 6.237727739505288e-21
5.355502797720442 7.621978301087004e-21
5.356968425440822 8.939865790071652e-21
5.358434454256056 1.0440938574997947e-20
5.359900884275911 1.2071307047772708e-20
5.361367715610182 1.3546358517588419e-20
5.3628349483686995 1.4741945009796046e-20
5.364302582661318 1.5087174001167507e-20
5.365770618597924 1.3352272822547434e-20
5.367239056288437 1.0170889077345486e-20
5.3687078958428 6.975669332249076e-21
5.370177137370993 3.871414238434368e-21
5.371646780983022 1.6114742366591623e-21
5.373116826788927 7.103545236045182e-22
5.374587274898772 4.953861261842659e-22
5.376058125422656 3.9675544054643917e-22
5.377529378470706 3.700531020751257e-22
5.379001034153081 4.234315228870338e-22
5.380473092579968 5.93088426801335e-22
5.381945553861586 1.087892277632391e-21
5.3834184181081834 2.0155514664593836e-21
5.384891685430038 3.2608849108223835e-21
5.386365355937457 5.117404827875144e-21
5.387839429740781 7.459449590582529e-21
5.389313906950379 9.813709574626041e-21
5.390788787676652 1.237936672216689e-20
5.3922640720300254 1.5304129141868718e-20
5.393739760120962 1.869914853005444e-20
5.39521585205995 2.2996295604792948e-20
5.396692347957511 2.82016545285764e-20
5.398169247924194 3.426446899043781e-20
5.39964655207058 4.119819626492837e-20
5.401124260507281 4.8790464096614184e-20
5.402602373344937 5.903701686916257e-20
5.404080890694219 7.245606585934301e-20
5.40555981266583 8.802769482717756e-20
5.407039139370502 1.0630740620929076e-19
5.408518870918996 1.272302906950692e-19
5.4099990074221065 1.53990943745959e-19
5.411479548990654 1.8006587660531657e-19
5.4129604957354935 1.9641975097594303e-19
5.41444184776751 1.9793872383064202e-19
5.415923605197614 1.7995459227681451e-19
5.417405768136753 1.3709766926724168e-19
5.4188883366959 8.67800830964343e-20
5.420371310986059 4.874985370402211e-20
5.421854691118269 2.1630059906949723e-20
5.423338477203593 7.023413885126617e-21
5.424822669353127 2.4213396293621156e-21
5.426307267678 2.170746329891068e-21
5.427792272289366 1.8804700210730547e-21
5.429277683298416 1.6594821193802506e-21
5.430763500816365 1.5652384123610047e-21
5.432249724954463 1.5603448394521963e-21
5.433736355823987 1.4748076212454738e-21
5.435223393536248 1.2908057234509386e-21
5.436710838202584 1.090293939099066e-21
5.438198689934367 8.759754873364256e-22
5.439686948842997 6.652784582246879e-22
5.441175615039905 4.839296194674752e-22
5.442664688636551 3.66356366520858e-22
5.444154169744429 3.121347742038195e-22
5.445644058475063 2.99412497295299e-22
5.447134354940002 3.133992041711852e-22
5.448625059250833 3.348570116224309e-22
5.45011617151917 3.794854899789972e-22
5.451607691856656 4.7311303924611655e-22
5.453099620374967 6.537076016510099e-22
5.45459195718581 1.0207887060185403e-21
5.456084702400922 1.789077159256848e-21
5.457577856132066 4.621634925560804e-21
5.459071418491044 9.77831417538078e-21
5.460565389589682 1.5996739041726868e-20
5.46205976953984 2.3390962779339767e-20
5.463554558453406 3.155350375340675e-20
5.465049756442301 3.9948049338404226e-20
5.466545363618476 4.8805028406496935e-20
5.468041380093911 5.834582239959913e-20
5.46953780598062 7.072412666460639e-20
5.471034641390643 8.735301693881774e-20
5.472531886436055 1.0788526598166219e-19
5.474029541228959 1.3222463221072223e-19
5.47552760588149 1.5942717180817745e-19
5.477026080505815 1.9097886620950628e-19
5.4785249652141275 2.292224900586833e-19
5.480024260118656 2.733425140870827e-19
5.481523965331656 3.3233307341496505e-19
5.483024080965416 4.074689409799213e-19
5.484524607132258 4.919911059928809e-19
5.486025543944528 5.684620358781682e-19
5.487526891514609 6.210608629637561e-19
5.489028649954909 6.293680797946308e-19
5.490530819377872 5.628908632799543e-19
5.492033399895971 4.1888414085915847e-19
5.493536391621708 2.6275498570964456e-19
5.495039794667617 1.4313027885155745e-19
5.496543609146266 5.771709475281877e-20
5.498047835170247 1.5454154951323965e-20
5.499552472852189 4.12889539467168e-21
5.50105752230475 3.04307101711318e-21
5.502562983640615 1.8905000104217896e-21
5.504068856972507 9.21860923102327e-22
5.505575142413173 3.8849563553341665e-22
5.507081840075395 2.6573672565512446e-22
5.508588950071985 1.989799963022042e-22
5.5100964725157855 1.180822469741228e-22
5.511604407519671 6.431841251292221e-23
5.513112755196543 4.149232449449794e-23
5.5146215156593374 3.873524448207598e-23
5.516130689021024 3.7535578991898827e-23
5.517640275394596 4.081302841381567e-23
5.5191502748930805 5.183700191199792e-23
5.52066068762954 8.686359573168624e-23
5.522171513717064 1.5613661507629412e-22
5.523682753268771 2.5826077743857424e-22
5.525194406397813 5.007705059981778e-22
5.526706473217375 1.2263677036632681e-21
5.5282189538406685 4.175688598711949e-21
5.529731848380939 1.0289244355613642e-20
5.531245156951461 1.8907781479780806e-20
5.532758879665543 3.188737154602715e-20
5.534273016636523 4.850406536453198e-20
5.535787567977768 6.584563299568487e-20
5.537302533802679 8.421856883099314e-20
5.538817914224685 1.0384432232333849e-19
5.54033370935725 1.2673292696643636e-19
5.541849919313866 1.556372589519091e-19
5.543366544208056 1.9342665489903844e-19
5.544883584153375 2.370945249473407e-19
5.54640103926341 2.8193775247726546e-19
5.547918909651779 3.3632855095296324e-19
5.549437195432128 4.0600897667564286e-19
5.550955896718138 4.903476643624007e-19
5.5524750136235195 5.999263321283948e-19
5.553994546262015 7.348899402538476e-19
5.555514494747392 8.970994999433487e-19
5.557034859193459 1.082272252641049e-18
5.558555639714051 1.2744330801091702e-18
5.560076836423033 1.4669411305141859e-18
5.561598449434302 1.595590753313987e-18
5.563120478861787 1.4982873597237093e-18
5.564642924819448 1.2048367602055302e-18
5.566165787421275 8.617493738502657e-19
5.5676890667812895 5.094025352852688e-19
5.569212763013546 2.1629131229923221e-19
5.570736876232129 6.71303611483344e-20
5.572261406551153 2.7668611561477686e-20
5.573786354084767 1.0920392515994115e-20
5.575311718947146 5.069230383569904e-21
5.5768375012525 3.3048090644373917e-21
5.578363701115073 1.7000588130478973e-21
5.579890318649134 7.061873048139787e-22
5.581417353968987 3.8515715785986956e-22
5.582944807188965 2.482325259774446e-22
5.584472678423436 1.5475680898107786e-22
5.586000967786795 9.033334423864643e-23
5.587529675393471 6.361550449560442e-23
5.589058801357925 6.48554366811047e-23
5.5905883457946475 7.488852616967594e-23
5.592118308818158 1.3599787120128664e-22
5.593648690543013 2.846644250792235e-22
5.595179491083798 5.090672178919167e-22
5.5967107105551275 8.07124146755751e-22
5.598242349071651 1.247217383741517e-21
5.599774406748045 5.5290729039506296e-21
5.6013068836990225 1.609928879067564e-20
5.602839780039323 3.55685583464721e-20
5.604373095883722 6.28961276469032e-20
5.605906831347024 9.447140059590066e-20
5.607440986544065 1.2961080803565778e-19
5.60897556158971 1.6604473500756882e-19
5.610510556598861 2.0502250456620113e-19
5.612045971686448 2.5122615617702733e-19
5.6135818069674315 3.12862155665182e-19
5.615118062556806 3.890664409826599e-19
5.616654738569596 4.715194602992991e-19
5.618191835120857 5.523676184021362e-19
5.6197293523256775 6.465502867403623e-19
5.621267290299178 7.868897795148756e-19
5.622805649156506 9.795553138147054e-19
5.6243444290128455 1.2063356643880448e-18
5.625883629983413 1.4729677964904703e-18
5.62742325218345 1.7790583533100207e-18
5.6289632957282345 2.1122181520842234e-18
5.630503760733076 2.51036510899436e-18
5.632044647313313 2.9550766512905483e-18
5.6335859555843175 3.1523457355491646e-18
5.635127685661493 3.0034144875639418e-18
5.636669837660274 2.6107207333547235e-18
5.638212411696126 1.914321304114488e-18
5.639755407884549 1.0353429402735062e-18
5.641298826341071 4.508259164260664e-19
5.642842667181252 2.210634644225009e-19
5.644386930520687 8.133215761238086e-20
5.645931616474998 2.5873546585342102e-20
5.647476725159844 1.3010980282815007e-20
5.649022256690911 8.241803806685451e-21
5.650568211183916 3.042256612561842e-21
5.652114588754614 1.1003528002523943e-21
5.653661389518787 9.221427671815107e-22
5.655208613592246 6.398897158087964e-22
5.65675626109084 3.6291559420967265e-22
5.658304332130447 1.6948806272955966e-22
5.659852826826976 1.062455159806966e-22
5.6614017452963665 1.0886462680625803e-22
5.662951087654594 1.1258458418713091e-22
5.664500854017661 2.3333927429490514e-22
5.666051044501604 6.507314320427759e-22
5.667601659222493 1.5107625841515337e-21
5.669152698296426 4.545748215850559e-21
5.670704161839536 1.149530206579476e-20
5.672256049967986 3.5328392139255286e-20
5.6738083627979705 7.903211943703639e-20
5.675361100445718 1.3532638408001887e-19
5.676914263027486 2.0161446974480167e-19
5.678467850659565 2.712497240385371e-19
5.680021863458281 3.426788742918836e-19
5.681576301539984 4.165019000876131e-19
5.683131165021061 4.944903668668498e-19
5.684686454017933 5.900921442965524e-19
5.686242168647047 7.078453965333695e-19
5.687798309024885 8.609395695126715e-19
5.689354875267961 1.0521575247303073e-18
5.690911867492821 1.2719567621743307e-18
5.692469285816042 1.5263294242486807e-18
5.6940271303542325 1.8044947419812487e-18
5.695585401224037 2.1849049550100073e-18
5.697144098542125 2.6809544714421033e-18
5.698703222425203 3.243226326143649e-18
5.700262772990008 3.886108346429085e-18
5.70182275035331 4.585411375681467e-18
5.703383154631908 5.2939357176648995e-18
5.704943985942635 5.781973159420143e-18
5.706505244402358 5.4994317832783366e-18
5.708066930127972 4.4682713412603985e-18
5.709629043236406 3.119335975287511e-18
5.711191583844622 1.8374437684829726e-18
5.712754552069611 8.593499538749767e-19
5.714317948028398 2.865965482102203e-19
5.715881771838043 8.683083952934264e-20
5.717446023615633 2.3992598307711995e-20
5.719010703478286 2.0379456506413494e-20
5.72057581154316 1.2375056193139531e-20
5.722141347927437 6.092914939424965e-21
5.723707312748335 2.7819942446694335e-21
5.725273706123103 1.4422903762222055e-21
5.726840528169022 1.0323248552409287e-21
5.7284077790034065 5.273687734293857e-22
5.729975458743601 2.4810556755970973e-22
5.731543567506984 3.2779979308873535e-22
5.7331121054109655 7.309092716310049e-22
5.734681072572986 1.1921614005808116e-21
5.736250469110519 1.5613105252511296e-21
5.7378202951410735 4.4611075517958895e-21
5.739390550782186 1.473387373845483e-20
5.740961236151427 3.9241416278143824e-20
5.742532351366399 9.360050662840929e-20
5.744103896544738 1.794679980338628e-19
5.74567587180411 2.808392387083643e-19
5.747248277262215 3.86980926415979e-19
5.748821113036783 4.935950715597027e-19
5.750394379245579 6.010627190257461e-19
5.751968076006399 7.096898271495153e-19
5.753542203437071 8.566609982505487e-19
5.755116761655455 1.054168247211397e-18
5.756691750779444 1.2977478371807305e-18
5.7582671709269615 1.5902623040091695e-18
5.759843022215968 1.915121605887664e-18
5.76141930476445 2.2935802927002588e-18
5.76299601869043 2.7265442038375166e-18
5.764573164111962 3.2578609341746365e-18
5.7661507411471336 3.919684507389457e-18
5.767728749914061 4.7107975937030015e-18
5.7693071905308955 5.7040815036078824e-18
5.7708860631158245 6.8765345071886226e-18
5.77246536778706 7.940156697762749e-18
5.77404510466285 8.678104640768828e-18
5.7756252738614755 8.855275269910225e-18
5.7772058755012505 7.943875138641683e-18
5.778786909700519 5.846477743659159e-18
5.780368376577657 3.607119132199919e-18
5.781950276251079 1.8722384842880436e-18
5.783532608839222 7.587814978479656e-19
5.785115374460564 2.599339063111462e-19
5.786698573233611 6.403877137260297e-20
5.788282205276903 3.512527311064727e-20
5.789866270709011 1.4412690437776405e-20
5.7914507696485416 4.869326874587483e-21
5.793035702214131 4.015146801316722e-21
5.794621068524448 2.777623827668856e-21
5.796206868698192 1.6076589094179678e-21
5.7977931028541025 9.325119645965422e-22
5.799379771110945 7.9772713974200025e-22
5.800966873587516 1.1157642924251741e-21
5.8025544104026485 1.7466366829729983e-21
5.804142381675209 3.759411004666212e-21
5.805730787524093 8.036571520634953e-21
5.807319628068228 3.422785549526607e-20
5.80890890342658 8.91239960571245e-20
5.810498613718142 1.7977424908445022e-19
5.812088759061938 3.0496815341928363e-19
5.813679339577032 4.479374441559021e-19
5.815270355382515 6.029355633947464e-19
5.816861806597512 7.593619123929273e-19
5.818453693341178 9.286619177157894e-19
5.820046015732707 1.1141483379717718e-18
5.82163877389132 1.313681080283163e-18
5.823231967936271 1.5685617474703548e-18
5.82482559798685 1.910774099166759e-18
5.826419664162376 2.3486587321381143e-18
5.828014166582204 2.8557946451081257e-18
5.829609105365718 3.4052911181207298e-18
5.831204480632339 4.008808863555319e-18
5.832800292501516 4.687826502901311e-18
5.834396541092733 5.590783385038158e-18
5.83599322652551 6.766860214684192e-18
5.837590348919393 8.257256280939789e-18
5.839187908393964 9.953094803635288e-18
5.84078590506884 1.1521173783247842e-17
5.842384339063668 1.262358271793274e-17
5.843983210498127 1.3e-17
5.84558251949193 1.1632477400328039e-17
5.847182266164825 8.476040742211562e-18
5.848782450636589 5.24886139108033e-18
5.850383073027033 2.6728217217004674e-18
5.8519841334560025 1.0617094198111795e-18
5.853585632043375 3.680859603317405e-19
5.855187568909058 1.0585963030083425e-19
5.856789944172995 4.744189167927263e-20
5.858392757955161 2.0417203494816795e-20
5.859996010375565 8.457037012628246e-21
5.861599701554248 5.7506641767102704e-21
5.863203831611284 3.3486348813226164e-21
5.864808400666781 1.743274192796968e-21
5.8664134088408755 1.0614815575185794e-21
5.868018856253743 9.447831162851567e-22
5.869624743025588 2.242176328186349e-21
5.8712310692766465 9.206224292278509e-21
5.872837835127192 2.954840540533308e-20
5.87444504069753 6.870194527186187e-20
5.876052686107997 1.635015673810038e-19
5.8776607714789595 3.2019446025536954e-19
5.879269296930822 5.093267720128378e-19
5.880878262584025 7.133676917526025e-19
5.8824876685590315 9.124654725161163e-19
5.884097514976346 1.1143322112086193e-18
5.885707801956503 1.3279772025776524e-18
5.887318529620071 1.5864501011642206e-18
5.888929698087649 1.9017550851679222e-18
5.890541307479872 2.3387618762036594e-18
5.892153357917406 2.8733154387082318e-18
5.8937658495209515 3.3876134930746663e-18
5.895378782411241 3.975853811406188e-18
5.896992156709041 4.710714675896868e-18
5.898605972535149 5.689662566360622e-18
5.900220230010399 6.908824311247113e-18
5.901834929255655 8.365077464089834e-18
5.903450070391816 1.0095817939056639e-17
5.905065653539811 1.207039927381239e-17
5.906681678820607 1.4379333292355724e-17
5.9082981463552 1.697498174605481e-17
5.90991505626462 1.7946929274868787e-17
5.911532408669931 1.674029671411449e-17
5.913150203692232 1.3699812131432006e-17
5.914768441452651 9.433252572392012e-18
5.91638712207235 5.546059074458722e-18
5.918006245672527 2.654924958405655e-18
5.919625812374411 9.198225086553897e-19
5.921245822299264 1.747669775630435e-19
5.922866275568383 8.701914044920869e-20
5.924487172303095 5.068742826344785e-20
5.926108512624766 2.231722784678888e-20
5.927730296654787 9.524769100779598e-21
5.92935252451459 6.6103225189385685e-21
5.930975196325633 5.198466302862481e-21
5.932598312209414 4.785360100547359e-21
5.934221872287463 7.261638773796973e-21
5.935845876681336 2.217165486059397e-20
5.937470325512633 6.236171866371339e-20
5.939095218902979 1.3727570155329516e-19
5.940720556974038 2.7715609448258905e-19
5.942346339847504 4.831690185926084e-19
5.943972567645103 7.156666457939585e-19
5.945599240488598 9.575730617557725e-19
5.947226358499784 1.2172210839498816e-18
5.948853921800488 1.4922157428596953e-18
5.950481930512571 1.7700047246219304e-18
5.95211038475793 2.084034143814078e-18
5.95373928465849 2.4492984466560682e-18
5.955368630336213 2.930799214827189e-18
5.956998421913096 3.5298840109169815e-18
5.958628659511167 4.194196613772649e-18
5.960259343252485 4.981564249005332e-18
5.961890473259145 5.953727210334809e-18
5.963522049653278 7.212882204214799e-18
5.965154072557045 8.744845930265407e-18
5.96678654209264 1.057710518707044e-17
5.968419458382291 1.2682639245768396e-17
5.970052821548264 1.5132981936036308e-17
5.971686631712851 1.77961946372172e-17
5.973320888998382 2.028845380057119e-17
5.97495559352722 2.1591577675244987e-17
5.97659074542176 2.113427986563805e-17
5.9782263448044315 1.7583372365576207e-17
5.979862391797699 1.1345368992091646e-17
5.98149888652406 6.278706023865733e-18
5.98313582910604 3.0778535679437416e-18
5.984773219666206 1.1681968647274065e-18
5.986411058327155 4.005413050824038e-19
5.988049345211517 1.1852254787659066e-19
5.989688080441956 6.403974280934782e-20
5.991327264141171 2.952294381769995e-20
5.992966896431892 1.4047658385456212e-20
5.994606977436884 1.307823489665134e-20
5.996247507278946 1.1656391366707822e-20
5.997888486080912 2.473204789721437e-20
5.999529913965644 6.75539009750518e-20
6.001171791056044 1.8076760212159671e-19
6.002814117475046 3.6997000161431136e-19
6.004456893345614 6.067607883423686e-19
6.006100118790749 8.730820564462841e-19
6.007743793933486 1.147501587243832e-18
6.009387918896893 1.4315742138443473e-18
6.01103249380407 1.7251825924447078e-18
6.012677518778152 2.0352316424790402e-18
6.014322993942309 2.362142435490739e-18
6.015968919419743 2.7714150059408003e-18
6.017615295333689 3.2872601471099953e-18
6.019262121807419 4.002634638924264e-18
6.0209093989642355 4.910428167462727e-18
6.022557126927476 5.888445914633569e-18
6.024205305820509 7.023901279209515e-18
6.025853935766745 8.359023612492531e-18
6.027503016889618 9.975407049437874e-18
6.029152549312602 1.1839126791327228e-17
6.0308025331592034 1.4120180567390635e-17
6.032452968552962 1.6838105937636484e-17
6.034103855617452 1.9893018081137232e-17
6.0357551944762795 2.3023049755931337e-17
6.037406985253089 2.5730916975042338e-17
6.039059228071554 2.5484052243087097e-17
6.040711923055381 2.1136224579319947e-17
6.042365070328318 1.5024488243876206e-17
6.04401867001414 8.675229593437145e-18
6.045672722236656 4.2084978613663216e-18
6.047327227119712 1.843363082693329e-18
6.048982184787187 6.184193068048958e-19
6.050637595362993 2.8473666308361437e-19
6.052293458971075 1.7286211417191472e-19
6.053949775735416 2.441517992950963e-19
6.055606545780028 4.193862082337753e-19
6.05726376922896 8.71323022336508e-19
6.058921446206295 1.6549474239239008e-18
6.0605795768361475 2.8744472160378562e-18
6.062238161242668 4.414416570398148e-18
6.0638971995500395 5.8673298919675624e-18
6.065556691882483 7.010064386909411e-18
6.067216638364247 7.719097202023196e-18
6.068877039119618 7.891722776212192e-18
6.070537894272919 7.61466729215355e-18
6.0721992039485 7.061948962208546e-18
6.073860968270752 6.3612632491847215e-18
6.075523187364096 5.825449885757503e-18
6.077185861352989 5.5793108549642865e-18
6.0788489903619185 5.707191793876283e-18
6.08051257451541 6.185002446114791e-18
6.0821766139380244 6.87751739285215e-18
6.083841108754351 7.826656774224677e-18
6.085506059089018 9.009067332414786e-18
6.087171465066685 1.0624704149839556e-17
6.0888373268120475 1.2729366943847246e-17
6.090503644449833 1.525690528997702e-17
6.092170418104806 1.825225487900801e-17
6.093837647901763 2.1581032164487282e-17
6.095505333965537 2.4511905172056386e-17
6.09717347642099 2.6579437526397266e-17
6.098842075393025 2.6156378561479406e-17
6.100511131006574 2.3044042384714968e-17
6.102180643386605 1.743472657346333e-17
6.103850612658119 1.027476092400603e-17
6.105521038946156 4.799156127281086e-18
6.107191922375785 1.5496402975892985e-18
6.108863263072109 4.148182845695063e-19
6.1105350611602685 4.107455659937402e-19
6.1122073167654385 4.344344921926424e-19
6.113880030012823 5.678094557002214e-19
6.115553201027666 8.19581157964201e-19
6.117226829935245 1.1290199404286986e-18
6.118900916860868 1.4754000096686955e-18
6.12057546192988 1.810618265784291e-18
6.12225046526766 2.145277505586258e-18
6.123925926999624 2.4964849501585972e-18
6.125601847251216 2.8547020664304804e-18
6.12727822614792 3.2100710189675363e-18
6.128955063815253 3.526692942688707e-18
6.130632360378763 3.8043521973043644e-18
6.132310115964035 4.197029413880652e-18
6.133988330696692 4.733384485100276e-18
6.135667004702386 5.385731267205851e-18
6.137346138106804 6.2093044599196274e-18
6.1390257310356695 7.226135043138072e-18
6.140705783614741 8.565089427402275e-18
6.142386295969806 1.0246274302184825e-17
6.144067268226692 1.2262814302070903e-17
6.1457487005112625 1.4532937934247316e-17
6.147430592949409 1.7263568670131473e-17
6.149112945667059 2.0397145201059622e-17
6.15079575879018 2.347621785752999e-17
6.152479032444767 2.582360678194013e-17
6.154162766756855 2.6323614839074262e-17
6.155846961852509 2.4096246038788798e-17
6.157531617857832 1.9058874678802612e-17
6.159216734898959 1.2731806090463856e-17
6.160902313102062 6.342800807992898e-18
6.162588352593344 2.517465161256901e-18
6.164274853499046 1.538428509288139e-18
6.165961815945443 1.3278171252929943e-18
6.167649240058842 1.6105417147921302e-18
6.169337125965587 1.862957922812772e-18
6.171025473792056 2.1381366528262852e-18
6.172714283664661 2.506700512538354e-18
6.1744035557098496 2.9027773279229873e-18
6.176093290054103 3.265797523751841e-18
6.177783486823939 3.64019541160516e-18
6.179474146145906 4.042942132907131e-18
6.181165268146592 4.526949787391893e-18
6.182856852952616 5.097656351082965e-18
6.184548900690632 5.725828547141029e-18
6.186241411487331 6.440723232248206e-18
6.187934385469437 7.265114767486675e-18
6.189627822763708 8.285176212119338e-18
6.191321723496937 9.53793479035772e-18
6.193016087795955 1.1077675386784833e-17
6.1947109157876215 1.2869073871332382e-17
6.1964062075988355 1.507290820436577e-17
6.19810196335653 1.7652260950555217e-17
6.199798183187674 2.0162582885526186e-17
6.201494867219266 2.191811600216193e-17
6.203192015578342 2.0938821659940435e-17
6.204889628391978 1.7449930299164034e-17
6.206587705787276 1.2920444487061768e-17
6.208286247891378 8.673289842061206e-18
6.2099852548314605 5.970770499553985e-18
6.211684726734734 4.7257091718003694e-18
6.2133846637284424 4.559685603455799e-18
6.215085065939867 4.891536686869322e-18
6.216785933496325 5.470998123818806e-18
6.2184872665251625 6.0623130491489005e-18
6.2201890651537655 6.587953142100663e-18
6.221891329509555 6.884469188453917e-18
6.223594059719986 6.849923669566677e-18
6.225297255912542 6.433872198943929e-18
6.227000918214755 5.850461542978271e-18
6.228705046754181 5.359798757189193e-18
6.23040964165841 5.25613556609219e-18
6.2321147030550765 5.618097019419716e-18
6.233820231071842 6.255799034122248e-18
6.235526225836407 7.082179872762686e-18
6.237232687476503 8.122224243370055e-18
6.2389396161199 9.376529441127181e-18
6.240647011894401 1.0761010966886512e-17
6.242354874927845 1.222015259862269e-17
6.244063205348105 1.3616471184327432e-17
6.245772003283093 1.4281324794786386e-17
6.2474812688607475 1.3696800555764289e-17
6.24919100220905 1.2198334562442264e-17
6.2509012034560145 1.0198021133300395e-17
6.252611872729689 8.70675742144057e-18
6.254323010158156 7.983182502234719e-18
6.256034615869536 8.01429949959556e-18
6.2577466899919845 8.714559237752953e-18
6.259459232653687 9.591428954350936e-18
6.261172243982868 1.0607823075972616e-17
6.2628857241077895 1.1599605295134654e-17
6.264599673156743 1.2253737832175068e-17
6.266314091258058 1.2230875955336452e-17
6.2680289785401 1.1215864932116296e-17
6.269744335131268 9.18625958678998e-18
6.271460161159997 7.103098229563295e-18
6.273176456754756 5.436998540767824e-18
6.274893222044052 4.841338201118832e-18
6.276610457156423 5.3028135930325124e-18
6.278328162220444 5.9024811960943474e-18
6.280046337364729 6.591356044389804e-18
6.28176498271792 7.409679858574658e-18
6.283484098408701 8.343957980469613e-18
6.2852036845657855 9.321202761550946e-18
6.286923741317928 9.733004092001535e-18
6.288644268793911 9.017002511855227e-18
6.290365267122558 7.427080124820458e-18
6.292086736432728 5.333247311572063e-18
6.293808676853313 3.662153093619726e-18
6.295531088513238 2.7111552254304377e-18
6.297253971541469 2.8450787916641898e-18
6.2989773260670034 4.028429037684122e-18
6.300701152218872 5.8014404262353024e-18
6.302425450126147 8.011267740719745e-18
6.304150219917933 9.991871896380827e-18
6.305875461723367 1.1416524140435268e-17
6.307601175671625 1.1856496564412337e-17
6.309327361891917 1.1256313630223614e-17
6.311054020513489 9.828278040705334e-18
6.312781151665622 8.175359249773357e-18
6.314508755477631 6.767357144571519e-18
6.31623683207887 6.139739236423184e-18
6.317965381598723 6.377140755880305e-18
6.319694404166615 7.013545962621406e-18
6.321423899912003 7.893617578271274e-18
6.323153868964381 8.749060463188087e-18
6.3248843114532765 9.444379751284285e-18
6.326615227508254 9.568476213994811e-18
6.328346617258916 8.886560970733959e-18
6.330078480834894 7.189147179021034e-18
6.3318108183658595 5.174453221133243e-18
6.333543629981521 3.851330265215841e-18
6.335276915811619 3.2465375365929238e-18
6.337010675985928 3.2282543856413216e-18
6.338744910634263 3.461925967276544e-18
6.340479619886473 3.735686276535175e-18
6.342214803872439 4.073685400463678e-18
6.343950462722082 4.4719931134772854e-18
6.345686596565358 4.805073089774061e-18
6.347423205532256 5.062735432252773e-18
6.349160289752801 5.2909515797472266e-18
6.350897849357055 5.411486431807687e-18
6.3526358844751165 5.230265342417824e-18
6.354374395237118 4.8255181219078394e-18
6.356113381773226 4.410191746541373e-18
6.357852844213646 4.137649278504427e-18
6.359592782688617 4.147954821146214e-18
6.361333197328415 4.375486709620465e-18
6.363074088263351 4.730959287856572e-18
6.364815455623771 5.172194645285887e-18
6.366557299540056 5.666631600362394e-18
6.368299620142626 6.25675361702879e-18
6.370042417561934 6.941532187753574e-18
6.371785691928469 7.701897251441063e-18
6.373529443372754 8.470694816789603e-18
6.375273672025354 8.850889419727404e-18
6.377018378016864 8.767358888164943e-18
6.378763561477912 8.189238212713913e-18
6.380509222539171 7.338136234097808e-18
6.382255361331344 6.721142484093745e-18
6.38400197798517 6.47442925034371e-18
6.385749072631422 6.676772084210428e-18
6.387496645400915 6.972946577504517e-18
6.389244696424493 7.061914526201486e-18
6.390993225833038 6.7471553889159954e-18
6.392742233757472 5.991847190684491e-18
6.394491720328746 5.3550611210268705e-18
6.396241685677852 4.991704546254288e-18
6.397992129935815 5.040791851609629e-18
6.399743053233697 5.458271556649153e-18
6.401494455702595 5.693997195340616e-18
6.403246337473645 5.7013745891926604e-18
6.404998698678014 5.4492311911705624e-18
6.40675153944691 5.0471951121259124e-18
6.408504859911572 4.835836282699075e-18
6.410258660203277 4.703233515204004e-18
6.412012940453339 4.443668400301743e-18
6.413767700793108 3.969122810995729e-18
6.4155229413539665 3.227598009280724e-18
6.4172786622673375 2.6100023326007784e-18
6.419034863664679 2.383763344570757e-18
6.420791545677481 2.4568434085369362e-18
6.422548708437273 2.741270705266528e-18
6.424306352075622 3.0094799759382346e-18
6.426064476724128 3.195757582566533e-18
6.427823082514426 3.3421172047505954e-18
6.429582169578191 3.462451283918623e-18
6.4313417380471325 3.629034722078727e-18
6.4331017880529915 3.8528703931761766e-18
6.434862319727554 4.1530893758617746e-18
6.436623333202634 4.516098234851168e-18
6.438384828610086 4.876383405563881e-18
6.440146806081799 5.241525590101215e-18
6.441909265749699 5.625011439598838e-18
6.443672207745745 5.961223282808682e-18
6.445435632201938 6.173643044137897e-18
6.44719953925031 5.989891761911844e-18
6.4489639290229315 5.2300224601153695e-18
6.450728801651907 4.546079443600948e-18
6.45249415726938 4.338271733643503e-18
6.454259996007529 4.776680445149689e-18
6.456026317998568 5.851057548496634e-18
6.457793123374747 6.5951591159577214e-18
6.459560412268354 6.792623208277215e-18
6.461328184811713 6.6728258305041365e-18
6.463096441137179 6.322433303924456e-18
6.464865181377151 6.3594942118959576e-18
6.4666344056640614 6.774440675889582e-18
6.468404114130378 7.225993645381128e-18
6.4701743069086 7.64275518720534e-18
6.471944984131274 7.794706690251687e-18
6.473716145930975 7.694933517623404e-18
6.475487792440315 7.440627839931126e-18
6.477259923791944 7.109794376247365e-18
6.479032540118549 6.8378405374631895e-18
6.480805641552848 6.655354575896749e-18
6.482579228227603 6.584257480624e-18
6.4843533002756075 6.596423425601892e-18
6.4861278578296915 6.6556714675143304e-18
6.487902901022724 6.725229161641712e-18
6.489678429987608 6.781696528149294e-18
6.491454444857283 6.8099096789673985e-18
6.493230945764726 6.806755652510156e-18
6.495007932842948 6.785163871873849e-18
6.496785406225001 6.75051702583471e-18
6.498563366043969 6.71396850558828e-18
6.500341812432975 6.6775498062546665e-18
6.5021207455251755 6.646357847293838e-18
6.503900165453769 6.619442834066303e-18
6.505680072351982 6.5847136756248765e-18
6.507460466353086 6.542019869544751e-18
6.509241347590384 6.4941253677533185e-18
6.511022716197218 6.44131178901619e-18
6.512804572306963 6.385907039408621e-18
6.514586916053034 6.331346835144797e-18
6.516369747568882 6.284609950742389e-18
6.518153066987994 6.245197930340446e-18
6.519936874443891 6.210999712734408e-18
6.521721170070135 6.182420920562173e-18
6.523505954000321 6.159050685860957e-18
6.525291226368083 6.135214940387036e-18
6.5270769873070895 6.106186396718704e-18
6.528863236951048 6.071574168337412e-18
6.5306499754337 6.031774402615935e-18
6.532437202888826 5.992130792858274e-18
6.534224919450242 5.955094101575522e-18
6.536013125251799 5.927157699754975e-18
6.5378018204273864 5.909610832977045e-18
6.539591005110932 5.900912795317865e-18
6.541380679436396 5.9e-18
6.543170843537778 5.90247473480837e-18
6.544961497549116 5.907273403649267e-18
6.546752641604481 5.9018260799287506e-18
6.54854427583798 5.885537039636438e-18
6.550336400383761 5.861484653948991e-18
6.552129015376008 5.8299870515283365e-18
6.553922120948939 5.795909585082227e-18
6.555715717236808 5.760885128284034e-18
6.557509804373911 5.731042834901053e-18
6.5593043824945765 5.705178792273845e-18
6.5610994517331696 5.679321354876744e-18
6.562895012224095 5.653471426990651e-18
6.564691064101791 5.627628108197373e-18
6.5664876075007355 5.5995674005436006e-18
6.568284642555442 5.566348315251028e-18
6.570082169400459 5.530197911126904e-18
6.5718801881703754 5.494056770541234e-18
6.573678698999815 5.456487788805556e-18
6.575477702023438 5.416348228209384e-18
6.577277197375942 5.376675595516202e-18
6.579077185192062 5.33959208495984e-18
6.580877665606568 5.301747948994236e-18
6.58267863875427 5.2613358955435364e-18
6.584480104770014 5.2220172829902024e-18
6.586282063788677 5.185285152781333e-18
6.588084515945183 5.151289573479419e-18
6.589887461374487 5.119877828249404e-18
6.59169090021158 5.091196833523242e-18
6.593494832591492 5.065097022284412e-18
6.595299258649291 5.044070494479621e-18
6.597104178520081 5.02819438407903e-18
6.598909592339 5.012768907011453e-18
6.600715500241228 4.9972263238122864e-18
6.60252190236198 4.9765509368858885e-18
6.604328798836505 4.950268685717361e-18
6.606136189800093 4.9162915079174064e-18
6.607944075388071 4.87521363422787e-18
6.6097524557358 4.8341464122641065e-18
6.611561330978679 4.793555821012261e-18
6.613370701252147 4.7555404173005375e-18
6.615180566691677 4.721418454089608e-18
6.616990927432779 4.694995411904074e-18
6.618801783611002 4.6759307116487636e-18
6.620613135361932 4.661995072276499e-18
6.6224249828211885 4.650904196926702e-18
6.624237326124432 4.637255462269324e-18
6.626050165407361 4.6218932844743855e-18
6.627863500805707 4.6065351125774584e-18
6.629677332455239 4.5900988482973006e-18
6.631491660491768 4.571108735202123e-18
6.63330648505114 4.5506482077943926e-18
6.635121806269233 4.5301930277076896e-18
6.636937624281969 4.508433732231368e-18
6.638753939225305 4.484124604551183e-18
6.640570751235234 4.458576889079392e-18
6.642388060447786 4.433035865406202e-18
6.644205866999031 4.405975869732509e-18
6.646024171025075 4.376370064577396e-18
6.647842972662058 4.345746306436652e-18
6.649662272046163 4.315130587622184e-18
6.651482069313605 4.28279219582698e-18
6.6533023646006395 4.247912023376712e-18
6.655123158043558 4.2122233516831165e-18
6.65694444977869 4.176544069889178e-18
6.658766239942403 4.140874907061003e-18
6.660588528671099 4.105215139471445e-18
6.662411316101219 4.0695654760032775e-18
6.664234602369243 4.0339252131100354e-18
6.666058387611686 3.998295039468901e-18
6.667882671965099 3.962674271736468e-18
6.669707455566078 3.9270635783618476e-18
6.671532738551246 3.891462296227026e-18
6.673358521057269 3.8581509578232074e-18
6.67518480322085 3.827390800631145e-18
6.677011585178731 3.7992622837567046e-18
6.678838867067688 3.773682261450119e-18
6.680666649024534 3.7482877541543215e-18
6.682494931186126 3.7228999805852176e-18
6.68432371368935 3.70003595030386e-18
6.686152996671135 3.679716616185071e-18
6.687982780268445 3.659423223947148e-18
6.689813064618283 3.639261713557618e-18
6.691643849857689 3.6216399313427605e-18
6.6934751361237375 3.606432482446985e-18
6.695306923553547 3.5912290817935124e-18
6.6971392122842675 3.575768239907447e-18
6.69897200245309 3.5577798145720814e-18
6.700805294197241 3.5378506940780734e-18
6.702639087653987 3.520457260341968e-18
6.704473382960627 3.504888582713714e-18
6.706308180254505 3.4867950288012346e-18
6.708143479672998 3.466562733677323e-18
6.709979281353519 3.4463358483342203e-18
6.71181558543352 3.4261146149710813e-18
6.713652392050497 3.4058987944159812e-18
6.715489701341974 3.3857104936358803e-18
6.7173275134455155 3.3656276578048877e-18
6.719165828498728 3.3450546863517233e-18
6.721004646639251 3.321863704418261e-18
6.7228439680047645 3.296628604220863e-18
6.724683792732982 3.2714002813747343e-18
6.7265241209616615 3.2461789797709066e-18
6.728364952828593 3.2209644592945605e-18
6.730206288471605 3.1950722819989024e-18
6.7320481280285644 3.1666674686140487e-18
6.7338904716373795 3.137158409801101e-18
6.735733319435989 3.11017556065318e-18
6.737576671562376 3.0842362096714836e-18
6.739420528154557 3.0557869463669122e-18
6.741264889350589 3.026380169368065e-18
6.743109755288565 2.9994968933492173e-18
6.744955126106618 2.9743444768298628e-18
6.746801001942915 2.9491988602896035e-18
6.7486473829356655 2.9249110525199923e-18
6.750494269223111 2.9031426732740748e-18
6.752341660943539 2.882166906615867e-18
6.754189558235268 2.858685322683332e-18
6.756037961236655 2.8344722207742603e-18
6.757886870086098 2.8127758311572034e-18
6.759736284922033 2.7926978798592266e-18
6.761586205882926 2.7726253805809805e-18
6.7634366331072915 2.7525584101084788e-18
6.765287566733679 2.732496894660766e-18
6.767139006900673 2.7133891990400046e-18
6.768990953746894 2.696792771205116e-18
6.770843407411007 2.681759001315057e-18
6.7726963680317125 2.6667293271976156e-18
6.774549835747745 2.651703779628351e-18
6.776403810697882 2.6366823300818883e-18
6.778258293020938 2.6206911514008096e-18
6.780113282855762 2.602202361256326e-18
6.781968780341244 2.58316709392007e-18
6.7838247856163125 2.5666376408384968e-18
6.785681298819933 2.5516367334391955e-18
6.787538320091109 2.5366399308059094e-18
6.789395849568882 2.521647227824878e-18
6.791253887392331 2.5066586318551438e-18
6.793112433700577 2.490704536556981e-18
6.79497148863277 2.4722583132964005e-18
6.796831052328109 2.4522899030619485e-18
6.798691124925824 2.432326974825057e-18
6.8005517065651855 2.4133205527991893e-18
6.802412797385501 2.396813111231437e-18
6.804274397526118 2.3809154701797592e-18
6.806136507126421 2.3625298216297092e-18
6.80799912632583 2.342594156654563e-18
6.809862255263811 2.32266398263828e-18
6.811725894079856 2.302739220590034e-18
6.813590042913507 2.282819952484448e-18
6.815454701904339 2.2629060872558214e-18
6.817319871191965 2.2429977189519373e-18
6.8191855509160355 2.2230947444191003e-18
6.821051741216241 2.2031972697914618e-18
6.822918442232311 2.1833051798140495e-18
6.82478565410401 2.163418592720573e-18
6.8266533769711435 2.144337733783981e-18
6.828521610973555 2.127746256567744e-18
6.830390356251125 2.1120755645713097e-18
6.832259612943773 2.093926505551913e-18
6.834129381191456 2.074799838043287e-18
6.835999661134172 2.0581598030424553e-18
6.837870452911952 2.0432733429238747e-18
6.839741756664871 2.028391018891835e-18
6.841613572533043 2.013512698976562e-18
6.8434859006566136 1.998638517375529e-18
6.845358741175769 1.983768332983462e-18
6.847232094230738 1.9689022891320642e-18
6.849105959961786 1.954040235570544e-18
6.850980338509213 1.9391823247748474e-18
6.852855230013361 1.9248448516239585e-18
6.8547306346146115 1.912985743261491e-18
6.856606552453382 1.9026234829477364e-18
6.858482983670125 1.889791150047475e-18
6.860359928405342 1.8753644134414383e-18
6.862237386799563 1.8634132805190837e-18
6.8641153589933595 1.853526895574594e-18
6.865993845127341 1.8436432783990962e-18
6.867872845342159 1.8334676629439127e-18
6.869752359778499 1.8208261309952224e-18
6.871632388577085 1.8060127631682916e-18
6.873512931878685 1.7912035514308756e-18
6.875393989824101 1.7765657958719427e-18
6.877275562554173 1.7643981128951886e-18
6.879157650209781 1.7544334208971725e-18
6.881040252931845 1.7420069751428975e-18
6.88292337086132 1.7272178858134743e-18
6.884807004139201 1.712432959217829e-18
6.886691152906527 1.6976520978216305e-18
6.888575817304366 1.6828752566500569e-18
6.890460997473831 1.6681025815641804e-18
6.892346693556071 1.653333820983965e-18
6.8942329056922755 1.6385692287008348e-18
6.896119634023672 1.6260700494548696e-18
6.898006878691527 1.6160346863595941e-18
6.899894639837144 1.604020566824711e-18
6.9017829176018655 1.589550974362197e-18
6.903671712127074 1.5748064264325116e-18
6.90556102355419 1.5600660534261263e-18
6.907450852024676 1.5453295666296264e-18
6.909341197680025 1.5305972569625106e-18
6.911232060661777 1.5158688264027849e-18
6.913123441111506 1.5011445751771663e-18
6.915015339170827 1.4882465210215384e-18
6.916907754981393 1.4778053321668786e-18
6.918800688684895 1.4662706742637054e-18
6.920694140423065 1.4522875163365863e-18
6.922588110337671 1.4392110914513935e-18
6.924482598570521 1.4285887463766497e-18
6.926377605263464 1.4187912431547355e-18
6.928273130558383 1.4089965320258715e-18
6.930169174597202 1.3992043831789983e-18
6.932065737521889 1.3894150278904717e-18
6.933962819474442 1.3796282301030387e-18
6.935860420596903 1.3698442273383906e-18
6.937758541031353 1.360062777286251e-18
6.939657180919911 1.3502841237203797e-18
6.941556340404733 1.3405080180707686e-18
6.943456019628016 1.3307347103700264e-18
6.945356218731998 1.3209639457815788e-18
6.947256937858953 1.3111959806036659e-18
6.949158177151192 1.3022935187089685e-18
6.951059936751069 1.2958339638602178e-18
6.952962216800975 1.290210906352962e-18
6.954865017443341 1.2821505450022007e-18
6.956768338820634 1.272395783462851e-18
6.958672181075366 1.262643825713553e-18
6.960576544350082 1.252894391783654e-18
6.962481428787367 1.2431477631018073e-18
6.964386834529849 1.233403653396809e-18
6.966292761720192 1.223662350396927e-18
6.968199210501099 1.213923561523622e-18
6.970106181015311 1.2041875808115764e-18
6.972013673405611 1.1944561559446176e-18
6.973921687814819 1.184775720032793e-18
6.9758302243857955 1.1751440079521564e-18
6.977739283261439 1.1654684328320758e-18
6.9796488645846875 1.1557475317609882e-18
6.981558968498515 1.1460274943056626e-18
6.983469595145942 1.136310270143246e-18
6.985380744670023 1.1265955412488946e-18
6.987292417213849 1.1168836271002415e-18
6.989204612920557 1.1071742033291648e-18
6.991117331933319 1.0974675957556258e-18
6.993030574395346 1.0877634736613842e-18
6.994944340449889 1.0780621692155746e-18
6.99685863024024 1.0683633453429773e-18
6.998773443909728 1.0586673405687583e-18
7.000688781601722 1.048973811453869e-18
7.0026046434596285 1.0392831028863687e-18
7.004521029626895 1.0295948650564908e-18
7.006437940247008 1.0199094492220538e-18
7.008355375463495 1.0111493658923747e-18
7.010273335419919 1.0043278235671493e-18
7.012191820259887 9.981242576483705e-19
7.01411083012704 9.909550928595885e-19
7.01603036516506 9.833000458082083e-19
7.0179504255176735 9.758889419580362e-19
7.019871011328639 9.68638611263702e-19
7.021792122741756 9.613904014029501e-19
7.02371375990087 9.541933339883326e-19
7.025635922949856 9.472397877738796e-19
7.027558612032633 9.404801932969225e-19
7.029481827293163 9.337225802845287e-19
7.031405568875442 9.26966672518483e-19
7.033329836923507 9.202127472259458e-19
7.035254631581433 9.134605713467052e-19
7.037179952993338 9.069483083974447e-19
7.0391058013033785 9.006790698880957e-19
7.041032176655747 8.94194535482037e-19
7.04295907919468 8.87470945693055e-19
7.044886509064451 8.807280686498538e-19
7.046814466409372 8.739871776462442e-19
7.0487429513737965 8.672479783620563e-19
7.0506719641021185 8.605107661239388e-19
7.052601504738767 8.537752420930097e-19
7.054531573428214 8.470417061139545e-19
7.056462170314973 8.403098548243022e-19
7.058393295543593 8.335799925916276e-19
7.060324949258663 8.268518115250316e-19
7.062257131604813 8.201256205198412e-19
7.064189842726715 8.1329536552005915e-19
7.066123082769074 8.062270551953106e-19
7.068056851876641 7.991119486269502e-19
7.069991150194202 7.922388805168557e-19
7.071925977866587 7.854560937608803e-19
7.073861335038661 7.784355383380862e-19
7.075797221855332 7.712876140432162e-19
7.077733638461547 7.6438144555784e-19
7.07967058500229 7.576959926171728e-19
7.08160806162259 7.512520115480016e-19
7.083546068467511 7.450213835840376e-19
7.085484605682158 7.385532748950495e-19
7.087423673411676 7.318509997145775e-19
7.089363271801252 7.255931884711984e-19
7.091303400996108 7.198158889125456e-19
7.093244061141508 7.138759510841167e-19
7.095185252382757 7.076986120831441e-19
7.0971269748652 7.016612553749313e-19
7.099069228734219 6.958647268982993e-19
7.101012014135238 6.902864152838934e-19
7.102955331213718 6.849486470254174e-19
7.104899180115165 6.796953805273537e-19
7.10684356098512 6.744436867241889e-19
7.108788473969165 6.6919328062775315e-19
7.110733919212924 6.639444480090098e-19
7.112679896862058 6.587844766191161e-19
7.11462640706227 6.538644789022713e-19
7.116573449959301 6.490322111255348e-19
7.118521025698934 6.439631189773047e-19
7.120469134426989 6.387621789355223e-19
7.12241777628933 6.338009276873677e-19
7.124366951431858 6.290382140747179e-19
7.126316660000512 6.24276933737787e-19
7.128266902141276 6.195168896254385e-19
7.130217678000172 6.147582010291114e-19
7.13216898772326 6.100009468100157e-19
7.134120831456641 6.052448480734206e-19
7.136073209346456 6.004901844228176e-19
7.138026121538889 5.957366736605239e-19
7.139979568180159 5.909845986924718e-19
7.141933549416526 5.8623367401449315e-19
7.143888065394297 5.814841858384749e-19
7.145843116259808 5.7673584535023705e-19
7.147798702159441 5.719889420711809e-19
7.149754823239618 5.67136713592875e-19
7.151711479646805 5.620487499509658e-19
7.153668671527496 5.569120424209018e-19
7.155626399028238 5.520139465923377e-19
7.157584662295612 5.47273347260173e-19
7.15954346147624 5.425341872556865e-19
7.161502796716782 5.3779616448920605e-19
7.163462668163943 5.330595817555265e-19
7.165423075964464 5.28324133637231e-19
7.1673840202651276 5.23590126256334e-19
7.1693455012127565 5.188575346169296e-19
7.1713075189542135 5.141261006661928e-19
7.173270073636403 5.093961085514039e-19
7.175233165406268 5.048520680343669e-19
7.17719679441079 5.005458435759202e-19
7.1791609607969935 4.962921799868615e-19
7.181125664711944 4.920398153164065e-19
7.183090906302743 4.877884625984981e-19
7.185056685716539 4.835384094316008e-19
7.187023003100514 4.793913055353772e-19
7.188989858601892 4.754814421573895e-19
7.190957252367941 4.716327662391415e-19
7.192925184545965 4.675494508000052e-19
7.194893655283311 4.633504228749048e-19
7.196862664727362 4.5938834759049035e-19
7.19883221302555 4.556343183557659e-19
7.200802300325339 4.521169530420251e-19
7.202772926774235 4.488194106054382e-19
7.204744092519788 4.452995789294319e-19
7.2067157977095855 4.415453345603731e-19
7.208688042491254 4.379736995108741e-19
7.210660827012463 4.346385046301171e-19
7.212634151420925 4.3118112386359034e-19
7.2146080158643855 4.2748962116242714e-19
7.216582420490637 4.2386268821584826e-19
7.218557365447509 4.204719066371461e-19
7.220532850882872 4.171824287034133e-19
7.222508876944639 4.1389396621943376e-19
7.224485443780762 4.1053216545442375e-19
7.226462551539233 4.0693667941336137e-19
7.228440200368083 4.0322487521425406e-19
7.230418390415387 3.997487886550749e-19
7.23239712182926 3.9646465883794057e-19
7.234376394757856 3.931815459341677e-19
7.236356209349367 3.898993465614502e-19
7.238336565752034 3.8661801405809375e-19
7.2403174641141295 3.8333769923363103e-19
7.24229890458397 3.7987378135433036e-19
7.244280887309913 3.761766975880765e-19
7.24626341244036 3.72583286050743e-19
7.248246480123747 3.6922507721832855e-19
7.250230090508551 3.6595744204848463e-19
7.252214243743296 3.627070459035778e-19
7.25419893997654 3.5945944294883383e-19
7.2561841793568815 3.5619665888451157e-19
7.258169962032968 3.529242046147361e-19
7.260156288153478 3.4965277045353823e-19
7.262143157867137 3.464001882820371e-19
7.264130571322706 3.43382079718213e-19
7.266118528668993 3.4058026021684944e-19
7.268107030054841 3.3756081623647464e-19
7.2700960756291355 3.3430887671084635e-19
7.272085665540805 3.31227738965055e-19
7.274075799938817 3.283808480781039e-19
7.276066478972178 3.2543151148601315e-19
7.278057702789938 3.222499722024131e-19
7.280049471541188 3.1910478920343453e-19
7.282041785375057 3.1619356186856457e-19
7.284034644440716 3.134818073140238e-19
7.286028048887379 3.110037165374861e-19
7.2880219988643 3.0862700380406707e-19
7.290016494520771 3.0601838192156095e-19
7.292011536006125 3.0322641480625464e-19
7.294007123469743 3.0043532562567985e-19
7.296003257061038 2.9764501473616086e-19
7.2979999369294655 2.950670018150227e-19
7.299997163224528 2.9272227877120745e-19
7.301994936095765 2.9022264143237516e-19
7.3039932556927525 2.874914718054067e-19
7.305992122165115 2.8484558045488955e-19
7.307991535662514 2.8243268673794473e-19
7.309991496334652 2.8011180547060094e-19
7.311992004331271 2.777916573913121e-19
7.3139930598021605 2.7547203011983853e-19
7.315994662897143 2.7315313637959857e-19
7.317996813766087 2.708347620592335e-19
7.3199995125589 2.6851712161299385e-19
7.322002759425532 2.662000235852105e-19
7.324006554515972 2.638836353855183e-19
7.326010897980249 2.6156798160348967e-19
7.32801578996844 2.5925284460048483e-19
7.330021230630656 2.5693844235755395e-19
7.332027220117048 2.5462455549896946e-19
7.334033758577817 2.523114037425816e-19
7.336040846163198 2.499987659737314e-19
7.3380484830234645 2.476868636489171e-19
7.340056669308939 2.4537547391270746e-19
7.342065405169982 2.4306481996207616e-19
7.344074690756993 2.407546771989883e-19
7.346084526220412 2.3844527056273775e-19
7.348094911710728 2.3613637371083536e-19
7.350105847378462 2.338282133267343e-19
7.352117333374178 2.315207788014857e-19
7.354129369848486 2.292138636048849e-19
7.356141956952035 2.269076854183994e-19
7.35815509483551 2.247570662057702e-19
7.360168783649646 2.2283766449330294e-19
7.362183023545212 2.208781846044795e-19
7.364197814673023 2.186889622568604e-19
7.366213157183932 2.1646235088842273e-19
7.368229051228836 2.144666625559319e-19
7.370245496958672 2.1258814273634704e-19
7.372262494524417 2.1048017628174107e-19
7.374280044077089 2.0817948820059673e-19
7.376298145767755 2.061065159545283e-19
7.3783167997475125 2.0426423512283566e-19
7.380336006167505 2.024252531093414e-19
7.38235576517892 2.0058686249650224e-19
7.384376076932982 1.987488708874207e-19
7.38639694158096 1.9691147095003677e-19
7.388418359274161 1.9507446887781296e-19
7.390440330163939 1.9323805874808896e-19
7.392462854401684 1.9140204534320145e-19
7.394485932138828 1.8956662415138332e-19
7.396509563526847 1.8775484657785018e-19
7.39853374871726 1.8617287406253763e-19
7.4005584878616215 1.8479741042940102e-19
7.402583781111531 1.8321150388594152e-19
7.404609628618632 1.8139691495529618e-19
7.406636030534602 1.7956445533900504e-19
7.408662987011169 1.7773258890833837e-19
7.410690498200096 1.7602792027321643e-19
7.412718564253192 1.745526755071296e-19
7.414747185322302 1.730953803477374e-19
7.416776361559319 1.7140984849936652e-19
7.418806093116174 1.6962214699113187e-19
7.420836380144839 1.6806357296090157e-19
7.422867222797327 1.6669218442993695e-19
7.424898621225699 1.6509391763275141e-19
7.42693057558205 1.6326764923483737e-19
7.428963086018517 1.6162475934233147e-19
7.430996152687285 1.602107628904553e-19
7.433029775740578 1.588412888297013e-19
7.435063955330656 1.574722609911063e-19
7.437098691609826 1.560067278116177e-19
7.439133984730439 1.543136398577263e-19
7.441169834844882 1.5254243014737917e-19
7.443206242105585 1.5099966825925108e-19
7.445243206665023 1.4963239809109123e-19
7.447280728675711 1.482655747482231e-19
7.449318808290204 1.4689916751582018e-19
7.4513574456611 1.4534145847939645e-19
7.453396640941039 1.4355657994445839e-19
7.455436394282703 1.418828420916184e-19
7.4574767058388165 1.4043716823445292e-19
7.459517575762144 1.39072543339644e-19
7.461559004205491 1.377083659940522e-19
7.463600991321708 1.3634447256435258e-19
7.465643537263684 1.34981026884049e-19
7.467686642184355 1.336178642415028e-19
7.469730306236691 1.322551495483457e-19
7.471774529573711 1.3089284447724741e-19
7.473819312348473 1.2972250651935357e-19
7.475864654714077 1.2877954931851787e-19
7.477910556823662 1.2772664813145683e-19
7.479957018830415 1.2644726293069187e-19
7.482004040887562 1.2508673711508928e-19
7.484051623148369 1.237266599704899e-19
7.486099765766145 1.2241903488584144e-19
7.488148468894245 1.213383424857736e-19
7.49019773268606 1.2042710003214973e-19
7.492247557295023 1.192898228336665e-19
7.494297942874615 1.1793163226586787e-19
7.496348889578357 1.165737384386805e-19
7.498400397559807 1.152162940027865e-19
7.500452466972569 1.1399567691482507e-19
7.50250509797029 1.1300160582128293e-19
7.504558290706656 1.1200861375460877e-19
7.506612045335398 1.1078997507228615e-19
7.508666362010288 1.094748615163371e-19
7.51072124088514 1.0838599442656018e-19
7.512776682113808 1.0748268492389715e-19
7.514832685850191 1.0657965678823088e-19
7.51688925224823 1.0567692885824658e-19
7.518946381461907 1.0460519677804013e-19
7.521004073645244 1.0330820703502795e-19
7.523062328952311 1.0207533002749722e-19
7.525121147537216 1.0106831149018498e-19
7.527180529554107 1.0014542685252178e-19
7.529240475157181 9.915526557684171e-20
7.531300984500672 9.811899973844912e-20
7.533362057738856 9.708307974318111e-20
7.535423695026053 9.604744540014545e-20
7.537485896516627 9.503176096821624e-20
7.539548662364982 9.403892444831866e-20
7.541611992725562 9.304910173471678e-20
7.543675887752857 9.205961020745623e-20
7.5457403476014 9.107995787330854e-20
7.547805372425761 9.012310857848741e-20
7.549870962380557 8.918023926514923e-20
7.5519371176204455 8.824235840778116e-20
7.554003838300128 8.730839578149656e-20
7.556071124574346 8.637026459013865e-20
7.558138976597885 8.542778245140003e-20
7.5602073945255714 8.450160878947603e-20
7.562276378512275 8.359818424852044e-20
7.564345928712909 8.271222697317328e-20
7.566416045282427 8.184898877457269e-20
7.5684867283758255 8.099715603752232e-20
7.570557978148143 8.014561014991569e-20
7.572629794754464 7.929423071704128e-20
7.574702178349911 7.844313825766489e-20
7.576775129089649 7.759231359209677e-20
7.578848647128887 7.675966081402815e-20
7.580922732622881 7.59496732835154e-20
7.582997385726921 7.514423300211362e-20
7.585072606596343 7.433906489950683e-20
7.587148395386529 7.354150916869348e-20
7.5892247522529 7.276657355683706e-20
7.591301677350918 7.200668850883062e-20
7.59337917083609 7.124706073984846e-20
7.595457232863966 7.048764541781461e-20
7.597535863590138 6.972842142168416e-20
7.599615063170239 6.896945488548635e-20
7.601694831759947 6.821063425214451e-20
7.603775169514982 6.745207118912254e-20
7.605856076591104 6.670205114272333e-20
7.6079375531441205 6.597458212397254e-20
7.610019599329878 6.526115610845864e-20
7.612102215304264 6.454797271953997e-20
7.614185401223214 6.383497331794479e-20
7.616269157242703 6.314198375010367e-20
7.618353483518749 6.247150608378193e-20
7.6204383802074105 6.178926421340435e-20
7.622523847464796 6.108499613820045e-20
7.624609885447048 6.038179226996968e-20
7.6266964943103535 5.97010701411731e-20
7.628783674210948 5.903720260654277e-20
7.630871425305106 5.839578652628321e-20
7.63295974774914 5.777344221051277e-20
7.635048641699415 5.713128374468571e-20
7.637138107312332 5.646712372694394e-20
7.639228144744337 5.581527222744808e-20
7.641318754151918 5.51858481039611e-20
7.643409935691604 5.456433722732063e-20
7.645501689519975 5.3943039397947634e-20
7.647594015793641 5.3321857465312186e-20
7.649686914669266 5.270088866996608e-20
7.65178038630355 5.208007828917578e-20
7.653874430853241 5.147910797708583e-20
7.655969048475125 5.0900510548632185e-20
7.658064239326036 5.0324506765834404e-20
7.660160003562847 4.974870111736014e-20
7.6622563413424745 4.9173001900193234e-20
7.664353252821877 4.859750090070005e-20
7.666450738158064 4.802462941142928e-20
7.668548797508075 4.747407007862743e-20
7.670647431029 4.694326492365847e-20
7.672746638877973 4.6412594764374557e-20
7.674846421212168 4.5882107778996795e-20
7.676946778188803 4.5351717936557733e-20
7.679047709965138 4.482151134473911e-20
7.681149216698481 4.429140151867621e-20
7.683251298546176 4.3761475019864784e-20
7.685353955665611 4.323303224511336e-20
7.687457188214223 4.272683168524435e-20
7.689560996349488 4.2241471436834544e-20
7.691665380228924 4.1756218154592197e-20
7.693770340010094 4.1271133108622763e-20
7.695875875850604 4.0786135748289914e-20
7.697981987908102 4.0301306694267926e-20
7.700088676340279 3.982228315774768e-20
7.702195941304874 3.9365446943649353e-20
7.704303782959662 3.892500776191797e-20
7.706412201462465 3.8484718757861826e-20
7.708521196971148 3.804458292858365e-20
7.710630769643619 3.7604525884928575e-20
7.712740919637829 3.716462207953144e-20
7.71485164711177 3.6724796742027483e-20
7.716962952223485 3.6285124706191393e-20
7.71907483513105 3.5845530820053414e-20
7.721187295992587 3.5406090298925043e-20
7.723300334966269 3.4966756910456354e-20
7.725413952210305 3.4547145891906194e-20
7.727528147882947 3.414964267139284e-20
7.729642922142493 3.37545622388173e-20
7.731758275147285 3.3359619986379526e-20
7.733874207055704 3.296474722604312e-20
7.735990718026178 3.257001270267775e-20
7.73810780821718 3.217534738328221e-20
7.740225477787222 3.178082035762751e-20
7.742343726894861 3.1386417919288947e-20
7.744462555698698 3.099209815950005e-20
7.746581964357378 3.059791678802042e-20
7.748701953029586 3.0214538442518856e-20
7.750822521874056 2.9853182027095615e-20
7.752943671049561 2.9503043426623533e-20
7.755065400714919 2.915302793865101e-20
7.75718771102899 2.880309052516283e-20
7.759310602150681 2.8453258702925956e-20
7.76143407423894 2.8103550077144096e-20
7.763558127452756 2.775390171277595e-20
7.765682761951164 2.7404376595069445e-20
7.7678079778932485 2.706239944480413e-20
7.769933775438128 2.6742373454496988e-20
7.772060154744965 2.6435603416001135e-20
7.774187115972975 2.610712886126149e-20
7.776314659281409 2.5758081989837508e-20
7.778442784829561 2.5425688793716673e-20
7.780571492776774 2.5115222013609736e-20
7.782700783282431 2.4810027986967523e-20
7.78483065650596 2.450494200593751e-20
7.78696111260683 2.4203665768320733e-20
7.7890921517445575 2.3924269728896997e-20
7.791223774078701 2.3662968672304396e-20
7.793355979768861 2.338267165911589e-20
7.795488768974684 2.308070474125603e-20
7.797622141855859 2.2788681003038416e-20
7.79975609857212 2.2518512628361278e-20
7.801890639283241 2.2257556945633323e-20
7.804025764149046 2.1996694048357684e-20
7.806161473329398 2.1735878046915414e-20
7.808297766984204 2.1475151437125082e-20
7.810434645273417 2.121451767547699e-20
7.812572108357032 2.0953927193879547e-20
7.814710156395088 2.069342959767834e-20
7.816848789547667 2.0432975084653165e-20
7.8189880079749 2.0172613494234042e-20
7.821127811836954 1.9913784517181983e-20
7.823268201294042 1.9676724204333953e-20
7.825409176506428 1.945993750033123e-20
7.827550737634411 1.9226682009384517e-20
7.829692884838336 1.8971837904413916e-20
7.831835618278594 1.8721722900764135e-20
7.833978938115619 1.849335157928822e-20
7.836122844509891 1.8276835603854442e-20
7.838267337621929 1.8060397208819797e-20
7.840412417612298 1.784401653808144e-20
7.842558084641611 1.7609647871110042e-20
7.844704338870518 1.7353731335617957e-20
7.846851180459719 1.710556117657522e-20
7.848998609569954 1.6879094181803867e-20
7.851146626362009 1.6658487743270277e-20
7.853295230996714 1.6416364569254555e-20
7.8554444236349426 1.6157195956734902e-20
7.857594204437612 1.5917385442652823e-20
7.859744573565683 1.569925301384406e-20
7.86189553118016 1.547101252015552e-20
7.8640470774420965 1.5221280568553183e-20
7.866199212512585 1.4962456843021897e-20
7.868351936552759 1.4703726486390883e-20
7.8705052497238075 1.4445047016958247e-20
7.8726591521869524 1.41864509982371e-20
7.874813644103462 1.3927948410732285e-20
7.876968725634654 1.3670277718666873e-20
7.879124396941888 1.3413980223698548e-20
7.881280658186563 1.3151995643612106e-20
7.883437509530127 1.2867313916422635e-20
7.885594951134071 1.2566096807109234e-20
7.887752983159933 1.226497899616815e-20
7.889911605769287 1.1963970346367688e-20
7.89207081912376 1.1649620445234634e-20
7.89423062338502 1.1313892491476352e-20
7.896391018714778 1.0970114203591002e-20
7.89855200527479 1.0626460768817056e-20
7.9007135832268585 1.0282867362948166e-20
7.902875752732825 9.906165471653634e-21
7.905038513954581 9.495249462052478e-21
7.907201867054059 9.042255913471285e-21
7.90936581219324 8.5250734888576e-21
7.911530349534141 7.947873808853576e-21
7.9136954792388305 7.25085937853039e-21
7.915861201469422 6.47067673382224e-21
7.918027516388068 5.742894733375339e-21
7.920194424156966 5.068949576796058e-21
7.9223619249383646 4.35820746452375e-21
7.92453001889455 3.587776324919416e-21
7.926698706187853 2.777656295612977e-21
7.928867986980652 1.9079349828579687e-21
7.931037861435372 9.966139810984908e-22
7.933208329714474 4.251292759614265e-22
7.9353793919804705 2.0550445783024932e-22
7.9375510483959175 5.993702801039242e-23
7.939723299123413 1.3474766283960396e-23
7.941896144325602 5.248468646374609e-24
7.944069584165172 1.5184396963747489e-24
7.946243618804857 9.953314760360899e-25
7.948418248407434 5.933637158410128e-25
7.950593473135726 3.1961964519303183e-25
7.952769293152597 1.2374967791383272e-25
7.9549457086209605 4.5658874063298365e-26
7.957122719703772 1.814570312422841e-26
7.959300326564032 4.894904918005749e-27
7.961478529364786 2.2452043790774448e-27
7.963657328269122 6.98062524383799e-28
7.965836723440173 3.6222445276942137e-28
7.968016715041123 1.8257473402841162e-28
7.970197303235192 8.790129514131208e-29
7.972378488185647 3.598799243995794e-29
7.974560270055804 1.0308273277666519e-29
7.976742649009019 5.271819212030013e-30
7.978925625208694 2.075282980165218e-30
7.981109198818277 1.0130100056632297e-30
7.98329337000126 4.159828633412244e-31
7.985478138921177 1.5547345285745743e-31
7.987663505741612 6.651105306136916e-32
7.98984947062619 2.0018242484487186e-32
7.992036033738582 9.374814587244483e-33
7.994223195242503 2.767032722900672e-33
7.996410955301714 1.2016605450692075e-33
7.998599314080021 7.168185374900291e-34
8.000788271741271 4.0156305573302515e-34
8.00297782844936 1.8857904173474188e-34
8.005167984368232 6.867922519786005e-35
8.007358739661868 3.3951214681629877e-35
8.009550094494296 1.0802412730348336e-35
8.011742049029593 3.627015016291695e-36
8.013934603431878 1.3244373669300033e-36
8.016127757865313 3.513645053876539e-37
8.018321512494106 2.2442678837223425e-37
8.020515867482517 1.321027985494792e-37
8.022710822994842 7.437857336550253e-38
8.024906379195423 3.1998655470059504e-38
8.027102536248652 1.3755568697065378e-38
8.02929929431896 5.4617305786116515e-39
8.031496653570827 1.4843107430408815e-39
8.033694614168779 6.5857385142443464e-40
8.035893176277384 1.7988710810500086e-40
8.038092340061253 8.592812409554612e-41
8.040292105685047 4.155699425847245e-41
8.04249247331347 1.9739393368886276e-41
8.044693443111273 9.224156729955647e-42
8.046895015243248 3.4678765790323643e-42
8.049097189874235 1.698259074976031e-42
8.05129996716912 5.621480473671393e-43
8.05350334729283 2.280380088746669e-43
8.055707330410339 9.297570954917303e-44
8.05791191668667 3.1886252128620547e-44
8.060117106286889 1.4296605788031737e-44
8.062322899376102 4.603750146258536e-45
8.064529296119469 2.4850892859581854e-45
8.066736296682187 9.771940356116528e-46
8.068943901229503 3.893130182474106e-46
8.071152109926704 1.4793293848582165e-46
8.073360922939134 3.798957520364107e-47
8.075570340432172 2.193855302629359e-47
8.07778036257124 1.112146941663133e-47
8.079990989521814 6.084402108264557e-48
8.082202221449412 2.5982183398608926e-48
8.084414058519595 1.0330128466210892e-48
8.086626500897971 4.2365533575190676e-49
8.088839548750194 1.1127493094454948e-49
8.091053202241962 5.399225947544382e-50
8.093267461539018 1.69533289410307e-50
8.095482326807154 6.682149365308592e-51
8.097697798212202 3.4331179070969816e-51
8.099913875920045 1.5506933336673692e-51
8.102130560096604 5.2876060176136904e-52
8.104347850907857 8.862163949180968e-54
8.106565748519813 0.0
8.108784253098534 0.0
8.11100336481013 0.0
8.113223083820758 0.0
8.115443410296606 0.0
8.117664344403924 0.0
8.119885886309003 0.0
8.122108036178172 0.0
8.124330794177812 0.0
8.126554160474354 0.0
8.128778135234263 0.0
8.131002718624059 0.0
8.133227910810302 0.0
8.135453711959602 0.0
8.137680122238613 0.0
8.139907141814032 0.0
8.142134770852604 0.0
8.144363009521118 0.0
8.146591857986413 0.0
8.148821316415368 0.0
8.151051384974917 0.0
8.153282063832023 0.0
8.155513353153712 0.0
8.157745253107045 0.0
8.159977763859132 0.0
8.162210885577128 0.0
8.16444461842824 0.0
8.16667896257971 0.0
8.168913918198832 0.0
8.171149485452947 0.0
8.17338566450944 0.0
8.175622455535738 0.0
8.177859858699318 0.0
8.180097874167704 0.0
8.182336502108466 0.0
8.184575742689212 0.0
8.186815596077604 0.0
8.189056062441352 0.0
8.191297141948205 0.0
8.193538834765956 0.0
8.195781141062453 0.0
8.198024061005583 0.0
8.200267594763284 0.0
8.202511742503535 0.0
8.204756504394364 0.0
8.207001880603844 0.0
8.209247871300093 0.0
8.211494476651279 0.0
8.213741696825608 0.0
8.21598953199134 0.0
8.218237982316783 0.0
8.22048704797028 0.0
8.222736729120225 0.0
8.224987025935064 0.0
8.227237938583286 0.0
8.229489467233421 0.0
8.231741612054048 0.0
8.233994373213797 0.0
8.236247750881336 0.0
8.238501745225385 0.0
8.24075635641471 0.0
8.243011584618118 0.0
8.245267430004468 0.0
8.247523892742663 0.0
8.249780973001652 0.0
8.25203867095043 0.0
8.254296986758039 0.0
8.256555920593566 0.0
8.258815472626146 0.0
8.261075643024963 0.0
8.263336431959235 0.0
8.265597839598247 0.0
8.267859866111309 0.0
8.27012251166779 0.0
8.272385776437101 0.0
8.274649660588704 0.0
8.276914164292098 0.0
8.27917928771684 0.0
8.281445031032526 0.0
8.283711394408797 0.0
8.285978378015347 0.0
8.288245982021913 0.0
8.290514206598278 0.0
8.292783051914268 0.0
8.295052518139764 0.0
8.297322605444688 0.0
8.299593313999008 0.0
8.30186464397274 0.0
8.304136595535947 0.0
8.306409168858739 0.0
8.308682364111268 0.0
8.310956181463741 0.0
8.313230621086403 0.0
8.31550568314955 0.0
8.317781367823521 0.0
8.320057675278711 0.0
8.322334605685551 0.0
8.32461215921452 0.0
8.326890336036154 0.0
8.32916913632102 0.0
8.331448560239744 0.0
8.333728607962993 0.0
8.336009279661484 0.0
8.338290575505978 0.0
8.340572495667281 0.0
8.342855040316252 0.0
8.34513820962379 0.0
8.347422003760848 0.0
8.349706422898414 0.0
8.35199146720754 0.0
8.35427713685931 0.0
8.356563432024856 0.0
8.358850352875368 0.0
8.361137899582072 0.0
8.363426072316248 0.0
8.365714871249214 0.0
8.368004296552346 0.0
8.37029434839706 0.0
8.372585026954814 0.0
8.374876332397129 0.0
8.377168264895555 0.0
8.379460824621699 0.0
8.381754011747216 0.0
8.384047826443801 0.0
8.386342268883201 0.0
8.38863733923721 0.0
8.39093303767767 0.0
8.393229364376463 0.0
8.395526319505525 0.0
8.397823903236837 0.0
8.400122115742427 0.0
8.402420957194373 0.0
8.40472042776479 0.0
8.407020527625855 0.0
8.40932125694978 0.0
8.411622615908833 0.0
8.413924604675321 0.0
8.416227223421604 0.0
8.418530472320082 0.0
8.420834351543213 0.0
8.423138861263496 0.0
8.425444001653474 0.0
8.427749772885743 0.0
8.430056175132947 0.0
8.432363208567772 0.0
8.434670873362949 0.0
8.436979169691266 0.0
8.439288097725555 0.0
8.441597657638688 0.0
8.443907849603594 0.0
8.446218673793243 0.0
8.448530130380657 0.0
8.450842219538899 0.0
8.453154941441085 0.0
8.455468296260376 0.0
8.457782284169982 0.0
8.460096905343159 0.0
8.46241215995321 0.0
8.464728048173487 0.0
8.467044570177388 0.0
8.46936172613836 0.0
8.471679516229894 0.0
8.473997940625535 0.0
8.47631699949887 0.0
8.478636693023534 0.0
8.480957021373209 0.0
8.483277984721628 0.0
8.485599583242571 0.0
8.487921817109862 0.0
8.490244686497373 0.0
8.49256819157903 0.0
8.494892332528801 0.0
8.497217109520701 0.0
8.499542522728792 0.0
8.50186857232719 0.0
8.504195258490052 0.0
8.506522581391586 0.0
8.508850541206044 0.0
8.511179138107734 0.0
8.513508372271001 0.0
8.515838243870245 0.0
8.51816875307991 0.0
8.520499900074492 0.0
8.522831685028532 0.0
8.525164108116616 0.0
8.527497169513383 0.0
8.529830869393516 0.0
8.532165207931747 0.0
8.53450018530286 0.0
8.536835801681677 0.0
8.539172057243077 0.0
8.541508952161983 0.0
8.543846486613369 0.0
8.54618466077225 0.0
8.548523474813695 0.0
8.55086292891282 0.0
8.553203023244787 0.0
8.555543757984804 0.0
8.557885133308137 0.0
8.560227149390089 0.0
8.562569806406014 0.0
8.564913104531318 0.0
8.567257043941447 0.0
8.569601624811906 0.0
8.571946847318236 0.0
8.574292711636033 0.0
8.576639217940944 0.0
8.578986366408659 0.0
8.581334157214915 0.0
8.5836825905355 0.0
8.586031666546248 0.0
8.588381385423045 0.0
8.590731747341822 0.0
8.593082752478558 0.0
8.595434401009282 0.0
8.59778669311007 0.0
8.600139628957045 0.0
8.60249320872638 0.0
8.604847432594294 0.0
8.60720230073706 0.0
8.609557813330992 0.0
8.611913970552457 0.0
8.614270772577868 0.0
8.616628219583689 0.0
8.618986311746426 0.0
8.621345049242638 0.0
8.623704432248939 0.0
8.626064460941976 0.0
8.628425135498453 0.0
8.630786456095128 0.0
8.633148422908796 0.0
8.63551103611631 0.0
8.637874295894562 0.0
8.640238202420502 0.0
8.64260275587112 0.0
8.644967956423459 0.0
8.647333804254615 0.0
8.64970029954172 0.0
8.652067442461965 0.0
8.654435233192586 0.0
8.65680367191087 0.0
8.659172758794146 0.0
8.6615424940198 0.0
8.66391287776526 0.0
8.666283910208005 0.0
8.66865559152556 0.0
8.671027921895504 0.0
8.673400901495464 0.0
8.675774530503109 0.0
8.678148809096163 0.0
8.680523737452393 0.0
8.682899315749623 0.0
8.68527554416572 0.0
8.687652422878598 0.0
8.690029952066224 0.0
8.69240813190661 0.0
8.69478696257782 0.0
8.697166444257967 0.0
8.699546577125208 0.0
8.701927361357754 0.0
8.704308797133862 0.0
8.706690884631836 0.0
8.709073624030033 0.0
8.71145701550686 0.0
8.713841059240766 0.0
8.716225755410253 0.0
8.718611104193869 0.0
8.720997105770222 0.0
8.723383760317954 0.0
8.72577106801576 0.0
8.728159029042391 0.0
8.730547643576639 0.0
8.73293691179735 0.0
8.735326833883413 0.0
8.737717410013776 0.0
8.740108640367422 0.0
8.742500525123397 0.0
8.744893064460786 0.0
8.74728625855873 0.0
8.749680107596415 0.0
8.752074611753073 0.0
8.754469771207996 0.0
8.75686558614051 0.0
8.759262056730002 0.0
8.761659183155905 0.0
8.764056965597698 0.0
8.766455404234911 0.0
8.768854499247126 0.0
8.771254250813971 0.0
8.773654659115124 0.0
8.776055724330309 0.0
8.778457446639305 0.0
8.780859826221935 0.0
8.783262863258074 0.0
8.785666557927648 0.0
8.788070910410628 0.0
8.790475920887037 0.0
8.792881589536947 0.0
8.795287916540476 0.0
8.797694902077797 0.0
8.800102546329128 0.0
8.80251084947474 0.0
8.80491981169495 0.0
8.807329433170121 0.0
8.809739714080676 0.0
8.812150654607079 0.0
8.814562254929843 0.0
8.816974515229536 0.0
8.819387435686771 0.0
8.821801016482212 0.0
8.82421525779657 0.0
8.826630159810612 0.0
8.829045722705146 0.0
8.831461946661037 0.0
8.833878831859195 0.0
8.83629637848058 0.0
8.8387145867062 0.0
8.84113345671712 0.0
8.843552988694444 0.0
8.845973182819336 0.0
8.848394039272996 0.0
8.85081555823669 0.0
8.853237739891725 0.0
8.855660584419454 0.0
8.858084092001283 0.0
8.860508262818673 0.0
8.86293309705313 0.0
8.865358594886207 0.0
8.867784756499507 0.0
8.870211582074694 0.0
8.872639071793465 0.0
8.875067225837576 0.0
8.877496044388835 0.0
8.879925527629094 0.0
8.882355675740254 0.0
8.884786488904272 0.0
8.887217967303151 0.0
8.889650111118943 0.0
8.892082920533749 0.0
8.894516395729728 0.0
8.89695053688908 0.0
8.899385344194055 0.0
8.901820817826957 0.0
8.90425695797014 0.0
8.906693764806006 0.0
8.909131238517006 0.0
8.911569379285641 0.0
8.914008187294465 0.0
8.91644766272608 0.0
8.918887805763138 0.0
8.92132861658834 0.0
8.923770095384441 0.0
8.926212242334238 0.0
8.928655057620585 0.0
8.931098541426387 0.0
8.933542693934593 0.0
8.935987515328208 0.0
8.93843300579028 0.0
8.940879165503912 0.0
8.94332599465226 0.0
8.945773493418528 0.0
8.948221661985961 0.0
8.950670500537868 0.0
8.9531200092576 0.0
8.955570188328561 0.0
8.958021037934206 0.0
8.960472558258035 0.0
8.962924749483605 0.0
8.965377611794516 0.0
8.967831145374427 0.0
8.970285350407043 0.0
8.972740227076113 0.0
8.975195775565444 0.0
8.977651996058896 0.0
8.980108888740371 0.0
8.98256645379383 0.0
8.985024691403268 0.0
8.987483601752754 0.0
8.989943185026391 0.0
8.992403441408335 0.0
8.994864371082794 0.0
8.997325974234029 0.0
8.999788251046345 0.0
9.002251201704105 0.0
9.004714826391716 0.0
9.00717912529364 0.0
9.009644098594384 0.0
9.012109746478513 0.0
9.014576069130639 0.0
9.017043066735422 0.0
9.019510739477575 0.0
9.021979087541862 0.0
9.024448111113097 0.0
9.02691781037614 0.0
9.029388185515913 0.0
9.03185923671738 0.0
9.034330964165553 0.0
9.036803368045502 0.0
9.039276448542346 0.0
9.041750205841247 0.0
9.044224640127428 0.0
9.04669975158616 0.0
9.049175540402764 0.0
9.051652006762602 0.0
9.054129150851104 0.0
9.056606972853743 0.0
9.05908547295604 0.0
9.061564651343566 0.0
9.06404450820195 0.0
9.066525043716865 0.0
9.069006258074037 0.0
9.071488151459246 0.0
9.073970724058318 0.0
9.076453976057131 0.0
9.078937907641617 0.0
9.081422518997755 0.0
9.083907810311574 0.0
9.08639378176916 0.0
9.088880433556648 0.0
9.09136776586022 0.0
9.093855778866107 0.0
9.096344472760602 0.0
9.098833847730042 0.0
9.101323903960807 0.0
9.103814641639346 0.0
9.106306060952143 0.0
9.10879816208574 0.0
9.111290945226735 0.0
9.113784410561763 0.0
9.116278558277521 0.0
9.118773388560758 0.0
9.121268901598267 0.0
9.123765097576896 0.0
9.126261976683548 0.0
9.128759539105168 0.0
9.131257785028762 0.0
9.133756714641375 0.0
9.136256328130116 0.0
9.138756625682142 0.0
9.141257607484652 0.0
9.143759273724909 0.0
9.146261624590217 0.0
9.14876466026794 0.0
9.151268380945488 0.0
9.153772786810322 0.0
9.156277878049956 0.0
9.158783654851954 0.0
9.161290117403933 0.0
9.16379726589356 0.0
9.166305100508556 0.0
9.16881362143669 0.0
9.171322828865783 0.0
9.173832722983708 0.0
9.176343303978392 0.0
9.178854572037807 0.0
9.181366527349983 0.0
9.183879170102998 0.0
9.186392500484985 0.0
9.188906518684119 0.0
9.191421224888641 0.0
9.193936619286832 0.0
9.196452702067027 0.0
9.198969473417616 0.0
9.20148693352704 0.0
9.204005082583787 0.0
9.206523920776398 0.0
9.209043448293475 0.0
9.211563665323656 0.0
9.21408457205564 0.0
9.216606168678176 0.0
9.21912845538007 0.0
9.221651432350166 0.0
9.224175099777373 0.0
9.226699457850648 0.0
9.229224506758994 0.0
9.231750246691474 0.0
9.234276677837197 0.0
9.236803800385326 0.0
9.239331614525076 0.0
9.241860120445713 0.0
9.244389318336555 0.0
9.24691920838697 0.0
9.249449790786384 0.0
9.251981065724266 0.0
9.254513033390147 0.0
9.257045693973597 0.0
9.259579047664248 0.0
9.262113094651784 0.0
9.264647835125935 0.0
9.267183269276485 0.0
9.269719397293272 0.0
9.272256219366188 0.0
9.274793735685169 0.0
9.277331946440206 0.0
9.27987085182135 0.0
9.282410452018695 0.0
9.284950747222389 0.0
9.28749173762263 0.0
9.290033423409678 0.0
9.292575804773833 0.0
9.295118881905449 0.0
9.297662654994943 0.0
9.30020712423277 0.0
9.302752289809444 0.0
9.305298151915533 0.0
9.307844710741652 0.0
9.31039196647847 0.0
9.312939919316715 0.0
9.315488569447155 0.0
9.318037917060614 0.0
9.320587962347979 0.0
9.323138705500174 0.0
9.325690146708185 0.0
9.328242286163045 0.0
9.330795124055847 0.0
9.333348660577723 0.0
9.335902895919869 0.0
9.338457830273532 0.0
9.341013463830006 0.0
9.343569796780638 0.0
9.346126829316836 0.0
9.348684561630048 0.0
9.35124299391178 0.0
9.353802126353596 0.0
9.356361959147105 0.0
9.358922492483968 0.0
9.361483726555903 0.0
9.364045661554677 0.0
9.366608297672112 0.0
9.369171635100084 0.0
9.371735674030516 0.0
9.374300414655387 0.0
9.37686585716673 0.0
9.379432001756625 0.0
9.38199884861721 0.0
9.384566397940674 0.0
9.38713464991926 0.0
9.389703604745257 0.0
9.392273262611017 0.0
9.394843623708937 0.0
9.397414688231468 0.0
9.399986456371115 0.0
9.402558928320438 0.0
9.405132104272042 0.0
9.407705984418591 0.0
9.410280568952803 0.0
9.412855858067445 0.0
9.41543185195534 0.0
9.418008550809354 0.0
9.420585954822421 0.0
9.423164064187517 0.0
9.425742879097676 0.0
9.42832239974598 0.0
9.43090262632557 0.0
9.433483559029632 0.0
9.436065198051415 0.0
9.438647543584212 0.0
9.44123059582137 0.0
9.443814354956293 0.0
9.446398821182441 0.0
9.448983994693316 0.0
9.451569875682479 0.0
9.454156464343546 0.0
9.456743760870186 0.0
9.459331765456113 0.0
9.461920478295106 0.0
9.464509899580989 0.0
9.467100029507638 0.0
9.469690868268987 0.0
9.47228241605902 0.0
9.474874673071778 0.0
9.477467639501352 0.0
9.480061315541883 0.0
9.482655701387571 0.0
9.485250797232668 0.0
9.487846603271475 0.0
9.49044311969835 0.0
9.493040346707705 0.0
9.495638284494003 0.0
9.498236933251757 0.0
9.500836293175539 0.0
9.503436364459974 0.0
9.506037147299736 0.0
9.508638641889556 0.0
9.511240848424219 0.0
9.513843767098555 0.0
9.516447398107458 0.0
9.519051741645871 0.0
9.521656797908792 0.0
9.524262567091263 0.0
9.526869049388395 0.0
9.529476244995344 0.0
9.532084154107313 0.0
9.53469277691957 0.0
9.537302113627433 0.0
9.539912164426273 0.0
9.542522929511506 0.0
9.545134409078617 0.0
9.547746603323134 0.0
9.550359512440636 0.0
9.552973136626768 0.0
9.555587476077221 0.0
9.558202530987732 0.0
9.560818301554107 0.0
9.563434787972197 0.0
9.566051990437902 0.0
9.568669909147186 0.0
9.57128854429606 0.0
9.573907896080591 0.0
9.576527964696897 0.0
9.579148750341155 0.0
9.58177025320959 0.0
9.584392473498482 0.0
9.58701541140417 0.0
9.589639067123038 0.0
9.59226344085153 0.0
9.594888532786143 0.0
9.597514343123427 0.0
9.600140872059981 0.0
9.602768119792469 0.0
9.605396086517597 0.0
9.608024772432131 0.0
9.610654177732894 0.0
9.613284302616751 0.0
9.615915147280637 0.0
9.618546711921526 0.0
9.621178996736456 0.0
9.623812001922515 0.0
9.626445727676844 0.0
9.62908017419664 0.0
9.63171534167915 0.0
9.634351230321684 0.0
9.636987840321598 0.0
9.6396251718763 0.0
9.64226322518326 0.0
9.644902000440002 0.0
9.647541497844092 0.0
9.650181717593163 0.0
9.652822659884897 0.0
9.655464324917034 0.0
9.658106712887355 0.0
9.660749823993712 0.0
9.663393658434005 0.0
9.666038216406186 0.0
9.668683498108255 0.0
9.671329503738285 0.0
9.673976233494386 0.0
9.676623687574725 0.0
9.679271866177531 0.0
9.68192076950108 0.0
9.684570397743704 0.0
9.68722075110379 0.0
9.689871829779783 0.0
9.692523633970175 0.0
9.695176163873514 0.0
9.697829419688409 0.0
9.700483401613516 0.0
9.703138109847545 0.0
9.705793544589268 0.0
9.708449706037506 0.0
9.711106594391131 0.0
9.713764209849078 0.0
9.716422552610329 0.0
9.719081622873924 0.0
9.721741420838958 0.0
9.724401946704578 0.0
9.727063200669988 0.0
9.729725182934446 0.0
9.732387893697261 0.0
9.735051333157802 0.0
9.73771550151549 0.0
9.740380398969798 0.0
9.743046025720258 0.0
9.745712381966456 0.0
9.748379467908027 0.0
9.751047283744668 0.0
9.753715829676128 0.0
9.756385105902213 0.0
9.759055112622775 0.0
9.761725850037731 0.0
9.764397318347047 0.0
9.767069517750745 0.0
9.769742448448898 0.0
9.772416110641645 0.0
9.77509050452917 0.0
9.777765630311709 0.0
9.780441488189563 0.0
9.783118078363085 0.0
9.785795401032676 0.0
9.788473456398794 0.0
9.791152244661962 0.0
9.793831766022748 0.0
9.79651202068177 0.0
9.799193008839719 0.0
9.801874730697325 0.0
9.804557186455373 0.0
9.807240376314713 0.0
9.809924300476245 0.0
9.81260895914092 0.0
9.815294352509753 0.0
9.817980480783806 0.0
9.820667344164196 0.0
9.823354942852099 0.0
9.82604327704875 0.0
9.828732346955432 0.0
9.831422152773479 0.0
9.834112694704293 0.0
9.836803972949323 0.0
9.83949598771007 0.0
9.842188739188096 0.0
9.844882227585021 0.0
9.847576453102516 0.0
9.850271415942299 0.0
9.852967116306157 0.0
9.855663554395928 0.0
9.858360730413501 0.0
9.86105864456082 0.0
9.863757297039893 0.0
9.866456688052777 0.0
9.869156817801581 0.0
9.871857686488475 0.0
9.874559294315684 0.0
9.877261641485486 0.0
9.87996472820021 0.0
9.882668554662251 0.0
9.885373121074055 0.0
9.88807842763812 0.0
9.890784474557002 0.0
9.893491262033312 0.0
9.896198790269715 0.0
9.898907059468932 0.0
9.901616069833748 0.0
9.90432582156699 0.0
9.907036314871545 0.0
9.909747549950364 0.0
9.91245952700644 0.0
9.915172246242829 0.0
9.917885707862641 0.0
9.92059991206905 0.0
9.923314859065272 0.0
9.92603054905458 0.0
9.928746982240316 0.0
9.931464158825866 0.0
9.934182079014668 0.0
9.936900743010234 0.0
9.939620151016111 0.0
9.942340303235909 0.0
9.945061199873305 0.0
9.947782841132014 0.0
9.950505227215814 0.0
9.953228358328541 0.0
9.95595223467409 0.0
9.958676856456405 0.0
9.961402223879485 0.0
9.964128337147388 0.0
9.96685519646423 0.0
9.969582802034182 0.0
9.972311154061462 0.0
9.97504025275036 0.0
9.977770098305207 0.0
9.980500690930398 0.0
9.98323203083038 0.0
9.985964118209663 0.0
9.988696953272806 0.0
9.99143053622442 0.0
9.994164867269184 0.0
9.996899946611828 0.0
9.999635774457133 0.0
10.00237235100994 0.0
10.00510967647515 0.0
10.007847751057714 0.0
10.010586574962636 0.0
10.013326148394984 0.0
10.016066471559888 0.0
10.018807544662517 0.0
10.021549367908104 0.0
10.024291941501943 0.0
10.027035265649378 0.0
10.029779340555809 0.0
10.0325241664267 0.0
10.035269743467563 0.0
10.038016071883964 0.0
10.040763151881535 0.0
10.043510983665964 0.0
10.046259567442984 0.0
10.04900890341839 0.0
10.051758991798039 0.0
10.05450983278784 0.0
10.057261426593751 0.0
10.060013773421801 0.0
10.062766873478065 0.0
10.065520726968675 0.0
10.068275334099827 0.0
10.071030695077765 0.0
10.073786810108789 0.0
10.076543679399261 0.0
10.079301303155603 0.0
10.082059681584282 0.0
10.084818814891825 0.0
10.087578703284827 0.0
10.090339346969923 0.0
10.093100746153814 0.0
10.095862901043255 0.0
10.09862581184506 0.0
10.101389478766098 0.0
10.104153902013287 0.0
10.10691908179362 0.0
10.109685018314131 0.0
10.112451711781913 0.0
10.11521916240412 0.0
10.117987370387961 0.0
10.120756335940701 0.0
10.12352605926966 0.0
10.126296540582217 0.0
10.129067780085814 0.0
10.131839777987938 0.0
10.134612534496135 0.0
10.137386049818016 0.0
10.140160324161245 0.0
10.142935357733538 0.0
10.14571115074267 0.0
10.14848770339648 0.0
10.151265015902855 0.0
10.154043088469738 0.0
10.15682192130514 0.0
10.159601514617119 0.0
10.162381868613789 0.0
10.165162983503329 0.0
10.167944859493973 0.0
10.170727496794004 0.0
10.173510895611772 0.0
10.176295056155677 0.0
10.17907997863418 0.0
10.181865663255797 0.0
10.184652110229106 0.0
10.187439319762733 0.0
10.190227292065366 0.0
10.193016027345754 0.0
10.195805525812698 0.0
10.198595787675053 0.0
10.201386813141742 0.0
10.204178602421738 0.0
10.206971155724066 0.0
10.209764473257817 0.0
10.212558555232143 0.0
10.215353401856238 0.0
10.218149013339364 0.0
10.22094538989084 0.0
10.223742531720042 0.0
10.226540439036398 0.0
10.229339112049399 0.0
10.232138550968592 0.0
10.23493875600358 0.0
10.23773972736402 0.0
10.240541465259636 0.0
10.243343969900202 0.0
10.246147241495553 0.0
10.248951280255575 0.0
10.25175608639022 0.0
10.254561660109493 0.0
10.257368001623458 0.0
10.260175111142232 0.0
10.262982988875999 0.0
10.26579163503499 0.0
10.268601049829496 0.0
10.27141123346987 0.0
10.274222186166526 0.0
10.277033908129923 0.0
10.279846399570584 0.0
10.282659660699094 0.0
10.28547369172609 0.0
10.288288492862266 0.0
10.29110406431838 0.0
10.293920406305244 0.0
10.29673751903372 0.0
10.299555402714741 0.0
10.302374057559295 0.0
10.305193483778414 0.0
10.308013681583207 0.0
10.31083465118483 0.0
10.313656392794499 0.0
10.316478906623486 0.0
10.319302192883125 0.0
10.322126251784802 0.0
10.324951083539965 0.0
10.327776688360121 0.0
10.330603066456833 0.0
